
===========================================================================
report_checks -path_delay min (Hold)
============================================================================
======================= Fastest Corner ===================================

Startpoint: _442_ (rising edge-triggered flip-flop clocked by clk)
Endpoint: _442_ (rising edge-triggered flip-flop clocked by clk)
Path Group: clk
Path Type: min
Corner: Fastest

Fanout     Cap    Slew   Delay    Time   Description
-----------------------------------------------------------------------------
                          0.00    0.00   clock clk (rise edge)
                          0.00    0.00   clock source latency
                  0.07    0.05    0.05 ^ clk (in)
     2    0.02                           clk (net)
                  0.07    0.00    0.05 ^ clkbuf_0_clk/A (sky130_fd_sc_hd__clkbuf_16)
                  0.05    0.11    0.15 ^ clkbuf_0_clk/X (sky130_fd_sc_hd__clkbuf_16)
     4    0.05                           clknet_0_clk (net)
                  0.05    0.00    0.15 ^ clkbuf_2_0__f_clk/A (sky130_fd_sc_hd__clkbuf_16)
                  0.04    0.10    0.25 ^ clkbuf_2_0__f_clk/X (sky130_fd_sc_hd__clkbuf_16)
    11    0.04                           clknet_2_0__leaf_clk (net)
                  0.04    0.00    0.25 ^ _442_/CLK (sky130_fd_sc_hd__dfrtp_2)
                  0.08    0.24    0.49 ^ _442_/Q (sky130_fd_sc_hd__dfrtp_2)
     6    0.02                           rx_inst.bit_index[2] (net)
                  0.08    0.00    0.49 ^ _245_/B1 (sky130_fd_sc_hd__a31o_1)
                  0.03    0.05    0.55 ^ _245_/X (sky130_fd_sc_hd__a31o_1)
     1    0.00                           _122_ (net)
                  0.03    0.00    0.55 ^ _246_/B1 (sky130_fd_sc_hd__o21a_1)
                  0.04    0.06    0.61 ^ _246_/X (sky130_fd_sc_hd__o21a_1)
     1    0.00                           _081_ (net)
                  0.04    0.00    0.61 ^ _442_/D (sky130_fd_sc_hd__dfrtp_2)
                                  0.61   data arrival time

                          0.00    0.00   clock clk (rise edge)
                          0.00    0.00   clock source latency
                  0.07    0.05    0.05 ^ clk (in)
     2    0.02                           clk (net)
                  0.07    0.00    0.05 ^ clkbuf_0_clk/A (sky130_fd_sc_hd__clkbuf_16)
                  0.05    0.12    0.17 ^ clkbuf_0_clk/X (sky130_fd_sc_hd__clkbuf_16)
     4    0.05                           clknet_0_clk (net)
                  0.05    0.00    0.17 ^ clkbuf_2_0__f_clk/A (sky130_fd_sc_hd__clkbuf_16)
                  0.04    0.11    0.27 ^ clkbuf_2_0__f_clk/X (sky130_fd_sc_hd__clkbuf_16)
    11    0.04                           clknet_2_0__leaf_clk (net)
                  0.04    0.00    0.28 ^ _442_/CLK (sky130_fd_sc_hd__dfrtp_2)
                          0.25    0.53   clock uncertainty
                         -0.03    0.50   clock reconvergence pessimism
                         -0.02    0.48   library hold time
                                  0.48   data required time
-----------------------------------------------------------------------------
                                  0.48   data required time
                                 -0.61   data arrival time
-----------------------------------------------------------------------------
                                  0.13   slack (MET)


Startpoint: _406_ (rising edge-triggered flip-flop clocked by clk)
Endpoint: _406_ (rising edge-triggered flip-flop clocked by clk)
Path Group: clk
Path Type: min
Corner: Fastest

Fanout     Cap    Slew   Delay    Time   Description
-----------------------------------------------------------------------------
                          0.00    0.00   clock clk (rise edge)
                          0.00    0.00   clock source latency
                  0.07    0.05    0.05 ^ clk (in)
     2    0.02                           clk (net)
                  0.07    0.00    0.05 ^ clkbuf_0_clk/A (sky130_fd_sc_hd__clkbuf_16)
                  0.05    0.11    0.15 ^ clkbuf_0_clk/X (sky130_fd_sc_hd__clkbuf_16)
     4    0.05                           clknet_0_clk (net)
                  0.05    0.00    0.15 ^ clkbuf_2_3__f_clk/A (sky130_fd_sc_hd__clkbuf_16)
                  0.04    0.09    0.24 ^ clkbuf_2_3__f_clk/X (sky130_fd_sc_hd__clkbuf_16)
     8    0.03                           clknet_2_3__leaf_clk (net)
                  0.04    0.00    0.24 ^ _406_/CLK (sky130_fd_sc_hd__dfrtp_2)
                  0.10    0.26    0.50 ^ _406_/Q (sky130_fd_sc_hd__dfrtp_2)
     5    0.03                           tx_inst.bit_index[0] (net)
                  0.10    0.00    0.50 ^ _350_/A (sky130_fd_sc_hd__inv_2)
                  0.03    0.03    0.53 v _350_/Y (sky130_fd_sc_hd__inv_2)
     2    0.01                           _196_ (net)
                  0.03    0.00    0.53 v _355_/A1 (sky130_fd_sc_hd__a21oi_1)
                  0.04    0.07    0.60 ^ _355_/Y (sky130_fd_sc_hd__a21oi_1)
     1    0.00                           _045_ (net)
                  0.04    0.00    0.60 ^ _406_/D (sky130_fd_sc_hd__dfrtp_2)
                                  0.60   data arrival time

                          0.00    0.00   clock clk (rise edge)
                          0.00    0.00   clock source latency
                  0.07    0.05    0.05 ^ clk (in)
     2    0.02                           clk (net)
                  0.07    0.00    0.05 ^ clkbuf_0_clk/A (sky130_fd_sc_hd__clkbuf_16)
                  0.05    0.12    0.17 ^ clkbuf_0_clk/X (sky130_fd_sc_hd__clkbuf_16)
     4    0.05                           clknet_0_clk (net)
                  0.05    0.00    0.17 ^ clkbuf_2_3__f_clk/A (sky130_fd_sc_hd__clkbuf_16)
                  0.04    0.10    0.27 ^ clkbuf_2_3__f_clk/X (sky130_fd_sc_hd__clkbuf_16)
     8    0.03                           clknet_2_3__leaf_clk (net)
                  0.04    0.00    0.27 ^ _406_/CLK (sky130_fd_sc_hd__dfrtp_2)
                          0.25    0.52   clock uncertainty
                         -0.03    0.49   clock reconvergence pessimism
                         -0.02    0.47   library hold time
                                  0.47   data required time
-----------------------------------------------------------------------------
                                  0.47   data required time
                                 -0.60   data arrival time
-----------------------------------------------------------------------------
                                  0.13   slack (MET)


Startpoint: _419_ (rising edge-triggered flip-flop clocked by clk)
Endpoint: _419_ (rising edge-triggered flip-flop clocked by clk)
Path Group: clk
Path Type: min
Corner: Fastest

Fanout     Cap    Slew   Delay    Time   Description
-----------------------------------------------------------------------------
                          0.00    0.00   clock clk (rise edge)
                          0.00    0.00   clock source latency
                  0.07    0.05    0.05 ^ clk (in)
     2    0.02                           clk (net)
                  0.07    0.00    0.05 ^ clkbuf_0_clk/A (sky130_fd_sc_hd__clkbuf_16)
                  0.05    0.11    0.15 ^ clkbuf_0_clk/X (sky130_fd_sc_hd__clkbuf_16)
     4    0.05                           clknet_0_clk (net)
                  0.05    0.00    0.15 ^ clkbuf_2_2__f_clk/A (sky130_fd_sc_hd__clkbuf_16)
                  0.04    0.09    0.25 ^ clkbuf_2_2__f_clk/X (sky130_fd_sc_hd__clkbuf_16)
    11    0.03                           clknet_2_2__leaf_clk (net)
                  0.04    0.00    0.25 ^ _419_/CLK (sky130_fd_sc_hd__dfrtp_1)
                  0.10    0.24    0.49 ^ _419_/Q (sky130_fd_sc_hd__dfrtp_1)
     2    0.01                           net20 (net)
                  0.10    0.00    0.49 ^ _321_/A0 (sky130_fd_sc_hd__mux2_1)
                  0.03    0.08    0.57 ^ _321_/X (sky130_fd_sc_hd__mux2_1)
     1    0.00                           _175_ (net)
                  0.03    0.00    0.57 ^ _322_/A (sky130_fd_sc_hd__clkbuf_1)
                  0.03    0.05    0.61 ^ _322_/X (sky130_fd_sc_hd__clkbuf_1)
     1    0.00                           _058_ (net)
                  0.03    0.00    0.61 ^ _419_/D (sky130_fd_sc_hd__dfrtp_1)
                                  0.61   data arrival time

                          0.00    0.00   clock clk (rise edge)
                          0.00    0.00   clock source latency
                  0.07    0.05    0.05 ^ clk (in)
     2    0.02                           clk (net)
                  0.07    0.00    0.05 ^ clkbuf_0_clk/A (sky130_fd_sc_hd__clkbuf_16)
                  0.05    0.12    0.17 ^ clkbuf_0_clk/X (sky130_fd_sc_hd__clkbuf_16)
     4    0.05                           clknet_0_clk (net)
                  0.05    0.00    0.17 ^ clkbuf_2_2__f_clk/A (sky130_fd_sc_hd__clkbuf_16)
                  0.04    0.10    0.27 ^ clkbuf_2_2__f_clk/X (sky130_fd_sc_hd__clkbuf_16)
    11    0.03                           clknet_2_2__leaf_clk (net)
                  0.04    0.00    0.27 ^ _419_/CLK (sky130_fd_sc_hd__dfrtp_1)
                          0.25    0.52   clock uncertainty
                         -0.03    0.50   clock reconvergence pessimism
                         -0.02    0.48   library hold time
                                  0.48   data required time
-----------------------------------------------------------------------------
                                  0.48   data required time
                                 -0.61   data arrival time
-----------------------------------------------------------------------------
                                  0.13   slack (MET)


Startpoint: _447_ (rising edge-triggered flip-flop clocked by clk)
Endpoint: _447_ (rising edge-triggered flip-flop clocked by clk)
Path Group: clk
Path Type: min
Corner: Fastest

Fanout     Cap    Slew   Delay    Time   Description
-----------------------------------------------------------------------------
                          0.00    0.00   clock clk (rise edge)
                          0.00    0.00   clock source latency
                  0.07    0.05    0.05 ^ clk (in)
     2    0.02                           clk (net)
                  0.07    0.00    0.05 ^ clkbuf_0_clk/A (sky130_fd_sc_hd__clkbuf_16)
                  0.05    0.11    0.15 ^ clkbuf_0_clk/X (sky130_fd_sc_hd__clkbuf_16)
     4    0.05                           clknet_0_clk (net)
                  0.05    0.00    0.15 ^ clkbuf_2_1__f_clk/A (sky130_fd_sc_hd__clkbuf_16)
                  0.05    0.10    0.25 ^ clkbuf_2_1__f_clk/X (sky130_fd_sc_hd__clkbuf_16)
    15    0.05                           clknet_2_1__leaf_clk (net)
                  0.05    0.00    0.26 ^ _447_/CLK (sky130_fd_sc_hd__dfrtp_1)
                  0.09    0.24    0.49 ^ _447_/Q (sky130_fd_sc_hd__dfrtp_1)
     5    0.01                           rx_inst.clk_count[4] (net)
                  0.09    0.00    0.49 ^ _214_/A (sky130_fd_sc_hd__and2_1)
                  0.06    0.10    0.59 ^ _214_/X (sky130_fd_sc_hd__and2_1)
     2    0.01                           _097_ (net)
                  0.06    0.00    0.59 ^ _218_/A (sky130_fd_sc_hd__nor2_1)
                  0.02    0.03    0.62 v _218_/Y (sky130_fd_sc_hd__nor2_1)
     1    0.00                           _086_ (net)
                  0.02    0.00    0.62 v _447_/D (sky130_fd_sc_hd__dfrtp_1)
                                  0.62   data arrival time

                          0.00    0.00   clock clk (rise edge)
                          0.00    0.00   clock source latency
                  0.07    0.05    0.05 ^ clk (in)
     2    0.02                           clk (net)
                  0.07    0.00    0.05 ^ clkbuf_0_clk/A (sky130_fd_sc_hd__clkbuf_16)
                  0.05    0.12    0.17 ^ clkbuf_0_clk/X (sky130_fd_sc_hd__clkbuf_16)
     4    0.05                           clknet_0_clk (net)
                  0.05    0.00    0.17 ^ clkbuf_2_1__f_clk/A (sky130_fd_sc_hd__clkbuf_16)
                  0.05    0.11    0.28 ^ clkbuf_2_1__f_clk/X (sky130_fd_sc_hd__clkbuf_16)
    15    0.05                           clknet_2_1__leaf_clk (net)
                  0.05    0.00    0.28 ^ _447_/CLK (sky130_fd_sc_hd__dfrtp_1)
                          0.25    0.53   clock uncertainty
                         -0.03    0.51   clock reconvergence pessimism
                         -0.03    0.48   library hold time
                                  0.48   data required time
-----------------------------------------------------------------------------
                                  0.48   data required time
                                 -0.62   data arrival time
-----------------------------------------------------------------------------
                                  0.14   slack (MET)


Startpoint: _449_ (rising edge-triggered flip-flop clocked by clk)
Endpoint: _449_ (rising edge-triggered flip-flop clocked by clk)
Path Group: clk
Path Type: min
Corner: Fastest

Fanout     Cap    Slew   Delay    Time   Description
-----------------------------------------------------------------------------
                          0.00    0.00   clock clk (rise edge)
                          0.00    0.00   clock source latency
                  0.07    0.05    0.05 ^ clk (in)
     2    0.02                           clk (net)
                  0.07    0.00    0.05 ^ clkbuf_0_clk/A (sky130_fd_sc_hd__clkbuf_16)
                  0.05    0.11    0.15 ^ clkbuf_0_clk/X (sky130_fd_sc_hd__clkbuf_16)
     4    0.05                           clknet_0_clk (net)
                  0.05    0.00    0.15 ^ clkbuf_2_1__f_clk/A (sky130_fd_sc_hd__clkbuf_16)
                  0.05    0.10    0.25 ^ clkbuf_2_1__f_clk/X (sky130_fd_sc_hd__clkbuf_16)
    15    0.05                           clknet_2_1__leaf_clk (net)
                  0.05    0.00    0.25 ^ _449_/CLK (sky130_fd_sc_hd__dfrtp_1)
                  0.07    0.22    0.48 ^ _449_/Q (sky130_fd_sc_hd__dfrtp_1)
     3    0.01                           rx_inst.clk_count[6] (net)
                  0.07    0.00    0.48 ^ _207_/A (sky130_fd_sc_hd__and2_1)
                  0.08    0.11    0.59 ^ _207_/X (sky130_fd_sc_hd__and2_1)
     3    0.01                           _092_ (net)
                  0.08    0.00    0.59 ^ _213_/A (sky130_fd_sc_hd__nor2_1)
                  0.02    0.03    0.62 v _213_/Y (sky130_fd_sc_hd__nor2_1)
     1    0.00                           _088_ (net)
                  0.02    0.00    0.62 v _449_/D (sky130_fd_sc_hd__dfrtp_1)
                                  0.62   data arrival time

                          0.00    0.00   clock clk (rise edge)
                          0.00    0.00   clock source latency
                  0.07    0.05    0.05 ^ clk (in)
     2    0.02                           clk (net)
                  0.07    0.00    0.05 ^ clkbuf_0_clk/A (sky130_fd_sc_hd__clkbuf_16)
                  0.05    0.12    0.17 ^ clkbuf_0_clk/X (sky130_fd_sc_hd__clkbuf_16)
     4    0.05                           clknet_0_clk (net)
                  0.05    0.00    0.17 ^ clkbuf_2_1__f_clk/A (sky130_fd_sc_hd__clkbuf_16)
                  0.05    0.11    0.28 ^ clkbuf_2_1__f_clk/X (sky130_fd_sc_hd__clkbuf_16)
    15    0.05                           clknet_2_1__leaf_clk (net)
                  0.05    0.00    0.28 ^ _449_/CLK (sky130_fd_sc_hd__dfrtp_1)
                          0.25    0.53   clock uncertainty
                         -0.03    0.50   clock reconvergence pessimism
                         -0.03    0.48   library hold time
                                  0.48   data required time
-----------------------------------------------------------------------------
                                  0.48   data required time
                                 -0.62   data arrival time
-----------------------------------------------------------------------------
                                  0.14   slack (MET)


Startpoint: _445_ (rising edge-triggered flip-flop clocked by clk)
Endpoint: _445_ (rising edge-triggered flip-flop clocked by clk)
Path Group: clk
Path Type: min
Corner: Fastest

Fanout     Cap    Slew   Delay    Time   Description
-----------------------------------------------------------------------------
                          0.00    0.00   clock clk (rise edge)
                          0.00    0.00   clock source latency
                  0.07    0.05    0.05 ^ clk (in)
     2    0.02                           clk (net)
                  0.07    0.00    0.05 ^ clkbuf_0_clk/A (sky130_fd_sc_hd__clkbuf_16)
                  0.05    0.11    0.15 ^ clkbuf_0_clk/X (sky130_fd_sc_hd__clkbuf_16)
     4    0.05                           clknet_0_clk (net)
                  0.05    0.00    0.15 ^ clkbuf_2_0__f_clk/A (sky130_fd_sc_hd__clkbuf_16)
                  0.04    0.10    0.25 ^ clkbuf_2_0__f_clk/X (sky130_fd_sc_hd__clkbuf_16)
    11    0.04                           clknet_2_0__leaf_clk (net)
                  0.04    0.00    0.25 ^ _445_/CLK (sky130_fd_sc_hd__dfrtp_2)
                  0.09    0.25    0.50 ^ _445_/Q (sky130_fd_sc_hd__dfrtp_2)
     6    0.02                           rx_inst.clk_count[2] (net)
                  0.09    0.00    0.50 ^ _234_/A (sky130_fd_sc_hd__xnor2_1)
                  0.02    0.04    0.54 v _234_/Y (sky130_fd_sc_hd__xnor2_1)
     1    0.00                           _114_ (net)
                  0.02    0.00    0.54 v _235_/B2 (sky130_fd_sc_hd__a32o_1)
                  0.02    0.07    0.62 v _235_/X (sky130_fd_sc_hd__a32o_1)
     1    0.00                           _084_ (net)
                  0.02    0.00    0.62 v _445_/D (sky130_fd_sc_hd__dfrtp_2)
                                  0.62   data arrival time

                          0.00    0.00   clock clk (rise edge)
                          0.00    0.00   clock source latency
                  0.07    0.05    0.05 ^ clk (in)
     2    0.02                           clk (net)
                  0.07    0.00    0.05 ^ clkbuf_0_clk/A (sky130_fd_sc_hd__clkbuf_16)
                  0.05    0.12    0.17 ^ clkbuf_0_clk/X (sky130_fd_sc_hd__clkbuf_16)
     4    0.05                           clknet_0_clk (net)
                  0.05    0.00    0.17 ^ clkbuf_2_0__f_clk/A (sky130_fd_sc_hd__clkbuf_16)
                  0.04    0.11    0.27 ^ clkbuf_2_0__f_clk/X (sky130_fd_sc_hd__clkbuf_16)
    11    0.04                           clknet_2_0__leaf_clk (net)
                  0.04    0.00    0.27 ^ _445_/CLK (sky130_fd_sc_hd__dfrtp_2)
                          0.25    0.52   clock uncertainty
                         -0.03    0.50   clock reconvergence pessimism
                         -0.02    0.47   library hold time
                                  0.47   data required time
-----------------------------------------------------------------------------
                                  0.47   data required time
                                 -0.62   data arrival time
-----------------------------------------------------------------------------
                                  0.14   slack (MET)


Startpoint: _443_ (rising edge-triggered flip-flop clocked by clk)
Endpoint: _443_ (rising edge-triggered flip-flop clocked by clk)
Path Group: clk
Path Type: min
Corner: Fastest

Fanout     Cap    Slew   Delay    Time   Description
-----------------------------------------------------------------------------
                          0.00    0.00   clock clk (rise edge)
                          0.00    0.00   clock source latency
                  0.07    0.05    0.05 ^ clk (in)
     2    0.02                           clk (net)
                  0.07    0.00    0.05 ^ clkbuf_0_clk/A (sky130_fd_sc_hd__clkbuf_16)
                  0.05    0.11    0.15 ^ clkbuf_0_clk/X (sky130_fd_sc_hd__clkbuf_16)
     4    0.05                           clknet_0_clk (net)
                  0.05    0.00    0.15 ^ clkbuf_2_1__f_clk/A (sky130_fd_sc_hd__clkbuf_16)
                  0.05    0.10    0.25 ^ clkbuf_2_1__f_clk/X (sky130_fd_sc_hd__clkbuf_16)
    15    0.05                           clknet_2_1__leaf_clk (net)
                  0.05    0.00    0.25 ^ _443_/CLK (sky130_fd_sc_hd__dfrtp_4)
                  0.07    0.27    0.53 ^ _443_/Q (sky130_fd_sc_hd__dfrtp_4)
     7    0.02                           rx_inst.clk_count[0] (net)
                  0.07    0.00    0.53 ^ _239_/A (sky130_fd_sc_hd__inv_2)
                  0.02    0.02    0.55 v _239_/Y (sky130_fd_sc_hd__inv_2)
     1    0.00                           _117_ (net)
                  0.02    0.00    0.55 v _240_/B2 (sky130_fd_sc_hd__a32o_1)
                  0.02    0.08    0.62 v _240_/X (sky130_fd_sc_hd__a32o_1)
     1    0.00                           _082_ (net)
                  0.02    0.00    0.62 v _443_/D (sky130_fd_sc_hd__dfrtp_4)
                                  0.62   data arrival time

                          0.00    0.00   clock clk (rise edge)
                          0.00    0.00   clock source latency
                  0.07    0.05    0.05 ^ clk (in)
     2    0.02                           clk (net)
                  0.07    0.00    0.05 ^ clkbuf_0_clk/A (sky130_fd_sc_hd__clkbuf_16)
                  0.05    0.12    0.17 ^ clkbuf_0_clk/X (sky130_fd_sc_hd__clkbuf_16)
     4    0.05                           clknet_0_clk (net)
                  0.05    0.00    0.17 ^ clkbuf_2_1__f_clk/A (sky130_fd_sc_hd__clkbuf_16)
                  0.05    0.11    0.28 ^ clkbuf_2_1__f_clk/X (sky130_fd_sc_hd__clkbuf_16)
    15    0.05                           clknet_2_1__leaf_clk (net)
                  0.05    0.00    0.28 ^ _443_/CLK (sky130_fd_sc_hd__dfrtp_4)
                          0.25    0.53   clock uncertainty
                         -0.03    0.50   clock reconvergence pessimism
                         -0.02    0.48   library hold time
                                  0.48   data required time
-----------------------------------------------------------------------------
                                  0.48   data required time
                                 -0.62   data arrival time
-----------------------------------------------------------------------------
                                  0.14   slack (MET)


Startpoint: _437_ (rising edge-triggered flip-flop clocked by clk)
Endpoint: _437_ (rising edge-triggered flip-flop clocked by clk)
Path Group: clk
Path Type: min
Corner: Fastest

Fanout     Cap    Slew   Delay    Time   Description
-----------------------------------------------------------------------------
                          0.00    0.00   clock clk (rise edge)
                          0.00    0.00   clock source latency
                  0.07    0.05    0.05 ^ clk (in)
     2    0.02                           clk (net)
                  0.07    0.00    0.05 ^ clkbuf_0_clk/A (sky130_fd_sc_hd__clkbuf_16)
                  0.05    0.11    0.15 ^ clkbuf_0_clk/X (sky130_fd_sc_hd__clkbuf_16)
     4    0.05                           clknet_0_clk (net)
                  0.05    0.00    0.15 ^ clkbuf_2_0__f_clk/A (sky130_fd_sc_hd__clkbuf_16)
                  0.04    0.10    0.25 ^ clkbuf_2_0__f_clk/X (sky130_fd_sc_hd__clkbuf_16)
    11    0.04                           clknet_2_0__leaf_clk (net)
                  0.04    0.00    0.25 ^ _437_/CLK (sky130_fd_sc_hd__dfrtp_1)
                  0.10    0.24    0.49 ^ _437_/Q (sky130_fd_sc_hd__dfrtp_1)
     2    0.01                           net16 (net)
                  0.10    0.00    0.49 ^ _266_/A1 (sky130_fd_sc_hd__mux2_1)
                  0.03    0.09    0.58 ^ _266_/X (sky130_fd_sc_hd__mux2_1)
     1    0.00                           _138_ (net)
                  0.03    0.00    0.58 ^ _267_/A (sky130_fd_sc_hd__clkbuf_1)
                  0.03    0.05    0.63 ^ _267_/X (sky130_fd_sc_hd__clkbuf_1)
     1    0.00                           _076_ (net)
                  0.03    0.00    0.63 ^ _437_/D (sky130_fd_sc_hd__dfrtp_1)
                                  0.63   data arrival time

                          0.00    0.00   clock clk (rise edge)
                          0.00    0.00   clock source latency
                  0.07    0.05    0.05 ^ clk (in)
     2    0.02                           clk (net)
                  0.07    0.00    0.05 ^ clkbuf_0_clk/A (sky130_fd_sc_hd__clkbuf_16)
                  0.05    0.12    0.17 ^ clkbuf_0_clk/X (sky130_fd_sc_hd__clkbuf_16)
     4    0.05                           clknet_0_clk (net)
                  0.05    0.00    0.17 ^ clkbuf_2_0__f_clk/A (sky130_fd_sc_hd__clkbuf_16)
                  0.04    0.11    0.27 ^ clkbuf_2_0__f_clk/X (sky130_fd_sc_hd__clkbuf_16)
    11    0.04                           clknet_2_0__leaf_clk (net)
                  0.04    0.00    0.27 ^ _437_/CLK (sky130_fd_sc_hd__dfrtp_1)
                          0.25    0.52   clock uncertainty
                         -0.03    0.50   clock reconvergence pessimism
                         -0.02    0.48   library hold time
                                  0.48   data required time
-----------------------------------------------------------------------------
                                  0.48   data required time
                                 -0.63   data arrival time
-----------------------------------------------------------------------------
                                  0.15   slack (MET)


Startpoint: _449_ (rising edge-triggered flip-flop clocked by clk)
Endpoint: _450_ (rising edge-triggered flip-flop clocked by clk)
Path Group: clk
Path Type: min
Corner: Fastest

Fanout     Cap    Slew   Delay    Time   Description
-----------------------------------------------------------------------------
                          0.00    0.00   clock clk (rise edge)
                          0.00    0.00   clock source latency
                  0.07    0.05    0.05 ^ clk (in)
     2    0.02                           clk (net)
                  0.07    0.00    0.05 ^ clkbuf_0_clk/A (sky130_fd_sc_hd__clkbuf_16)
                  0.05    0.11    0.15 ^ clkbuf_0_clk/X (sky130_fd_sc_hd__clkbuf_16)
     4    0.05                           clknet_0_clk (net)
                  0.05    0.00    0.15 ^ clkbuf_2_1__f_clk/A (sky130_fd_sc_hd__clkbuf_16)
                  0.05    0.10    0.25 ^ clkbuf_2_1__f_clk/X (sky130_fd_sc_hd__clkbuf_16)
    15    0.05                           clknet_2_1__leaf_clk (net)
                  0.05    0.00    0.25 ^ _449_/CLK (sky130_fd_sc_hd__dfrtp_1)
                  0.07    0.22    0.48 ^ _449_/Q (sky130_fd_sc_hd__dfrtp_1)
     3    0.01                           rx_inst.clk_count[6] (net)
                  0.07    0.00    0.48 ^ _207_/A (sky130_fd_sc_hd__and2_1)
                  0.08    0.11    0.59 ^ _207_/X (sky130_fd_sc_hd__and2_1)
     3    0.01                           _092_ (net)
                  0.08    0.00    0.59 ^ _211_/A2 (sky130_fd_sc_hd__a21oi_1)
                  0.02    0.04    0.63 v _211_/Y (sky130_fd_sc_hd__a21oi_1)
     1    0.00                           _089_ (net)
                  0.02    0.00    0.63 v _450_/D (sky130_fd_sc_hd__dfrtp_1)
                                  0.63   data arrival time

                          0.00    0.00   clock clk (rise edge)
                          0.00    0.00   clock source latency
                  0.07    0.05    0.05 ^ clk (in)
     2    0.02                           clk (net)
                  0.07    0.00    0.05 ^ clkbuf_0_clk/A (sky130_fd_sc_hd__clkbuf_16)
                  0.05    0.12    0.17 ^ clkbuf_0_clk/X (sky130_fd_sc_hd__clkbuf_16)
     4    0.05                           clknet_0_clk (net)
                  0.05    0.00    0.17 ^ clkbuf_2_1__f_clk/A (sky130_fd_sc_hd__clkbuf_16)
                  0.05    0.11    0.28 ^ clkbuf_2_1__f_clk/X (sky130_fd_sc_hd__clkbuf_16)
    15    0.05                           clknet_2_1__leaf_clk (net)
                  0.05    0.00    0.28 ^ _450_/CLK (sky130_fd_sc_hd__dfrtp_1)
                          0.25    0.53   clock uncertainty
                         -0.03    0.50   clock reconvergence pessimism
                         -0.03    0.48   library hold time
                                  0.48   data required time
-----------------------------------------------------------------------------
                                  0.48   data required time
                                 -0.63   data arrival time
-----------------------------------------------------------------------------
                                  0.15   slack (MET)


Startpoint: _448_ (rising edge-triggered flip-flop clocked by clk)
Endpoint: _448_ (rising edge-triggered flip-flop clocked by clk)
Path Group: clk
Path Type: min
Corner: Fastest

Fanout     Cap    Slew   Delay    Time   Description
-----------------------------------------------------------------------------
                          0.00    0.00   clock clk (rise edge)
                          0.00    0.00   clock source latency
                  0.07    0.05    0.05 ^ clk (in)
     2    0.02                           clk (net)
                  0.07    0.00    0.05 ^ clkbuf_0_clk/A (sky130_fd_sc_hd__clkbuf_16)
                  0.05    0.11    0.15 ^ clkbuf_0_clk/X (sky130_fd_sc_hd__clkbuf_16)
     4    0.05                           clknet_0_clk (net)
                  0.05    0.00    0.15 ^ clkbuf_2_1__f_clk/A (sky130_fd_sc_hd__clkbuf_16)
                  0.05    0.10    0.25 ^ clkbuf_2_1__f_clk/X (sky130_fd_sc_hd__clkbuf_16)
    15    0.05                           clknet_2_1__leaf_clk (net)
                  0.05    0.00    0.26 ^ _448_/CLK (sky130_fd_sc_hd__dfrtp_1)
                  0.06    0.22    0.47 ^ _448_/Q (sky130_fd_sc_hd__dfrtp_1)
     3    0.01                           rx_inst.clk_count[5] (net)
                  0.06    0.00    0.47 ^ _206_/A (sky130_fd_sc_hd__and3_1)
                  0.09    0.13    0.60 ^ _206_/X (sky130_fd_sc_hd__and3_1)
     3    0.01                           _091_ (net)
                  0.09    0.00    0.60 ^ _216_/A (sky130_fd_sc_hd__nor2_1)
                  0.02    0.03    0.63 v _216_/Y (sky130_fd_sc_hd__nor2_1)
     1    0.00                           _087_ (net)
                  0.02    0.00    0.63 v _448_/D (sky130_fd_sc_hd__dfrtp_1)
                                  0.63   data arrival time

                          0.00    0.00   clock clk (rise edge)
                          0.00    0.00   clock source latency
                  0.07    0.05    0.05 ^ clk (in)
     2    0.02                           clk (net)
                  0.07    0.00    0.05 ^ clkbuf_0_clk/A (sky130_fd_sc_hd__clkbuf_16)
                  0.05    0.12    0.17 ^ clkbuf_0_clk/X (sky130_fd_sc_hd__clkbuf_16)
     4    0.05                           clknet_0_clk (net)
                  0.05    0.00    0.17 ^ clkbuf_2_1__f_clk/A (sky130_fd_sc_hd__clkbuf_16)
                  0.05    0.11    0.28 ^ clkbuf_2_1__f_clk/X (sky130_fd_sc_hd__clkbuf_16)
    15    0.05                           clknet_2_1__leaf_clk (net)
                  0.05    0.00    0.28 ^ _448_/CLK (sky130_fd_sc_hd__dfrtp_1)
                          0.25    0.53   clock uncertainty
                         -0.03    0.51   clock reconvergence pessimism
                         -0.03    0.48   library hold time
                                  0.48   data required time
-----------------------------------------------------------------------------
                                  0.48   data required time
                                 -0.63   data arrival time
-----------------------------------------------------------------------------
                                  0.15   slack (MET)


Startpoint: _431_ (rising edge-triggered flip-flop clocked by clk)
Endpoint: _407_ (rising edge-triggered flip-flop clocked by clk)
Path Group: clk
Path Type: min
Corner: Fastest

Fanout     Cap    Slew   Delay    Time   Description
-----------------------------------------------------------------------------
                          0.00    0.00   clock clk (rise edge)
                          0.00    0.00   clock source latency
                  0.07    0.05    0.05 ^ clk (in)
     2    0.02                           clk (net)
                  0.07    0.00    0.05 ^ clkbuf_0_clk/A (sky130_fd_sc_hd__clkbuf_16)
                  0.05    0.11    0.15 ^ clkbuf_0_clk/X (sky130_fd_sc_hd__clkbuf_16)
     4    0.05                           clknet_0_clk (net)
                  0.05    0.00    0.15 ^ clkbuf_2_2__f_clk/A (sky130_fd_sc_hd__clkbuf_16)
                  0.04    0.09    0.25 ^ clkbuf_2_2__f_clk/X (sky130_fd_sc_hd__clkbuf_16)
    11    0.03                           clknet_2_2__leaf_clk (net)
                  0.04    0.00    0.25 ^ _431_/CLK (sky130_fd_sc_hd__dfrtp_4)
                  0.07    0.27    0.51 ^ _431_/Q (sky130_fd_sc_hd__dfrtp_4)
     7    0.02                           tx_inst.state[1] (net)
                  0.07    0.00    0.52 ^ _352_/A1 (sky130_fd_sc_hd__a21o_1)
                  0.04    0.07    0.59 ^ _352_/X (sky130_fd_sc_hd__a21o_1)
     1    0.00                           _198_ (net)
                  0.04    0.00    0.59 ^ _353_/B1 (sky130_fd_sc_hd__o21a_1)
                  0.03    0.05    0.64 ^ _353_/X (sky130_fd_sc_hd__o21a_1)
     1    0.00                           _046_ (net)
                  0.03    0.00    0.64 ^ _407_/D (sky130_fd_sc_hd__dfrtp_1)
                                  0.64   data arrival time

                          0.00    0.00   clock clk (rise edge)
                          0.00    0.00   clock source latency
                  0.07    0.05    0.05 ^ clk (in)
     2    0.02                           clk (net)
                  0.07    0.00    0.05 ^ clkbuf_0_clk/A (sky130_fd_sc_hd__clkbuf_16)
                  0.05    0.12    0.17 ^ clkbuf_0_clk/X (sky130_fd_sc_hd__clkbuf_16)
     4    0.05                           clknet_0_clk (net)
                  0.05    0.00    0.17 ^ clkbuf_2_3__f_clk/A (sky130_fd_sc_hd__clkbuf_16)
                  0.04    0.10    0.27 ^ clkbuf_2_3__f_clk/X (sky130_fd_sc_hd__clkbuf_16)
     8    0.03                           clknet_2_3__leaf_clk (net)
                  0.04    0.00    0.27 ^ _407_/CLK (sky130_fd_sc_hd__dfrtp_1)
                          0.25    0.52   clock uncertainty
                         -0.02    0.50   clock reconvergence pessimism
                         -0.02    0.48   library hold time
                                  0.48   data required time
-----------------------------------------------------------------------------
                                  0.48   data required time
                                 -0.64   data arrival time
-----------------------------------------------------------------------------
                                  0.16   slack (MET)


Startpoint: _432_ (rising edge-triggered flip-flop clocked by clk)
Endpoint: _432_ (rising edge-triggered flip-flop clocked by clk)
Path Group: clk
Path Type: min
Corner: Fastest

Fanout     Cap    Slew   Delay    Time   Description
-----------------------------------------------------------------------------
                          0.00    0.00   clock clk (rise edge)
                          0.00    0.00   clock source latency
                  0.07    0.05    0.05 ^ clk (in)
     2    0.02                           clk (net)
                  0.07    0.00    0.05 ^ clkbuf_0_clk/A (sky130_fd_sc_hd__clkbuf_16)
                  0.05    0.11    0.15 ^ clkbuf_0_clk/X (sky130_fd_sc_hd__clkbuf_16)
     4    0.05                           clknet_0_clk (net)
                  0.05    0.00    0.15 ^ clkbuf_2_1__f_clk/A (sky130_fd_sc_hd__clkbuf_16)
                  0.05    0.10    0.25 ^ clkbuf_2_1__f_clk/X (sky130_fd_sc_hd__clkbuf_16)
    15    0.05                           clknet_2_1__leaf_clk (net)
                  0.05    0.00    0.26 ^ _432_/CLK (sky130_fd_sc_hd__dfrtp_2)
                  0.10    0.26    0.52 ^ _432_/Q (sky130_fd_sc_hd__dfrtp_2)
     4    0.03                           net11 (net)
                  0.10    0.00    0.52 ^ _282_/A0 (sky130_fd_sc_hd__mux2_1)
                  0.03    0.08    0.60 ^ _282_/X (sky130_fd_sc_hd__mux2_1)
     1    0.00                           _149_ (net)
                  0.03    0.00    0.60 ^ _283_/A (sky130_fd_sc_hd__clkbuf_1)
                  0.03    0.05    0.64 ^ _283_/X (sky130_fd_sc_hd__clkbuf_1)
     1    0.00                           _071_ (net)
                  0.03    0.00    0.64 ^ _432_/D (sky130_fd_sc_hd__dfrtp_2)
                                  0.64   data arrival time

                          0.00    0.00   clock clk (rise edge)
                          0.00    0.00   clock source latency
                  0.07    0.05    0.05 ^ clk (in)
     2    0.02                           clk (net)
                  0.07    0.00    0.05 ^ clkbuf_0_clk/A (sky130_fd_sc_hd__clkbuf_16)
                  0.05    0.12    0.17 ^ clkbuf_0_clk/X (sky130_fd_sc_hd__clkbuf_16)
     4    0.05                           clknet_0_clk (net)
                  0.05    0.00    0.17 ^ clkbuf_2_1__f_clk/A (sky130_fd_sc_hd__clkbuf_16)
                  0.05    0.11    0.28 ^ clkbuf_2_1__f_clk/X (sky130_fd_sc_hd__clkbuf_16)
    15    0.05                           clknet_2_1__leaf_clk (net)
                  0.05    0.00    0.28 ^ _432_/CLK (sky130_fd_sc_hd__dfrtp_2)
                          0.25    0.53   clock uncertainty
                         -0.03    0.51   clock reconvergence pessimism
                         -0.02    0.49   library hold time
                                  0.49   data required time
-----------------------------------------------------------------------------
                                  0.49   data required time
                                 -0.64   data arrival time
-----------------------------------------------------------------------------
                                  0.16   slack (MET)


Startpoint: _408_ (rising edge-triggered flip-flop clocked by clk)
Endpoint: _408_ (rising edge-triggered flip-flop clocked by clk)
Path Group: clk
Path Type: min
Corner: Fastest

Fanout     Cap    Slew   Delay    Time   Description
-----------------------------------------------------------------------------
                          0.00    0.00   clock clk (rise edge)
                          0.00    0.00   clock source latency
                  0.07    0.05    0.05 ^ clk (in)
     2    0.02                           clk (net)
                  0.07    0.00    0.05 ^ clkbuf_0_clk/A (sky130_fd_sc_hd__clkbuf_16)
                  0.05    0.11    0.15 ^ clkbuf_0_clk/X (sky130_fd_sc_hd__clkbuf_16)
     4    0.05                           clknet_0_clk (net)
                  0.05    0.00    0.15 ^ clkbuf_2_3__f_clk/A (sky130_fd_sc_hd__clkbuf_16)
                  0.04    0.09    0.24 ^ clkbuf_2_3__f_clk/X (sky130_fd_sc_hd__clkbuf_16)
     8    0.03                           clknet_2_3__leaf_clk (net)
                  0.04    0.00    0.24 ^ _408_/CLK (sky130_fd_sc_hd__dfrtp_1)
                  0.11    0.24    0.49 ^ _408_/Q (sky130_fd_sc_hd__dfrtp_1)
     4    0.02                           tx_inst.bit_index[2] (net)
                  0.11    0.00    0.49 ^ _348_/B1_N (sky130_fd_sc_hd__o21ba_1)
                  0.02    0.09    0.58 v _348_/X (sky130_fd_sc_hd__o21ba_1)
     1    0.00                           _195_ (net)
                  0.02    0.00    0.58 v _349_/B (sky130_fd_sc_hd__nor2_1)
                  0.06    0.05    0.63 ^ _349_/Y (sky130_fd_sc_hd__nor2_1)
     1    0.00                           _047_ (net)
                  0.06    0.00    0.63 ^ _408_/D (sky130_fd_sc_hd__dfrtp_1)
                                  0.63   data arrival time

                          0.00    0.00   clock clk (rise edge)
                          0.00    0.00   clock source latency
                  0.07    0.05    0.05 ^ clk (in)
     2    0.02                           clk (net)
                  0.07    0.00    0.05 ^ clkbuf_0_clk/A (sky130_fd_sc_hd__clkbuf_16)
                  0.05    0.12    0.17 ^ clkbuf_0_clk/X (sky130_fd_sc_hd__clkbuf_16)
     4    0.05                           clknet_0_clk (net)
                  0.05    0.00    0.17 ^ clkbuf_2_3__f_clk/A (sky130_fd_sc_hd__clkbuf_16)
                  0.04    0.10    0.27 ^ clkbuf_2_3__f_clk/X (sky130_fd_sc_hd__clkbuf_16)
     8    0.03                           clknet_2_3__leaf_clk (net)
                  0.04    0.00    0.27 ^ _408_/CLK (sky130_fd_sc_hd__dfrtp_1)
                          0.25    0.52   clock uncertainty
                         -0.03    0.49   clock reconvergence pessimism
                         -0.02    0.47   library hold time
                                  0.47   data required time
-----------------------------------------------------------------------------
                                  0.47   data required time
                                 -0.63   data arrival time
-----------------------------------------------------------------------------
                                  0.16   slack (MET)


Startpoint: _433_ (rising edge-triggered flip-flop clocked by clk)
Endpoint: _433_ (rising edge-triggered flip-flop clocked by clk)
Path Group: clk
Path Type: min
Corner: Fastest

Fanout     Cap    Slew   Delay    Time   Description
-----------------------------------------------------------------------------
                          0.00    0.00   clock clk (rise edge)
                          0.00    0.00   clock source latency
                  0.07    0.05    0.05 ^ clk (in)
     2    0.02                           clk (net)
                  0.07    0.00    0.05 ^ clkbuf_0_clk/A (sky130_fd_sc_hd__clkbuf_16)
                  0.05    0.11    0.15 ^ clkbuf_0_clk/X (sky130_fd_sc_hd__clkbuf_16)
     4    0.05                           clknet_0_clk (net)
                  0.05    0.00    0.15 ^ clkbuf_2_1__f_clk/A (sky130_fd_sc_hd__clkbuf_16)
                  0.05    0.10    0.25 ^ clkbuf_2_1__f_clk/X (sky130_fd_sc_hd__clkbuf_16)
    15    0.05                           clknet_2_1__leaf_clk (net)
                  0.05    0.00    0.26 ^ _433_/CLK (sky130_fd_sc_hd__dfrtp_1)
                  0.12    0.26    0.51 ^ _433_/Q (sky130_fd_sc_hd__dfrtp_1)
     4    0.02                           net12 (net)
                  0.12    0.00    0.51 ^ _279_/A0 (sky130_fd_sc_hd__mux2_1)
                  0.03    0.09    0.60 ^ _279_/X (sky130_fd_sc_hd__mux2_1)
     1    0.00                           _147_ (net)
                  0.03    0.00    0.60 ^ _280_/A (sky130_fd_sc_hd__clkbuf_1)
                  0.03    0.05    0.65 ^ _280_/X (sky130_fd_sc_hd__clkbuf_1)
     1    0.00                           _072_ (net)
                  0.03    0.00    0.65 ^ _433_/D (sky130_fd_sc_hd__dfrtp_1)
                                  0.65   data arrival time

                          0.00    0.00   clock clk (rise edge)
                          0.00    0.00   clock source latency
                  0.07    0.05    0.05 ^ clk (in)
     2    0.02                           clk (net)
                  0.07    0.00    0.05 ^ clkbuf_0_clk/A (sky130_fd_sc_hd__clkbuf_16)
                  0.05    0.12    0.17 ^ clkbuf_0_clk/X (sky130_fd_sc_hd__clkbuf_16)
     4    0.05                           clknet_0_clk (net)
                  0.05    0.00    0.17 ^ clkbuf_2_1__f_clk/A (sky130_fd_sc_hd__clkbuf_16)
                  0.05    0.11    0.28 ^ clkbuf_2_1__f_clk/X (sky130_fd_sc_hd__clkbuf_16)
    15    0.05                           clknet_2_1__leaf_clk (net)
                  0.05    0.00    0.28 ^ _433_/CLK (sky130_fd_sc_hd__dfrtp_1)
                          0.25    0.53   clock uncertainty
                         -0.03    0.51   clock reconvergence pessimism
                         -0.02    0.49   library hold time
                                  0.49   data required time
-----------------------------------------------------------------------------
                                  0.49   data required time
                                 -0.65   data arrival time
-----------------------------------------------------------------------------
                                  0.16   slack (MET)


Startpoint: _438_ (rising edge-triggered flip-flop clocked by clk)
Endpoint: _438_ (rising edge-triggered flip-flop clocked by clk)
Path Group: clk
Path Type: min
Corner: Fastest

Fanout     Cap    Slew   Delay    Time   Description
-----------------------------------------------------------------------------
                          0.00    0.00   clock clk (rise edge)
                          0.00    0.00   clock source latency
                  0.07    0.05    0.05 ^ clk (in)
     2    0.02                           clk (net)
                  0.07    0.00    0.05 ^ clkbuf_0_clk/A (sky130_fd_sc_hd__clkbuf_16)
                  0.05    0.11    0.15 ^ clkbuf_0_clk/X (sky130_fd_sc_hd__clkbuf_16)
     4    0.05                           clknet_0_clk (net)
                  0.05    0.00    0.15 ^ clkbuf_2_1__f_clk/A (sky130_fd_sc_hd__clkbuf_16)
                  0.05    0.10    0.25 ^ clkbuf_2_1__f_clk/X (sky130_fd_sc_hd__clkbuf_16)
    15    0.05                           clknet_2_1__leaf_clk (net)
                  0.05    0.00    0.25 ^ _438_/CLK (sky130_fd_sc_hd__dfrtp_2)
                  0.10    0.26    0.52 ^ _438_/Q (sky130_fd_sc_hd__dfrtp_2)
     4    0.03                           net17 (net)
                  0.10    0.00    0.52 ^ _263_/A1 (sky130_fd_sc_hd__mux2_1)
                  0.03    0.09    0.60 ^ _263_/X (sky130_fd_sc_hd__mux2_1)
     1    0.00                           _136_ (net)
                  0.03    0.00    0.60 ^ _264_/A (sky130_fd_sc_hd__clkbuf_1)
                  0.03    0.05    0.65 ^ _264_/X (sky130_fd_sc_hd__clkbuf_1)
     1    0.00                           _077_ (net)
                  0.03    0.00    0.65 ^ _438_/D (sky130_fd_sc_hd__dfrtp_2)
                                  0.65   data arrival time

                          0.00    0.00   clock clk (rise edge)
                          0.00    0.00   clock source latency
                  0.07    0.05    0.05 ^ clk (in)
     2    0.02                           clk (net)
                  0.07    0.00    0.05 ^ clkbuf_0_clk/A (sky130_fd_sc_hd__clkbuf_16)
                  0.05    0.12    0.17 ^ clkbuf_0_clk/X (sky130_fd_sc_hd__clkbuf_16)
     4    0.05                           clknet_0_clk (net)
                  0.05    0.00    0.17 ^ clkbuf_2_1__f_clk/A (sky130_fd_sc_hd__clkbuf_16)
                  0.05    0.11    0.28 ^ clkbuf_2_1__f_clk/X (sky130_fd_sc_hd__clkbuf_16)
    15    0.05                           clknet_2_1__leaf_clk (net)
                  0.05    0.00    0.28 ^ _438_/CLK (sky130_fd_sc_hd__dfrtp_2)
                          0.25    0.53   clock uncertainty
                         -0.03    0.50   clock reconvergence pessimism
                         -0.02    0.49   library hold time
                                  0.49   data required time
-----------------------------------------------------------------------------
                                  0.49   data required time
                                 -0.65   data arrival time
-----------------------------------------------------------------------------
                                  0.16   slack (MET)


Startpoint: _409_ (rising edge-triggered flip-flop clocked by clk)
Endpoint: _409_ (rising edge-triggered flip-flop clocked by clk)
Path Group: clk
Path Type: min
Corner: Fastest

Fanout     Cap    Slew   Delay    Time   Description
-----------------------------------------------------------------------------
                          0.00    0.00   clock clk (rise edge)
                          0.00    0.00   clock source latency
                  0.07    0.05    0.05 ^ clk (in)
     2    0.02                           clk (net)
                  0.07    0.00    0.05 ^ clkbuf_0_clk/A (sky130_fd_sc_hd__clkbuf_16)
                  0.05    0.11    0.15 ^ clkbuf_0_clk/X (sky130_fd_sc_hd__clkbuf_16)
     4    0.05                           clknet_0_clk (net)
                  0.05    0.00    0.15 ^ clkbuf_2_2__f_clk/A (sky130_fd_sc_hd__clkbuf_16)
                  0.04    0.09    0.25 ^ clkbuf_2_2__f_clk/X (sky130_fd_sc_hd__clkbuf_16)
    11    0.03                           clknet_2_2__leaf_clk (net)
                  0.04    0.00    0.25 ^ _409_/CLK (sky130_fd_sc_hd__dfrtp_2)
                  0.07    0.24    0.48 ^ _409_/Q (sky130_fd_sc_hd__dfrtp_2)
     6    0.02                           tx_inst.clk_count[0] (net)
                  0.07    0.00    0.49 ^ _343_/A_N (sky130_fd_sc_hd__and2b_1)
                  0.02    0.11    0.59 v _343_/X (sky130_fd_sc_hd__and2b_1)
     1    0.00                           _191_ (net)
                  0.02    0.00    0.59 v _344_/A (sky130_fd_sc_hd__clkbuf_1)
                  0.02    0.05    0.64 v _344_/X (sky130_fd_sc_hd__clkbuf_1)
     1    0.00                           _048_ (net)
                  0.02    0.00    0.64 v _409_/D (sky130_fd_sc_hd__dfrtp_2)
                                  0.64   data arrival time

                          0.00    0.00   clock clk (rise edge)
                          0.00    0.00   clock source latency
                  0.07    0.05    0.05 ^ clk (in)
     2    0.02                           clk (net)
                  0.07    0.00    0.05 ^ clkbuf_0_clk/A (sky130_fd_sc_hd__clkbuf_16)
                  0.05    0.12    0.17 ^ clkbuf_0_clk/X (sky130_fd_sc_hd__clkbuf_16)
     4    0.05                           clknet_0_clk (net)
                  0.05    0.00    0.17 ^ clkbuf_2_2__f_clk/A (sky130_fd_sc_hd__clkbuf_16)
                  0.04    0.10    0.27 ^ clkbuf_2_2__f_clk/X (sky130_fd_sc_hd__clkbuf_16)
    11    0.03                           clknet_2_2__leaf_clk (net)
                  0.04    0.00    0.27 ^ _409_/CLK (sky130_fd_sc_hd__dfrtp_2)
                          0.25    0.52   clock uncertainty
                         -0.03    0.50   clock reconvergence pessimism
                         -0.02    0.47   library hold time
                                  0.47   data required time
-----------------------------------------------------------------------------
                                  0.47   data required time
                                 -0.64   data arrival time
-----------------------------------------------------------------------------
                                  0.17   slack (MET)


Startpoint: _411_ (rising edge-triggered flip-flop clocked by clk)
Endpoint: _411_ (rising edge-triggered flip-flop clocked by clk)
Path Group: clk
Path Type: min
Corner: Fastest

Fanout     Cap    Slew   Delay    Time   Description
-----------------------------------------------------------------------------
                          0.00    0.00   clock clk (rise edge)
                          0.00    0.00   clock source latency
                  0.07    0.05    0.05 ^ clk (in)
     2    0.02                           clk (net)
                  0.07    0.00    0.05 ^ clkbuf_0_clk/A (sky130_fd_sc_hd__clkbuf_16)
                  0.05    0.11    0.15 ^ clkbuf_0_clk/X (sky130_fd_sc_hd__clkbuf_16)
     4    0.05                           clknet_0_clk (net)
                  0.05    0.00    0.15 ^ clkbuf_2_3__f_clk/A (sky130_fd_sc_hd__clkbuf_16)
                  0.04    0.09    0.24 ^ clkbuf_2_3__f_clk/X (sky130_fd_sc_hd__clkbuf_16)
     8    0.03                           clknet_2_3__leaf_clk (net)
                  0.04    0.00    0.24 ^ _411_/CLK (sky130_fd_sc_hd__dfrtp_1)
                  0.07    0.22    0.46 ^ _411_/Q (sky130_fd_sc_hd__dfrtp_1)
     3    0.01                           tx_inst.clk_count[2] (net)
                  0.07    0.00    0.46 ^ _336_/B1 (sky130_fd_sc_hd__a21o_1)
                  0.03    0.05    0.51 ^ _336_/X (sky130_fd_sc_hd__a21o_1)
     1    0.00                           _186_ (net)
                  0.03    0.00    0.51 ^ _337_/C (sky130_fd_sc_hd__and3_1)
                  0.04    0.08    0.59 ^ _337_/X (sky130_fd_sc_hd__and3_1)
     1    0.00                           _187_ (net)
                  0.04    0.00    0.59 ^ _338_/A (sky130_fd_sc_hd__clkbuf_1)
                  0.03    0.05    0.64 ^ _338_/X (sky130_fd_sc_hd__clkbuf_1)
     1    0.00                           _050_ (net)
                  0.03    0.00    0.64 ^ _411_/D (sky130_fd_sc_hd__dfrtp_1)
                                  0.64   data arrival time

                          0.00    0.00   clock clk (rise edge)
                          0.00    0.00   clock source latency
                  0.07    0.05    0.05 ^ clk (in)
     2    0.02                           clk (net)
                  0.07    0.00    0.05 ^ clkbuf_0_clk/A (sky130_fd_sc_hd__clkbuf_16)
                  0.05    0.12    0.17 ^ clkbuf_0_clk/X (sky130_fd_sc_hd__clkbuf_16)
     4    0.05                           clknet_0_clk (net)
                  0.05    0.00    0.17 ^ clkbuf_2_3__f_clk/A (sky130_fd_sc_hd__clkbuf_16)
                  0.04    0.10    0.27 ^ clkbuf_2_3__f_clk/X (sky130_fd_sc_hd__clkbuf_16)
     8    0.03                           clknet_2_3__leaf_clk (net)
                  0.04    0.00    0.27 ^ _411_/CLK (sky130_fd_sc_hd__dfrtp_1)
                          0.25    0.52   clock uncertainty
                         -0.03    0.49   clock reconvergence pessimism
                         -0.02    0.47   library hold time
                                  0.47   data required time
-----------------------------------------------------------------------------
                                  0.47   data required time
                                 -0.64   data arrival time
-----------------------------------------------------------------------------
                                  0.17   slack (MET)


Startpoint: _430_ (rising edge-triggered flip-flop clocked by clk)
Endpoint: _430_ (rising edge-triggered flip-flop clocked by clk)
Path Group: clk
Path Type: min
Corner: Fastest

Fanout     Cap    Slew   Delay    Time   Description
-----------------------------------------------------------------------------
                          0.00    0.00   clock clk (rise edge)
                          0.00    0.00   clock source latency
                  0.07    0.05    0.05 ^ clk (in)
     2    0.02                           clk (net)
                  0.07    0.00    0.05 ^ clkbuf_0_clk/A (sky130_fd_sc_hd__clkbuf_16)
                  0.05    0.11    0.15 ^ clkbuf_0_clk/X (sky130_fd_sc_hd__clkbuf_16)
     4    0.05                           clknet_0_clk (net)
                  0.05    0.00    0.15 ^ clkbuf_2_2__f_clk/A (sky130_fd_sc_hd__clkbuf_16)
                  0.04    0.09    0.25 ^ clkbuf_2_2__f_clk/X (sky130_fd_sc_hd__clkbuf_16)
    11    0.03                           clknet_2_2__leaf_clk (net)
                  0.04    0.00    0.25 ^ _430_/CLK (sky130_fd_sc_hd__dfrtp_4)
                  0.07    0.27    0.51 ^ _430_/Q (sky130_fd_sc_hd__dfrtp_4)
     7    0.02                           tx_inst.state[0] (net)
                  0.07    0.00    0.51 ^ _294_/S (sky130_fd_sc_hd__mux2_1)
                  0.04    0.09    0.60 ^ _294_/X (sky130_fd_sc_hd__mux2_1)
     1    0.00                           _159_ (net)
                  0.04    0.00    0.60 ^ _295_/A (sky130_fd_sc_hd__clkbuf_1)
                  0.03    0.05    0.65 ^ _295_/X (sky130_fd_sc_hd__clkbuf_1)
     1    0.00                           _069_ (net)
                  0.03    0.00    0.65 ^ _430_/D (sky130_fd_sc_hd__dfrtp_4)
                                  0.65   data arrival time

                          0.00    0.00   clock clk (rise edge)
                          0.00    0.00   clock source latency
                  0.07    0.05    0.05 ^ clk (in)
     2    0.02                           clk (net)
                  0.07    0.00    0.05 ^ clkbuf_0_clk/A (sky130_fd_sc_hd__clkbuf_16)
                  0.05    0.12    0.17 ^ clkbuf_0_clk/X (sky130_fd_sc_hd__clkbuf_16)
     4    0.05                           clknet_0_clk (net)
                  0.05    0.00    0.17 ^ clkbuf_2_2__f_clk/A (sky130_fd_sc_hd__clkbuf_16)
                  0.04    0.10    0.27 ^ clkbuf_2_2__f_clk/X (sky130_fd_sc_hd__clkbuf_16)
    11    0.03                           clknet_2_2__leaf_clk (net)
                  0.04    0.00    0.27 ^ _430_/CLK (sky130_fd_sc_hd__dfrtp_4)
                          0.25    0.52   clock uncertainty
                         -0.03    0.50   clock reconvergence pessimism
                         -0.02    0.48   library hold time
                                  0.48   data required time
-----------------------------------------------------------------------------
                                  0.48   data required time
                                 -0.65   data arrival time
-----------------------------------------------------------------------------
                                  0.17   slack (MET)


Startpoint: _418_ (rising edge-triggered flip-flop clocked by clk)
Endpoint: _418_ (rising edge-triggered flip-flop clocked by clk)
Path Group: clk
Path Type: min
Corner: Fastest

Fanout     Cap    Slew   Delay    Time   Description
-----------------------------------------------------------------------------
                          0.00    0.00   clock clk (rise edge)
                          0.00    0.00   clock source latency
                  0.07    0.05    0.05 ^ clk (in)
     2    0.02                           clk (net)
                  0.07    0.00    0.05 ^ clkbuf_0_clk/A (sky130_fd_sc_hd__clkbuf_16)
                  0.05    0.11    0.15 ^ clkbuf_0_clk/X (sky130_fd_sc_hd__clkbuf_16)
     4    0.05                           clknet_0_clk (net)
                  0.05    0.00    0.15 ^ clkbuf_2_0__f_clk/A (sky130_fd_sc_hd__clkbuf_16)
                  0.04    0.10    0.25 ^ clkbuf_2_0__f_clk/X (sky130_fd_sc_hd__clkbuf_16)
    11    0.04                           clknet_2_0__leaf_clk (net)
                  0.04    0.00    0.25 ^ _418_/CLK (sky130_fd_sc_hd__dfrtp_1)
                  0.04    0.20    0.45 ^ _418_/Q (sky130_fd_sc_hd__dfrtp_1)
     2    0.00                           rx_inst.state[1] (net)
                  0.04    0.00    0.45 ^ _219_/A (sky130_fd_sc_hd__buf_2)
                  0.13    0.14    0.59 ^ _219_/X (sky130_fd_sc_hd__buf_2)
    10    0.04                           _100_ (net)
                  0.13    0.00    0.59 ^ _326_/A1 (sky130_fd_sc_hd__a21bo_1)
                  0.02    0.07    0.66 ^ _326_/X (sky130_fd_sc_hd__a21bo_1)
     1    0.00                           _057_ (net)
                  0.02    0.00    0.66 ^ _418_/D (sky130_fd_sc_hd__dfrtp_1)
                                  0.66   data arrival time

                          0.00    0.00   clock clk (rise edge)
                          0.00    0.00   clock source latency
                  0.07    0.05    0.05 ^ clk (in)
     2    0.02                           clk (net)
                  0.07    0.00    0.05 ^ clkbuf_0_clk/A (sky130_fd_sc_hd__clkbuf_16)
                  0.05    0.12    0.17 ^ clkbuf_0_clk/X (sky130_fd_sc_hd__clkbuf_16)
     4    0.05                           clknet_0_clk (net)
                  0.05    0.00    0.17 ^ clkbuf_2_0__f_clk/A (sky130_fd_sc_hd__clkbuf_16)
                  0.04    0.11    0.27 ^ clkbuf_2_0__f_clk/X (sky130_fd_sc_hd__clkbuf_16)
    11    0.04                           clknet_2_0__leaf_clk (net)
                  0.04    0.00    0.28 ^ _418_/CLK (sky130_fd_sc_hd__dfrtp_1)
                          0.25    0.53   clock uncertainty
                         -0.03    0.50   clock reconvergence pessimism
                         -0.02    0.48   library hold time
                                  0.48   data required time
-----------------------------------------------------------------------------
                                  0.48   data required time
                                 -0.66   data arrival time
-----------------------------------------------------------------------------
                                  0.18   slack (MET)


Startpoint: _436_ (rising edge-triggered flip-flop clocked by clk)
Endpoint: _436_ (rising edge-triggered flip-flop clocked by clk)
Path Group: clk
Path Type: min
Corner: Fastest

Fanout     Cap    Slew   Delay    Time   Description
-----------------------------------------------------------------------------
                          0.00    0.00   clock clk (rise edge)
                          0.00    0.00   clock source latency
                  0.07    0.05    0.05 ^ clk (in)
     2    0.02                           clk (net)
                  0.07    0.00    0.05 ^ clkbuf_0_clk/A (sky130_fd_sc_hd__clkbuf_16)
                  0.05    0.11    0.15 ^ clkbuf_0_clk/X (sky130_fd_sc_hd__clkbuf_16)
     4    0.05                           clknet_0_clk (net)
                  0.05    0.00    0.15 ^ clkbuf_2_0__f_clk/A (sky130_fd_sc_hd__clkbuf_16)
                  0.04    0.10    0.25 ^ clkbuf_2_0__f_clk/X (sky130_fd_sc_hd__clkbuf_16)
    11    0.04                           clknet_2_0__leaf_clk (net)
                  0.04    0.00    0.25 ^ _436_/CLK (sky130_fd_sc_hd__dfrtp_1)
                  0.14    0.27    0.52 ^ _436_/Q (sky130_fd_sc_hd__dfrtp_1)
     4    0.02                           net15 (net)
                  0.14    0.00    0.52 ^ _269_/A1 (sky130_fd_sc_hd__mux2_1)
                  0.03    0.09    0.61 ^ _269_/X (sky130_fd_sc_hd__mux2_1)
     1    0.00                           _140_ (net)
                  0.03    0.00    0.61 ^ _270_/A (sky130_fd_sc_hd__clkbuf_1)
                  0.03    0.05    0.66 ^ _270_/X (sky130_fd_sc_hd__clkbuf_1)
     1    0.00                           _075_ (net)
                  0.03    0.00    0.66 ^ _436_/D (sky130_fd_sc_hd__dfrtp_1)
                                  0.66   data arrival time

                          0.00    0.00   clock clk (rise edge)
                          0.00    0.00   clock source latency
                  0.07    0.05    0.05 ^ clk (in)
     2    0.02                           clk (net)
                  0.07    0.00    0.05 ^ clkbuf_0_clk/A (sky130_fd_sc_hd__clkbuf_16)
                  0.05    0.12    0.17 ^ clkbuf_0_clk/X (sky130_fd_sc_hd__clkbuf_16)
     4    0.05                           clknet_0_clk (net)
                  0.05    0.00    0.17 ^ clkbuf_2_0__f_clk/A (sky130_fd_sc_hd__clkbuf_16)
                  0.04    0.11    0.27 ^ clkbuf_2_0__f_clk/X (sky130_fd_sc_hd__clkbuf_16)
    11    0.04                           clknet_2_0__leaf_clk (net)
                  0.04    0.00    0.28 ^ _436_/CLK (sky130_fd_sc_hd__dfrtp_1)
                          0.25    0.53   clock uncertainty
                         -0.03    0.50   clock reconvergence pessimism
                         -0.02    0.48   library hold time
                                  0.48   data required time
-----------------------------------------------------------------------------
                                  0.48   data required time
                                 -0.66   data arrival time
-----------------------------------------------------------------------------
                                  0.18   slack (MET)


Startpoint: _412_ (rising edge-triggered flip-flop clocked by clk)
Endpoint: _412_ (rising edge-triggered flip-flop clocked by clk)
Path Group: clk
Path Type: min
Corner: Fastest

Fanout     Cap    Slew   Delay    Time   Description
-----------------------------------------------------------------------------
                          0.00    0.00   clock clk (rise edge)
                          0.00    0.00   clock source latency
                  0.07    0.05    0.05 ^ clk (in)
     2    0.02                           clk (net)
                  0.07    0.00    0.05 ^ clkbuf_0_clk/A (sky130_fd_sc_hd__clkbuf_16)
                  0.05    0.11    0.15 ^ clkbuf_0_clk/X (sky130_fd_sc_hd__clkbuf_16)
     4    0.05                           clknet_0_clk (net)
                  0.05    0.00    0.15 ^ clkbuf_2_3__f_clk/A (sky130_fd_sc_hd__clkbuf_16)
                  0.04    0.09    0.24 ^ clkbuf_2_3__f_clk/X (sky130_fd_sc_hd__clkbuf_16)
     8    0.03                           clknet_2_3__leaf_clk (net)
                  0.04    0.00    0.24 ^ _412_/CLK (sky130_fd_sc_hd__dfrtp_1)
                  0.07    0.22    0.46 ^ _412_/Q (sky130_fd_sc_hd__dfrtp_1)
     2    0.01                           tx_inst.clk_count[3] (net)
                  0.07    0.00    0.46 ^ _330_/A (sky130_fd_sc_hd__inv_2)
                  0.02    0.02    0.48 v _330_/Y (sky130_fd_sc_hd__inv_2)
     2    0.01                           _181_ (net)
                  0.02    0.00    0.48 v _332_/A (sky130_fd_sc_hd__nand2_1)
                  0.03    0.04    0.52 ^ _332_/Y (sky130_fd_sc_hd__nand2_1)
     1    0.00                           _183_ (net)
                  0.03    0.00    0.52 ^ _334_/B (sky130_fd_sc_hd__and3_1)
                  0.04    0.09    0.60 ^ _334_/X (sky130_fd_sc_hd__and3_1)
     1    0.00                           _185_ (net)
                  0.04    0.00    0.60 ^ _335_/A (sky130_fd_sc_hd__clkbuf_1)
                  0.03    0.05    0.65 ^ _335_/X (sky130_fd_sc_hd__clkbuf_1)
     1    0.00                           _051_ (net)
                  0.03    0.00    0.65 ^ _412_/D (sky130_fd_sc_hd__dfrtp_1)
                                  0.65   data arrival time

                          0.00    0.00   clock clk (rise edge)
                          0.00    0.00   clock source latency
                  0.07    0.05    0.05 ^ clk (in)
     2    0.02                           clk (net)
                  0.07    0.00    0.05 ^ clkbuf_0_clk/A (sky130_fd_sc_hd__clkbuf_16)
                  0.05    0.12    0.17 ^ clkbuf_0_clk/X (sky130_fd_sc_hd__clkbuf_16)
     4    0.05                           clknet_0_clk (net)
                  0.05    0.00    0.17 ^ clkbuf_2_3__f_clk/A (sky130_fd_sc_hd__clkbuf_16)
                  0.04    0.10    0.27 ^ clkbuf_2_3__f_clk/X (sky130_fd_sc_hd__clkbuf_16)
     8    0.03                           clknet_2_3__leaf_clk (net)
                  0.04    0.00    0.27 ^ _412_/CLK (sky130_fd_sc_hd__dfrtp_1)
                          0.25    0.52   clock uncertainty
                         -0.03    0.49   clock reconvergence pessimism
                         -0.02    0.47   library hold time
                                  0.47   data required time
-----------------------------------------------------------------------------
                                  0.47   data required time
                                 -0.65   data arrival time
-----------------------------------------------------------------------------
                                  0.18   slack (MET)


Startpoint: _440_ (rising edge-triggered flip-flop clocked by clk)
Endpoint: _440_ (rising edge-triggered flip-flop clocked by clk)
Path Group: clk
Path Type: min
Corner: Fastest

Fanout     Cap    Slew   Delay    Time   Description
-----------------------------------------------------------------------------
                          0.00    0.00   clock clk (rise edge)
                          0.00    0.00   clock source latency
                  0.07    0.05    0.05 ^ clk (in)
     2    0.02                           clk (net)
                  0.07    0.00    0.05 ^ clkbuf_0_clk/A (sky130_fd_sc_hd__clkbuf_16)
                  0.05    0.11    0.15 ^ clkbuf_0_clk/X (sky130_fd_sc_hd__clkbuf_16)
     4    0.05                           clknet_0_clk (net)
                  0.05    0.00    0.15 ^ clkbuf_2_0__f_clk/A (sky130_fd_sc_hd__clkbuf_16)
                  0.04    0.10    0.25 ^ clkbuf_2_0__f_clk/X (sky130_fd_sc_hd__clkbuf_16)
    11    0.04                           clknet_2_0__leaf_clk (net)
                  0.04    0.00    0.25 ^ _440_/CLK (sky130_fd_sc_hd__dfrtp_4)
                  0.08    0.27    0.52 ^ _440_/Q (sky130_fd_sc_hd__dfrtp_4)
     9    0.03                           rx_inst.bit_index[0] (net)
                  0.08    0.00    0.52 ^ _254_/S (sky130_fd_sc_hd__mux2_1)
                  0.03    0.09    0.61 ^ _254_/X (sky130_fd_sc_hd__mux2_1)
     1    0.00                           _129_ (net)
                  0.03    0.00    0.61 ^ _255_/A (sky130_fd_sc_hd__clkbuf_1)
                  0.03    0.05    0.66 ^ _255_/X (sky130_fd_sc_hd__clkbuf_1)
     1    0.00                           _079_ (net)
                  0.03    0.00    0.66 ^ _440_/D (sky130_fd_sc_hd__dfrtp_4)
                                  0.66   data arrival time

                          0.00    0.00   clock clk (rise edge)
                          0.00    0.00   clock source latency
                  0.07    0.05    0.05 ^ clk (in)
     2    0.02                           clk (net)
                  0.07    0.00    0.05 ^ clkbuf_0_clk/A (sky130_fd_sc_hd__clkbuf_16)
                  0.05    0.12    0.17 ^ clkbuf_0_clk/X (sky130_fd_sc_hd__clkbuf_16)
     4    0.05                           clknet_0_clk (net)
                  0.05    0.00    0.17 ^ clkbuf_2_0__f_clk/A (sky130_fd_sc_hd__clkbuf_16)
                  0.04    0.11    0.27 ^ clkbuf_2_0__f_clk/X (sky130_fd_sc_hd__clkbuf_16)
    11    0.04                           clknet_2_0__leaf_clk (net)
                  0.04    0.00    0.28 ^ _440_/CLK (sky130_fd_sc_hd__dfrtp_4)
                          0.25    0.53   clock uncertainty
                         -0.03    0.50   clock reconvergence pessimism
                         -0.02    0.48   library hold time
                                  0.48   data required time
-----------------------------------------------------------------------------
                                  0.48   data required time
                                 -0.66   data arrival time
-----------------------------------------------------------------------------
                                  0.18   slack (MET)


Startpoint: _417_ (rising edge-triggered flip-flop clocked by clk)
Endpoint: _441_ (rising edge-triggered flip-flop clocked by clk)
Path Group: clk
Path Type: min
Corner: Fastest

Fanout     Cap    Slew   Delay    Time   Description
-----------------------------------------------------------------------------
                          0.00    0.00   clock clk (rise edge)
                          0.00    0.00   clock source latency
                  0.07    0.05    0.05 ^ clk (in)
     2    0.02                           clk (net)
                  0.07    0.00    0.05 ^ clkbuf_0_clk/A (sky130_fd_sc_hd__clkbuf_16)
                  0.05    0.11    0.15 ^ clkbuf_0_clk/X (sky130_fd_sc_hd__clkbuf_16)
     4    0.05                           clknet_0_clk (net)
                  0.05    0.00    0.15 ^ clkbuf_2_2__f_clk/A (sky130_fd_sc_hd__clkbuf_16)
                  0.04    0.09    0.25 ^ clkbuf_2_2__f_clk/X (sky130_fd_sc_hd__clkbuf_16)
    11    0.03                           clknet_2_2__leaf_clk (net)
                  0.04    0.00    0.25 ^ _417_/CLK (sky130_fd_sc_hd__dfrtp_4)
                  0.07    0.27    0.51 ^ _417_/Q (sky130_fd_sc_hd__dfrtp_4)
     7    0.02                           rx_inst.state[0] (net)
                  0.07    0.00    0.52 ^ _241_/A (sky130_fd_sc_hd__inv_2)
                  0.04    0.04    0.56 v _241_/Y (sky130_fd_sc_hd__inv_2)
     7    0.02                           _118_ (net)
                  0.04    0.00    0.56 v _247_/A (sky130_fd_sc_hd__nand2_1)
                  0.05    0.05    0.61 ^ _247_/Y (sky130_fd_sc_hd__nand2_1)
     2    0.01                           _123_ (net)
                  0.05    0.00    0.61 ^ _252_/A2 (sky130_fd_sc_hd__a21bo_1)
                  0.03    0.07    0.68 ^ _252_/X (sky130_fd_sc_hd__a21bo_1)
     1    0.00                           _080_ (net)
                  0.03    0.00    0.68 ^ _441_/D (sky130_fd_sc_hd__dfrtp_2)
                                  0.68   data arrival time

                          0.00    0.00   clock clk (rise edge)
                          0.00    0.00   clock source latency
                  0.07    0.05    0.05 ^ clk (in)
     2    0.02                           clk (net)
                  0.07    0.00    0.05 ^ clkbuf_0_clk/A (sky130_fd_sc_hd__clkbuf_16)
                  0.05    0.12    0.17 ^ clkbuf_0_clk/X (sky130_fd_sc_hd__clkbuf_16)
     4    0.05                           clknet_0_clk (net)
                  0.05    0.00    0.17 ^ clkbuf_2_0__f_clk/A (sky130_fd_sc_hd__clkbuf_16)
                  0.04    0.11    0.27 ^ clkbuf_2_0__f_clk/X (sky130_fd_sc_hd__clkbuf_16)
    11    0.04                           clknet_2_0__leaf_clk (net)
                  0.04    0.00    0.28 ^ _441_/CLK (sky130_fd_sc_hd__dfrtp_2)
                          0.25    0.53   clock uncertainty
                         -0.02    0.51   clock reconvergence pessimism
                         -0.02    0.49   library hold time
                                  0.49   data required time
-----------------------------------------------------------------------------
                                  0.49   data required time
                                 -0.68   data arrival time
-----------------------------------------------------------------------------
                                  0.19   slack (MET)


Startpoint: _446_ (rising edge-triggered flip-flop clocked by clk)
Endpoint: _446_ (rising edge-triggered flip-flop clocked by clk)
Path Group: clk
Path Type: min
Corner: Fastest

Fanout     Cap    Slew   Delay    Time   Description
-----------------------------------------------------------------------------
                          0.00    0.00   clock clk (rise edge)
                          0.00    0.00   clock source latency
                  0.07    0.05    0.05 ^ clk (in)
     2    0.02                           clk (net)
                  0.07    0.00    0.05 ^ clkbuf_0_clk/A (sky130_fd_sc_hd__clkbuf_16)
                  0.05    0.11    0.15 ^ clkbuf_0_clk/X (sky130_fd_sc_hd__clkbuf_16)
     4    0.05                           clknet_0_clk (net)
                  0.05    0.00    0.15 ^ clkbuf_2_1__f_clk/A (sky130_fd_sc_hd__clkbuf_16)
                  0.05    0.10    0.25 ^ clkbuf_2_1__f_clk/X (sky130_fd_sc_hd__clkbuf_16)
    15    0.05                           clknet_2_1__leaf_clk (net)
                  0.05    0.00    0.26 ^ _446_/CLK (sky130_fd_sc_hd__dfrtp_1)
                  0.09    0.24    0.49 ^ _446_/Q (sky130_fd_sc_hd__dfrtp_1)
     5    0.01                           rx_inst.clk_count[3] (net)
                  0.09    0.00    0.49 ^ _225_/B1 (sky130_fd_sc_hd__a31o_1)
                  0.02    0.05    0.54 ^ _225_/X (sky130_fd_sc_hd__a31o_1)
     1    0.00                           _106_ (net)
                  0.02    0.00    0.54 ^ _226_/C (sky130_fd_sc_hd__and3b_1)
                  0.03    0.08    0.63 ^ _226_/X (sky130_fd_sc_hd__and3b_1)
     1    0.00                           _107_ (net)
                  0.03    0.00    0.63 ^ _227_/A (sky130_fd_sc_hd__clkbuf_1)
                  0.03    0.05    0.68 ^ _227_/X (sky130_fd_sc_hd__clkbuf_1)
     1    0.00                           _085_ (net)
                  0.03    0.00    0.68 ^ _446_/D (sky130_fd_sc_hd__dfrtp_1)
                                  0.68   data arrival time

                          0.00    0.00   clock clk (rise edge)
                          0.00    0.00   clock source latency
                  0.07    0.05    0.05 ^ clk (in)
     2    0.02                           clk (net)
                  0.07    0.00    0.05 ^ clkbuf_0_clk/A (sky130_fd_sc_hd__clkbuf_16)
                  0.05    0.12    0.17 ^ clkbuf_0_clk/X (sky130_fd_sc_hd__clkbuf_16)
     4    0.05                           clknet_0_clk (net)
                  0.05    0.00    0.17 ^ clkbuf_2_1__f_clk/A (sky130_fd_sc_hd__clkbuf_16)
                  0.05    0.11    0.28 ^ clkbuf_2_1__f_clk/X (sky130_fd_sc_hd__clkbuf_16)
    15    0.05                           clknet_2_1__leaf_clk (net)
                  0.05    0.00    0.28 ^ _446_/CLK (sky130_fd_sc_hd__dfrtp_1)
                          0.25    0.53   clock uncertainty
                         -0.03    0.51   clock reconvergence pessimism
                         -0.02    0.49   library hold time
                                  0.49   data required time
-----------------------------------------------------------------------------
                                  0.49   data required time
                                 -0.68   data arrival time
-----------------------------------------------------------------------------
                                  0.19   slack (MET)


Startpoint: _417_ (rising edge-triggered flip-flop clocked by clk)
Endpoint: _421_ (rising edge-triggered flip-flop clocked by clk)
Path Group: clk
Path Type: min
Corner: Fastest

Fanout     Cap    Slew   Delay    Time   Description
-----------------------------------------------------------------------------
                          0.00    0.00   clock clk (rise edge)
                          0.00    0.00   clock source latency
                  0.07    0.05    0.05 ^ clk (in)
     2    0.02                           clk (net)
                  0.07    0.00    0.05 ^ clkbuf_0_clk/A (sky130_fd_sc_hd__clkbuf_16)
                  0.05    0.11    0.15 ^ clkbuf_0_clk/X (sky130_fd_sc_hd__clkbuf_16)
     4    0.05                           clknet_0_clk (net)
                  0.05    0.00    0.15 ^ clkbuf_2_2__f_clk/A (sky130_fd_sc_hd__clkbuf_16)
                  0.04    0.09    0.25 ^ clkbuf_2_2__f_clk/X (sky130_fd_sc_hd__clkbuf_16)
    11    0.03                           clknet_2_2__leaf_clk (net)
                  0.04    0.00    0.25 ^ _417_/CLK (sky130_fd_sc_hd__dfrtp_4)
                  0.06    0.30    0.55 v _417_/Q (sky130_fd_sc_hd__dfrtp_4)
     7    0.02                           rx_inst.state[0] (net)
                  0.06    0.00    0.55 v _241_/A (sky130_fd_sc_hd__inv_2)
                  0.07    0.08    0.63 ^ _241_/Y (sky130_fd_sc_hd__inv_2)
     7    0.02                           _118_ (net)
                  0.07    0.00    0.63 ^ _314_/A2 (sky130_fd_sc_hd__o31ai_1)
                  0.02    0.05    0.67 v _314_/Y (sky130_fd_sc_hd__o31ai_1)
     1    0.00                           _060_ (net)
                  0.02    0.00    0.67 v _421_/D (sky130_fd_sc_hd__dfrtp_1)
                                  0.67   data arrival time

                          0.00    0.00   clock clk (rise edge)
                          0.00    0.00   clock source latency
                  0.07    0.05    0.05 ^ clk (in)
     2    0.02                           clk (net)
                  0.07    0.00    0.05 ^ clkbuf_0_clk/A (sky130_fd_sc_hd__clkbuf_16)
                  0.05    0.12    0.17 ^ clkbuf_0_clk/X (sky130_fd_sc_hd__clkbuf_16)
     4    0.05                           clknet_0_clk (net)
                  0.05    0.00    0.17 ^ clkbuf_2_0__f_clk/A (sky130_fd_sc_hd__clkbuf_16)
                  0.04    0.11    0.27 ^ clkbuf_2_0__f_clk/X (sky130_fd_sc_hd__clkbuf_16)
    11    0.04                           clknet_2_0__leaf_clk (net)
                  0.04    0.00    0.28 ^ _421_/CLK (sky130_fd_sc_hd__dfrtp_1)
                          0.25    0.53   clock uncertainty
                         -0.02    0.51   clock reconvergence pessimism
                         -0.03    0.48   library hold time
                                  0.48   data required time
-----------------------------------------------------------------------------
                                  0.48   data required time
                                 -0.67   data arrival time
-----------------------------------------------------------------------------
                                  0.19   slack (MET)


Startpoint: _430_ (rising edge-triggered flip-flop clocked by clk)
Endpoint: _431_ (rising edge-triggered flip-flop clocked by clk)
Path Group: clk
Path Type: min
Corner: Fastest

Fanout     Cap    Slew   Delay    Time   Description
-----------------------------------------------------------------------------
                          0.00    0.00   clock clk (rise edge)
                          0.00    0.00   clock source latency
                  0.07    0.05    0.05 ^ clk (in)
     2    0.02                           clk (net)
                  0.07    0.00    0.05 ^ clkbuf_0_clk/A (sky130_fd_sc_hd__clkbuf_16)
                  0.05    0.11    0.15 ^ clkbuf_0_clk/X (sky130_fd_sc_hd__clkbuf_16)
     4    0.05                           clknet_0_clk (net)
                  0.05    0.00    0.15 ^ clkbuf_2_2__f_clk/A (sky130_fd_sc_hd__clkbuf_16)
                  0.04    0.09    0.25 ^ clkbuf_2_2__f_clk/X (sky130_fd_sc_hd__clkbuf_16)
    11    0.03                           clknet_2_2__leaf_clk (net)
                  0.04    0.00    0.25 ^ _430_/CLK (sky130_fd_sc_hd__dfrtp_4)
                  0.07    0.27    0.51 ^ _430_/Q (sky130_fd_sc_hd__dfrtp_4)
     7    0.02                           tx_inst.state[0] (net)
                  0.07    0.00    0.51 ^ _289_/A1 (sky130_fd_sc_hd__a211o_1)
                  0.02    0.07    0.58 ^ _289_/X (sky130_fd_sc_hd__a211o_1)
     1    0.00                           _155_ (net)
                  0.02    0.00    0.58 ^ _290_/B1_N (sky130_fd_sc_hd__a21bo_1)
                  0.02    0.08    0.66 v _290_/X (sky130_fd_sc_hd__a21bo_1)
     1    0.00                           _070_ (net)
                  0.02    0.00    0.66 v _431_/D (sky130_fd_sc_hd__dfrtp_4)
                                  0.66   data arrival time

                          0.00    0.00   clock clk (rise edge)
                          0.00    0.00   clock source latency
                  0.07    0.05    0.05 ^ clk (in)
     2    0.02                           clk (net)
                  0.07    0.00    0.05 ^ clkbuf_0_clk/A (sky130_fd_sc_hd__clkbuf_16)
                  0.05    0.12    0.17 ^ clkbuf_0_clk/X (sky130_fd_sc_hd__clkbuf_16)
     4    0.05                           clknet_0_clk (net)
                  0.05    0.00    0.17 ^ clkbuf_2_2__f_clk/A (sky130_fd_sc_hd__clkbuf_16)
                  0.04    0.10    0.27 ^ clkbuf_2_2__f_clk/X (sky130_fd_sc_hd__clkbuf_16)
    11    0.03                           clknet_2_2__leaf_clk (net)
                  0.04    0.00    0.27 ^ _431_/CLK (sky130_fd_sc_hd__dfrtp_4)
                          0.25    0.52   clock uncertainty
                         -0.03    0.50   clock reconvergence pessimism
                         -0.02    0.47   library hold time
                                  0.47   data required time
-----------------------------------------------------------------------------
                                  0.47   data required time
                                 -0.66   data arrival time
-----------------------------------------------------------------------------
                                  0.19   slack (MET)


Startpoint: _409_ (rising edge-triggered flip-flop clocked by clk)
Endpoint: _410_ (rising edge-triggered flip-flop clocked by clk)
Path Group: clk
Path Type: min
Corner: Fastest

Fanout     Cap    Slew   Delay    Time   Description
-----------------------------------------------------------------------------
                          0.00    0.00   clock clk (rise edge)
                          0.00    0.00   clock source latency
                  0.07    0.05    0.05 ^ clk (in)
     2    0.02                           clk (net)
                  0.07    0.00    0.05 ^ clkbuf_0_clk/A (sky130_fd_sc_hd__clkbuf_16)
                  0.05    0.11    0.15 ^ clkbuf_0_clk/X (sky130_fd_sc_hd__clkbuf_16)
     4    0.05                           clknet_0_clk (net)
                  0.05    0.00    0.15 ^ clkbuf_2_2__f_clk/A (sky130_fd_sc_hd__clkbuf_16)
                  0.04    0.09    0.25 ^ clkbuf_2_2__f_clk/X (sky130_fd_sc_hd__clkbuf_16)
    11    0.03                           clknet_2_2__leaf_clk (net)
                  0.04    0.00    0.25 ^ _409_/CLK (sky130_fd_sc_hd__dfrtp_2)
                  0.07    0.24    0.48 ^ _409_/Q (sky130_fd_sc_hd__dfrtp_2)
     6    0.02                           tx_inst.clk_count[0] (net)
                  0.07    0.00    0.49 ^ _340_/B (sky130_fd_sc_hd__nand2_1)
                  0.02    0.03    0.51 v _340_/Y (sky130_fd_sc_hd__nand2_1)
     1    0.00                           _189_ (net)
                  0.02    0.00    0.51 v _341_/C (sky130_fd_sc_hd__and3_1)
                  0.03    0.11    0.62 v _341_/X (sky130_fd_sc_hd__and3_1)
     1    0.00                           _190_ (net)
                  0.03    0.00    0.62 v _342_/A (sky130_fd_sc_hd__clkbuf_1)
                  0.02    0.05    0.67 v _342_/X (sky130_fd_sc_hd__clkbuf_1)
     1    0.00                           _049_ (net)
                  0.02    0.00    0.67 v _410_/D (sky130_fd_sc_hd__dfrtp_1)
                                  0.67   data arrival time

                          0.00    0.00   clock clk (rise edge)
                          0.00    0.00   clock source latency
                  0.07    0.05    0.05 ^ clk (in)
     2    0.02                           clk (net)
                  0.07    0.00    0.05 ^ clkbuf_0_clk/A (sky130_fd_sc_hd__clkbuf_16)
                  0.05    0.12    0.17 ^ clkbuf_0_clk/X (sky130_fd_sc_hd__clkbuf_16)
     4    0.05                           clknet_0_clk (net)
                  0.05    0.00    0.17 ^ clkbuf_2_2__f_clk/A (sky130_fd_sc_hd__clkbuf_16)
                  0.04    0.10    0.27 ^ clkbuf_2_2__f_clk/X (sky130_fd_sc_hd__clkbuf_16)
    11    0.03                           clknet_2_2__leaf_clk (net)
                  0.04    0.00    0.27 ^ _410_/CLK (sky130_fd_sc_hd__dfrtp_1)
                          0.25    0.52   clock uncertainty
                         -0.03    0.50   clock reconvergence pessimism
                         -0.03    0.47   library hold time
                                  0.47   data required time
-----------------------------------------------------------------------------
                                  0.47   data required time
                                 -0.67   data arrival time
-----------------------------------------------------------------------------
                                  0.20   slack (MET)


Startpoint: _444_ (rising edge-triggered flip-flop clocked by clk)
Endpoint: _444_ (rising edge-triggered flip-flop clocked by clk)
Path Group: clk
Path Type: min
Corner: Fastest

Fanout     Cap    Slew   Delay    Time   Description
-----------------------------------------------------------------------------
                          0.00    0.00   clock clk (rise edge)
                          0.00    0.00   clock source latency
                  0.07    0.05    0.05 ^ clk (in)
     2    0.02                           clk (net)
                  0.07    0.00    0.05 ^ clkbuf_0_clk/A (sky130_fd_sc_hd__clkbuf_16)
                  0.05    0.11    0.15 ^ clkbuf_0_clk/X (sky130_fd_sc_hd__clkbuf_16)
     4    0.05                           clknet_0_clk (net)
                  0.05    0.00    0.15 ^ clkbuf_2_1__f_clk/A (sky130_fd_sc_hd__clkbuf_16)
                  0.05    0.10    0.25 ^ clkbuf_2_1__f_clk/X (sky130_fd_sc_hd__clkbuf_16)
    15    0.05                           clknet_2_1__leaf_clk (net)
                  0.05    0.00    0.25 ^ _444_/CLK (sky130_fd_sc_hd__dfrtp_2)
                  0.09    0.25    0.51 ^ _444_/Q (sky130_fd_sc_hd__dfrtp_2)
     7    0.02                           rx_inst.clk_count[1] (net)
                  0.09    0.00    0.51 ^ _236_/A (sky130_fd_sc_hd__xor2_1)
                  0.02    0.04    0.55 v _236_/X (sky130_fd_sc_hd__xor2_1)
     1    0.00                           _115_ (net)
                  0.02    0.00    0.55 v _237_/B (sky130_fd_sc_hd__and2_1)
                  0.02    0.09    0.64 v _237_/X (sky130_fd_sc_hd__and2_1)
     1    0.00                           _116_ (net)
                  0.02    0.00    0.64 v _238_/A (sky130_fd_sc_hd__clkbuf_1)
                  0.02    0.05    0.69 v _238_/X (sky130_fd_sc_hd__clkbuf_1)
     1    0.00                           _083_ (net)
                  0.02    0.00    0.69 v _444_/D (sky130_fd_sc_hd__dfrtp_2)
                                  0.69   data arrival time

                          0.00    0.00   clock clk (rise edge)
                          0.00    0.00   clock source latency
                  0.07    0.05    0.05 ^ clk (in)
     2    0.02                           clk (net)
                  0.07    0.00    0.05 ^ clkbuf_0_clk/A (sky130_fd_sc_hd__clkbuf_16)
                  0.05    0.12    0.17 ^ clkbuf_0_clk/X (sky130_fd_sc_hd__clkbuf_16)
     4    0.05                           clknet_0_clk (net)
                  0.05    0.00    0.17 ^ clkbuf_2_1__f_clk/A (sky130_fd_sc_hd__clkbuf_16)
                  0.05    0.11    0.28 ^ clkbuf_2_1__f_clk/X (sky130_fd_sc_hd__clkbuf_16)
    15    0.05                           clknet_2_1__leaf_clk (net)
                  0.05    0.00    0.28 ^ _444_/CLK (sky130_fd_sc_hd__dfrtp_2)
                          0.25    0.53   clock uncertainty
                         -0.03    0.51   clock reconvergence pessimism
                         -0.02    0.48   library hold time
                                  0.48   data required time
-----------------------------------------------------------------------------
                                  0.48   data required time
                                 -0.69   data arrival time
-----------------------------------------------------------------------------
                                  0.21   slack (MET)


Startpoint: _442_ (rising edge-triggered flip-flop clocked by clk)
Endpoint: _439_ (rising edge-triggered flip-flop clocked by clk)
Path Group: clk
Path Type: min
Corner: Fastest

Fanout     Cap    Slew   Delay    Time   Description
-----------------------------------------------------------------------------
                          0.00    0.00   clock clk (rise edge)
                          0.00    0.00   clock source latency
                  0.07    0.05    0.05 ^ clk (in)
     2    0.02                           clk (net)
                  0.07    0.00    0.05 ^ clkbuf_0_clk/A (sky130_fd_sc_hd__clkbuf_16)
                  0.05    0.11    0.15 ^ clkbuf_0_clk/X (sky130_fd_sc_hd__clkbuf_16)
     4    0.05                           clknet_0_clk (net)
                  0.05    0.00    0.15 ^ clkbuf_2_0__f_clk/A (sky130_fd_sc_hd__clkbuf_16)
                  0.04    0.10    0.25 ^ clkbuf_2_0__f_clk/X (sky130_fd_sc_hd__clkbuf_16)
    11    0.04                           clknet_2_0__leaf_clk (net)
                  0.04    0.00    0.25 ^ _442_/CLK (sky130_fd_sc_hd__dfrtp_2)
                  0.05    0.26    0.51 v _442_/Q (sky130_fd_sc_hd__dfrtp_2)
     6    0.02                           rx_inst.bit_index[2] (net)
                  0.05    0.00    0.51 v _259_/A (sky130_fd_sc_hd__nand2_1)
                  0.04    0.06    0.57 ^ _259_/Y (sky130_fd_sc_hd__nand2_1)
     2    0.01                           _133_ (net)
                  0.04    0.00    0.57 ^ _260_/A1 (sky130_fd_sc_hd__o21a_1)
                  0.04    0.08    0.64 ^ _260_/X (sky130_fd_sc_hd__o21a_1)
     1    0.00                           _134_ (net)
                  0.04    0.00    0.64 ^ _261_/B1 (sky130_fd_sc_hd__a31o_1)
                  0.03    0.05    0.69 ^ _261_/X (sky130_fd_sc_hd__a31o_1)
     1    0.00                           _078_ (net)
                  0.03    0.00    0.69 ^ _439_/D (sky130_fd_sc_hd__dfrtp_1)
                                  0.69   data arrival time

                          0.00    0.00   clock clk (rise edge)
                          0.00    0.00   clock source latency
                  0.07    0.05    0.05 ^ clk (in)
     2    0.02                           clk (net)
                  0.07    0.00    0.05 ^ clkbuf_0_clk/A (sky130_fd_sc_hd__clkbuf_16)
                  0.05    0.12    0.17 ^ clkbuf_0_clk/X (sky130_fd_sc_hd__clkbuf_16)
     4    0.05                           clknet_0_clk (net)
                  0.05    0.00    0.17 ^ clkbuf_2_0__f_clk/A (sky130_fd_sc_hd__clkbuf_16)
                  0.04    0.11    0.27 ^ clkbuf_2_0__f_clk/X (sky130_fd_sc_hd__clkbuf_16)
    11    0.04                           clknet_2_0__leaf_clk (net)
                  0.04    0.00    0.28 ^ _439_/CLK (sky130_fd_sc_hd__dfrtp_1)
                          0.25    0.53   clock uncertainty
                         -0.03    0.50   clock reconvergence pessimism
                         -0.02    0.48   library hold time
                                  0.48   data required time
-----------------------------------------------------------------------------
                                  0.48   data required time
                                 -0.69   data arrival time
-----------------------------------------------------------------------------
                                  0.21   slack (MET)


Startpoint: _420_ (rising edge-triggered flip-flop clocked by clk)
Endpoint: _417_ (rising edge-triggered flip-flop clocked by clk)
Path Group: clk
Path Type: min
Corner: Fastest

Fanout     Cap    Slew   Delay    Time   Description
-----------------------------------------------------------------------------
                          0.00    0.00   clock clk (rise edge)
                          0.00    0.00   clock source latency
                  0.07    0.05    0.05 ^ clk (in)
     2    0.02                           clk (net)
                  0.07    0.00    0.05 ^ clkbuf_0_clk/A (sky130_fd_sc_hd__clkbuf_16)
                  0.05    0.11    0.15 ^ clkbuf_0_clk/X (sky130_fd_sc_hd__clkbuf_16)
     4    0.05                           clknet_0_clk (net)
                  0.05    0.00    0.15 ^ clkbuf_2_2__f_clk/A (sky130_fd_sc_hd__clkbuf_16)
                  0.04    0.09    0.25 ^ clkbuf_2_2__f_clk/X (sky130_fd_sc_hd__clkbuf_16)
    11    0.03                           clknet_2_2__leaf_clk (net)
                  0.04    0.00    0.25 ^ _420_/CLK (sky130_fd_sc_hd__dfstp_1)
                  0.07    0.32    0.56 ^ _420_/Q (sky130_fd_sc_hd__dfstp_1)
     3    0.01                           rx_inst.rx (net)
                  0.07    0.00    0.56 ^ _327_/A1 (sky130_fd_sc_hd__a311o_1)
                  0.05    0.10    0.67 ^ _327_/X (sky130_fd_sc_hd__a311o_1)
     1    0.01                           _179_ (net)
                  0.05    0.00    0.67 ^ _328_/B (sky130_fd_sc_hd__xnor2_1)
                  0.03    0.04    0.70 v _328_/Y (sky130_fd_sc_hd__xnor2_1)
     1    0.00                           _056_ (net)
                  0.03    0.00    0.70 v _417_/D (sky130_fd_sc_hd__dfrtp_4)
                                  0.70   data arrival time

                          0.00    0.00   clock clk (rise edge)
                          0.00    0.00   clock source latency
                  0.07    0.05    0.05 ^ clk (in)
     2    0.02                           clk (net)
                  0.07    0.00    0.05 ^ clkbuf_0_clk/A (sky130_fd_sc_hd__clkbuf_16)
                  0.05    0.12    0.17 ^ clkbuf_0_clk/X (sky130_fd_sc_hd__clkbuf_16)
     4    0.05                           clknet_0_clk (net)
                  0.05    0.00    0.17 ^ clkbuf_2_2__f_clk/A (sky130_fd_sc_hd__clkbuf_16)
                  0.04    0.10    0.27 ^ clkbuf_2_2__f_clk/X (sky130_fd_sc_hd__clkbuf_16)
    11    0.03                           clknet_2_2__leaf_clk (net)
                  0.04    0.00    0.27 ^ _417_/CLK (sky130_fd_sc_hd__dfrtp_4)
                          0.25    0.52   clock uncertainty
                         -0.03    0.50   clock reconvergence pessimism
                         -0.03    0.47   library hold time
                                  0.47   data required time
-----------------------------------------------------------------------------
                                  0.47   data required time
                                 -0.70   data arrival time
-----------------------------------------------------------------------------
                                  0.23   slack (MET)


Startpoint: _431_ (rising edge-triggered flip-flop clocked by clk)
Endpoint: _420_ (rising edge-triggered flip-flop clocked by clk)
Path Group: clk
Path Type: min
Corner: Fastest

Fanout     Cap    Slew   Delay    Time   Description
-----------------------------------------------------------------------------
                          0.00    0.00   clock clk (rise edge)
                          0.00    0.00   clock source latency
                  0.07    0.05    0.05 ^ clk (in)
     2    0.02                           clk (net)
                  0.07    0.00    0.05 ^ clkbuf_0_clk/A (sky130_fd_sc_hd__clkbuf_16)
                  0.05    0.11    0.15 ^ clkbuf_0_clk/X (sky130_fd_sc_hd__clkbuf_16)
     4    0.05                           clknet_0_clk (net)
                  0.05    0.00    0.15 ^ clkbuf_2_2__f_clk/A (sky130_fd_sc_hd__clkbuf_16)
                  0.04    0.09    0.25 ^ clkbuf_2_2__f_clk/X (sky130_fd_sc_hd__clkbuf_16)
    11    0.03                           clknet_2_2__leaf_clk (net)
                  0.04    0.00    0.25 ^ _431_/CLK (sky130_fd_sc_hd__dfrtp_4)
                  0.07    0.27    0.51 ^ _431_/Q (sky130_fd_sc_hd__dfrtp_4)
     7    0.02                           tx_inst.state[1] (net)
                  0.07    0.00    0.52 ^ _318_/C (sky130_fd_sc_hd__and3b_1)
                  0.03    0.09    0.60 ^ _318_/X (sky130_fd_sc_hd__and3b_1)
     1    0.00                           _173_ (net)
                  0.03    0.00    0.60 ^ _319_/C (sky130_fd_sc_hd__or3_1)
                  0.03    0.06    0.66 ^ _319_/X (sky130_fd_sc_hd__or3_1)
     1    0.00                           _174_ (net)
                  0.03    0.00    0.66 ^ _320_/A (sky130_fd_sc_hd__clkbuf_1)
                  0.03    0.05    0.71 ^ _320_/X (sky130_fd_sc_hd__clkbuf_1)
     1    0.00                           _059_ (net)
                  0.03    0.00    0.71 ^ _420_/D (sky130_fd_sc_hd__dfstp_1)
                                  0.71   data arrival time

                          0.00    0.00   clock clk (rise edge)
                          0.00    0.00   clock source latency
                  0.07    0.05    0.05 ^ clk (in)
     2    0.02                           clk (net)
                  0.07    0.00    0.05 ^ clkbuf_0_clk/A (sky130_fd_sc_hd__clkbuf_16)
                  0.05    0.12    0.17 ^ clkbuf_0_clk/X (sky130_fd_sc_hd__clkbuf_16)
     4    0.05                           clknet_0_clk (net)
                  0.05    0.00    0.17 ^ clkbuf_2_2__f_clk/A (sky130_fd_sc_hd__clkbuf_16)
                  0.04    0.10    0.27 ^ clkbuf_2_2__f_clk/X (sky130_fd_sc_hd__clkbuf_16)
    11    0.03                           clknet_2_2__leaf_clk (net)
                  0.04    0.00    0.27 ^ _420_/CLK (sky130_fd_sc_hd__dfstp_1)
                          0.25    0.52   clock uncertainty
                         -0.03    0.50   clock reconvergence pessimism
                         -0.02    0.48   library hold time
                                  0.48   data required time
-----------------------------------------------------------------------------
                                  0.48   data required time
                                 -0.71   data arrival time
-----------------------------------------------------------------------------
                                  0.24   slack (MET)


Startpoint: _441_ (rising edge-triggered flip-flop clocked by clk)
Endpoint: _434_ (rising edge-triggered flip-flop clocked by clk)
Path Group: clk
Path Type: min
Corner: Fastest

Fanout     Cap    Slew   Delay    Time   Description
-----------------------------------------------------------------------------
                          0.00    0.00   clock clk (rise edge)
                          0.00    0.00   clock source latency
                  0.07    0.05    0.05 ^ clk (in)
     2    0.02                           clk (net)
                  0.07    0.00    0.05 ^ clkbuf_0_clk/A (sky130_fd_sc_hd__clkbuf_16)
                  0.05    0.11    0.15 ^ clkbuf_0_clk/X (sky130_fd_sc_hd__clkbuf_16)
     4    0.05                           clknet_0_clk (net)
                  0.05    0.00    0.15 ^ clkbuf_2_0__f_clk/A (sky130_fd_sc_hd__clkbuf_16)
                  0.04    0.10    0.25 ^ clkbuf_2_0__f_clk/X (sky130_fd_sc_hd__clkbuf_16)
    11    0.04                           clknet_2_0__leaf_clk (net)
                  0.04    0.00    0.25 ^ _441_/CLK (sky130_fd_sc_hd__dfrtp_2)
                  0.10    0.26    0.51 ^ _441_/Q (sky130_fd_sc_hd__dfrtp_2)
     9    0.02                           rx_inst.bit_index[1] (net)
                  0.10    0.00    0.51 ^ _275_/C (sky130_fd_sc_hd__and3b_1)
                  0.05    0.10    0.61 ^ _275_/X (sky130_fd_sc_hd__and3b_1)
     1    0.00                           _144_ (net)
                  0.05    0.00    0.61 ^ _276_/S (sky130_fd_sc_hd__mux2_1)
                  0.03    0.08    0.69 ^ _276_/X (sky130_fd_sc_hd__mux2_1)
     1    0.00                           _145_ (net)
                  0.03    0.00    0.69 ^ _277_/A (sky130_fd_sc_hd__clkbuf_1)
                  0.03    0.05    0.74 ^ _277_/X (sky130_fd_sc_hd__clkbuf_1)
     1    0.00                           _073_ (net)
                  0.03    0.00    0.74 ^ _434_/D (sky130_fd_sc_hd__dfrtp_1)
                                  0.74   data arrival time

                          0.00    0.00   clock clk (rise edge)
                          0.00    0.00   clock source latency
                  0.07    0.05    0.05 ^ clk (in)
     2    0.02                           clk (net)
                  0.07    0.00    0.05 ^ clkbuf_0_clk/A (sky130_fd_sc_hd__clkbuf_16)
                  0.05    0.12    0.17 ^ clkbuf_0_clk/X (sky130_fd_sc_hd__clkbuf_16)
     4    0.05                           clknet_0_clk (net)
                  0.05    0.00    0.17 ^ clkbuf_2_0__f_clk/A (sky130_fd_sc_hd__clkbuf_16)
                  0.04    0.11    0.27 ^ clkbuf_2_0__f_clk/X (sky130_fd_sc_hd__clkbuf_16)
    11    0.04                           clknet_2_0__leaf_clk (net)
                  0.04    0.00    0.27 ^ _434_/CLK (sky130_fd_sc_hd__dfrtp_1)
                          0.25    0.52   clock uncertainty
                         -0.03    0.50   clock reconvergence pessimism
                         -0.02    0.48   library hold time
                                  0.48   data required time
-----------------------------------------------------------------------------
                                  0.48   data required time
                                 -0.74   data arrival time
-----------------------------------------------------------------------------
                                  0.26   slack (MET)


Startpoint: _420_ (rising edge-triggered flip-flop clocked by clk)
Endpoint: _435_ (rising edge-triggered flip-flop clocked by clk)
Path Group: clk
Path Type: min
Corner: Fastest

Fanout     Cap    Slew   Delay    Time   Description
-----------------------------------------------------------------------------
                          0.00    0.00   clock clk (rise edge)
                          0.00    0.00   clock source latency
                  0.07    0.05    0.05 ^ clk (in)
     2    0.02                           clk (net)
                  0.07    0.00    0.05 ^ clkbuf_0_clk/A (sky130_fd_sc_hd__clkbuf_16)
                  0.05    0.11    0.15 ^ clkbuf_0_clk/X (sky130_fd_sc_hd__clkbuf_16)
     4    0.05                           clknet_0_clk (net)
                  0.05    0.00    0.15 ^ clkbuf_2_2__f_clk/A (sky130_fd_sc_hd__clkbuf_16)
                  0.04    0.09    0.25 ^ clkbuf_2_2__f_clk/X (sky130_fd_sc_hd__clkbuf_16)
    11    0.03                           clknet_2_2__leaf_clk (net)
                  0.04    0.00    0.25 ^ _420_/CLK (sky130_fd_sc_hd__dfstp_1)
                  0.04    0.22    0.47 v _420_/Q (sky130_fd_sc_hd__dfstp_1)
     3    0.01                           rx_inst.rx (net)
                  0.04    0.00    0.47 v _228_/A (sky130_fd_sc_hd__buf_2)
                  0.06    0.11    0.58 v _228_/X (sky130_fd_sc_hd__buf_2)
    10    0.03                           _108_ (net)
                  0.06    0.00    0.59 v _273_/A0 (sky130_fd_sc_hd__mux2_1)
                  0.04    0.15    0.74 v _273_/X (sky130_fd_sc_hd__mux2_1)
     1    0.00                           _143_ (net)
                  0.04    0.00    0.74 v _274_/A (sky130_fd_sc_hd__clkbuf_1)
                  0.02    0.06    0.79 v _274_/X (sky130_fd_sc_hd__clkbuf_1)
     1    0.00                           _074_ (net)
                  0.02    0.00    0.79 v _435_/D (sky130_fd_sc_hd__dfrtp_1)
                                  0.79   data arrival time

                          0.00    0.00   clock clk (rise edge)
                          0.00    0.00   clock source latency
                  0.07    0.05    0.05 ^ clk (in)
     2    0.02                           clk (net)
                  0.07    0.00    0.05 ^ clkbuf_0_clk/A (sky130_fd_sc_hd__clkbuf_16)
                  0.05    0.12    0.17 ^ clkbuf_0_clk/X (sky130_fd_sc_hd__clkbuf_16)
     4    0.05                           clknet_0_clk (net)
                  0.05    0.00    0.17 ^ clkbuf_2_0__f_clk/A (sky130_fd_sc_hd__clkbuf_16)
                  0.04    0.11    0.27 ^ clkbuf_2_0__f_clk/X (sky130_fd_sc_hd__clkbuf_16)
    11    0.04                           clknet_2_0__leaf_clk (net)
                  0.04    0.00    0.27 ^ _435_/CLK (sky130_fd_sc_hd__dfrtp_1)
                          0.25    0.52   clock uncertainty
                         -0.02    0.51   clock reconvergence pessimism
                         -0.03    0.48   library hold time
                                  0.48   data required time
-----------------------------------------------------------------------------
                                  0.48   data required time
                                 -0.79   data arrival time
-----------------------------------------------------------------------------
                                  0.31   slack (MET)


Startpoint: _430_ (rising edge-triggered flip-flop clocked by clk)
Endpoint: _423_ (rising edge-triggered flip-flop clocked by clk)
Path Group: clk
Path Type: min
Corner: Fastest

Fanout     Cap    Slew   Delay    Time   Description
-----------------------------------------------------------------------------
                          0.00    0.00   clock clk (rise edge)
                          0.00    0.00   clock source latency
                  0.07    0.05    0.05 ^ clk (in)
     2    0.02                           clk (net)
                  0.07    0.00    0.05 ^ clkbuf_0_clk/A (sky130_fd_sc_hd__clkbuf_16)
                  0.05    0.11    0.15 ^ clkbuf_0_clk/X (sky130_fd_sc_hd__clkbuf_16)
     4    0.05                           clknet_0_clk (net)
                  0.05    0.00    0.15 ^ clkbuf_2_2__f_clk/A (sky130_fd_sc_hd__clkbuf_16)
                  0.04    0.09    0.25 ^ clkbuf_2_2__f_clk/X (sky130_fd_sc_hd__clkbuf_16)
    11    0.03                           clknet_2_2__leaf_clk (net)
                  0.04    0.00    0.25 ^ _430_/CLK (sky130_fd_sc_hd__dfrtp_4)
                  0.07    0.27    0.51 ^ _430_/Q (sky130_fd_sc_hd__dfrtp_4)
     7    0.02                           tx_inst.state[0] (net)
                  0.07    0.00    0.51 ^ _288_/B (sky130_fd_sc_hd__nor2_2)
                  0.06    0.06    0.57 v _288_/Y (sky130_fd_sc_hd__nor2_2)
     7    0.03                           _154_ (net)
                  0.06    0.00    0.57 v _296_/B (sky130_fd_sc_hd__nand2_4)
                  0.10    0.10    0.68 ^ _296_/Y (sky130_fd_sc_hd__nand2_4)
     8    0.05                           _160_ (net)
                  0.10    0.00    0.68 ^ _309_/S (sky130_fd_sc_hd__mux2_1)
                  0.03    0.09    0.76 ^ _309_/X (sky130_fd_sc_hd__mux2_1)
     1    0.00                           _167_ (net)
                  0.03    0.00    0.76 ^ _310_/A (sky130_fd_sc_hd__clkbuf_1)
                  0.03    0.05    0.81 ^ _310_/X (sky130_fd_sc_hd__clkbuf_1)
     1    0.00                           _062_ (net)
                  0.03    0.00    0.81 ^ _423_/D (sky130_fd_sc_hd__dfrtp_1)
                                  0.81   data arrival time

                          0.00    0.00   clock clk (rise edge)
                          0.00    0.00   clock source latency
                  0.07    0.05    0.05 ^ clk (in)
     2    0.02                           clk (net)
                  0.07    0.00    0.05 ^ clkbuf_0_clk/A (sky130_fd_sc_hd__clkbuf_16)
                  0.05    0.12    0.17 ^ clkbuf_0_clk/X (sky130_fd_sc_hd__clkbuf_16)
     4    0.05                           clknet_0_clk (net)
                  0.05    0.00    0.17 ^ clkbuf_2_1__f_clk/A (sky130_fd_sc_hd__clkbuf_16)
                  0.05    0.11    0.28 ^ clkbuf_2_1__f_clk/X (sky130_fd_sc_hd__clkbuf_16)
    15    0.05                           clknet_2_1__leaf_clk (net)
                  0.05    0.00    0.28 ^ _423_/CLK (sky130_fd_sc_hd__dfrtp_1)
                          0.25    0.53   clock uncertainty
                         -0.02    0.52   clock reconvergence pessimism
                         -0.02    0.50   library hold time
                                  0.50   data required time
-----------------------------------------------------------------------------
                                  0.50   data required time
                                 -0.81   data arrival time
-----------------------------------------------------------------------------
                                  0.31   slack (MET)


Startpoint: _430_ (rising edge-triggered flip-flop clocked by clk)
Endpoint: _422_ (rising edge-triggered flip-flop clocked by clk)
Path Group: clk
Path Type: min
Corner: Fastest

Fanout     Cap    Slew   Delay    Time   Description
-----------------------------------------------------------------------------
                          0.00    0.00   clock clk (rise edge)
                          0.00    0.00   clock source latency
                  0.07    0.05    0.05 ^ clk (in)
     2    0.02                           clk (net)
                  0.07    0.00    0.05 ^ clkbuf_0_clk/A (sky130_fd_sc_hd__clkbuf_16)
                  0.05    0.11    0.15 ^ clkbuf_0_clk/X (sky130_fd_sc_hd__clkbuf_16)
     4    0.05                           clknet_0_clk (net)
                  0.05    0.00    0.15 ^ clkbuf_2_2__f_clk/A (sky130_fd_sc_hd__clkbuf_16)
                  0.04    0.09    0.25 ^ clkbuf_2_2__f_clk/X (sky130_fd_sc_hd__clkbuf_16)
    11    0.03                           clknet_2_2__leaf_clk (net)
                  0.04    0.00    0.25 ^ _430_/CLK (sky130_fd_sc_hd__dfrtp_4)
                  0.07    0.27    0.51 ^ _430_/Q (sky130_fd_sc_hd__dfrtp_4)
     7    0.02                           tx_inst.state[0] (net)
                  0.07    0.00    0.51 ^ _288_/B (sky130_fd_sc_hd__nor2_2)
                  0.06    0.06    0.57 v _288_/Y (sky130_fd_sc_hd__nor2_2)
     7    0.03                           _154_ (net)
                  0.06    0.00    0.57 v _296_/B (sky130_fd_sc_hd__nand2_4)
                  0.10    0.10    0.68 ^ _296_/Y (sky130_fd_sc_hd__nand2_4)
     8    0.05                           _160_ (net)
                  0.10    0.00    0.68 ^ _311_/S (sky130_fd_sc_hd__mux2_1)
                  0.03    0.09    0.77 ^ _311_/X (sky130_fd_sc_hd__mux2_1)
     1    0.00                           _168_ (net)
                  0.03    0.00    0.77 ^ _312_/A (sky130_fd_sc_hd__clkbuf_1)
                  0.03    0.05    0.81 ^ _312_/X (sky130_fd_sc_hd__clkbuf_1)
     1    0.00                           _061_ (net)
                  0.03    0.00    0.81 ^ _422_/D (sky130_fd_sc_hd__dfrtp_1)
                                  0.81   data arrival time

                          0.00    0.00   clock clk (rise edge)
                          0.00    0.00   clock source latency
                  0.07    0.05    0.05 ^ clk (in)
     2    0.02                           clk (net)
                  0.07    0.00    0.05 ^ clkbuf_0_clk/A (sky130_fd_sc_hd__clkbuf_16)
                  0.05    0.12    0.17 ^ clkbuf_0_clk/X (sky130_fd_sc_hd__clkbuf_16)
     4    0.05                           clknet_0_clk (net)
                  0.05    0.00    0.17 ^ clkbuf_2_1__f_clk/A (sky130_fd_sc_hd__clkbuf_16)
                  0.05    0.11    0.28 ^ clkbuf_2_1__f_clk/X (sky130_fd_sc_hd__clkbuf_16)
    15    0.05                           clknet_2_1__leaf_clk (net)
                  0.05    0.00    0.28 ^ _422_/CLK (sky130_fd_sc_hd__dfrtp_1)
                          0.25    0.53   clock uncertainty
                         -0.02    0.52   clock reconvergence pessimism
                         -0.02    0.50   library hold time
                                  0.50   data required time
-----------------------------------------------------------------------------
                                  0.50   data required time
                                 -0.81   data arrival time
-----------------------------------------------------------------------------
                                  0.31   slack (MET)


Startpoint: _430_ (rising edge-triggered flip-flop clocked by clk)
Endpoint: _428_ (rising edge-triggered flip-flop clocked by clk)
Path Group: clk
Path Type: min
Corner: Fastest

Fanout     Cap    Slew   Delay    Time   Description
-----------------------------------------------------------------------------
                          0.00    0.00   clock clk (rise edge)
                          0.00    0.00   clock source latency
                  0.07    0.05    0.05 ^ clk (in)
     2    0.02                           clk (net)
                  0.07    0.00    0.05 ^ clkbuf_0_clk/A (sky130_fd_sc_hd__clkbuf_16)
                  0.05    0.11    0.15 ^ clkbuf_0_clk/X (sky130_fd_sc_hd__clkbuf_16)
     4    0.05                           clknet_0_clk (net)
                  0.05    0.00    0.15 ^ clkbuf_2_2__f_clk/A (sky130_fd_sc_hd__clkbuf_16)
                  0.04    0.09    0.25 ^ clkbuf_2_2__f_clk/X (sky130_fd_sc_hd__clkbuf_16)
    11    0.03                           clknet_2_2__leaf_clk (net)
                  0.04    0.00    0.25 ^ _430_/CLK (sky130_fd_sc_hd__dfrtp_4)
                  0.07    0.27    0.51 ^ _430_/Q (sky130_fd_sc_hd__dfrtp_4)
     7    0.02                           tx_inst.state[0] (net)
                  0.07    0.00    0.51 ^ _288_/B (sky130_fd_sc_hd__nor2_2)
                  0.06    0.06    0.57 v _288_/Y (sky130_fd_sc_hd__nor2_2)
     7    0.03                           _154_ (net)
                  0.06    0.00    0.57 v _296_/B (sky130_fd_sc_hd__nand2_4)
                  0.10    0.10    0.68 ^ _296_/Y (sky130_fd_sc_hd__nand2_4)
     8    0.05                           _160_ (net)
                  0.10    0.00    0.68 ^ _299_/S (sky130_fd_sc_hd__mux2_1)
                  0.03    0.09    0.76 ^ _299_/X (sky130_fd_sc_hd__mux2_1)
     1    0.00                           _162_ (net)
                  0.03    0.00    0.76 ^ _300_/A (sky130_fd_sc_hd__clkbuf_1)
                  0.03    0.05    0.81 ^ _300_/X (sky130_fd_sc_hd__clkbuf_1)
     1    0.00                           _067_ (net)
                  0.03    0.00    0.81 ^ _428_/D (sky130_fd_sc_hd__dfrtp_1)
                                  0.81   data arrival time

                          0.00    0.00   clock clk (rise edge)
                          0.00    0.00   clock source latency
                  0.07    0.05    0.05 ^ clk (in)
     2    0.02                           clk (net)
                  0.07    0.00    0.05 ^ clkbuf_0_clk/A (sky130_fd_sc_hd__clkbuf_16)
                  0.05    0.12    0.17 ^ clkbuf_0_clk/X (sky130_fd_sc_hd__clkbuf_16)
     4    0.05                           clknet_0_clk (net)
                  0.05    0.00    0.17 ^ clkbuf_2_1__f_clk/A (sky130_fd_sc_hd__clkbuf_16)
                  0.05    0.11    0.28 ^ clkbuf_2_1__f_clk/X (sky130_fd_sc_hd__clkbuf_16)
    15    0.05                           clknet_2_1__leaf_clk (net)
                  0.05    0.00    0.28 ^ _428_/CLK (sky130_fd_sc_hd__dfrtp_1)
                          0.25    0.53   clock uncertainty
                         -0.02    0.52   clock reconvergence pessimism
                         -0.02    0.50   library hold time
                                  0.50   data required time
-----------------------------------------------------------------------------
                                  0.50   data required time
                                 -0.81   data arrival time
-----------------------------------------------------------------------------
                                  0.32   slack (MET)


Startpoint: _430_ (rising edge-triggered flip-flop clocked by clk)
Endpoint: _429_ (rising edge-triggered flip-flop clocked by clk)
Path Group: clk
Path Type: min
Corner: Fastest

Fanout     Cap    Slew   Delay    Time   Description
-----------------------------------------------------------------------------
                          0.00    0.00   clock clk (rise edge)
                          0.00    0.00   clock source latency
                  0.07    0.05    0.05 ^ clk (in)
     2    0.02                           clk (net)
                  0.07    0.00    0.05 ^ clkbuf_0_clk/A (sky130_fd_sc_hd__clkbuf_16)
                  0.05    0.11    0.15 ^ clkbuf_0_clk/X (sky130_fd_sc_hd__clkbuf_16)
     4    0.05                           clknet_0_clk (net)
                  0.05    0.00    0.15 ^ clkbuf_2_2__f_clk/A (sky130_fd_sc_hd__clkbuf_16)
                  0.04    0.09    0.25 ^ clkbuf_2_2__f_clk/X (sky130_fd_sc_hd__clkbuf_16)
    11    0.03                           clknet_2_2__leaf_clk (net)
                  0.04    0.00    0.25 ^ _430_/CLK (sky130_fd_sc_hd__dfrtp_4)
                  0.07    0.27    0.51 ^ _430_/Q (sky130_fd_sc_hd__dfrtp_4)
     7    0.02                           tx_inst.state[0] (net)
                  0.07    0.00    0.51 ^ _288_/B (sky130_fd_sc_hd__nor2_2)
                  0.06    0.06    0.57 v _288_/Y (sky130_fd_sc_hd__nor2_2)
     7    0.03                           _154_ (net)
                  0.06    0.00    0.57 v _296_/B (sky130_fd_sc_hd__nand2_4)
                  0.10    0.10    0.68 ^ _296_/Y (sky130_fd_sc_hd__nand2_4)
     8    0.05                           _160_ (net)
                  0.10    0.00    0.68 ^ _297_/S (sky130_fd_sc_hd__mux2_1)
                  0.03    0.09    0.77 ^ _297_/X (sky130_fd_sc_hd__mux2_1)
     1    0.00                           _161_ (net)
                  0.03    0.00    0.77 ^ _298_/A (sky130_fd_sc_hd__clkbuf_1)
                  0.03    0.05    0.81 ^ _298_/X (sky130_fd_sc_hd__clkbuf_1)
     1    0.00                           _068_ (net)
                  0.03    0.00    0.81 ^ _429_/D (sky130_fd_sc_hd__dfrtp_1)
                                  0.81   data arrival time

                          0.00    0.00   clock clk (rise edge)
                          0.00    0.00   clock source latency
                  0.07    0.05    0.05 ^ clk (in)
     2    0.02                           clk (net)
                  0.07    0.00    0.05 ^ clkbuf_0_clk/A (sky130_fd_sc_hd__clkbuf_16)
                  0.05    0.12    0.17 ^ clkbuf_0_clk/X (sky130_fd_sc_hd__clkbuf_16)
     4    0.05                           clknet_0_clk (net)
                  0.05    0.00    0.17 ^ clkbuf_2_1__f_clk/A (sky130_fd_sc_hd__clkbuf_16)
                  0.05    0.11    0.28 ^ clkbuf_2_1__f_clk/X (sky130_fd_sc_hd__clkbuf_16)
    15    0.05                           clknet_2_1__leaf_clk (net)
                  0.05    0.00    0.28 ^ _429_/CLK (sky130_fd_sc_hd__dfrtp_1)
                          0.25    0.53   clock uncertainty
                         -0.02    0.52   clock reconvergence pessimism
                         -0.02    0.50   library hold time
                                  0.50   data required time
-----------------------------------------------------------------------------
                                  0.50   data required time
                                 -0.81   data arrival time
-----------------------------------------------------------------------------
                                  0.32   slack (MET)


Startpoint: _430_ (rising edge-triggered flip-flop clocked by clk)
Endpoint: _425_ (rising edge-triggered flip-flop clocked by clk)
Path Group: clk
Path Type: min
Corner: Fastest

Fanout     Cap    Slew   Delay    Time   Description
-----------------------------------------------------------------------------
                          0.00    0.00   clock clk (rise edge)
                          0.00    0.00   clock source latency
                  0.07    0.05    0.05 ^ clk (in)
     2    0.02                           clk (net)
                  0.07    0.00    0.05 ^ clkbuf_0_clk/A (sky130_fd_sc_hd__clkbuf_16)
                  0.05    0.11    0.15 ^ clkbuf_0_clk/X (sky130_fd_sc_hd__clkbuf_16)
     4    0.05                           clknet_0_clk (net)
                  0.05    0.00    0.15 ^ clkbuf_2_2__f_clk/A (sky130_fd_sc_hd__clkbuf_16)
                  0.04    0.09    0.25 ^ clkbuf_2_2__f_clk/X (sky130_fd_sc_hd__clkbuf_16)
    11    0.03                           clknet_2_2__leaf_clk (net)
                  0.04    0.00    0.25 ^ _430_/CLK (sky130_fd_sc_hd__dfrtp_4)
                  0.07    0.27    0.51 ^ _430_/Q (sky130_fd_sc_hd__dfrtp_4)
     7    0.02                           tx_inst.state[0] (net)
                  0.07    0.00    0.51 ^ _288_/B (sky130_fd_sc_hd__nor2_2)
                  0.06    0.06    0.57 v _288_/Y (sky130_fd_sc_hd__nor2_2)
     7    0.03                           _154_ (net)
                  0.06    0.00    0.57 v _296_/B (sky130_fd_sc_hd__nand2_4)
                  0.10    0.10    0.68 ^ _296_/Y (sky130_fd_sc_hd__nand2_4)
     8    0.05                           _160_ (net)
                  0.10    0.00    0.68 ^ _305_/S (sky130_fd_sc_hd__mux2_1)
                  0.03    0.09    0.77 ^ _305_/X (sky130_fd_sc_hd__mux2_1)
     1    0.00                           _165_ (net)
                  0.03    0.00    0.77 ^ _306_/A (sky130_fd_sc_hd__clkbuf_1)
                  0.03    0.05    0.82 ^ _306_/X (sky130_fd_sc_hd__clkbuf_1)
     1    0.00                           _064_ (net)
                  0.03    0.00    0.82 ^ _425_/D (sky130_fd_sc_hd__dfrtp_1)
                                  0.82   data arrival time

                          0.00    0.00   clock clk (rise edge)
                          0.00    0.00   clock source latency
                  0.07    0.05    0.05 ^ clk (in)
     2    0.02                           clk (net)
                  0.07    0.00    0.05 ^ clkbuf_0_clk/A (sky130_fd_sc_hd__clkbuf_16)
                  0.05    0.12    0.17 ^ clkbuf_0_clk/X (sky130_fd_sc_hd__clkbuf_16)
     4    0.05                           clknet_0_clk (net)
                  0.05    0.00    0.17 ^ clkbuf_2_1__f_clk/A (sky130_fd_sc_hd__clkbuf_16)
                  0.05    0.11    0.28 ^ clkbuf_2_1__f_clk/X (sky130_fd_sc_hd__clkbuf_16)
    15    0.05                           clknet_2_1__leaf_clk (net)
                  0.05    0.00    0.28 ^ _425_/CLK (sky130_fd_sc_hd__dfrtp_1)
                          0.25    0.53   clock uncertainty
                         -0.02    0.52   clock reconvergence pessimism
                         -0.02    0.50   library hold time
                                  0.50   data required time
-----------------------------------------------------------------------------
                                  0.50   data required time
                                 -0.82   data arrival time
-----------------------------------------------------------------------------
                                  0.32   slack (MET)


Startpoint: _430_ (rising edge-triggered flip-flop clocked by clk)
Endpoint: _424_ (rising edge-triggered flip-flop clocked by clk)
Path Group: clk
Path Type: min
Corner: Fastest

Fanout     Cap    Slew   Delay    Time   Description
-----------------------------------------------------------------------------
                          0.00    0.00   clock clk (rise edge)
                          0.00    0.00   clock source latency
                  0.07    0.05    0.05 ^ clk (in)
     2    0.02                           clk (net)
                  0.07    0.00    0.05 ^ clkbuf_0_clk/A (sky130_fd_sc_hd__clkbuf_16)
                  0.05    0.11    0.15 ^ clkbuf_0_clk/X (sky130_fd_sc_hd__clkbuf_16)
     4    0.05                           clknet_0_clk (net)
                  0.05    0.00    0.15 ^ clkbuf_2_2__f_clk/A (sky130_fd_sc_hd__clkbuf_16)
                  0.04    0.09    0.25 ^ clkbuf_2_2__f_clk/X (sky130_fd_sc_hd__clkbuf_16)
    11    0.03                           clknet_2_2__leaf_clk (net)
                  0.04    0.00    0.25 ^ _430_/CLK (sky130_fd_sc_hd__dfrtp_4)
                  0.07    0.27    0.51 ^ _430_/Q (sky130_fd_sc_hd__dfrtp_4)
     7    0.02                           tx_inst.state[0] (net)
                  0.07    0.00    0.51 ^ _288_/B (sky130_fd_sc_hd__nor2_2)
                  0.06    0.06    0.57 v _288_/Y (sky130_fd_sc_hd__nor2_2)
     7    0.03                           _154_ (net)
                  0.06    0.00    0.57 v _296_/B (sky130_fd_sc_hd__nand2_4)
                  0.10    0.10    0.68 ^ _296_/Y (sky130_fd_sc_hd__nand2_4)
     8    0.05                           _160_ (net)
                  0.10    0.00    0.68 ^ _307_/S (sky130_fd_sc_hd__mux2_1)
                  0.03    0.09    0.76 ^ _307_/X (sky130_fd_sc_hd__mux2_1)
     1    0.00                           _166_ (net)
                  0.03    0.00    0.76 ^ _308_/A (sky130_fd_sc_hd__clkbuf_1)
                  0.03    0.05    0.81 ^ _308_/X (sky130_fd_sc_hd__clkbuf_1)
     1    0.00                           _063_ (net)
                  0.03    0.00    0.81 ^ _424_/D (sky130_fd_sc_hd__dfrtp_1)
                                  0.81   data arrival time

                          0.00    0.00   clock clk (rise edge)
                          0.00    0.00   clock source latency
                  0.07    0.05    0.05 ^ clk (in)
     2    0.02                           clk (net)
                  0.07    0.00    0.05 ^ clkbuf_0_clk/A (sky130_fd_sc_hd__clkbuf_16)
                  0.05    0.12    0.17 ^ clkbuf_0_clk/X (sky130_fd_sc_hd__clkbuf_16)
     4    0.05                           clknet_0_clk (net)
                  0.05    0.00    0.17 ^ clkbuf_2_3__f_clk/A (sky130_fd_sc_hd__clkbuf_16)
                  0.04    0.10    0.27 ^ clkbuf_2_3__f_clk/X (sky130_fd_sc_hd__clkbuf_16)
     8    0.03                           clknet_2_3__leaf_clk (net)
                  0.04    0.00    0.27 ^ _424_/CLK (sky130_fd_sc_hd__dfrtp_1)
                          0.25    0.52   clock uncertainty
                         -0.02    0.50   clock reconvergence pessimism
                         -0.02    0.48   library hold time
                                  0.48   data required time
-----------------------------------------------------------------------------
                                  0.48   data required time
                                 -0.81   data arrival time
-----------------------------------------------------------------------------
                                  0.33   slack (MET)


Startpoint: _430_ (rising edge-triggered flip-flop clocked by clk)
Endpoint: _426_ (rising edge-triggered flip-flop clocked by clk)
Path Group: clk
Path Type: min
Corner: Fastest

Fanout     Cap    Slew   Delay    Time   Description
-----------------------------------------------------------------------------
                          0.00    0.00   clock clk (rise edge)
                          0.00    0.00   clock source latency
                  0.07    0.05    0.05 ^ clk (in)
     2    0.02                           clk (net)
                  0.07    0.00    0.05 ^ clkbuf_0_clk/A (sky130_fd_sc_hd__clkbuf_16)
                  0.05    0.11    0.15 ^ clkbuf_0_clk/X (sky130_fd_sc_hd__clkbuf_16)
     4    0.05                           clknet_0_clk (net)
                  0.05    0.00    0.15 ^ clkbuf_2_2__f_clk/A (sky130_fd_sc_hd__clkbuf_16)
                  0.04    0.09    0.25 ^ clkbuf_2_2__f_clk/X (sky130_fd_sc_hd__clkbuf_16)
    11    0.03                           clknet_2_2__leaf_clk (net)
                  0.04    0.00    0.25 ^ _430_/CLK (sky130_fd_sc_hd__dfrtp_4)
                  0.07    0.27    0.51 ^ _430_/Q (sky130_fd_sc_hd__dfrtp_4)
     7    0.02                           tx_inst.state[0] (net)
                  0.07    0.00    0.51 ^ _288_/B (sky130_fd_sc_hd__nor2_2)
                  0.06    0.06    0.57 v _288_/Y (sky130_fd_sc_hd__nor2_2)
     7    0.03                           _154_ (net)
                  0.06    0.00    0.57 v _296_/B (sky130_fd_sc_hd__nand2_4)
                  0.10    0.10    0.68 ^ _296_/Y (sky130_fd_sc_hd__nand2_4)
     8    0.05                           _160_ (net)
                  0.10    0.00    0.68 ^ _303_/S (sky130_fd_sc_hd__mux2_1)
                  0.03    0.09    0.76 ^ _303_/X (sky130_fd_sc_hd__mux2_1)
     1    0.00                           _164_ (net)
                  0.03    0.00    0.76 ^ _304_/A (sky130_fd_sc_hd__clkbuf_1)
                  0.03    0.05    0.81 ^ _304_/X (sky130_fd_sc_hd__clkbuf_1)
     1    0.00                           _065_ (net)
                  0.03    0.00    0.81 ^ _426_/D (sky130_fd_sc_hd__dfrtp_1)
                                  0.81   data arrival time

                          0.00    0.00   clock clk (rise edge)
                          0.00    0.00   clock source latency
                  0.07    0.05    0.05 ^ clk (in)
     2    0.02                           clk (net)
                  0.07    0.00    0.05 ^ clkbuf_0_clk/A (sky130_fd_sc_hd__clkbuf_16)
                  0.05    0.12    0.17 ^ clkbuf_0_clk/X (sky130_fd_sc_hd__clkbuf_16)
     4    0.05                           clknet_0_clk (net)
                  0.05    0.00    0.17 ^ clkbuf_2_3__f_clk/A (sky130_fd_sc_hd__clkbuf_16)
                  0.04    0.10    0.27 ^ clkbuf_2_3__f_clk/X (sky130_fd_sc_hd__clkbuf_16)
     8    0.03                           clknet_2_3__leaf_clk (net)
                  0.04    0.00    0.27 ^ _426_/CLK (sky130_fd_sc_hd__dfrtp_1)
                          0.25    0.52   clock uncertainty
                         -0.02    0.50   clock reconvergence pessimism
                         -0.02    0.48   library hold time
                                  0.48   data required time
-----------------------------------------------------------------------------
                                  0.48   data required time
                                 -0.81   data arrival time
-----------------------------------------------------------------------------
                                  0.33   slack (MET)


Startpoint: _430_ (rising edge-triggered flip-flop clocked by clk)
Endpoint: _427_ (rising edge-triggered flip-flop clocked by clk)
Path Group: clk
Path Type: min
Corner: Fastest

Fanout     Cap    Slew   Delay    Time   Description
-----------------------------------------------------------------------------
                          0.00    0.00   clock clk (rise edge)
                          0.00    0.00   clock source latency
                  0.07    0.05    0.05 ^ clk (in)
     2    0.02                           clk (net)
                  0.07    0.00    0.05 ^ clkbuf_0_clk/A (sky130_fd_sc_hd__clkbuf_16)
                  0.05    0.11    0.15 ^ clkbuf_0_clk/X (sky130_fd_sc_hd__clkbuf_16)
     4    0.05                           clknet_0_clk (net)
                  0.05    0.00    0.15 ^ clkbuf_2_2__f_clk/A (sky130_fd_sc_hd__clkbuf_16)
                  0.04    0.09    0.25 ^ clkbuf_2_2__f_clk/X (sky130_fd_sc_hd__clkbuf_16)
    11    0.03                           clknet_2_2__leaf_clk (net)
                  0.04    0.00    0.25 ^ _430_/CLK (sky130_fd_sc_hd__dfrtp_4)
                  0.07    0.27    0.51 ^ _430_/Q (sky130_fd_sc_hd__dfrtp_4)
     7    0.02                           tx_inst.state[0] (net)
                  0.07    0.00    0.51 ^ _288_/B (sky130_fd_sc_hd__nor2_2)
                  0.06    0.06    0.57 v _288_/Y (sky130_fd_sc_hd__nor2_2)
     7    0.03                           _154_ (net)
                  0.06    0.00    0.57 v _296_/B (sky130_fd_sc_hd__nand2_4)
                  0.10    0.10    0.68 ^ _296_/Y (sky130_fd_sc_hd__nand2_4)
     8    0.05                           _160_ (net)
                  0.10    0.00    0.68 ^ _301_/S (sky130_fd_sc_hd__mux2_1)
                  0.03    0.09    0.76 ^ _301_/X (sky130_fd_sc_hd__mux2_1)
     1    0.00                           _163_ (net)
                  0.03    0.00    0.77 ^ _302_/A (sky130_fd_sc_hd__clkbuf_1)
                  0.04    0.05    0.82 ^ _302_/X (sky130_fd_sc_hd__clkbuf_1)
     1    0.00                           _066_ (net)
                  0.04    0.00    0.82 ^ _427_/D (sky130_fd_sc_hd__dfrtp_1)
                                  0.82   data arrival time

                          0.00    0.00   clock clk (rise edge)
                          0.00    0.00   clock source latency
                  0.07    0.05    0.05 ^ clk (in)
     2    0.02                           clk (net)
                  0.07    0.00    0.05 ^ clkbuf_0_clk/A (sky130_fd_sc_hd__clkbuf_16)
                  0.05    0.12    0.17 ^ clkbuf_0_clk/X (sky130_fd_sc_hd__clkbuf_16)
     4    0.05                           clknet_0_clk (net)
                  0.05    0.00    0.17 ^ clkbuf_2_3__f_clk/A (sky130_fd_sc_hd__clkbuf_16)
                  0.04    0.10    0.27 ^ clkbuf_2_3__f_clk/X (sky130_fd_sc_hd__clkbuf_16)
     8    0.03                           clknet_2_3__leaf_clk (net)
                  0.04    0.00    0.27 ^ _427_/CLK (sky130_fd_sc_hd__dfrtp_1)
                          0.25    0.52   clock uncertainty
                         -0.02    0.50   clock reconvergence pessimism
                         -0.02    0.48   library hold time
                                  0.48   data required time
-----------------------------------------------------------------------------
                                  0.48   data required time
                                 -0.82   data arrival time
-----------------------------------------------------------------------------
                                  0.33   slack (MET)


Startpoint: rst (input port clocked by clk)
Endpoint: _447_ (removal check against rising-edge clock clk)
Path Group: asynchronous
Path Type: min
Corner: Fastest

Fanout     Cap    Slew   Delay    Time   Description
-----------------------------------------------------------------------------
                          0.00    0.00   clock clk (rise edge)
                          0.00    0.00   clock network delay (propagated)
                          2.00    2.00 v input external delay
                  0.01    0.00    2.00 v rst (in)
     2    0.00                           rst (net)
                  0.01    0.00    2.00 v input1/A (sky130_fd_sc_hd__buf_1)
                  0.05    0.07    2.07 v input1/X (sky130_fd_sc_hd__buf_1)
     1    0.01                           net1 (net)
                  0.05    0.00    2.07 v _356_/A (sky130_fd_sc_hd__clkbuf_4)
                  0.07    0.13    2.20 v _356_/X (sky130_fd_sc_hd__clkbuf_4)
     9    0.05                           _200_ (net)
                  0.07    0.00    2.21 v _402_/A (sky130_fd_sc_hd__inv_2)
                  0.03    0.04    2.25 ^ _402_/Y (sky130_fd_sc_hd__inv_2)
     1    0.00                           _041_ (net)
                  0.03    0.00    2.25 ^ _447_/RESET_B (sky130_fd_sc_hd__dfrtp_1)
                                  2.25   data arrival time

                          0.00    0.00   clock clk (rise edge)
                          0.00    0.00   clock source latency
                  0.07    0.05    0.05 ^ clk (in)
     2    0.02                           clk (net)
                  0.07    0.00    0.05 ^ clkbuf_0_clk/A (sky130_fd_sc_hd__clkbuf_16)
                  0.05    0.12    0.17 ^ clkbuf_0_clk/X (sky130_fd_sc_hd__clkbuf_16)
     4    0.05                           clknet_0_clk (net)
                  0.05    0.00    0.17 ^ clkbuf_2_1__f_clk/A (sky130_fd_sc_hd__clkbuf_16)
                  0.05    0.11    0.28 ^ clkbuf_2_1__f_clk/X (sky130_fd_sc_hd__clkbuf_16)
    15    0.05                           clknet_2_1__leaf_clk (net)
                  0.05    0.00    0.28 ^ _447_/CLK (sky130_fd_sc_hd__dfrtp_1)
                          0.25    0.53   clock uncertainty
                          0.00    0.53   clock reconvergence pessimism
                          0.20    0.73   library removal time
                                  0.73   data required time
-----------------------------------------------------------------------------
                                  0.73   data required time
                                 -2.25   data arrival time
-----------------------------------------------------------------------------
                                  1.52   slack (MET)


Startpoint: rst (input port clocked by clk)
Endpoint: _448_ (removal check against rising-edge clock clk)
Path Group: asynchronous
Path Type: min
Corner: Fastest

Fanout     Cap    Slew   Delay    Time   Description
-----------------------------------------------------------------------------
                          0.00    0.00   clock clk (rise edge)
                          0.00    0.00   clock network delay (propagated)
                          2.00    2.00 v input external delay
                  0.01    0.00    2.00 v rst (in)
     2    0.00                           rst (net)
                  0.01    0.00    2.00 v input1/A (sky130_fd_sc_hd__buf_1)
                  0.05    0.07    2.07 v input1/X (sky130_fd_sc_hd__buf_1)
     1    0.01                           net1 (net)
                  0.05    0.00    2.07 v _356_/A (sky130_fd_sc_hd__clkbuf_4)
                  0.07    0.13    2.20 v _356_/X (sky130_fd_sc_hd__clkbuf_4)
     9    0.05                           _200_ (net)
                  0.07    0.00    2.21 v _403_/A (sky130_fd_sc_hd__inv_2)
                  0.03    0.04    2.25 ^ _403_/Y (sky130_fd_sc_hd__inv_2)
     1    0.00                           _042_ (net)
                  0.03    0.00    2.25 ^ _448_/RESET_B (sky130_fd_sc_hd__dfrtp_1)
                                  2.25   data arrival time

                          0.00    0.00   clock clk (rise edge)
                          0.00    0.00   clock source latency
                  0.07    0.05    0.05 ^ clk (in)
     2    0.02                           clk (net)
                  0.07    0.00    0.05 ^ clkbuf_0_clk/A (sky130_fd_sc_hd__clkbuf_16)
                  0.05    0.12    0.17 ^ clkbuf_0_clk/X (sky130_fd_sc_hd__clkbuf_16)
     4    0.05                           clknet_0_clk (net)
                  0.05    0.00    0.17 ^ clkbuf_2_1__f_clk/A (sky130_fd_sc_hd__clkbuf_16)
                  0.05    0.11    0.28 ^ clkbuf_2_1__f_clk/X (sky130_fd_sc_hd__clkbuf_16)
    15    0.05                           clknet_2_1__leaf_clk (net)
                  0.05    0.00    0.28 ^ _448_/CLK (sky130_fd_sc_hd__dfrtp_1)
                          0.25    0.53   clock uncertainty
                          0.00    0.53   clock reconvergence pessimism
                          0.20    0.73   library removal time
                                  0.73   data required time
-----------------------------------------------------------------------------
                                  0.73   data required time
                                 -2.25   data arrival time
-----------------------------------------------------------------------------
                                  1.52   slack (MET)


Startpoint: rst (input port clocked by clk)
Endpoint: _446_ (removal check against rising-edge clock clk)
Path Group: asynchronous
Path Type: min
Corner: Fastest

Fanout     Cap    Slew   Delay    Time   Description
-----------------------------------------------------------------------------
                          0.00    0.00   clock clk (rise edge)
                          0.00    0.00   clock network delay (propagated)
                          2.00    2.00 v input external delay
                  0.01    0.00    2.00 v rst (in)
     2    0.00                           rst (net)
                  0.01    0.00    2.00 v input1/A (sky130_fd_sc_hd__buf_1)
                  0.05    0.07    2.07 v input1/X (sky130_fd_sc_hd__buf_1)
     1    0.01                           net1 (net)
                  0.05    0.00    2.07 v _356_/A (sky130_fd_sc_hd__clkbuf_4)
                  0.07    0.13    2.20 v _356_/X (sky130_fd_sc_hd__clkbuf_4)
     9    0.05                           _200_ (net)
                  0.07    0.00    2.21 v _401_/A (sky130_fd_sc_hd__inv_2)
                  0.03    0.04    2.25 ^ _401_/Y (sky130_fd_sc_hd__inv_2)
     1    0.00                           _040_ (net)
                  0.03    0.00    2.25 ^ _446_/RESET_B (sky130_fd_sc_hd__dfrtp_1)
                                  2.25   data arrival time

                          0.00    0.00   clock clk (rise edge)
                          0.00    0.00   clock source latency
                  0.07    0.05    0.05 ^ clk (in)
     2    0.02                           clk (net)
                  0.07    0.00    0.05 ^ clkbuf_0_clk/A (sky130_fd_sc_hd__clkbuf_16)
                  0.05    0.12    0.17 ^ clkbuf_0_clk/X (sky130_fd_sc_hd__clkbuf_16)
     4    0.05                           clknet_0_clk (net)
                  0.05    0.00    0.17 ^ clkbuf_2_1__f_clk/A (sky130_fd_sc_hd__clkbuf_16)
                  0.05    0.11    0.28 ^ clkbuf_2_1__f_clk/X (sky130_fd_sc_hd__clkbuf_16)
    15    0.05                           clknet_2_1__leaf_clk (net)
                  0.05    0.00    0.28 ^ _446_/CLK (sky130_fd_sc_hd__dfrtp_1)
                          0.25    0.53   clock uncertainty
                          0.00    0.53   clock reconvergence pessimism
                          0.20    0.73   library removal time
                                  0.73   data required time
-----------------------------------------------------------------------------
                                  0.73   data required time
                                 -2.25   data arrival time
-----------------------------------------------------------------------------
                                  1.52   slack (MET)


Startpoint: rst (input port clocked by clk)
Endpoint: _450_ (removal check against rising-edge clock clk)
Path Group: asynchronous
Path Type: min
Corner: Fastest

Fanout     Cap    Slew   Delay    Time   Description
-----------------------------------------------------------------------------
                          0.00    0.00   clock clk (rise edge)
                          0.00    0.00   clock network delay (propagated)
                          2.00    2.00 v input external delay
                  0.01    0.00    2.00 v rst (in)
     2    0.00                           rst (net)
                  0.01    0.00    2.00 v input1/A (sky130_fd_sc_hd__buf_1)
                  0.05    0.07    2.07 v input1/X (sky130_fd_sc_hd__buf_1)
     1    0.01                           net1 (net)
                  0.05    0.00    2.07 v _356_/A (sky130_fd_sc_hd__clkbuf_4)
                  0.07    0.13    2.20 v _356_/X (sky130_fd_sc_hd__clkbuf_4)
     9    0.05                           _200_ (net)
                  0.07    0.00    2.21 v _405_/A (sky130_fd_sc_hd__inv_2)
                  0.03    0.04    2.25 ^ _405_/Y (sky130_fd_sc_hd__inv_2)
     1    0.00                           _044_ (net)
                  0.03    0.00    2.25 ^ _450_/RESET_B (sky130_fd_sc_hd__dfrtp_1)
                                  2.25   data arrival time

                          0.00    0.00   clock clk (rise edge)
                          0.00    0.00   clock source latency
                  0.07    0.05    0.05 ^ clk (in)
     2    0.02                           clk (net)
                  0.07    0.00    0.05 ^ clkbuf_0_clk/A (sky130_fd_sc_hd__clkbuf_16)
                  0.05    0.12    0.17 ^ clkbuf_0_clk/X (sky130_fd_sc_hd__clkbuf_16)
     4    0.05                           clknet_0_clk (net)
                  0.05    0.00    0.17 ^ clkbuf_2_1__f_clk/A (sky130_fd_sc_hd__clkbuf_16)
                  0.05    0.11    0.28 ^ clkbuf_2_1__f_clk/X (sky130_fd_sc_hd__clkbuf_16)
    15    0.05                           clknet_2_1__leaf_clk (net)
                  0.05    0.00    0.28 ^ _450_/CLK (sky130_fd_sc_hd__dfrtp_1)
                          0.25    0.53   clock uncertainty
                          0.00    0.53   clock reconvergence pessimism
                          0.20    0.73   library removal time
                                  0.73   data required time
-----------------------------------------------------------------------------
                                  0.73   data required time
                                 -2.25   data arrival time
-----------------------------------------------------------------------------
                                  1.52   slack (MET)


Startpoint: rst (input port clocked by clk)
Endpoint: _449_ (removal check against rising-edge clock clk)
Path Group: asynchronous
Path Type: min
Corner: Fastest

Fanout     Cap    Slew   Delay    Time   Description
-----------------------------------------------------------------------------
                          0.00    0.00   clock clk (rise edge)
                          0.00    0.00   clock network delay (propagated)
                          2.00    2.00 v input external delay
                  0.01    0.00    2.00 v rst (in)
     2    0.00                           rst (net)
                  0.01    0.00    2.00 v input1/A (sky130_fd_sc_hd__buf_1)
                  0.05    0.07    2.07 v input1/X (sky130_fd_sc_hd__buf_1)
     1    0.01                           net1 (net)
                  0.05    0.00    2.07 v _356_/A (sky130_fd_sc_hd__clkbuf_4)
                  0.07    0.13    2.20 v _356_/X (sky130_fd_sc_hd__clkbuf_4)
     9    0.05                           _200_ (net)
                  0.07    0.00    2.21 v _404_/A (sky130_fd_sc_hd__inv_2)
                  0.03    0.04    2.25 ^ _404_/Y (sky130_fd_sc_hd__inv_2)
     1    0.00                           _043_ (net)
                  0.03    0.00    2.25 ^ _449_/RESET_B (sky130_fd_sc_hd__dfrtp_1)
                                  2.25   data arrival time

                          0.00    0.00   clock clk (rise edge)
                          0.00    0.00   clock source latency
                  0.07    0.05    0.05 ^ clk (in)
     2    0.02                           clk (net)
                  0.07    0.00    0.05 ^ clkbuf_0_clk/A (sky130_fd_sc_hd__clkbuf_16)
                  0.05    0.12    0.17 ^ clkbuf_0_clk/X (sky130_fd_sc_hd__clkbuf_16)
     4    0.05                           clknet_0_clk (net)
                  0.05    0.00    0.17 ^ clkbuf_2_1__f_clk/A (sky130_fd_sc_hd__clkbuf_16)
                  0.05    0.11    0.28 ^ clkbuf_2_1__f_clk/X (sky130_fd_sc_hd__clkbuf_16)
    15    0.05                           clknet_2_1__leaf_clk (net)
                  0.05    0.00    0.28 ^ _449_/CLK (sky130_fd_sc_hd__dfrtp_1)
                          0.25    0.53   clock uncertainty
                          0.00    0.53   clock reconvergence pessimism
                          0.20    0.73   library removal time
                                  0.73   data required time
-----------------------------------------------------------------------------
                                  0.73   data required time
                                 -2.25   data arrival time
-----------------------------------------------------------------------------
                                  1.52   slack (MET)


Startpoint: rst (input port clocked by clk)
Endpoint: _423_ (removal check against rising-edge clock clk)
Path Group: asynchronous
Path Type: min
Corner: Fastest

Fanout     Cap    Slew   Delay    Time   Description
-----------------------------------------------------------------------------
                          0.00    0.00   clock clk (rise edge)
                          0.00    0.00   clock network delay (propagated)
                          2.00    2.00 v input external delay
                  0.01    0.00    2.00 v rst (in)
     2    0.00                           rst (net)
                  0.01    0.00    2.00 v input1/A (sky130_fd_sc_hd__buf_1)
                  0.05    0.07    2.07 v input1/X (sky130_fd_sc_hd__buf_1)
     1    0.01                           net1 (net)
                  0.05    0.00    2.07 v _356_/A (sky130_fd_sc_hd__clkbuf_4)
                  0.07    0.13    2.20 v _356_/X (sky130_fd_sc_hd__clkbuf_4)
     9    0.05                           _200_ (net)
                  0.07    0.00    2.21 v _368_/A (sky130_fd_sc_hd__buf_4)
                  0.06    0.14    2.35 v _368_/X (sky130_fd_sc_hd__buf_4)
    10    0.06                           _202_ (net)
                  0.06    0.00    2.35 v _376_/A (sky130_fd_sc_hd__inv_2)
                  0.03    0.04    2.39 ^ _376_/Y (sky130_fd_sc_hd__inv_2)
     1    0.00                           _017_ (net)
                  0.03    0.00    2.39 ^ _423_/RESET_B (sky130_fd_sc_hd__dfrtp_1)
                                  2.39   data arrival time

                          0.00    0.00   clock clk (rise edge)
                          0.00    0.00   clock source latency
                  0.07    0.05    0.05 ^ clk (in)
     2    0.02                           clk (net)
                  0.07    0.00    0.05 ^ clkbuf_0_clk/A (sky130_fd_sc_hd__clkbuf_16)
                  0.05    0.12    0.17 ^ clkbuf_0_clk/X (sky130_fd_sc_hd__clkbuf_16)
     4    0.05                           clknet_0_clk (net)
                  0.05    0.00    0.17 ^ clkbuf_2_1__f_clk/A (sky130_fd_sc_hd__clkbuf_16)
                  0.05    0.11    0.28 ^ clkbuf_2_1__f_clk/X (sky130_fd_sc_hd__clkbuf_16)
    15    0.05                           clknet_2_1__leaf_clk (net)
                  0.05    0.00    0.28 ^ _423_/CLK (sky130_fd_sc_hd__dfrtp_1)
                          0.25    0.53   clock uncertainty
                          0.00    0.53   clock reconvergence pessimism
                          0.20    0.73   library removal time
                                  0.73   data required time
-----------------------------------------------------------------------------
                                  0.73   data required time
                                 -2.39   data arrival time
-----------------------------------------------------------------------------
                                  1.66   slack (MET)


Startpoint: rst (input port clocked by clk)
Endpoint: _422_ (removal check against rising-edge clock clk)
Path Group: asynchronous
Path Type: min
Corner: Fastest

Fanout     Cap    Slew   Delay    Time   Description
-----------------------------------------------------------------------------
                          0.00    0.00   clock clk (rise edge)
                          0.00    0.00   clock network delay (propagated)
                          2.00    2.00 v input external delay
                  0.01    0.00    2.00 v rst (in)
     2    0.00                           rst (net)
                  0.01    0.00    2.00 v input1/A (sky130_fd_sc_hd__buf_1)
                  0.05    0.07    2.07 v input1/X (sky130_fd_sc_hd__buf_1)
     1    0.01                           net1 (net)
                  0.05    0.00    2.07 v _356_/A (sky130_fd_sc_hd__clkbuf_4)
                  0.07    0.13    2.20 v _356_/X (sky130_fd_sc_hd__clkbuf_4)
     9    0.05                           _200_ (net)
                  0.07    0.00    2.21 v _368_/A (sky130_fd_sc_hd__buf_4)
                  0.06    0.14    2.35 v _368_/X (sky130_fd_sc_hd__buf_4)
    10    0.06                           _202_ (net)
                  0.06    0.00    2.35 v _375_/A (sky130_fd_sc_hd__inv_2)
                  0.03    0.04    2.39 ^ _375_/Y (sky130_fd_sc_hd__inv_2)
     1    0.00                           _016_ (net)
                  0.03    0.00    2.39 ^ _422_/RESET_B (sky130_fd_sc_hd__dfrtp_1)
                                  2.39   data arrival time

                          0.00    0.00   clock clk (rise edge)
                          0.00    0.00   clock source latency
                  0.07    0.05    0.05 ^ clk (in)
     2    0.02                           clk (net)
                  0.07    0.00    0.05 ^ clkbuf_0_clk/A (sky130_fd_sc_hd__clkbuf_16)
                  0.05    0.12    0.17 ^ clkbuf_0_clk/X (sky130_fd_sc_hd__clkbuf_16)
     4    0.05                           clknet_0_clk (net)
                  0.05    0.00    0.17 ^ clkbuf_2_1__f_clk/A (sky130_fd_sc_hd__clkbuf_16)
                  0.05    0.11    0.28 ^ clkbuf_2_1__f_clk/X (sky130_fd_sc_hd__clkbuf_16)
    15    0.05                           clknet_2_1__leaf_clk (net)
                  0.05    0.00    0.28 ^ _422_/CLK (sky130_fd_sc_hd__dfrtp_1)
                          0.25    0.53   clock uncertainty
                          0.00    0.53   clock reconvergence pessimism
                          0.20    0.73   library removal time
                                  0.73   data required time
-----------------------------------------------------------------------------
                                  0.73   data required time
                                 -2.39   data arrival time
-----------------------------------------------------------------------------
                                  1.66   slack (MET)


Startpoint: rst (input port clocked by clk)
Endpoint: _438_ (removal check against rising-edge clock clk)
Path Group: asynchronous
Path Type: min
Corner: Fastest

Fanout     Cap    Slew   Delay    Time   Description
-----------------------------------------------------------------------------
                          0.00    0.00   clock clk (rise edge)
                          0.00    0.00   clock network delay (propagated)
                          2.00    2.00 v input external delay
                  0.01    0.00    2.00 v rst (in)
     2    0.00                           rst (net)
                  0.01    0.00    2.00 v input1/A (sky130_fd_sc_hd__buf_1)
                  0.05    0.07    2.07 v input1/X (sky130_fd_sc_hd__buf_1)
     1    0.01                           net1 (net)
                  0.05    0.00    2.07 v _356_/A (sky130_fd_sc_hd__clkbuf_4)
                  0.07    0.13    2.20 v _356_/X (sky130_fd_sc_hd__clkbuf_4)
     9    0.05                           _200_ (net)
                  0.07    0.00    2.21 v _390_/A (sky130_fd_sc_hd__buf_4)
                  0.06    0.14    2.35 v _390_/X (sky130_fd_sc_hd__buf_4)
    10    0.06                           _204_ (net)
                  0.06    0.00    2.35 v _393_/A (sky130_fd_sc_hd__inv_2)
                  0.03    0.04    2.39 ^ _393_/Y (sky130_fd_sc_hd__inv_2)
     1    0.00                           _032_ (net)
                  0.03    0.00    2.39 ^ _438_/RESET_B (sky130_fd_sc_hd__dfrtp_2)
                                  2.39   data arrival time

                          0.00    0.00   clock clk (rise edge)
                          0.00    0.00   clock source latency
                  0.07    0.05    0.05 ^ clk (in)
     2    0.02                           clk (net)
                  0.07    0.00    0.05 ^ clkbuf_0_clk/A (sky130_fd_sc_hd__clkbuf_16)
                  0.05    0.12    0.17 ^ clkbuf_0_clk/X (sky130_fd_sc_hd__clkbuf_16)
     4    0.05                           clknet_0_clk (net)
                  0.05    0.00    0.17 ^ clkbuf_2_1__f_clk/A (sky130_fd_sc_hd__clkbuf_16)
                  0.05    0.11    0.28 ^ clkbuf_2_1__f_clk/X (sky130_fd_sc_hd__clkbuf_16)
    15    0.05                           clknet_2_1__leaf_clk (net)
                  0.05    0.00    0.28 ^ _438_/CLK (sky130_fd_sc_hd__dfrtp_2)
                          0.25    0.53   clock uncertainty
                          0.00    0.53   clock reconvergence pessimism
                          0.20    0.73   library removal time
                                  0.73   data required time
-----------------------------------------------------------------------------
                                  0.73   data required time
                                 -2.39   data arrival time
-----------------------------------------------------------------------------
                                  1.66   slack (MET)


Startpoint: rst (input port clocked by clk)
Endpoint: _443_ (removal check against rising-edge clock clk)
Path Group: asynchronous
Path Type: min
Corner: Fastest

Fanout     Cap    Slew   Delay    Time   Description
-----------------------------------------------------------------------------
                          0.00    0.00   clock clk (rise edge)
                          0.00    0.00   clock network delay (propagated)
                          2.00    2.00 v input external delay
                  0.01    0.00    2.00 v rst (in)
     2    0.00                           rst (net)
                  0.01    0.00    2.00 v input1/A (sky130_fd_sc_hd__buf_1)
                  0.05    0.07    2.07 v input1/X (sky130_fd_sc_hd__buf_1)
     1    0.01                           net1 (net)
                  0.05    0.00    2.07 v _356_/A (sky130_fd_sc_hd__clkbuf_4)
                  0.07    0.13    2.20 v _356_/X (sky130_fd_sc_hd__clkbuf_4)
     9    0.05                           _200_ (net)
                  0.07    0.00    2.21 v _390_/A (sky130_fd_sc_hd__buf_4)
                  0.06    0.14    2.35 v _390_/X (sky130_fd_sc_hd__buf_4)
    10    0.06                           _204_ (net)
                  0.06    0.00    2.35 v _398_/A (sky130_fd_sc_hd__inv_2)
                  0.03    0.04    2.39 ^ _398_/Y (sky130_fd_sc_hd__inv_2)
     1    0.00                           _037_ (net)
                  0.03    0.00    2.39 ^ _443_/RESET_B (sky130_fd_sc_hd__dfrtp_4)
                                  2.39   data arrival time

                          0.00    0.00   clock clk (rise edge)
                          0.00    0.00   clock source latency
                  0.07    0.05    0.05 ^ clk (in)
     2    0.02                           clk (net)
                  0.07    0.00    0.05 ^ clkbuf_0_clk/A (sky130_fd_sc_hd__clkbuf_16)
                  0.05    0.12    0.17 ^ clkbuf_0_clk/X (sky130_fd_sc_hd__clkbuf_16)
     4    0.05                           clknet_0_clk (net)
                  0.05    0.00    0.17 ^ clkbuf_2_1__f_clk/A (sky130_fd_sc_hd__clkbuf_16)
                  0.05    0.11    0.28 ^ clkbuf_2_1__f_clk/X (sky130_fd_sc_hd__clkbuf_16)
    15    0.05                           clknet_2_1__leaf_clk (net)
                  0.05    0.00    0.28 ^ _443_/CLK (sky130_fd_sc_hd__dfrtp_4)
                          0.25    0.53   clock uncertainty
                          0.00    0.53   clock reconvergence pessimism
                          0.20    0.73   library removal time
                                  0.73   data required time
-----------------------------------------------------------------------------
                                  0.73   data required time
                                 -2.39   data arrival time
-----------------------------------------------------------------------------
                                  1.66   slack (MET)


Startpoint: rst (input port clocked by clk)
Endpoint: _444_ (removal check against rising-edge clock clk)
Path Group: asynchronous
Path Type: min
Corner: Fastest

Fanout     Cap    Slew   Delay    Time   Description
-----------------------------------------------------------------------------
                          0.00    0.00   clock clk (rise edge)
                          0.00    0.00   clock network delay (propagated)
                          2.00    2.00 v input external delay
                  0.01    0.00    2.00 v rst (in)
     2    0.00                           rst (net)
                  0.01    0.00    2.00 v input1/A (sky130_fd_sc_hd__buf_1)
                  0.05    0.07    2.07 v input1/X (sky130_fd_sc_hd__buf_1)
     1    0.01                           net1 (net)
                  0.05    0.00    2.07 v _356_/A (sky130_fd_sc_hd__clkbuf_4)
                  0.07    0.13    2.20 v _356_/X (sky130_fd_sc_hd__clkbuf_4)
     9    0.05                           _200_ (net)
                  0.07    0.00    2.21 v _390_/A (sky130_fd_sc_hd__buf_4)
                  0.06    0.14    2.35 v _390_/X (sky130_fd_sc_hd__buf_4)
    10    0.06                           _204_ (net)
                  0.06    0.00    2.35 v _399_/A (sky130_fd_sc_hd__inv_2)
                  0.03    0.04    2.39 ^ _399_/Y (sky130_fd_sc_hd__inv_2)
     1    0.00                           _038_ (net)
                  0.03    0.00    2.39 ^ _444_/RESET_B (sky130_fd_sc_hd__dfrtp_2)
                                  2.39   data arrival time

                          0.00    0.00   clock clk (rise edge)
                          0.00    0.00   clock source latency
                  0.07    0.05    0.05 ^ clk (in)
     2    0.02                           clk (net)
                  0.07    0.00    0.05 ^ clkbuf_0_clk/A (sky130_fd_sc_hd__clkbuf_16)
                  0.05    0.12    0.17 ^ clkbuf_0_clk/X (sky130_fd_sc_hd__clkbuf_16)
     4    0.05                           clknet_0_clk (net)
                  0.05    0.00    0.17 ^ clkbuf_2_1__f_clk/A (sky130_fd_sc_hd__clkbuf_16)
                  0.05    0.11    0.28 ^ clkbuf_2_1__f_clk/X (sky130_fd_sc_hd__clkbuf_16)
    15    0.05                           clknet_2_1__leaf_clk (net)
                  0.05    0.00    0.28 ^ _444_/CLK (sky130_fd_sc_hd__dfrtp_2)
                          0.25    0.53   clock uncertainty
                          0.00    0.53   clock reconvergence pessimism
                          0.20    0.73   library removal time
                                  0.73   data required time
-----------------------------------------------------------------------------
                                  0.73   data required time
                                 -2.39   data arrival time
-----------------------------------------------------------------------------
                                  1.66   slack (MET)


Startpoint: rst (input port clocked by clk)
Endpoint: _425_ (removal check against rising-edge clock clk)
Path Group: asynchronous
Path Type: min
Corner: Fastest

Fanout     Cap    Slew   Delay    Time   Description
-----------------------------------------------------------------------------
                          0.00    0.00   clock clk (rise edge)
                          0.00    0.00   clock network delay (propagated)
                          2.00    2.00 v input external delay
                  0.01    0.00    2.00 v rst (in)
     2    0.00                           rst (net)
                  0.01    0.00    2.00 v input1/A (sky130_fd_sc_hd__buf_1)
                  0.05    0.07    2.07 v input1/X (sky130_fd_sc_hd__buf_1)
     1    0.01                           net1 (net)
                  0.05    0.00    2.07 v _356_/A (sky130_fd_sc_hd__clkbuf_4)
                  0.07    0.13    2.20 v _356_/X (sky130_fd_sc_hd__clkbuf_4)
     9    0.05                           _200_ (net)
                  0.07    0.00    2.21 v _368_/A (sky130_fd_sc_hd__buf_4)
                  0.06    0.14    2.35 v _368_/X (sky130_fd_sc_hd__buf_4)
    10    0.06                           _202_ (net)
                  0.06    0.00    2.35 v _378_/A (sky130_fd_sc_hd__inv_2)
                  0.03    0.04    2.39 ^ _378_/Y (sky130_fd_sc_hd__inv_2)
     1    0.01                           _019_ (net)
                  0.03    0.00    2.39 ^ _425_/RESET_B (sky130_fd_sc_hd__dfrtp_1)
                                  2.39   data arrival time

                          0.00    0.00   clock clk (rise edge)
                          0.00    0.00   clock source latency
                  0.07    0.05    0.05 ^ clk (in)
     2    0.02                           clk (net)
                  0.07    0.00    0.05 ^ clkbuf_0_clk/A (sky130_fd_sc_hd__clkbuf_16)
                  0.05    0.12    0.17 ^ clkbuf_0_clk/X (sky130_fd_sc_hd__clkbuf_16)
     4    0.05                           clknet_0_clk (net)
                  0.05    0.00    0.17 ^ clkbuf_2_1__f_clk/A (sky130_fd_sc_hd__clkbuf_16)
                  0.05    0.11    0.28 ^ clkbuf_2_1__f_clk/X (sky130_fd_sc_hd__clkbuf_16)
    15    0.05                           clknet_2_1__leaf_clk (net)
                  0.05    0.00    0.28 ^ _425_/CLK (sky130_fd_sc_hd__dfrtp_1)
                          0.25    0.53   clock uncertainty
                          0.00    0.53   clock reconvergence pessimism
                          0.20    0.73   library removal time
                                  0.73   data required time
-----------------------------------------------------------------------------
                                  0.73   data required time
                                 -2.39   data arrival time
-----------------------------------------------------------------------------
                                  1.66   slack (MET)


Startpoint: rst (input port clocked by clk)
Endpoint: _409_ (removal check against rising-edge clock clk)
Path Group: asynchronous
Path Type: min
Corner: Fastest

Fanout     Cap    Slew   Delay    Time   Description
-----------------------------------------------------------------------------
                          0.00    0.00   clock clk (rise edge)
                          0.00    0.00   clock network delay (propagated)
                          2.00    2.00 v input external delay
                  0.01    0.00    2.00 v rst (in)
     2    0.00                           rst (net)
                  0.01    0.00    2.00 v input1/A (sky130_fd_sc_hd__buf_1)
                  0.05    0.07    2.07 v input1/X (sky130_fd_sc_hd__buf_1)
     1    0.01                           net1 (net)
                  0.05    0.00    2.07 v _356_/A (sky130_fd_sc_hd__clkbuf_4)
                  0.07    0.13    2.20 v _356_/X (sky130_fd_sc_hd__clkbuf_4)
     9    0.05                           _200_ (net)
                  0.07    0.00    2.21 v _357_/A (sky130_fd_sc_hd__buf_4)
                  0.06    0.14    2.34 v _357_/X (sky130_fd_sc_hd__buf_4)
    10    0.06                           _201_ (net)
                  0.06    0.00    2.34 v _361_/A (sky130_fd_sc_hd__inv_2)
                  0.03    0.04    2.38 ^ _361_/Y (sky130_fd_sc_hd__inv_2)
     1    0.00                           _003_ (net)
                  0.03    0.00    2.38 ^ _409_/RESET_B (sky130_fd_sc_hd__dfrtp_2)
                                  2.38   data arrival time

                          0.00    0.00   clock clk (rise edge)
                          0.00    0.00   clock source latency
                  0.07    0.05    0.05 ^ clk (in)
     2    0.02                           clk (net)
                  0.07    0.00    0.05 ^ clkbuf_0_clk/A (sky130_fd_sc_hd__clkbuf_16)
                  0.05    0.12    0.17 ^ clkbuf_0_clk/X (sky130_fd_sc_hd__clkbuf_16)
     4    0.05                           clknet_0_clk (net)
                  0.05    0.00    0.17 ^ clkbuf_2_2__f_clk/A (sky130_fd_sc_hd__clkbuf_16)
                  0.04    0.10    0.27 ^ clkbuf_2_2__f_clk/X (sky130_fd_sc_hd__clkbuf_16)
    11    0.03                           clknet_2_2__leaf_clk (net)
                  0.04    0.00    0.27 ^ _409_/CLK (sky130_fd_sc_hd__dfrtp_2)
                          0.25    0.52   clock uncertainty
                          0.00    0.52   clock reconvergence pessimism
                          0.20    0.72   library removal time
                                  0.72   data required time
-----------------------------------------------------------------------------
                                  0.72   data required time
                                 -2.38   data arrival time
-----------------------------------------------------------------------------
                                  1.66   slack (MET)


Startpoint: rst (input port clocked by clk)
Endpoint: _410_ (removal check against rising-edge clock clk)
Path Group: asynchronous
Path Type: min
Corner: Fastest

Fanout     Cap    Slew   Delay    Time   Description
-----------------------------------------------------------------------------
                          0.00    0.00   clock clk (rise edge)
                          0.00    0.00   clock network delay (propagated)
                          2.00    2.00 v input external delay
                  0.01    0.00    2.00 v rst (in)
     2    0.00                           rst (net)
                  0.01    0.00    2.00 v input1/A (sky130_fd_sc_hd__buf_1)
                  0.05    0.07    2.07 v input1/X (sky130_fd_sc_hd__buf_1)
     1    0.01                           net1 (net)
                  0.05    0.00    2.07 v _356_/A (sky130_fd_sc_hd__clkbuf_4)
                  0.07    0.13    2.20 v _356_/X (sky130_fd_sc_hd__clkbuf_4)
     9    0.05                           _200_ (net)
                  0.07    0.00    2.21 v _357_/A (sky130_fd_sc_hd__buf_4)
                  0.06    0.14    2.34 v _357_/X (sky130_fd_sc_hd__buf_4)
    10    0.06                           _201_ (net)
                  0.06    0.00    2.34 v _362_/A (sky130_fd_sc_hd__inv_2)
                  0.03    0.04    2.38 ^ _362_/Y (sky130_fd_sc_hd__inv_2)
     1    0.00                           _004_ (net)
                  0.03    0.00    2.38 ^ _410_/RESET_B (sky130_fd_sc_hd__dfrtp_1)
                                  2.38   data arrival time

                          0.00    0.00   clock clk (rise edge)
                          0.00    0.00   clock source latency
                  0.07    0.05    0.05 ^ clk (in)
     2    0.02                           clk (net)
                  0.07    0.00    0.05 ^ clkbuf_0_clk/A (sky130_fd_sc_hd__clkbuf_16)
                  0.05    0.12    0.17 ^ clkbuf_0_clk/X (sky130_fd_sc_hd__clkbuf_16)
     4    0.05                           clknet_0_clk (net)
                  0.05    0.00    0.17 ^ clkbuf_2_2__f_clk/A (sky130_fd_sc_hd__clkbuf_16)
                  0.04    0.10    0.27 ^ clkbuf_2_2__f_clk/X (sky130_fd_sc_hd__clkbuf_16)
    11    0.03                           clknet_2_2__leaf_clk (net)
                  0.04    0.00    0.27 ^ _410_/CLK (sky130_fd_sc_hd__dfrtp_1)
                          0.25    0.52   clock uncertainty
                          0.00    0.52   clock reconvergence pessimism
                          0.20    0.72   library removal time
                                  0.72   data required time
-----------------------------------------------------------------------------
                                  0.72   data required time
                                 -2.38   data arrival time
-----------------------------------------------------------------------------
                                  1.66   slack (MET)


Startpoint: rst (input port clocked by clk)
Endpoint: _415_ (removal check against rising-edge clock clk)
Path Group: asynchronous
Path Type: min
Corner: Fastest

Fanout     Cap    Slew   Delay    Time   Description
-----------------------------------------------------------------------------
                          0.00    0.00   clock clk (rise edge)
                          0.00    0.00   clock network delay (propagated)
                          2.00    2.00 v input external delay
                  0.01    0.00    2.00 v rst (in)
     2    0.00                           rst (net)
                  0.01    0.00    2.00 v input1/A (sky130_fd_sc_hd__buf_1)
                  0.05    0.07    2.07 v input1/X (sky130_fd_sc_hd__buf_1)
     1    0.01                           net1 (net)
                  0.05    0.00    2.07 v _356_/A (sky130_fd_sc_hd__clkbuf_4)
                  0.07    0.13    2.20 v _356_/X (sky130_fd_sc_hd__clkbuf_4)
     9    0.05                           _200_ (net)
                  0.07    0.00    2.21 v _357_/A (sky130_fd_sc_hd__buf_4)
                  0.06    0.14    2.34 v _357_/X (sky130_fd_sc_hd__buf_4)
    10    0.06                           _201_ (net)
                  0.06    0.00    2.34 v _367_/A (sky130_fd_sc_hd__inv_2)
                  0.03    0.04    2.38 ^ _367_/Y (sky130_fd_sc_hd__inv_2)
     1    0.00                           _009_ (net)
                  0.03    0.00    2.38 ^ _415_/RESET_B (sky130_fd_sc_hd__dfrtp_1)
                                  2.38   data arrival time

                          0.00    0.00   clock clk (rise edge)
                          0.00    0.00   clock source latency
                  0.07    0.05    0.05 ^ clk (in)
     2    0.02                           clk (net)
                  0.07    0.00    0.05 ^ clkbuf_0_clk/A (sky130_fd_sc_hd__clkbuf_16)
                  0.05    0.12    0.17 ^ clkbuf_0_clk/X (sky130_fd_sc_hd__clkbuf_16)
     4    0.05                           clknet_0_clk (net)
                  0.05    0.00    0.17 ^ clkbuf_2_2__f_clk/A (sky130_fd_sc_hd__clkbuf_16)
                  0.04    0.10    0.27 ^ clkbuf_2_2__f_clk/X (sky130_fd_sc_hd__clkbuf_16)
    11    0.03                           clknet_2_2__leaf_clk (net)
                  0.04    0.00    0.27 ^ _415_/CLK (sky130_fd_sc_hd__dfrtp_1)
                          0.25    0.52   clock uncertainty
                          0.00    0.52   clock reconvergence pessimism
                          0.20    0.72   library removal time
                                  0.72   data required time
-----------------------------------------------------------------------------
                                  0.72   data required time
                                 -2.38   data arrival time
-----------------------------------------------------------------------------
                                  1.66   slack (MET)


Startpoint: rst (input port clocked by clk)
Endpoint: _418_ (removal check against rising-edge clock clk)
Path Group: asynchronous
Path Type: min
Corner: Fastest

Fanout     Cap    Slew   Delay    Time   Description
-----------------------------------------------------------------------------
                          0.00    0.00   clock clk (rise edge)
                          0.00    0.00   clock network delay (propagated)
                          2.00    2.00 v input external delay
                  0.01    0.00    2.00 v rst (in)
     2    0.00                           rst (net)
                  0.01    0.00    2.00 v input1/A (sky130_fd_sc_hd__buf_1)
                  0.05    0.07    2.07 v input1/X (sky130_fd_sc_hd__buf_1)
     1    0.01                           net1 (net)
                  0.05    0.00    2.07 v _356_/A (sky130_fd_sc_hd__clkbuf_4)
                  0.07    0.13    2.20 v _356_/X (sky130_fd_sc_hd__clkbuf_4)
     9    0.05                           _200_ (net)
                  0.07    0.00    2.21 v _368_/A (sky130_fd_sc_hd__buf_4)
                  0.06    0.14    2.35 v _368_/X (sky130_fd_sc_hd__buf_4)
    10    0.06                           _202_ (net)
                  0.06    0.00    2.35 v _371_/A (sky130_fd_sc_hd__inv_2)
                  0.03    0.04    2.39 ^ _371_/Y (sky130_fd_sc_hd__inv_2)
     1    0.00                           _012_ (net)
                  0.03    0.00    2.39 ^ _418_/RESET_B (sky130_fd_sc_hd__dfrtp_1)
                                  2.39   data arrival time

                          0.00    0.00   clock clk (rise edge)
                          0.00    0.00   clock source latency
                  0.07    0.05    0.05 ^ clk (in)
     2    0.02                           clk (net)
                  0.07    0.00    0.05 ^ clkbuf_0_clk/A (sky130_fd_sc_hd__clkbuf_16)
                  0.05    0.12    0.17 ^ clkbuf_0_clk/X (sky130_fd_sc_hd__clkbuf_16)
     4    0.05                           clknet_0_clk (net)
                  0.05    0.00    0.17 ^ clkbuf_2_0__f_clk/A (sky130_fd_sc_hd__clkbuf_16)
                  0.04    0.11    0.27 ^ clkbuf_2_0__f_clk/X (sky130_fd_sc_hd__clkbuf_16)
    11    0.04                           clknet_2_0__leaf_clk (net)
                  0.04    0.00    0.28 ^ _418_/CLK (sky130_fd_sc_hd__dfrtp_1)
                          0.25    0.53   clock uncertainty
                          0.00    0.53   clock reconvergence pessimism
                          0.20    0.72   library removal time
                                  0.72   data required time
-----------------------------------------------------------------------------
                                  0.72   data required time
                                 -2.39   data arrival time
-----------------------------------------------------------------------------
                                  1.66   slack (MET)


Startpoint: rst (input port clocked by clk)
Endpoint: _414_ (removal check against rising-edge clock clk)
Path Group: asynchronous
Path Type: min
Corner: Fastest

Fanout     Cap    Slew   Delay    Time   Description
-----------------------------------------------------------------------------
                          0.00    0.00   clock clk (rise edge)
                          0.00    0.00   clock network delay (propagated)
                          2.00    2.00 v input external delay
                  0.01    0.00    2.00 v rst (in)
     2    0.00                           rst (net)
                  0.01    0.00    2.00 v input1/A (sky130_fd_sc_hd__buf_1)
                  0.05    0.07    2.07 v input1/X (sky130_fd_sc_hd__buf_1)
     1    0.01                           net1 (net)
                  0.05    0.00    2.07 v _356_/A (sky130_fd_sc_hd__clkbuf_4)
                  0.07    0.13    2.20 v _356_/X (sky130_fd_sc_hd__clkbuf_4)
     9    0.05                           _200_ (net)
                  0.07    0.00    2.21 v _357_/A (sky130_fd_sc_hd__buf_4)
                  0.06    0.14    2.34 v _357_/X (sky130_fd_sc_hd__buf_4)
    10    0.06                           _201_ (net)
                  0.06    0.00    2.34 v _366_/A (sky130_fd_sc_hd__inv_2)
                  0.03    0.04    2.38 ^ _366_/Y (sky130_fd_sc_hd__inv_2)
     1    0.00                           _008_ (net)
                  0.03    0.00    2.38 ^ _414_/RESET_B (sky130_fd_sc_hd__dfrtp_1)
                                  2.38   data arrival time

                          0.00    0.00   clock clk (rise edge)
                          0.00    0.00   clock source latency
                  0.07    0.05    0.05 ^ clk (in)
     2    0.02                           clk (net)
                  0.07    0.00    0.05 ^ clkbuf_0_clk/A (sky130_fd_sc_hd__clkbuf_16)
                  0.05    0.12    0.17 ^ clkbuf_0_clk/X (sky130_fd_sc_hd__clkbuf_16)
     4    0.05                           clknet_0_clk (net)
                  0.05    0.00    0.17 ^ clkbuf_2_2__f_clk/A (sky130_fd_sc_hd__clkbuf_16)
                  0.04    0.10    0.27 ^ clkbuf_2_2__f_clk/X (sky130_fd_sc_hd__clkbuf_16)
    11    0.03                           clknet_2_2__leaf_clk (net)
                  0.04    0.00    0.27 ^ _414_/CLK (sky130_fd_sc_hd__dfrtp_1)
                          0.25    0.52   clock uncertainty
                          0.00    0.52   clock reconvergence pessimism
                          0.20    0.72   library removal time
                                  0.72   data required time
-----------------------------------------------------------------------------
                                  0.72   data required time
                                 -2.38   data arrival time
-----------------------------------------------------------------------------
                                  1.66   slack (MET)


Startpoint: rst (input port clocked by clk)
Endpoint: _421_ (removal check against rising-edge clock clk)
Path Group: asynchronous
Path Type: min
Corner: Fastest

Fanout     Cap    Slew   Delay    Time   Description
-----------------------------------------------------------------------------
                          0.00    0.00   clock clk (rise edge)
                          0.00    0.00   clock network delay (propagated)
                          2.00    2.00 v input external delay
                  0.01    0.00    2.00 v rst (in)
     2    0.00                           rst (net)
                  0.01    0.00    2.00 v input1/A (sky130_fd_sc_hd__buf_1)
                  0.05    0.07    2.07 v input1/X (sky130_fd_sc_hd__buf_1)
     1    0.01                           net1 (net)
                  0.05    0.00    2.07 v _356_/A (sky130_fd_sc_hd__clkbuf_4)
                  0.07    0.13    2.20 v _356_/X (sky130_fd_sc_hd__clkbuf_4)
     9    0.05                           _200_ (net)
                  0.07    0.00    2.21 v _368_/A (sky130_fd_sc_hd__buf_4)
                  0.06    0.14    2.35 v _368_/X (sky130_fd_sc_hd__buf_4)
    10    0.06                           _202_ (net)
                  0.06    0.00    2.35 v _374_/A (sky130_fd_sc_hd__inv_2)
                  0.03    0.04    2.39 ^ _374_/Y (sky130_fd_sc_hd__inv_2)
     1    0.00                           _015_ (net)
                  0.03    0.00    2.39 ^ _421_/RESET_B (sky130_fd_sc_hd__dfrtp_1)
                                  2.39   data arrival time

                          0.00    0.00   clock clk (rise edge)
                          0.00    0.00   clock source latency
                  0.07    0.05    0.05 ^ clk (in)
     2    0.02                           clk (net)
                  0.07    0.00    0.05 ^ clkbuf_0_clk/A (sky130_fd_sc_hd__clkbuf_16)
                  0.05    0.12    0.17 ^ clkbuf_0_clk/X (sky130_fd_sc_hd__clkbuf_16)
     4    0.05                           clknet_0_clk (net)
                  0.05    0.00    0.17 ^ clkbuf_2_0__f_clk/A (sky130_fd_sc_hd__clkbuf_16)
                  0.04    0.11    0.27 ^ clkbuf_2_0__f_clk/X (sky130_fd_sc_hd__clkbuf_16)
    11    0.04                           clknet_2_0__leaf_clk (net)
                  0.04    0.00    0.28 ^ _421_/CLK (sky130_fd_sc_hd__dfrtp_1)
                          0.25    0.53   clock uncertainty
                          0.00    0.53   clock reconvergence pessimism
                          0.20    0.72   library removal time
                                  0.72   data required time
-----------------------------------------------------------------------------
                                  0.72   data required time
                                 -2.39   data arrival time
-----------------------------------------------------------------------------
                                  1.66   slack (MET)


Startpoint: rst (input port clocked by clk)
Endpoint: _440_ (removal check against rising-edge clock clk)
Path Group: asynchronous
Path Type: min
Corner: Fastest

Fanout     Cap    Slew   Delay    Time   Description
-----------------------------------------------------------------------------
                          0.00    0.00   clock clk (rise edge)
                          0.00    0.00   clock network delay (propagated)
                          2.00    2.00 v input external delay
                  0.01    0.00    2.00 v rst (in)
     2    0.00                           rst (net)
                  0.01    0.00    2.00 v input1/A (sky130_fd_sc_hd__buf_1)
                  0.05    0.07    2.07 v input1/X (sky130_fd_sc_hd__buf_1)
     1    0.01                           net1 (net)
                  0.05    0.00    2.07 v _356_/A (sky130_fd_sc_hd__clkbuf_4)
                  0.07    0.13    2.20 v _356_/X (sky130_fd_sc_hd__clkbuf_4)
     9    0.05                           _200_ (net)
                  0.07    0.00    2.21 v _390_/A (sky130_fd_sc_hd__buf_4)
                  0.06    0.14    2.35 v _390_/X (sky130_fd_sc_hd__buf_4)
    10    0.06                           _204_ (net)
                  0.06    0.00    2.35 v _395_/A (sky130_fd_sc_hd__inv_2)
                  0.03    0.04    2.39 ^ _395_/Y (sky130_fd_sc_hd__inv_2)
     1    0.00                           _034_ (net)
                  0.03    0.00    2.39 ^ _440_/RESET_B (sky130_fd_sc_hd__dfrtp_4)
                                  2.39   data arrival time

                          0.00    0.00   clock clk (rise edge)
                          0.00    0.00   clock source latency
                  0.07    0.05    0.05 ^ clk (in)
     2    0.02                           clk (net)
                  0.07    0.00    0.05 ^ clkbuf_0_clk/A (sky130_fd_sc_hd__clkbuf_16)
                  0.05    0.12    0.17 ^ clkbuf_0_clk/X (sky130_fd_sc_hd__clkbuf_16)
     4    0.05                           clknet_0_clk (net)
                  0.05    0.00    0.17 ^ clkbuf_2_0__f_clk/A (sky130_fd_sc_hd__clkbuf_16)
                  0.04    0.11    0.27 ^ clkbuf_2_0__f_clk/X (sky130_fd_sc_hd__clkbuf_16)
    11    0.04                           clknet_2_0__leaf_clk (net)
                  0.04    0.00    0.28 ^ _440_/CLK (sky130_fd_sc_hd__dfrtp_4)
                          0.25    0.53   clock uncertainty
                          0.00    0.53   clock reconvergence pessimism
                          0.20    0.72   library removal time
                                  0.72   data required time
-----------------------------------------------------------------------------
                                  0.72   data required time
                                 -2.39   data arrival time
-----------------------------------------------------------------------------
                                  1.66   slack (MET)


Startpoint: rst (input port clocked by clk)
Endpoint: _413_ (removal check against rising-edge clock clk)
Path Group: asynchronous
Path Type: min
Corner: Fastest

Fanout     Cap    Slew   Delay    Time   Description
-----------------------------------------------------------------------------
                          0.00    0.00   clock clk (rise edge)
                          0.00    0.00   clock network delay (propagated)
                          2.00    2.00 v input external delay
                  0.01    0.00    2.00 v rst (in)
     2    0.00                           rst (net)
                  0.01    0.00    2.00 v input1/A (sky130_fd_sc_hd__buf_1)
                  0.05    0.07    2.07 v input1/X (sky130_fd_sc_hd__buf_1)
     1    0.01                           net1 (net)
                  0.05    0.00    2.07 v _356_/A (sky130_fd_sc_hd__clkbuf_4)
                  0.07    0.13    2.20 v _356_/X (sky130_fd_sc_hd__clkbuf_4)
     9    0.05                           _200_ (net)
                  0.07    0.00    2.21 v _357_/A (sky130_fd_sc_hd__buf_4)
                  0.06    0.14    2.34 v _357_/X (sky130_fd_sc_hd__buf_4)
    10    0.06                           _201_ (net)
                  0.06    0.00    2.34 v _365_/A (sky130_fd_sc_hd__inv_2)
                  0.03    0.04    2.38 ^ _365_/Y (sky130_fd_sc_hd__inv_2)
     1    0.00                           _007_ (net)
                  0.03    0.00    2.39 ^ _413_/RESET_B (sky130_fd_sc_hd__dfrtp_1)
                                  2.39   data arrival time

                          0.00    0.00   clock clk (rise edge)
                          0.00    0.00   clock source latency
                  0.07    0.05    0.05 ^ clk (in)
     2    0.02                           clk (net)
                  0.07    0.00    0.05 ^ clkbuf_0_clk/A (sky130_fd_sc_hd__clkbuf_16)
                  0.05    0.12    0.17 ^ clkbuf_0_clk/X (sky130_fd_sc_hd__clkbuf_16)
     4    0.05                           clknet_0_clk (net)
                  0.05    0.00    0.17 ^ clkbuf_2_2__f_clk/A (sky130_fd_sc_hd__clkbuf_16)
                  0.04    0.10    0.27 ^ clkbuf_2_2__f_clk/X (sky130_fd_sc_hd__clkbuf_16)
    11    0.03                           clknet_2_2__leaf_clk (net)
                  0.04    0.00    0.27 ^ _413_/CLK (sky130_fd_sc_hd__dfrtp_1)
                          0.25    0.52   clock uncertainty
                          0.00    0.52   clock reconvergence pessimism
                          0.20    0.72   library removal time
                                  0.72   data required time
-----------------------------------------------------------------------------
                                  0.72   data required time
                                 -2.39   data arrival time
-----------------------------------------------------------------------------
                                  1.66   slack (MET)


Startpoint: rst (input port clocked by clk)
Endpoint: _437_ (removal check against rising-edge clock clk)
Path Group: asynchronous
Path Type: min
Corner: Fastest

Fanout     Cap    Slew   Delay    Time   Description
-----------------------------------------------------------------------------
                          0.00    0.00   clock clk (rise edge)
                          0.00    0.00   clock network delay (propagated)
                          2.00    2.00 v input external delay
                  0.01    0.00    2.00 v rst (in)
     2    0.00                           rst (net)
                  0.01    0.00    2.00 v input1/A (sky130_fd_sc_hd__buf_1)
                  0.05    0.07    2.07 v input1/X (sky130_fd_sc_hd__buf_1)
     1    0.01                           net1 (net)
                  0.05    0.00    2.07 v _356_/A (sky130_fd_sc_hd__clkbuf_4)
                  0.07    0.13    2.20 v _356_/X (sky130_fd_sc_hd__clkbuf_4)
     9    0.05                           _200_ (net)
                  0.07    0.00    2.21 v _390_/A (sky130_fd_sc_hd__buf_4)
                  0.06    0.14    2.35 v _390_/X (sky130_fd_sc_hd__buf_4)
    10    0.06                           _204_ (net)
                  0.06    0.00    2.35 v _392_/A (sky130_fd_sc_hd__inv_2)
                  0.03    0.04    2.39 ^ _392_/Y (sky130_fd_sc_hd__inv_2)
     1    0.00                           _031_ (net)
                  0.03    0.00    2.39 ^ _437_/RESET_B (sky130_fd_sc_hd__dfrtp_1)
                                  2.39   data arrival time

                          0.00    0.00   clock clk (rise edge)
                          0.00    0.00   clock source latency
                  0.07    0.05    0.05 ^ clk (in)
     2    0.02                           clk (net)
                  0.07    0.00    0.05 ^ clkbuf_0_clk/A (sky130_fd_sc_hd__clkbuf_16)
                  0.05    0.12    0.17 ^ clkbuf_0_clk/X (sky130_fd_sc_hd__clkbuf_16)
     4    0.05                           clknet_0_clk (net)
                  0.05    0.00    0.17 ^ clkbuf_2_0__f_clk/A (sky130_fd_sc_hd__clkbuf_16)
                  0.04    0.11    0.27 ^ clkbuf_2_0__f_clk/X (sky130_fd_sc_hd__clkbuf_16)
    11    0.04                           clknet_2_0__leaf_clk (net)
                  0.04    0.00    0.27 ^ _437_/CLK (sky130_fd_sc_hd__dfrtp_1)
                          0.25    0.52   clock uncertainty
                          0.00    0.52   clock reconvergence pessimism
                          0.20    0.72   library removal time
                                  0.72   data required time
-----------------------------------------------------------------------------
                                  0.72   data required time
                                 -2.39   data arrival time
-----------------------------------------------------------------------------
                                  1.67   slack (MET)


Startpoint: rst (input port clocked by clk)
Endpoint: _436_ (removal check against rising-edge clock clk)
Path Group: asynchronous
Path Type: min
Corner: Fastest

Fanout     Cap    Slew   Delay    Time   Description
-----------------------------------------------------------------------------
                          0.00    0.00   clock clk (rise edge)
                          0.00    0.00   clock network delay (propagated)
                          2.00    2.00 v input external delay
                  0.01    0.00    2.00 v rst (in)
     2    0.00                           rst (net)
                  0.01    0.00    2.00 v input1/A (sky130_fd_sc_hd__buf_1)
                  0.05    0.07    2.07 v input1/X (sky130_fd_sc_hd__buf_1)
     1    0.01                           net1 (net)
                  0.05    0.00    2.07 v _356_/A (sky130_fd_sc_hd__clkbuf_4)
                  0.07    0.13    2.20 v _356_/X (sky130_fd_sc_hd__clkbuf_4)
     9    0.05                           _200_ (net)
                  0.07    0.00    2.21 v _390_/A (sky130_fd_sc_hd__buf_4)
                  0.06    0.14    2.35 v _390_/X (sky130_fd_sc_hd__buf_4)
    10    0.06                           _204_ (net)
                  0.06    0.00    2.35 v _391_/A (sky130_fd_sc_hd__inv_2)
                  0.03    0.04    2.39 ^ _391_/Y (sky130_fd_sc_hd__inv_2)
     1    0.00                           _030_ (net)
                  0.03    0.00    2.39 ^ _436_/RESET_B (sky130_fd_sc_hd__dfrtp_1)
                                  2.39   data arrival time

                          0.00    0.00   clock clk (rise edge)
                          0.00    0.00   clock source latency
                  0.07    0.05    0.05 ^ clk (in)
     2    0.02                           clk (net)
                  0.07    0.00    0.05 ^ clkbuf_0_clk/A (sky130_fd_sc_hd__clkbuf_16)
                  0.05    0.12    0.17 ^ clkbuf_0_clk/X (sky130_fd_sc_hd__clkbuf_16)
     4    0.05                           clknet_0_clk (net)
                  0.05    0.00    0.17 ^ clkbuf_2_0__f_clk/A (sky130_fd_sc_hd__clkbuf_16)
                  0.04    0.11    0.27 ^ clkbuf_2_0__f_clk/X (sky130_fd_sc_hd__clkbuf_16)
    11    0.04                           clknet_2_0__leaf_clk (net)
                  0.04    0.00    0.28 ^ _436_/CLK (sky130_fd_sc_hd__dfrtp_1)
                          0.25    0.53   clock uncertainty
                          0.00    0.53   clock reconvergence pessimism
                          0.20    0.72   library removal time
                                  0.72   data required time
-----------------------------------------------------------------------------
                                  0.72   data required time
                                 -2.39   data arrival time
-----------------------------------------------------------------------------
                                  1.67   slack (MET)


Startpoint: rst (input port clocked by clk)
Endpoint: _445_ (removal check against rising-edge clock clk)
Path Group: asynchronous
Path Type: min
Corner: Fastest

Fanout     Cap    Slew   Delay    Time   Description
-----------------------------------------------------------------------------
                          0.00    0.00   clock clk (rise edge)
                          0.00    0.00   clock network delay (propagated)
                          2.00    2.00 v input external delay
                  0.01    0.00    2.00 v rst (in)
     2    0.00                           rst (net)
                  0.01    0.00    2.00 v input1/A (sky130_fd_sc_hd__buf_1)
                  0.05    0.07    2.07 v input1/X (sky130_fd_sc_hd__buf_1)
     1    0.01                           net1 (net)
                  0.05    0.00    2.07 v _356_/A (sky130_fd_sc_hd__clkbuf_4)
                  0.07    0.13    2.20 v _356_/X (sky130_fd_sc_hd__clkbuf_4)
     9    0.05                           _200_ (net)
                  0.07    0.00    2.21 v _390_/A (sky130_fd_sc_hd__buf_4)
                  0.06    0.14    2.35 v _390_/X (sky130_fd_sc_hd__buf_4)
    10    0.06                           _204_ (net)
                  0.06    0.00    2.35 v _400_/A (sky130_fd_sc_hd__inv_2)
                  0.03    0.04    2.39 ^ _400_/Y (sky130_fd_sc_hd__inv_2)
     1    0.00                           _039_ (net)
                  0.03    0.00    2.39 ^ _445_/RESET_B (sky130_fd_sc_hd__dfrtp_2)
                                  2.39   data arrival time

                          0.00    0.00   clock clk (rise edge)
                          0.00    0.00   clock source latency
                  0.07    0.05    0.05 ^ clk (in)
     2    0.02                           clk (net)
                  0.07    0.00    0.05 ^ clkbuf_0_clk/A (sky130_fd_sc_hd__clkbuf_16)
                  0.05    0.12    0.17 ^ clkbuf_0_clk/X (sky130_fd_sc_hd__clkbuf_16)
     4    0.05                           clknet_0_clk (net)
                  0.05    0.00    0.17 ^ clkbuf_2_0__f_clk/A (sky130_fd_sc_hd__clkbuf_16)
                  0.04    0.11    0.27 ^ clkbuf_2_0__f_clk/X (sky130_fd_sc_hd__clkbuf_16)
    11    0.04                           clknet_2_0__leaf_clk (net)
                  0.04    0.00    0.27 ^ _445_/CLK (sky130_fd_sc_hd__dfrtp_2)
                          0.25    0.52   clock uncertainty
                          0.00    0.52   clock reconvergence pessimism
                          0.20    0.72   library removal time
                                  0.72   data required time
-----------------------------------------------------------------------------
                                  0.72   data required time
                                 -2.39   data arrival time
-----------------------------------------------------------------------------
                                  1.67   slack (MET)


Startpoint: rst (input port clocked by clk)
Endpoint: _439_ (removal check against rising-edge clock clk)
Path Group: asynchronous
Path Type: min
Corner: Fastest

Fanout     Cap    Slew   Delay    Time   Description
-----------------------------------------------------------------------------
                          0.00    0.00   clock clk (rise edge)
                          0.00    0.00   clock network delay (propagated)
                          2.00    2.00 v input external delay
                  0.01    0.00    2.00 v rst (in)
     2    0.00                           rst (net)
                  0.01    0.00    2.00 v input1/A (sky130_fd_sc_hd__buf_1)
                  0.05    0.07    2.07 v input1/X (sky130_fd_sc_hd__buf_1)
     1    0.01                           net1 (net)
                  0.05    0.00    2.07 v _356_/A (sky130_fd_sc_hd__clkbuf_4)
                  0.07    0.13    2.20 v _356_/X (sky130_fd_sc_hd__clkbuf_4)
     9    0.05                           _200_ (net)
                  0.07    0.00    2.21 v _390_/A (sky130_fd_sc_hd__buf_4)
                  0.06    0.14    2.35 v _390_/X (sky130_fd_sc_hd__buf_4)
    10    0.06                           _204_ (net)
                  0.06    0.00    2.35 v _394_/A (sky130_fd_sc_hd__inv_2)
                  0.03    0.04    2.39 ^ _394_/Y (sky130_fd_sc_hd__inv_2)
     1    0.00                           _033_ (net)
                  0.03    0.00    2.39 ^ _439_/RESET_B (sky130_fd_sc_hd__dfrtp_1)
                                  2.39   data arrival time

                          0.00    0.00   clock clk (rise edge)
                          0.00    0.00   clock source latency
                  0.07    0.05    0.05 ^ clk (in)
     2    0.02                           clk (net)
                  0.07    0.00    0.05 ^ clkbuf_0_clk/A (sky130_fd_sc_hd__clkbuf_16)
                  0.05    0.12    0.17 ^ clkbuf_0_clk/X (sky130_fd_sc_hd__clkbuf_16)
     4    0.05                           clknet_0_clk (net)
                  0.05    0.00    0.17 ^ clkbuf_2_0__f_clk/A (sky130_fd_sc_hd__clkbuf_16)
                  0.04    0.11    0.27 ^ clkbuf_2_0__f_clk/X (sky130_fd_sc_hd__clkbuf_16)
    11    0.04                           clknet_2_0__leaf_clk (net)
                  0.04    0.00    0.28 ^ _439_/CLK (sky130_fd_sc_hd__dfrtp_1)
                          0.25    0.53   clock uncertainty
                          0.00    0.53   clock reconvergence pessimism
                          0.20    0.72   library removal time
                                  0.72   data required time
-----------------------------------------------------------------------------
                                  0.72   data required time
                                 -2.39   data arrival time
-----------------------------------------------------------------------------
                                  1.67   slack (MET)


Startpoint: rst (input port clocked by clk)
Endpoint: _412_ (removal check against rising-edge clock clk)
Path Group: asynchronous
Path Type: min
Corner: Fastest

Fanout     Cap    Slew   Delay    Time   Description
-----------------------------------------------------------------------------
                          0.00    0.00   clock clk (rise edge)
                          0.00    0.00   clock network delay (propagated)
                          2.00    2.00 v input external delay
                  0.01    0.00    2.00 v rst (in)
     2    0.00                           rst (net)
                  0.01    0.00    2.00 v input1/A (sky130_fd_sc_hd__buf_1)
                  0.05    0.07    2.07 v input1/X (sky130_fd_sc_hd__buf_1)
     1    0.01                           net1 (net)
                  0.05    0.00    2.07 v _356_/A (sky130_fd_sc_hd__clkbuf_4)
                  0.07    0.13    2.20 v _356_/X (sky130_fd_sc_hd__clkbuf_4)
     9    0.05                           _200_ (net)
                  0.07    0.00    2.21 v _357_/A (sky130_fd_sc_hd__buf_4)
                  0.06    0.14    2.34 v _357_/X (sky130_fd_sc_hd__buf_4)
    10    0.06                           _201_ (net)
                  0.06    0.00    2.34 v _364_/A (sky130_fd_sc_hd__inv_2)
                  0.02    0.04    2.38 ^ _364_/Y (sky130_fd_sc_hd__inv_2)
     1    0.00                           _006_ (net)
                  0.02    0.00    2.38 ^ _412_/RESET_B (sky130_fd_sc_hd__dfrtp_1)
                                  2.38   data arrival time

                          0.00    0.00   clock clk (rise edge)
                          0.00    0.00   clock source latency
                  0.07    0.05    0.05 ^ clk (in)
     2    0.02                           clk (net)
                  0.07    0.00    0.05 ^ clkbuf_0_clk/A (sky130_fd_sc_hd__clkbuf_16)
                  0.05    0.12    0.17 ^ clkbuf_0_clk/X (sky130_fd_sc_hd__clkbuf_16)
     4    0.05                           clknet_0_clk (net)
                  0.05    0.00    0.17 ^ clkbuf_2_3__f_clk/A (sky130_fd_sc_hd__clkbuf_16)
                  0.04    0.10    0.27 ^ clkbuf_2_3__f_clk/X (sky130_fd_sc_hd__clkbuf_16)
     8    0.03                           clknet_2_3__leaf_clk (net)
                  0.04    0.00    0.27 ^ _412_/CLK (sky130_fd_sc_hd__dfrtp_1)
                          0.25    0.52   clock uncertainty
                          0.00    0.52   clock reconvergence pessimism
                          0.20    0.72   library removal time
                                  0.72   data required time
-----------------------------------------------------------------------------
                                  0.72   data required time
                                 -2.38   data arrival time
-----------------------------------------------------------------------------
                                  1.67   slack (MET)


Startpoint: rst (input port clocked by clk)
Endpoint: _442_ (removal check against rising-edge clock clk)
Path Group: asynchronous
Path Type: min
Corner: Fastest

Fanout     Cap    Slew   Delay    Time   Description
-----------------------------------------------------------------------------
                          0.00    0.00   clock clk (rise edge)
                          0.00    0.00   clock network delay (propagated)
                          2.00    2.00 v input external delay
                  0.01    0.00    2.00 v rst (in)
     2    0.00                           rst (net)
                  0.01    0.00    2.00 v input1/A (sky130_fd_sc_hd__buf_1)
                  0.05    0.07    2.07 v input1/X (sky130_fd_sc_hd__buf_1)
     1    0.01                           net1 (net)
                  0.05    0.00    2.07 v _356_/A (sky130_fd_sc_hd__clkbuf_4)
                  0.07    0.13    2.20 v _356_/X (sky130_fd_sc_hd__clkbuf_4)
     9    0.05                           _200_ (net)
                  0.07    0.00    2.21 v _390_/A (sky130_fd_sc_hd__buf_4)
                  0.06    0.14    2.35 v _390_/X (sky130_fd_sc_hd__buf_4)
    10    0.06                           _204_ (net)
                  0.06    0.00    2.35 v _397_/A (sky130_fd_sc_hd__inv_2)
                  0.03    0.04    2.39 ^ _397_/Y (sky130_fd_sc_hd__inv_2)
     1    0.00                           _036_ (net)
                  0.03    0.00    2.39 ^ _442_/RESET_B (sky130_fd_sc_hd__dfrtp_2)
                                  2.39   data arrival time

                          0.00    0.00   clock clk (rise edge)
                          0.00    0.00   clock source latency
                  0.07    0.05    0.05 ^ clk (in)
     2    0.02                           clk (net)
                  0.07    0.00    0.05 ^ clkbuf_0_clk/A (sky130_fd_sc_hd__clkbuf_16)
                  0.05    0.12    0.17 ^ clkbuf_0_clk/X (sky130_fd_sc_hd__clkbuf_16)
     4    0.05                           clknet_0_clk (net)
                  0.05    0.00    0.17 ^ clkbuf_2_0__f_clk/A (sky130_fd_sc_hd__clkbuf_16)
                  0.04    0.11    0.27 ^ clkbuf_2_0__f_clk/X (sky130_fd_sc_hd__clkbuf_16)
    11    0.04                           clknet_2_0__leaf_clk (net)
                  0.04    0.00    0.28 ^ _442_/CLK (sky130_fd_sc_hd__dfrtp_2)
                          0.25    0.53   clock uncertainty
                          0.00    0.53   clock reconvergence pessimism
                          0.20    0.72   library removal time
                                  0.72   data required time
-----------------------------------------------------------------------------
                                  0.72   data required time
                                 -2.39   data arrival time
-----------------------------------------------------------------------------
                                  1.67   slack (MET)


Startpoint: rst (input port clocked by clk)
Endpoint: _406_ (removal check against rising-edge clock clk)
Path Group: asynchronous
Path Type: min
Corner: Fastest

Fanout     Cap    Slew   Delay    Time   Description
-----------------------------------------------------------------------------
                          0.00    0.00   clock clk (rise edge)
                          0.00    0.00   clock network delay (propagated)
                          2.00    2.00 v input external delay
                  0.01    0.00    2.00 v rst (in)
     2    0.00                           rst (net)
                  0.01    0.00    2.00 v input1/A (sky130_fd_sc_hd__buf_1)
                  0.05    0.07    2.07 v input1/X (sky130_fd_sc_hd__buf_1)
     1    0.01                           net1 (net)
                  0.05    0.00    2.07 v _356_/A (sky130_fd_sc_hd__clkbuf_4)
                  0.07    0.13    2.20 v _356_/X (sky130_fd_sc_hd__clkbuf_4)
     9    0.05                           _200_ (net)
                  0.07    0.00    2.21 v _357_/A (sky130_fd_sc_hd__buf_4)
                  0.06    0.14    2.34 v _357_/X (sky130_fd_sc_hd__buf_4)
    10    0.06                           _201_ (net)
                  0.06    0.00    2.34 v _358_/A (sky130_fd_sc_hd__inv_2)
                  0.03    0.04    2.38 ^ _358_/Y (sky130_fd_sc_hd__inv_2)
     1    0.00                           _000_ (net)
                  0.03    0.00    2.38 ^ _406_/RESET_B (sky130_fd_sc_hd__dfrtp_2)
                                  2.38   data arrival time

                          0.00    0.00   clock clk (rise edge)
                          0.00    0.00   clock source latency
                  0.07    0.05    0.05 ^ clk (in)
     2    0.02                           clk (net)
                  0.07    0.00    0.05 ^ clkbuf_0_clk/A (sky130_fd_sc_hd__clkbuf_16)
                  0.05    0.12    0.17 ^ clkbuf_0_clk/X (sky130_fd_sc_hd__clkbuf_16)
     4    0.05                           clknet_0_clk (net)
                  0.05    0.00    0.17 ^ clkbuf_2_3__f_clk/A (sky130_fd_sc_hd__clkbuf_16)
                  0.04    0.10    0.27 ^ clkbuf_2_3__f_clk/X (sky130_fd_sc_hd__clkbuf_16)
     8    0.03                           clknet_2_3__leaf_clk (net)
                  0.04    0.00    0.27 ^ _406_/CLK (sky130_fd_sc_hd__dfrtp_2)
                          0.25    0.52   clock uncertainty
                          0.00    0.52   clock reconvergence pessimism
                          0.20    0.72   library removal time
                                  0.72   data required time
-----------------------------------------------------------------------------
                                  0.72   data required time
                                 -2.38   data arrival time
-----------------------------------------------------------------------------
                                  1.67   slack (MET)


Startpoint: rst (input port clocked by clk)
Endpoint: _408_ (removal check against rising-edge clock clk)
Path Group: asynchronous
Path Type: min
Corner: Fastest

Fanout     Cap    Slew   Delay    Time   Description
-----------------------------------------------------------------------------
                          0.00    0.00   clock clk (rise edge)
                          0.00    0.00   clock network delay (propagated)
                          2.00    2.00 v input external delay
                  0.01    0.00    2.00 v rst (in)
     2    0.00                           rst (net)
                  0.01    0.00    2.00 v input1/A (sky130_fd_sc_hd__buf_1)
                  0.05    0.07    2.07 v input1/X (sky130_fd_sc_hd__buf_1)
     1    0.01                           net1 (net)
                  0.05    0.00    2.07 v _356_/A (sky130_fd_sc_hd__clkbuf_4)
                  0.07    0.13    2.20 v _356_/X (sky130_fd_sc_hd__clkbuf_4)
     9    0.05                           _200_ (net)
                  0.07    0.00    2.21 v _357_/A (sky130_fd_sc_hd__buf_4)
                  0.06    0.14    2.34 v _357_/X (sky130_fd_sc_hd__buf_4)
    10    0.06                           _201_ (net)
                  0.06    0.00    2.34 v _360_/A (sky130_fd_sc_hd__inv_2)
                  0.03    0.04    2.38 ^ _360_/Y (sky130_fd_sc_hd__inv_2)
     1    0.00                           _002_ (net)
                  0.03    0.00    2.38 ^ _408_/RESET_B (sky130_fd_sc_hd__dfrtp_1)
                                  2.38   data arrival time

                          0.00    0.00   clock clk (rise edge)
                          0.00    0.00   clock source latency
                  0.07    0.05    0.05 ^ clk (in)
     2    0.02                           clk (net)
                  0.07    0.00    0.05 ^ clkbuf_0_clk/A (sky130_fd_sc_hd__clkbuf_16)
                  0.05    0.12    0.17 ^ clkbuf_0_clk/X (sky130_fd_sc_hd__clkbuf_16)
     4    0.05                           clknet_0_clk (net)
                  0.05    0.00    0.17 ^ clkbuf_2_3__f_clk/A (sky130_fd_sc_hd__clkbuf_16)
                  0.04    0.10    0.27 ^ clkbuf_2_3__f_clk/X (sky130_fd_sc_hd__clkbuf_16)
     8    0.03                           clknet_2_3__leaf_clk (net)
                  0.04    0.00    0.27 ^ _408_/CLK (sky130_fd_sc_hd__dfrtp_1)
                          0.25    0.52   clock uncertainty
                          0.00    0.52   clock reconvergence pessimism
                          0.20    0.72   library removal time
                                  0.72   data required time
-----------------------------------------------------------------------------
                                  0.72   data required time
                                 -2.38   data arrival time
-----------------------------------------------------------------------------
                                  1.67   slack (MET)


Startpoint: rst (input port clocked by clk)
Endpoint: _417_ (removal check against rising-edge clock clk)
Path Group: asynchronous
Path Type: min
Corner: Fastest

Fanout     Cap    Slew   Delay    Time   Description
-----------------------------------------------------------------------------
                          0.00    0.00   clock clk (rise edge)
                          0.00    0.00   clock network delay (propagated)
                          2.00    2.00 v input external delay
                  0.01    0.00    2.00 v rst (in)
     2    0.00                           rst (net)
                  0.01    0.00    2.00 v input1/A (sky130_fd_sc_hd__buf_1)
                  0.05    0.07    2.07 v input1/X (sky130_fd_sc_hd__buf_1)
     1    0.01                           net1 (net)
                  0.05    0.00    2.07 v _356_/A (sky130_fd_sc_hd__clkbuf_4)
                  0.07    0.13    2.20 v _356_/X (sky130_fd_sc_hd__clkbuf_4)
     9    0.05                           _200_ (net)
                  0.07    0.00    2.21 v _368_/A (sky130_fd_sc_hd__buf_4)
                  0.06    0.14    2.35 v _368_/X (sky130_fd_sc_hd__buf_4)
    10    0.06                           _202_ (net)
                  0.06    0.00    2.35 v _370_/A (sky130_fd_sc_hd__inv_2)
                  0.03    0.04    2.39 ^ _370_/Y (sky130_fd_sc_hd__inv_2)
     1    0.00                           _011_ (net)
                  0.03    0.00    2.39 ^ _417_/RESET_B (sky130_fd_sc_hd__dfrtp_4)
                                  2.39   data arrival time

                          0.00    0.00   clock clk (rise edge)
                          0.00    0.00   clock source latency
                  0.07    0.05    0.05 ^ clk (in)
     2    0.02                           clk (net)
                  0.07    0.00    0.05 ^ clkbuf_0_clk/A (sky130_fd_sc_hd__clkbuf_16)
                  0.05    0.12    0.17 ^ clkbuf_0_clk/X (sky130_fd_sc_hd__clkbuf_16)
     4    0.05                           clknet_0_clk (net)
                  0.05    0.00    0.17 ^ clkbuf_2_2__f_clk/A (sky130_fd_sc_hd__clkbuf_16)
                  0.04    0.10    0.27 ^ clkbuf_2_2__f_clk/X (sky130_fd_sc_hd__clkbuf_16)
    11    0.03                           clknet_2_2__leaf_clk (net)
                  0.04    0.00    0.27 ^ _417_/CLK (sky130_fd_sc_hd__dfrtp_4)
                          0.25    0.52   clock uncertainty
                          0.00    0.52   clock reconvergence pessimism
                          0.20    0.72   library removal time
                                  0.72   data required time
-----------------------------------------------------------------------------
                                  0.72   data required time
                                 -2.39   data arrival time
-----------------------------------------------------------------------------
                                  1.67   slack (MET)


Startpoint: rst (input port clocked by clk)
Endpoint: _441_ (removal check against rising-edge clock clk)
Path Group: asynchronous
Path Type: min
Corner: Fastest

Fanout     Cap    Slew   Delay    Time   Description
-----------------------------------------------------------------------------
                          0.00    0.00   clock clk (rise edge)
                          0.00    0.00   clock network delay (propagated)
                          2.00    2.00 v input external delay
                  0.01    0.00    2.00 v rst (in)
     2    0.00                           rst (net)
                  0.01    0.00    2.00 v input1/A (sky130_fd_sc_hd__buf_1)
                  0.05    0.07    2.07 v input1/X (sky130_fd_sc_hd__buf_1)
     1    0.01                           net1 (net)
                  0.05    0.00    2.07 v _356_/A (sky130_fd_sc_hd__clkbuf_4)
                  0.07    0.13    2.20 v _356_/X (sky130_fd_sc_hd__clkbuf_4)
     9    0.05                           _200_ (net)
                  0.07    0.00    2.21 v _390_/A (sky130_fd_sc_hd__buf_4)
                  0.06    0.14    2.35 v _390_/X (sky130_fd_sc_hd__buf_4)
    10    0.06                           _204_ (net)
                  0.06    0.00    2.35 v _396_/A (sky130_fd_sc_hd__inv_2)
                  0.03    0.04    2.39 ^ _396_/Y (sky130_fd_sc_hd__inv_2)
     1    0.00                           _035_ (net)
                  0.03    0.00    2.39 ^ _441_/RESET_B (sky130_fd_sc_hd__dfrtp_2)
                                  2.39   data arrival time

                          0.00    0.00   clock clk (rise edge)
                          0.00    0.00   clock source latency
                  0.07    0.05    0.05 ^ clk (in)
     2    0.02                           clk (net)
                  0.07    0.00    0.05 ^ clkbuf_0_clk/A (sky130_fd_sc_hd__clkbuf_16)
                  0.05    0.12    0.17 ^ clkbuf_0_clk/X (sky130_fd_sc_hd__clkbuf_16)
     4    0.05                           clknet_0_clk (net)
                  0.05    0.00    0.17 ^ clkbuf_2_0__f_clk/A (sky130_fd_sc_hd__clkbuf_16)
                  0.04    0.11    0.27 ^ clkbuf_2_0__f_clk/X (sky130_fd_sc_hd__clkbuf_16)
    11    0.04                           clknet_2_0__leaf_clk (net)
                  0.04    0.00    0.28 ^ _441_/CLK (sky130_fd_sc_hd__dfrtp_2)
                          0.25    0.53   clock uncertainty
                          0.00    0.53   clock reconvergence pessimism
                          0.20    0.72   library removal time
                                  0.72   data required time
-----------------------------------------------------------------------------
                                  0.72   data required time
                                 -2.39   data arrival time
-----------------------------------------------------------------------------
                                  1.67   slack (MET)


Startpoint: rst (input port clocked by clk)
Endpoint: _411_ (removal check against rising-edge clock clk)
Path Group: asynchronous
Path Type: min
Corner: Fastest

Fanout     Cap    Slew   Delay    Time   Description
-----------------------------------------------------------------------------
                          0.00    0.00   clock clk (rise edge)
                          0.00    0.00   clock network delay (propagated)
                          2.00    2.00 v input external delay
                  0.01    0.00    2.00 v rst (in)
     2    0.00                           rst (net)
                  0.01    0.00    2.00 v input1/A (sky130_fd_sc_hd__buf_1)
                  0.05    0.07    2.07 v input1/X (sky130_fd_sc_hd__buf_1)
     1    0.01                           net1 (net)
                  0.05    0.00    2.07 v _356_/A (sky130_fd_sc_hd__clkbuf_4)
                  0.07    0.13    2.20 v _356_/X (sky130_fd_sc_hd__clkbuf_4)
     9    0.05                           _200_ (net)
                  0.07    0.00    2.21 v _357_/A (sky130_fd_sc_hd__buf_4)
                  0.06    0.14    2.34 v _357_/X (sky130_fd_sc_hd__buf_4)
    10    0.06                           _201_ (net)
                  0.06    0.00    2.34 v _363_/A (sky130_fd_sc_hd__inv_2)
                  0.03    0.04    2.38 ^ _363_/Y (sky130_fd_sc_hd__inv_2)
     1    0.00                           _005_ (net)
                  0.03    0.00    2.38 ^ _411_/RESET_B (sky130_fd_sc_hd__dfrtp_1)
                                  2.38   data arrival time

                          0.00    0.00   clock clk (rise edge)
                          0.00    0.00   clock source latency
                  0.07    0.05    0.05 ^ clk (in)
     2    0.02                           clk (net)
                  0.07    0.00    0.05 ^ clkbuf_0_clk/A (sky130_fd_sc_hd__clkbuf_16)
                  0.05    0.12    0.17 ^ clkbuf_0_clk/X (sky130_fd_sc_hd__clkbuf_16)
     4    0.05                           clknet_0_clk (net)
                  0.05    0.00    0.17 ^ clkbuf_2_3__f_clk/A (sky130_fd_sc_hd__clkbuf_16)
                  0.04    0.10    0.27 ^ clkbuf_2_3__f_clk/X (sky130_fd_sc_hd__clkbuf_16)
     8    0.03                           clknet_2_3__leaf_clk (net)
                  0.04    0.00    0.27 ^ _411_/CLK (sky130_fd_sc_hd__dfrtp_1)
                          0.25    0.52   clock uncertainty
                          0.00    0.52   clock reconvergence pessimism
                          0.20    0.72   library removal time
                                  0.72   data required time
-----------------------------------------------------------------------------
                                  0.72   data required time
                                 -2.38   data arrival time
-----------------------------------------------------------------------------
                                  1.67   slack (MET)


Startpoint: rst (input port clocked by clk)
Endpoint: _419_ (removal check against rising-edge clock clk)
Path Group: asynchronous
Path Type: min
Corner: Fastest

Fanout     Cap    Slew   Delay    Time   Description
-----------------------------------------------------------------------------
                          0.00    0.00   clock clk (rise edge)
                          0.00    0.00   clock network delay (propagated)
                          2.00    2.00 v input external delay
                  0.01    0.00    2.00 v rst (in)
     2    0.00                           rst (net)
                  0.01    0.00    2.00 v input1/A (sky130_fd_sc_hd__buf_1)
                  0.05    0.07    2.07 v input1/X (sky130_fd_sc_hd__buf_1)
     1    0.01                           net1 (net)
                  0.05    0.00    2.07 v _356_/A (sky130_fd_sc_hd__clkbuf_4)
                  0.07    0.13    2.20 v _356_/X (sky130_fd_sc_hd__clkbuf_4)
     9    0.05                           _200_ (net)
                  0.07    0.00    2.21 v _368_/A (sky130_fd_sc_hd__buf_4)
                  0.06    0.14    2.35 v _368_/X (sky130_fd_sc_hd__buf_4)
    10    0.06                           _202_ (net)
                  0.06    0.00    2.35 v _372_/A (sky130_fd_sc_hd__inv_2)
                  0.03    0.04    2.39 ^ _372_/Y (sky130_fd_sc_hd__inv_2)
     1    0.00                           _013_ (net)
                  0.03    0.00    2.39 ^ _419_/RESET_B (sky130_fd_sc_hd__dfrtp_1)
                                  2.39   data arrival time

                          0.00    0.00   clock clk (rise edge)
                          0.00    0.00   clock source latency
                  0.07    0.05    0.05 ^ clk (in)
     2    0.02                           clk (net)
                  0.07    0.00    0.05 ^ clkbuf_0_clk/A (sky130_fd_sc_hd__clkbuf_16)
                  0.05    0.12    0.17 ^ clkbuf_0_clk/X (sky130_fd_sc_hd__clkbuf_16)
     4    0.05                           clknet_0_clk (net)
                  0.05    0.00    0.17 ^ clkbuf_2_2__f_clk/A (sky130_fd_sc_hd__clkbuf_16)
                  0.04    0.10    0.27 ^ clkbuf_2_2__f_clk/X (sky130_fd_sc_hd__clkbuf_16)
    11    0.03                           clknet_2_2__leaf_clk (net)
                  0.04    0.00    0.27 ^ _419_/CLK (sky130_fd_sc_hd__dfrtp_1)
                          0.25    0.52   clock uncertainty
                          0.00    0.52   clock reconvergence pessimism
                          0.20    0.72   library removal time
                                  0.72   data required time
-----------------------------------------------------------------------------
                                  0.72   data required time
                                 -2.39   data arrival time
-----------------------------------------------------------------------------
                                  1.67   slack (MET)


Startpoint: rst (input port clocked by clk)
Endpoint: _429_ (removal check against rising-edge clock clk)
Path Group: asynchronous
Path Type: min
Corner: Fastest

Fanout     Cap    Slew   Delay    Time   Description
-----------------------------------------------------------------------------
                          0.00    0.00   clock clk (rise edge)
                          0.00    0.00   clock network delay (propagated)
                          2.00    2.00 v input external delay
                  0.01    0.00    2.00 v rst (in)
     2    0.00                           rst (net)
                  0.01    0.00    2.00 v input1/A (sky130_fd_sc_hd__buf_1)
                  0.05    0.07    2.07 v input1/X (sky130_fd_sc_hd__buf_1)
     1    0.01                           net1 (net)
                  0.05    0.00    2.07 v _356_/A (sky130_fd_sc_hd__clkbuf_4)
                  0.07    0.13    2.20 v _356_/X (sky130_fd_sc_hd__clkbuf_4)
     9    0.05                           _200_ (net)
                  0.07    0.00    2.21 v _379_/A (sky130_fd_sc_hd__buf_4)
                  0.07    0.15    2.36 v _379_/X (sky130_fd_sc_hd__buf_4)
    20    0.07                           _203_ (net)
                  0.07    0.00    2.36 v _383_/A (sky130_fd_sc_hd__inv_2)
                  0.03    0.04    2.40 ^ _383_/Y (sky130_fd_sc_hd__inv_2)
     1    0.00                           _023_ (net)
                  0.03    0.00    2.40 ^ _429_/RESET_B (sky130_fd_sc_hd__dfrtp_1)
                                  2.40   data arrival time

                          0.00    0.00   clock clk (rise edge)
                          0.00    0.00   clock source latency
                  0.07    0.05    0.05 ^ clk (in)
     2    0.02                           clk (net)
                  0.07    0.00    0.05 ^ clkbuf_0_clk/A (sky130_fd_sc_hd__clkbuf_16)
                  0.05    0.12    0.17 ^ clkbuf_0_clk/X (sky130_fd_sc_hd__clkbuf_16)
     4    0.05                           clknet_0_clk (net)
                  0.05    0.00    0.17 ^ clkbuf_2_1__f_clk/A (sky130_fd_sc_hd__clkbuf_16)
                  0.05    0.11    0.28 ^ clkbuf_2_1__f_clk/X (sky130_fd_sc_hd__clkbuf_16)
    15    0.05                           clknet_2_1__leaf_clk (net)
                  0.05    0.00    0.28 ^ _429_/CLK (sky130_fd_sc_hd__dfrtp_1)
                          0.25    0.53   clock uncertainty
                          0.00    0.53   clock reconvergence pessimism
                          0.20    0.73   library removal time
                                  0.73   data required time
-----------------------------------------------------------------------------
                                  0.73   data required time
                                 -2.40   data arrival time
-----------------------------------------------------------------------------
                                  1.67   slack (MET)


Startpoint: rst (input port clocked by clk)
Endpoint: _433_ (removal check against rising-edge clock clk)
Path Group: asynchronous
Path Type: min
Corner: Fastest

Fanout     Cap    Slew   Delay    Time   Description
-----------------------------------------------------------------------------
                          0.00    0.00   clock clk (rise edge)
                          0.00    0.00   clock network delay (propagated)
                          2.00    2.00 v input external delay
                  0.01    0.00    2.00 v rst (in)
     2    0.00                           rst (net)
                  0.01    0.00    2.00 v input1/A (sky130_fd_sc_hd__buf_1)
                  0.05    0.07    2.07 v input1/X (sky130_fd_sc_hd__buf_1)
     1    0.01                           net1 (net)
                  0.05    0.00    2.07 v _356_/A (sky130_fd_sc_hd__clkbuf_4)
                  0.07    0.13    2.20 v _356_/X (sky130_fd_sc_hd__clkbuf_4)
     9    0.05                           _200_ (net)
                  0.07    0.00    2.21 v _379_/A (sky130_fd_sc_hd__buf_4)
                  0.07    0.15    2.36 v _379_/X (sky130_fd_sc_hd__buf_4)
    20    0.07                           _203_ (net)
                  0.07    0.00    2.36 v _387_/A (sky130_fd_sc_hd__inv_2)
                  0.03    0.04    2.40 ^ _387_/Y (sky130_fd_sc_hd__inv_2)
     1    0.00                           _027_ (net)
                  0.03    0.00    2.40 ^ _433_/RESET_B (sky130_fd_sc_hd__dfrtp_1)
                                  2.40   data arrival time

                          0.00    0.00   clock clk (rise edge)
                          0.00    0.00   clock source latency
                  0.07    0.05    0.05 ^ clk (in)
     2    0.02                           clk (net)
                  0.07    0.00    0.05 ^ clkbuf_0_clk/A (sky130_fd_sc_hd__clkbuf_16)
                  0.05    0.12    0.17 ^ clkbuf_0_clk/X (sky130_fd_sc_hd__clkbuf_16)
     4    0.05                           clknet_0_clk (net)
                  0.05    0.00    0.17 ^ clkbuf_2_1__f_clk/A (sky130_fd_sc_hd__clkbuf_16)
                  0.05    0.11    0.28 ^ clkbuf_2_1__f_clk/X (sky130_fd_sc_hd__clkbuf_16)
    15    0.05                           clknet_2_1__leaf_clk (net)
                  0.05    0.00    0.28 ^ _433_/CLK (sky130_fd_sc_hd__dfrtp_1)
                          0.25    0.53   clock uncertainty
                          0.00    0.53   clock reconvergence pessimism
                          0.20    0.73   library removal time
                                  0.73   data required time
-----------------------------------------------------------------------------
                                  0.73   data required time
                                 -2.40   data arrival time
-----------------------------------------------------------------------------
                                  1.67   slack (MET)


Startpoint: rst (input port clocked by clk)
Endpoint: _407_ (removal check against rising-edge clock clk)
Path Group: asynchronous
Path Type: min
Corner: Fastest

Fanout     Cap    Slew   Delay    Time   Description
-----------------------------------------------------------------------------
                          0.00    0.00   clock clk (rise edge)
                          0.00    0.00   clock network delay (propagated)
                          2.00    2.00 v input external delay
                  0.01    0.00    2.00 v rst (in)
     2    0.00                           rst (net)
                  0.01    0.00    2.00 v input1/A (sky130_fd_sc_hd__buf_1)
                  0.05    0.07    2.07 v input1/X (sky130_fd_sc_hd__buf_1)
     1    0.01                           net1 (net)
                  0.05    0.00    2.07 v _356_/A (sky130_fd_sc_hd__clkbuf_4)
                  0.07    0.13    2.20 v _356_/X (sky130_fd_sc_hd__clkbuf_4)
     9    0.05                           _200_ (net)
                  0.07    0.00    2.21 v _357_/A (sky130_fd_sc_hd__buf_4)
                  0.06    0.14    2.34 v _357_/X (sky130_fd_sc_hd__buf_4)
    10    0.06                           _201_ (net)
                  0.06    0.00    2.34 v _359_/A (sky130_fd_sc_hd__inv_2)
                  0.03    0.04    2.39 ^ _359_/Y (sky130_fd_sc_hd__inv_2)
     1    0.01                           _001_ (net)
                  0.03    0.00    2.39 ^ _407_/RESET_B (sky130_fd_sc_hd__dfrtp_1)
                                  2.39   data arrival time

                          0.00    0.00   clock clk (rise edge)
                          0.00    0.00   clock source latency
                  0.07    0.05    0.05 ^ clk (in)
     2    0.02                           clk (net)
                  0.07    0.00    0.05 ^ clkbuf_0_clk/A (sky130_fd_sc_hd__clkbuf_16)
                  0.05    0.12    0.17 ^ clkbuf_0_clk/X (sky130_fd_sc_hd__clkbuf_16)
     4    0.05                           clknet_0_clk (net)
                  0.05    0.00    0.17 ^ clkbuf_2_3__f_clk/A (sky130_fd_sc_hd__clkbuf_16)
                  0.04    0.10    0.27 ^ clkbuf_2_3__f_clk/X (sky130_fd_sc_hd__clkbuf_16)
     8    0.03                           clknet_2_3__leaf_clk (net)
                  0.04    0.00    0.27 ^ _407_/CLK (sky130_fd_sc_hd__dfrtp_1)
                          0.25    0.52   clock uncertainty
                          0.00    0.52   clock reconvergence pessimism
                          0.20    0.72   library removal time
                                  0.72   data required time
-----------------------------------------------------------------------------
                                  0.72   data required time
                                 -2.39   data arrival time
-----------------------------------------------------------------------------
                                  1.67   slack (MET)


Startpoint: rst (input port clocked by clk)
Endpoint: _428_ (removal check against rising-edge clock clk)
Path Group: asynchronous
Path Type: min
Corner: Fastest

Fanout     Cap    Slew   Delay    Time   Description
-----------------------------------------------------------------------------
                          0.00    0.00   clock clk (rise edge)
                          0.00    0.00   clock network delay (propagated)
                          2.00    2.00 v input external delay
                  0.01    0.00    2.00 v rst (in)
     2    0.00                           rst (net)
                  0.01    0.00    2.00 v input1/A (sky130_fd_sc_hd__buf_1)
                  0.05    0.07    2.07 v input1/X (sky130_fd_sc_hd__buf_1)
     1    0.01                           net1 (net)
                  0.05    0.00    2.07 v _356_/A (sky130_fd_sc_hd__clkbuf_4)
                  0.07    0.13    2.20 v _356_/X (sky130_fd_sc_hd__clkbuf_4)
     9    0.05                           _200_ (net)
                  0.07    0.00    2.21 v _379_/A (sky130_fd_sc_hd__buf_4)
                  0.07    0.15    2.36 v _379_/X (sky130_fd_sc_hd__buf_4)
    20    0.07                           _203_ (net)
                  0.07    0.00    2.36 v _382_/A (sky130_fd_sc_hd__inv_2)
                  0.03    0.04    2.40 ^ _382_/Y (sky130_fd_sc_hd__inv_2)
     1    0.00                           _022_ (net)
                  0.03    0.00    2.40 ^ _428_/RESET_B (sky130_fd_sc_hd__dfrtp_1)
                                  2.40   data arrival time

                          0.00    0.00   clock clk (rise edge)
                          0.00    0.00   clock source latency
                  0.07    0.05    0.05 ^ clk (in)
     2    0.02                           clk (net)
                  0.07    0.00    0.05 ^ clkbuf_0_clk/A (sky130_fd_sc_hd__clkbuf_16)
                  0.05    0.12    0.17 ^ clkbuf_0_clk/X (sky130_fd_sc_hd__clkbuf_16)
     4    0.05                           clknet_0_clk (net)
                  0.05    0.00    0.17 ^ clkbuf_2_1__f_clk/A (sky130_fd_sc_hd__clkbuf_16)
                  0.05    0.11    0.28 ^ clkbuf_2_1__f_clk/X (sky130_fd_sc_hd__clkbuf_16)
    15    0.05                           clknet_2_1__leaf_clk (net)
                  0.05    0.00    0.28 ^ _428_/CLK (sky130_fd_sc_hd__dfrtp_1)
                          0.25    0.53   clock uncertainty
                          0.00    0.53   clock reconvergence pessimism
                          0.20    0.73   library removal time
                                  0.73   data required time
-----------------------------------------------------------------------------
                                  0.73   data required time
                                 -2.40   data arrival time
-----------------------------------------------------------------------------
                                  1.67   slack (MET)


Startpoint: rst (input port clocked by clk)
Endpoint: _432_ (removal check against rising-edge clock clk)
Path Group: asynchronous
Path Type: min
Corner: Fastest

Fanout     Cap    Slew   Delay    Time   Description
-----------------------------------------------------------------------------
                          0.00    0.00   clock clk (rise edge)
                          0.00    0.00   clock network delay (propagated)
                          2.00    2.00 v input external delay
                  0.01    0.00    2.00 v rst (in)
     2    0.00                           rst (net)
                  0.01    0.00    2.00 v input1/A (sky130_fd_sc_hd__buf_1)
                  0.05    0.07    2.07 v input1/X (sky130_fd_sc_hd__buf_1)
     1    0.01                           net1 (net)
                  0.05    0.00    2.07 v _356_/A (sky130_fd_sc_hd__clkbuf_4)
                  0.07    0.13    2.20 v _356_/X (sky130_fd_sc_hd__clkbuf_4)
     9    0.05                           _200_ (net)
                  0.07    0.00    2.21 v _379_/A (sky130_fd_sc_hd__buf_4)
                  0.07    0.15    2.36 v _379_/X (sky130_fd_sc_hd__buf_4)
    20    0.07                           _203_ (net)
                  0.07    0.00    2.36 v _386_/A (sky130_fd_sc_hd__inv_2)
                  0.03    0.04    2.40 ^ _386_/Y (sky130_fd_sc_hd__inv_2)
     1    0.00                           _026_ (net)
                  0.03    0.00    2.40 ^ _432_/RESET_B (sky130_fd_sc_hd__dfrtp_2)
                                  2.40   data arrival time

                          0.00    0.00   clock clk (rise edge)
                          0.00    0.00   clock source latency
                  0.07    0.05    0.05 ^ clk (in)
     2    0.02                           clk (net)
                  0.07    0.00    0.05 ^ clkbuf_0_clk/A (sky130_fd_sc_hd__clkbuf_16)
                  0.05    0.12    0.17 ^ clkbuf_0_clk/X (sky130_fd_sc_hd__clkbuf_16)
     4    0.05                           clknet_0_clk (net)
                  0.05    0.00    0.17 ^ clkbuf_2_1__f_clk/A (sky130_fd_sc_hd__clkbuf_16)
                  0.05    0.11    0.28 ^ clkbuf_2_1__f_clk/X (sky130_fd_sc_hd__clkbuf_16)
    15    0.05                           clknet_2_1__leaf_clk (net)
                  0.05    0.00    0.28 ^ _432_/CLK (sky130_fd_sc_hd__dfrtp_2)
                          0.25    0.53   clock uncertainty
                          0.00    0.53   clock reconvergence pessimism
                          0.20    0.73   library removal time
                                  0.73   data required time
-----------------------------------------------------------------------------
                                  0.73   data required time
                                 -2.40   data arrival time
-----------------------------------------------------------------------------
                                  1.67   slack (MET)


Startpoint: rst (input port clocked by clk)
Endpoint: _424_ (removal check against rising-edge clock clk)
Path Group: asynchronous
Path Type: min
Corner: Fastest

Fanout     Cap    Slew   Delay    Time   Description
-----------------------------------------------------------------------------
                          0.00    0.00   clock clk (rise edge)
                          0.00    0.00   clock network delay (propagated)
                          2.00    2.00 v input external delay
                  0.01    0.00    2.00 v rst (in)
     2    0.00                           rst (net)
                  0.01    0.00    2.00 v input1/A (sky130_fd_sc_hd__buf_1)
                  0.05    0.07    2.07 v input1/X (sky130_fd_sc_hd__buf_1)
     1    0.01                           net1 (net)
                  0.05    0.00    2.07 v _356_/A (sky130_fd_sc_hd__clkbuf_4)
                  0.07    0.13    2.20 v _356_/X (sky130_fd_sc_hd__clkbuf_4)
     9    0.05                           _200_ (net)
                  0.07    0.00    2.21 v _368_/A (sky130_fd_sc_hd__buf_4)
                  0.06    0.14    2.35 v _368_/X (sky130_fd_sc_hd__buf_4)
    10    0.06                           _202_ (net)
                  0.06    0.00    2.35 v _377_/A (sky130_fd_sc_hd__inv_2)
                  0.03    0.04    2.39 ^ _377_/Y (sky130_fd_sc_hd__inv_2)
     1    0.00                           _018_ (net)
                  0.03    0.00    2.39 ^ _424_/RESET_B (sky130_fd_sc_hd__dfrtp_1)
                                  2.39   data arrival time

                          0.00    0.00   clock clk (rise edge)
                          0.00    0.00   clock source latency
                  0.07    0.05    0.05 ^ clk (in)
     2    0.02                           clk (net)
                  0.07    0.00    0.05 ^ clkbuf_0_clk/A (sky130_fd_sc_hd__clkbuf_16)
                  0.05    0.12    0.17 ^ clkbuf_0_clk/X (sky130_fd_sc_hd__clkbuf_16)
     4    0.05                           clknet_0_clk (net)
                  0.05    0.00    0.17 ^ clkbuf_2_3__f_clk/A (sky130_fd_sc_hd__clkbuf_16)
                  0.04    0.10    0.27 ^ clkbuf_2_3__f_clk/X (sky130_fd_sc_hd__clkbuf_16)
     8    0.03                           clknet_2_3__leaf_clk (net)
                  0.04    0.00    0.27 ^ _424_/CLK (sky130_fd_sc_hd__dfrtp_1)
                          0.25    0.52   clock uncertainty
                          0.00    0.52   clock reconvergence pessimism
                          0.20    0.72   library removal time
                                  0.72   data required time
-----------------------------------------------------------------------------
                                  0.72   data required time
                                 -2.39   data arrival time
-----------------------------------------------------------------------------
                                  1.67   slack (MET)


Startpoint: rst (input port clocked by clk)
Endpoint: _416_ (removal check against rising-edge clock clk)
Path Group: asynchronous
Path Type: min
Corner: Fastest

Fanout     Cap    Slew   Delay    Time   Description
-----------------------------------------------------------------------------
                          0.00    0.00   clock clk (rise edge)
                          0.00    0.00   clock network delay (propagated)
                          2.00    2.00 v input external delay
                  0.01    0.00    2.00 v rst (in)
     2    0.00                           rst (net)
                  0.01    0.00    2.00 v input1/A (sky130_fd_sc_hd__buf_1)
                  0.05    0.07    2.07 v input1/X (sky130_fd_sc_hd__buf_1)
     1    0.01                           net1 (net)
                  0.05    0.00    2.07 v _356_/A (sky130_fd_sc_hd__clkbuf_4)
                  0.07    0.13    2.20 v _356_/X (sky130_fd_sc_hd__clkbuf_4)
     9    0.05                           _200_ (net)
                  0.07    0.00    2.21 v _368_/A (sky130_fd_sc_hd__buf_4)
                  0.06    0.14    2.35 v _368_/X (sky130_fd_sc_hd__buf_4)
    10    0.06                           _202_ (net)
                  0.06    0.00    2.35 v _369_/A (sky130_fd_sc_hd__inv_2)
                  0.03    0.04    2.39 ^ _369_/Y (sky130_fd_sc_hd__inv_2)
     1    0.01                           _010_ (net)
                  0.03    0.00    2.39 ^ _416_/RESET_B (sky130_fd_sc_hd__dfrtp_1)
                                  2.39   data arrival time

                          0.00    0.00   clock clk (rise edge)
                          0.00    0.00   clock source latency
                  0.07    0.05    0.05 ^ clk (in)
     2    0.02                           clk (net)
                  0.07    0.00    0.05 ^ clkbuf_0_clk/A (sky130_fd_sc_hd__clkbuf_16)
                  0.05    0.12    0.17 ^ clkbuf_0_clk/X (sky130_fd_sc_hd__clkbuf_16)
     4    0.05                           clknet_0_clk (net)
                  0.05    0.00    0.17 ^ clkbuf_2_2__f_clk/A (sky130_fd_sc_hd__clkbuf_16)
                  0.04    0.10    0.27 ^ clkbuf_2_2__f_clk/X (sky130_fd_sc_hd__clkbuf_16)
    11    0.03                           clknet_2_2__leaf_clk (net)
                  0.04    0.00    0.27 ^ _416_/CLK (sky130_fd_sc_hd__dfrtp_1)
                          0.25    0.52   clock uncertainty
                          0.00    0.52   clock reconvergence pessimism
                          0.20    0.72   library removal time
                                  0.72   data required time
-----------------------------------------------------------------------------
                                  0.72   data required time
                                 -2.39   data arrival time
-----------------------------------------------------------------------------
                                  1.67   slack (MET)


Startpoint: rst (input port clocked by clk)
Endpoint: _430_ (removal check against rising-edge clock clk)
Path Group: asynchronous
Path Type: min
Corner: Fastest

Fanout     Cap    Slew   Delay    Time   Description
-----------------------------------------------------------------------------
                          0.00    0.00   clock clk (rise edge)
                          0.00    0.00   clock network delay (propagated)
                          2.00    2.00 v input external delay
                  0.01    0.00    2.00 v rst (in)
     2    0.00                           rst (net)
                  0.01    0.00    2.00 v input1/A (sky130_fd_sc_hd__buf_1)
                  0.05    0.07    2.07 v input1/X (sky130_fd_sc_hd__buf_1)
     1    0.01                           net1 (net)
                  0.05    0.00    2.07 v _356_/A (sky130_fd_sc_hd__clkbuf_4)
                  0.07    0.13    2.20 v _356_/X (sky130_fd_sc_hd__clkbuf_4)
     9    0.05                           _200_ (net)
                  0.07    0.00    2.21 v _379_/A (sky130_fd_sc_hd__buf_4)
                  0.07    0.15    2.36 v _379_/X (sky130_fd_sc_hd__buf_4)
    20    0.07                           _203_ (net)
                  0.07    0.00    2.36 v _384_/A (sky130_fd_sc_hd__inv_2)
                  0.03    0.04    2.40 ^ _384_/Y (sky130_fd_sc_hd__inv_2)
     1    0.00                           _024_ (net)
                  0.03    0.00    2.40 ^ _430_/RESET_B (sky130_fd_sc_hd__dfrtp_4)
                                  2.40   data arrival time

                          0.00    0.00   clock clk (rise edge)
                          0.00    0.00   clock source latency
                  0.07    0.05    0.05 ^ clk (in)
     2    0.02                           clk (net)
                  0.07    0.00    0.05 ^ clkbuf_0_clk/A (sky130_fd_sc_hd__clkbuf_16)
                  0.05    0.12    0.17 ^ clkbuf_0_clk/X (sky130_fd_sc_hd__clkbuf_16)
     4    0.05                           clknet_0_clk (net)
                  0.05    0.00    0.17 ^ clkbuf_2_2__f_clk/A (sky130_fd_sc_hd__clkbuf_16)
                  0.04    0.10    0.27 ^ clkbuf_2_2__f_clk/X (sky130_fd_sc_hd__clkbuf_16)
    11    0.03                           clknet_2_2__leaf_clk (net)
                  0.04    0.00    0.27 ^ _430_/CLK (sky130_fd_sc_hd__dfrtp_4)
                          0.25    0.52   clock uncertainty
                          0.00    0.52   clock reconvergence pessimism
                          0.20    0.72   library removal time
                                  0.72   data required time
-----------------------------------------------------------------------------
                                  0.72   data required time
                                 -2.40   data arrival time
-----------------------------------------------------------------------------
                                  1.68   slack (MET)


Startpoint: rst (input port clocked by clk)
Endpoint: _434_ (removal check against rising-edge clock clk)
Path Group: asynchronous
Path Type: min
Corner: Fastest

Fanout     Cap    Slew   Delay    Time   Description
-----------------------------------------------------------------------------
                          0.00    0.00   clock clk (rise edge)
                          0.00    0.00   clock network delay (propagated)
                          2.00    2.00 v input external delay
                  0.01    0.00    2.00 v rst (in)
     2    0.00                           rst (net)
                  0.01    0.00    2.00 v input1/A (sky130_fd_sc_hd__buf_1)
                  0.05    0.07    2.07 v input1/X (sky130_fd_sc_hd__buf_1)
     1    0.01                           net1 (net)
                  0.05    0.00    2.07 v _356_/A (sky130_fd_sc_hd__clkbuf_4)
                  0.07    0.13    2.20 v _356_/X (sky130_fd_sc_hd__clkbuf_4)
     9    0.05                           _200_ (net)
                  0.07    0.00    2.21 v _379_/A (sky130_fd_sc_hd__buf_4)
                  0.07    0.15    2.36 v _379_/X (sky130_fd_sc_hd__buf_4)
    20    0.07                           _203_ (net)
                  0.07    0.00    2.36 v _388_/A (sky130_fd_sc_hd__inv_2)
                  0.03    0.04    2.40 ^ _388_/Y (sky130_fd_sc_hd__inv_2)
     1    0.00                           _028_ (net)
                  0.03    0.00    2.40 ^ _434_/RESET_B (sky130_fd_sc_hd__dfrtp_1)
                                  2.40   data arrival time

                          0.00    0.00   clock clk (rise edge)
                          0.00    0.00   clock source latency
                  0.07    0.05    0.05 ^ clk (in)
     2    0.02                           clk (net)
                  0.07    0.00    0.05 ^ clkbuf_0_clk/A (sky130_fd_sc_hd__clkbuf_16)
                  0.05    0.12    0.17 ^ clkbuf_0_clk/X (sky130_fd_sc_hd__clkbuf_16)
     4    0.05                           clknet_0_clk (net)
                  0.05    0.00    0.17 ^ clkbuf_2_0__f_clk/A (sky130_fd_sc_hd__clkbuf_16)
                  0.04    0.11    0.27 ^ clkbuf_2_0__f_clk/X (sky130_fd_sc_hd__clkbuf_16)
    11    0.04                           clknet_2_0__leaf_clk (net)
                  0.04    0.00    0.27 ^ _434_/CLK (sky130_fd_sc_hd__dfrtp_1)
                          0.25    0.52   clock uncertainty
                          0.00    0.52   clock reconvergence pessimism
                          0.20    0.72   library removal time
                                  0.72   data required time
-----------------------------------------------------------------------------
                                  0.72   data required time
                                 -2.40   data arrival time
-----------------------------------------------------------------------------
                                  1.68   slack (MET)


Startpoint: rst (input port clocked by clk)
Endpoint: _431_ (removal check against rising-edge clock clk)
Path Group: asynchronous
Path Type: min
Corner: Fastest

Fanout     Cap    Slew   Delay    Time   Description
-----------------------------------------------------------------------------
                          0.00    0.00   clock clk (rise edge)
                          0.00    0.00   clock network delay (propagated)
                          2.00    2.00 v input external delay
                  0.01    0.00    2.00 v rst (in)
     2    0.00                           rst (net)
                  0.01    0.00    2.00 v input1/A (sky130_fd_sc_hd__buf_1)
                  0.05    0.07    2.07 v input1/X (sky130_fd_sc_hd__buf_1)
     1    0.01                           net1 (net)
                  0.05    0.00    2.07 v _356_/A (sky130_fd_sc_hd__clkbuf_4)
                  0.07    0.13    2.20 v _356_/X (sky130_fd_sc_hd__clkbuf_4)
     9    0.05                           _200_ (net)
                  0.07    0.00    2.21 v _379_/A (sky130_fd_sc_hd__buf_4)
                  0.07    0.15    2.36 v _379_/X (sky130_fd_sc_hd__buf_4)
    20    0.07                           _203_ (net)
                  0.07    0.00    2.36 v _385_/A (sky130_fd_sc_hd__inv_2)
                  0.03    0.04    2.40 ^ _385_/Y (sky130_fd_sc_hd__inv_2)
     1    0.00                           _025_ (net)
                  0.03    0.00    2.40 ^ _431_/RESET_B (sky130_fd_sc_hd__dfrtp_4)
                                  2.40   data arrival time

                          0.00    0.00   clock clk (rise edge)
                          0.00    0.00   clock source latency
                  0.07    0.05    0.05 ^ clk (in)
     2    0.02                           clk (net)
                  0.07    0.00    0.05 ^ clkbuf_0_clk/A (sky130_fd_sc_hd__clkbuf_16)
                  0.05    0.12    0.17 ^ clkbuf_0_clk/X (sky130_fd_sc_hd__clkbuf_16)
     4    0.05                           clknet_0_clk (net)
                  0.05    0.00    0.17 ^ clkbuf_2_2__f_clk/A (sky130_fd_sc_hd__clkbuf_16)
                  0.04    0.10    0.27 ^ clkbuf_2_2__f_clk/X (sky130_fd_sc_hd__clkbuf_16)
    11    0.03                           clknet_2_2__leaf_clk (net)
                  0.04    0.00    0.27 ^ _431_/CLK (sky130_fd_sc_hd__dfrtp_4)
                          0.25    0.52   clock uncertainty
                          0.00    0.52   clock reconvergence pessimism
                          0.20    0.72   library removal time
                                  0.72   data required time
-----------------------------------------------------------------------------
                                  0.72   data required time
                                 -2.40   data arrival time
-----------------------------------------------------------------------------
                                  1.68   slack (MET)


Startpoint: rst (input port clocked by clk)
Endpoint: _435_ (removal check against rising-edge clock clk)
Path Group: asynchronous
Path Type: min
Corner: Fastest

Fanout     Cap    Slew   Delay    Time   Description
-----------------------------------------------------------------------------
                          0.00    0.00   clock clk (rise edge)
                          0.00    0.00   clock network delay (propagated)
                          2.00    2.00 v input external delay
                  0.01    0.00    2.00 v rst (in)
     2    0.00                           rst (net)
                  0.01    0.00    2.00 v input1/A (sky130_fd_sc_hd__buf_1)
                  0.05    0.07    2.07 v input1/X (sky130_fd_sc_hd__buf_1)
     1    0.01                           net1 (net)
                  0.05    0.00    2.07 v _356_/A (sky130_fd_sc_hd__clkbuf_4)
                  0.07    0.13    2.20 v _356_/X (sky130_fd_sc_hd__clkbuf_4)
     9    0.05                           _200_ (net)
                  0.07    0.00    2.21 v _379_/A (sky130_fd_sc_hd__buf_4)
                  0.07    0.15    2.36 v _379_/X (sky130_fd_sc_hd__buf_4)
    20    0.07                           _203_ (net)
                  0.07    0.00    2.36 v _389_/A (sky130_fd_sc_hd__inv_2)
                  0.03    0.04    2.40 ^ _389_/Y (sky130_fd_sc_hd__inv_2)
     1    0.00                           _029_ (net)
                  0.03    0.00    2.40 ^ _435_/RESET_B (sky130_fd_sc_hd__dfrtp_1)
                                  2.40   data arrival time

                          0.00    0.00   clock clk (rise edge)
                          0.00    0.00   clock source latency
                  0.07    0.05    0.05 ^ clk (in)
     2    0.02                           clk (net)
                  0.07    0.00    0.05 ^ clkbuf_0_clk/A (sky130_fd_sc_hd__clkbuf_16)
                  0.05    0.12    0.17 ^ clkbuf_0_clk/X (sky130_fd_sc_hd__clkbuf_16)
     4    0.05                           clknet_0_clk (net)
                  0.05    0.00    0.17 ^ clkbuf_2_0__f_clk/A (sky130_fd_sc_hd__clkbuf_16)
                  0.04    0.11    0.27 ^ clkbuf_2_0__f_clk/X (sky130_fd_sc_hd__clkbuf_16)
    11    0.04                           clknet_2_0__leaf_clk (net)
                  0.04    0.00    0.27 ^ _435_/CLK (sky130_fd_sc_hd__dfrtp_1)
                          0.25    0.52   clock uncertainty
                          0.00    0.52   clock reconvergence pessimism
                          0.20    0.72   library removal time
                                  0.72   data required time
-----------------------------------------------------------------------------
                                  0.72   data required time
                                 -2.40   data arrival time
-----------------------------------------------------------------------------
                                  1.68   slack (MET)


Startpoint: rst (input port clocked by clk)
Endpoint: _427_ (removal check against rising-edge clock clk)
Path Group: asynchronous
Path Type: min
Corner: Fastest

Fanout     Cap    Slew   Delay    Time   Description
-----------------------------------------------------------------------------
                          0.00    0.00   clock clk (rise edge)
                          0.00    0.00   clock network delay (propagated)
                          2.00    2.00 v input external delay
                  0.01    0.00    2.00 v rst (in)
     2    0.00                           rst (net)
                  0.01    0.00    2.00 v input1/A (sky130_fd_sc_hd__buf_1)
                  0.05    0.07    2.07 v input1/X (sky130_fd_sc_hd__buf_1)
     1    0.01                           net1 (net)
                  0.05    0.00    2.07 v _356_/A (sky130_fd_sc_hd__clkbuf_4)
                  0.07    0.13    2.20 v _356_/X (sky130_fd_sc_hd__clkbuf_4)
     9    0.05                           _200_ (net)
                  0.07    0.00    2.21 v _379_/A (sky130_fd_sc_hd__buf_4)
                  0.07    0.15    2.36 v _379_/X (sky130_fd_sc_hd__buf_4)
    20    0.07                           _203_ (net)
                  0.07    0.00    2.36 v _381_/A (sky130_fd_sc_hd__inv_2)
                  0.03    0.04    2.40 ^ _381_/Y (sky130_fd_sc_hd__inv_2)
     1    0.00                           _021_ (net)
                  0.03    0.00    2.40 ^ _427_/RESET_B (sky130_fd_sc_hd__dfrtp_1)
                                  2.40   data arrival time

                          0.00    0.00   clock clk (rise edge)
                          0.00    0.00   clock source latency
                  0.07    0.05    0.05 ^ clk (in)
     2    0.02                           clk (net)
                  0.07    0.00    0.05 ^ clkbuf_0_clk/A (sky130_fd_sc_hd__clkbuf_16)
                  0.05    0.12    0.17 ^ clkbuf_0_clk/X (sky130_fd_sc_hd__clkbuf_16)
     4    0.05                           clknet_0_clk (net)
                  0.05    0.00    0.17 ^ clkbuf_2_3__f_clk/A (sky130_fd_sc_hd__clkbuf_16)
                  0.04    0.10    0.27 ^ clkbuf_2_3__f_clk/X (sky130_fd_sc_hd__clkbuf_16)
     8    0.03                           clknet_2_3__leaf_clk (net)
                  0.04    0.00    0.27 ^ _427_/CLK (sky130_fd_sc_hd__dfrtp_1)
                          0.25    0.52   clock uncertainty
                          0.00    0.52   clock reconvergence pessimism
                          0.20    0.72   library removal time
                                  0.72   data required time
-----------------------------------------------------------------------------
                                  0.72   data required time
                                 -2.40   data arrival time
-----------------------------------------------------------------------------
                                  1.68   slack (MET)


Startpoint: rst (input port clocked by clk)
Endpoint: _426_ (removal check against rising-edge clock clk)
Path Group: asynchronous
Path Type: min
Corner: Fastest

Fanout     Cap    Slew   Delay    Time   Description
-----------------------------------------------------------------------------
                          0.00    0.00   clock clk (rise edge)
                          0.00    0.00   clock network delay (propagated)
                          2.00    2.00 v input external delay
                  0.01    0.00    2.00 v rst (in)
     2    0.00                           rst (net)
                  0.01    0.00    2.00 v input1/A (sky130_fd_sc_hd__buf_1)
                  0.05    0.07    2.07 v input1/X (sky130_fd_sc_hd__buf_1)
     1    0.01                           net1 (net)
                  0.05    0.00    2.07 v _356_/A (sky130_fd_sc_hd__clkbuf_4)
                  0.07    0.13    2.20 v _356_/X (sky130_fd_sc_hd__clkbuf_4)
     9    0.05                           _200_ (net)
                  0.07    0.00    2.21 v _379_/A (sky130_fd_sc_hd__buf_4)
                  0.07    0.15    2.36 v _379_/X (sky130_fd_sc_hd__buf_4)
    20    0.07                           _203_ (net)
                  0.07    0.00    2.36 v _380_/A (sky130_fd_sc_hd__inv_2)
                  0.03    0.05    2.40 ^ _380_/Y (sky130_fd_sc_hd__inv_2)
     1    0.01                           _020_ (net)
                  0.03    0.00    2.40 ^ _426_/RESET_B (sky130_fd_sc_hd__dfrtp_1)
                                  2.40   data arrival time

                          0.00    0.00   clock clk (rise edge)
                          0.00    0.00   clock source latency
                  0.07    0.05    0.05 ^ clk (in)
     2    0.02                           clk (net)
                  0.07    0.00    0.05 ^ clkbuf_0_clk/A (sky130_fd_sc_hd__clkbuf_16)
                  0.05    0.12    0.17 ^ clkbuf_0_clk/X (sky130_fd_sc_hd__clkbuf_16)
     4    0.05                           clknet_0_clk (net)
                  0.05    0.00    0.17 ^ clkbuf_2_3__f_clk/A (sky130_fd_sc_hd__clkbuf_16)
                  0.04    0.10    0.27 ^ clkbuf_2_3__f_clk/X (sky130_fd_sc_hd__clkbuf_16)
     8    0.03                           clknet_2_3__leaf_clk (net)
                  0.04    0.00    0.27 ^ _426_/CLK (sky130_fd_sc_hd__dfrtp_1)
                          0.25    0.52   clock uncertainty
                          0.00    0.52   clock reconvergence pessimism
                          0.20    0.72   library removal time
                                  0.72   data required time
-----------------------------------------------------------------------------
                                  0.72   data required time
                                 -2.40   data arrival time
-----------------------------------------------------------------------------
                                  1.69   slack (MET)


Startpoint: rst (input port clocked by clk)
Endpoint: _420_ (removal check against rising-edge clock clk)
Path Group: asynchronous
Path Type: min
Corner: Fastest

Fanout     Cap    Slew   Delay    Time   Description
-----------------------------------------------------------------------------
                          0.00    0.00   clock clk (rise edge)
                          0.00    0.00   clock network delay (propagated)
                          2.00    2.00 v input external delay
                  0.01    0.00    2.00 v rst (in)
     2    0.00                           rst (net)
                  0.01    0.00    2.00 v input1/A (sky130_fd_sc_hd__buf_1)
                  0.05    0.07    2.07 v input1/X (sky130_fd_sc_hd__buf_1)
     1    0.01                           net1 (net)
                  0.05    0.00    2.07 v _356_/A (sky130_fd_sc_hd__clkbuf_4)
                  0.07    0.13    2.20 v _356_/X (sky130_fd_sc_hd__clkbuf_4)
     9    0.05                           _200_ (net)
                  0.07    0.00    2.21 v _368_/A (sky130_fd_sc_hd__buf_4)
                  0.06    0.14    2.35 v _368_/X (sky130_fd_sc_hd__buf_4)
    10    0.06                           _202_ (net)
                  0.06    0.00    2.35 v _373_/A (sky130_fd_sc_hd__inv_2)
                  0.03    0.04    2.39 ^ _373_/Y (sky130_fd_sc_hd__inv_2)
     1    0.00                           _014_ (net)
                  0.03    0.00    2.39 ^ _420_/SET_B (sky130_fd_sc_hd__dfstp_1)
                                  2.39   data arrival time

                          0.00    0.00   clock clk (rise edge)
                          0.00    0.00   clock source latency
                  0.07    0.05    0.05 ^ clk (in)
     2    0.02                           clk (net)
                  0.07    0.00    0.05 ^ clkbuf_0_clk/A (sky130_fd_sc_hd__clkbuf_16)
                  0.05    0.12    0.17 ^ clkbuf_0_clk/X (sky130_fd_sc_hd__clkbuf_16)
     4    0.05                           clknet_0_clk (net)
                  0.05    0.00    0.17 ^ clkbuf_2_2__f_clk/A (sky130_fd_sc_hd__clkbuf_16)
                  0.04    0.10    0.27 ^ clkbuf_2_2__f_clk/X (sky130_fd_sc_hd__clkbuf_16)
    11    0.03                           clknet_2_2__leaf_clk (net)
                  0.04    0.00    0.27 ^ _420_/CLK (sky130_fd_sc_hd__dfstp_1)
                          0.25    0.52   clock uncertainty
                          0.00    0.52   clock reconvergence pessimism
                          0.10    0.62   library removal time
                                  0.62   data required time
-----------------------------------------------------------------------------
                                  0.62   data required time
                                 -2.39   data arrival time
-----------------------------------------------------------------------------
                                  1.76   slack (MET)


Startpoint: _434_ (rising edge-triggered flip-flop clocked by clk)
Endpoint: rx_data[2] (output port clocked by clk)
Path Group: clk
Path Type: min
Corner: Fastest

Fanout     Cap    Slew   Delay    Time   Description
-----------------------------------------------------------------------------
                          0.00    0.00   clock clk (rise edge)
                          0.00    0.00   clock source latency
                  0.07    0.05    0.05 ^ clk (in)
     2    0.02                           clk (net)
                  0.07    0.00    0.05 ^ clkbuf_0_clk/A (sky130_fd_sc_hd__clkbuf_16)
                  0.05    0.11    0.15 ^ clkbuf_0_clk/X (sky130_fd_sc_hd__clkbuf_16)
     4    0.05                           clknet_0_clk (net)
                  0.05    0.00    0.15 ^ clkbuf_2_0__f_clk/A (sky130_fd_sc_hd__clkbuf_16)
                  0.04    0.10    0.25 ^ clkbuf_2_0__f_clk/X (sky130_fd_sc_hd__clkbuf_16)
    11    0.04                           clknet_2_0__leaf_clk (net)
                  0.04    0.00    0.25 ^ _434_/CLK (sky130_fd_sc_hd__dfrtp_1)
                  0.06    0.21    0.46 ^ _434_/Q (sky130_fd_sc_hd__dfrtp_1)
     2    0.01                           net13 (net)
                  0.06    0.00    0.46 ^ output13/A (sky130_fd_sc_hd__clkbuf_4)
                  0.08    0.13    0.59 ^ output13/X (sky130_fd_sc_hd__clkbuf_4)
     1    0.03                           rx_data[2] (net)
                  0.08    0.00    0.59 ^ rx_data[2] (out)
                                  0.59   data arrival time

                          0.00    0.00   clock clk (rise edge)
                          0.00    0.00   clock network delay (propagated)
                          0.25    0.25   clock uncertainty
                          0.00    0.25   clock reconvergence pessimism
                         -2.00   -1.75   output external delay
                                 -1.75   data required time
-----------------------------------------------------------------------------
                                 -1.75   data required time
                                 -0.59   data arrival time
-----------------------------------------------------------------------------
                                  2.34   slack (MET)


Startpoint: _435_ (rising edge-triggered flip-flop clocked by clk)
Endpoint: rx_data[3] (output port clocked by clk)
Path Group: clk
Path Type: min
Corner: Fastest

Fanout     Cap    Slew   Delay    Time   Description
-----------------------------------------------------------------------------
                          0.00    0.00   clock clk (rise edge)
                          0.00    0.00   clock source latency
                  0.07    0.05    0.05 ^ clk (in)
     2    0.02                           clk (net)
                  0.07    0.00    0.05 ^ clkbuf_0_clk/A (sky130_fd_sc_hd__clkbuf_16)
                  0.05    0.11    0.15 ^ clkbuf_0_clk/X (sky130_fd_sc_hd__clkbuf_16)
     4    0.05                           clknet_0_clk (net)
                  0.05    0.00    0.15 ^ clkbuf_2_0__f_clk/A (sky130_fd_sc_hd__clkbuf_16)
                  0.04    0.10    0.25 ^ clkbuf_2_0__f_clk/X (sky130_fd_sc_hd__clkbuf_16)
    11    0.04                           clknet_2_0__leaf_clk (net)
                  0.04    0.00    0.25 ^ _435_/CLK (sky130_fd_sc_hd__dfrtp_1)
                  0.07    0.22    0.47 ^ _435_/Q (sky130_fd_sc_hd__dfrtp_1)
     2    0.01                           net14 (net)
                  0.07    0.00    0.47 ^ output14/A (sky130_fd_sc_hd__clkbuf_4)
                  0.08    0.13    0.60 ^ output14/X (sky130_fd_sc_hd__clkbuf_4)
     1    0.03                           rx_data[3] (net)
                  0.08    0.00    0.60 ^ rx_data[3] (out)
                                  0.60   data arrival time

                          0.00    0.00   clock clk (rise edge)
                          0.00    0.00   clock network delay (propagated)
                          0.25    0.25   clock uncertainty
                          0.00    0.25   clock reconvergence pessimism
                         -2.00   -1.75   output external delay
                                 -1.75   data required time
-----------------------------------------------------------------------------
                                 -1.75   data required time
                                 -0.60   data arrival time
-----------------------------------------------------------------------------
                                  2.35   slack (MET)


Startpoint: _439_ (rising edge-triggered flip-flop clocked by clk)
Endpoint: rx_data[7] (output port clocked by clk)
Path Group: clk
Path Type: min
Corner: Fastest

Fanout     Cap    Slew   Delay    Time   Description
-----------------------------------------------------------------------------
                          0.00    0.00   clock clk (rise edge)
                          0.00    0.00   clock source latency
                  0.07    0.05    0.05 ^ clk (in)
     2    0.02                           clk (net)
                  0.07    0.00    0.05 ^ clkbuf_0_clk/A (sky130_fd_sc_hd__clkbuf_16)
                  0.05    0.11    0.15 ^ clkbuf_0_clk/X (sky130_fd_sc_hd__clkbuf_16)
     4    0.05                           clknet_0_clk (net)
                  0.05    0.00    0.15 ^ clkbuf_2_0__f_clk/A (sky130_fd_sc_hd__clkbuf_16)
                  0.04    0.10    0.25 ^ clkbuf_2_0__f_clk/X (sky130_fd_sc_hd__clkbuf_16)
    11    0.04                           clknet_2_0__leaf_clk (net)
                  0.04    0.00    0.25 ^ _439_/CLK (sky130_fd_sc_hd__dfrtp_1)
                  0.08    0.22    0.47 ^ _439_/Q (sky130_fd_sc_hd__dfrtp_1)
     2    0.01                           net18 (net)
                  0.08    0.00    0.47 ^ output18/A (sky130_fd_sc_hd__clkbuf_4)
                  0.09    0.13    0.61 ^ output18/X (sky130_fd_sc_hd__clkbuf_4)
     1    0.03                           rx_data[7] (net)
                  0.09    0.00    0.61 ^ rx_data[7] (out)
                                  0.61   data arrival time

                          0.00    0.00   clock clk (rise edge)
                          0.00    0.00   clock network delay (propagated)
                          0.25    0.25   clock uncertainty
                          0.00    0.25   clock reconvergence pessimism
                         -2.00   -1.75   output external delay
                                 -1.75   data required time
-----------------------------------------------------------------------------
                                 -1.75   data required time
                                 -0.61   data arrival time
-----------------------------------------------------------------------------
                                  2.36   slack (MET)


Startpoint: _421_ (rising edge-triggered flip-flop clocked by clk)
Endpoint: rx_done (output port clocked by clk)
Path Group: clk
Path Type: min
Corner: Fastest

Fanout     Cap    Slew   Delay    Time   Description
-----------------------------------------------------------------------------
                          0.00    0.00   clock clk (rise edge)
                          0.00    0.00   clock source latency
                  0.07    0.05    0.05 ^ clk (in)
     2    0.02                           clk (net)
                  0.07    0.00    0.05 ^ clkbuf_0_clk/A (sky130_fd_sc_hd__clkbuf_16)
                  0.05    0.11    0.15 ^ clkbuf_0_clk/X (sky130_fd_sc_hd__clkbuf_16)
     4    0.05                           clknet_0_clk (net)
                  0.05    0.00    0.15 ^ clkbuf_2_0__f_clk/A (sky130_fd_sc_hd__clkbuf_16)
                  0.04    0.10    0.25 ^ clkbuf_2_0__f_clk/X (sky130_fd_sc_hd__clkbuf_16)
    11    0.04                           clknet_2_0__leaf_clk (net)
                  0.04    0.00    0.25 ^ _421_/CLK (sky130_fd_sc_hd__dfrtp_1)
                  0.08    0.23    0.48 ^ _421_/Q (sky130_fd_sc_hd__dfrtp_1)
     2    0.01                           net19 (net)
                  0.08    0.00    0.48 ^ output19/A (sky130_fd_sc_hd__clkbuf_4)
                  0.08    0.13    0.61 ^ output19/X (sky130_fd_sc_hd__clkbuf_4)
     1    0.03                           rx_done (net)
                  0.08    0.00    0.61 ^ rx_done (out)
                                  0.61   data arrival time

                          0.00    0.00   clock clk (rise edge)
                          0.00    0.00   clock network delay (propagated)
                          0.25    0.25   clock uncertainty
                          0.00    0.25   clock reconvergence pessimism
                         -2.00   -1.75   output external delay
                                 -1.75   data required time
-----------------------------------------------------------------------------
                                 -1.75   data required time
                                 -0.61   data arrival time
-----------------------------------------------------------------------------
                                  2.36   slack (MET)


Startpoint: _419_ (rising edge-triggered flip-flop clocked by clk)
Endpoint: tx_busy (output port clocked by clk)
Path Group: clk
Path Type: min
Corner: Fastest

Fanout     Cap    Slew   Delay    Time   Description
-----------------------------------------------------------------------------
                          0.00    0.00   clock clk (rise edge)
                          0.00    0.00   clock source latency
                  0.07    0.05    0.05 ^ clk (in)
     2    0.02                           clk (net)
                  0.07    0.00    0.05 ^ clkbuf_0_clk/A (sky130_fd_sc_hd__clkbuf_16)
                  0.05    0.11    0.15 ^ clkbuf_0_clk/X (sky130_fd_sc_hd__clkbuf_16)
     4    0.05                           clknet_0_clk (net)
                  0.05    0.00    0.15 ^ clkbuf_2_2__f_clk/A (sky130_fd_sc_hd__clkbuf_16)
                  0.04    0.09    0.25 ^ clkbuf_2_2__f_clk/X (sky130_fd_sc_hd__clkbuf_16)
    11    0.03                           clknet_2_2__leaf_clk (net)
                  0.04    0.00    0.25 ^ _419_/CLK (sky130_fd_sc_hd__dfrtp_1)
                  0.06    0.25    0.49 v _419_/Q (sky130_fd_sc_hd__dfrtp_1)
     2    0.01                           net20 (net)
                  0.06    0.00    0.49 v output20/A (sky130_fd_sc_hd__clkbuf_4)
                  0.06    0.13    0.62 v output20/X (sky130_fd_sc_hd__clkbuf_4)
     1    0.03                           tx_busy (net)
                  0.06    0.00    0.62 v tx_busy (out)
                                  0.62   data arrival time

                          0.00    0.00   clock clk (rise edge)
                          0.00    0.00   clock network delay (propagated)
                          0.25    0.25   clock uncertainty
                          0.00    0.25   clock reconvergence pessimism
                         -2.00   -1.75   output external delay
                                 -1.75   data required time
-----------------------------------------------------------------------------
                                 -1.75   data required time
                                 -0.62   data arrival time
-----------------------------------------------------------------------------
                                  2.37   slack (MET)


Startpoint: _437_ (rising edge-triggered flip-flop clocked by clk)
Endpoint: rx_data[5] (output port clocked by clk)
Path Group: clk
Path Type: min
Corner: Fastest

Fanout     Cap    Slew   Delay    Time   Description
-----------------------------------------------------------------------------
                          0.00    0.00   clock clk (rise edge)
                          0.00    0.00   clock source latency
                  0.07    0.05    0.05 ^ clk (in)
     2    0.02                           clk (net)
                  0.07    0.00    0.05 ^ clkbuf_0_clk/A (sky130_fd_sc_hd__clkbuf_16)
                  0.05    0.11    0.15 ^ clkbuf_0_clk/X (sky130_fd_sc_hd__clkbuf_16)
     4    0.05                           clknet_0_clk (net)
                  0.05    0.00    0.15 ^ clkbuf_2_0__f_clk/A (sky130_fd_sc_hd__clkbuf_16)
                  0.04    0.10    0.25 ^ clkbuf_2_0__f_clk/X (sky130_fd_sc_hd__clkbuf_16)
    11    0.04                           clknet_2_0__leaf_clk (net)
                  0.04    0.00    0.25 ^ _437_/CLK (sky130_fd_sc_hd__dfrtp_1)
                  0.06    0.25    0.50 v _437_/Q (sky130_fd_sc_hd__dfrtp_1)
     2    0.01                           net16 (net)
                  0.06    0.00    0.50 v output16/A (sky130_fd_sc_hd__clkbuf_4)
                  0.06    0.13    0.63 v output16/X (sky130_fd_sc_hd__clkbuf_4)
     1    0.03                           rx_data[5] (net)
                  0.06    0.00    0.63 v rx_data[5] (out)
                                  0.63   data arrival time

                          0.00    0.00   clock clk (rise edge)
                          0.00    0.00   clock network delay (propagated)
                          0.25    0.25   clock uncertainty
                          0.00    0.25   clock reconvergence pessimism
                         -2.00   -1.75   output external delay
                                 -1.75   data required time
-----------------------------------------------------------------------------
                                 -1.75   data required time
                                 -0.63   data arrival time
-----------------------------------------------------------------------------
                                  2.38   slack (MET)


Startpoint: _436_ (rising edge-triggered flip-flop clocked by clk)
Endpoint: rx_data[4] (output port clocked by clk)
Path Group: clk
Path Type: min
Corner: Fastest

Fanout     Cap    Slew   Delay    Time   Description
-----------------------------------------------------------------------------
                          0.00    0.00   clock clk (rise edge)
                          0.00    0.00   clock source latency
                  0.07    0.05    0.05 ^ clk (in)
     2    0.02                           clk (net)
                  0.07    0.00    0.05 ^ clkbuf_0_clk/A (sky130_fd_sc_hd__clkbuf_16)
                  0.05    0.11    0.15 ^ clkbuf_0_clk/X (sky130_fd_sc_hd__clkbuf_16)
     4    0.05                           clknet_0_clk (net)
                  0.05    0.00    0.15 ^ clkbuf_2_0__f_clk/A (sky130_fd_sc_hd__clkbuf_16)
                  0.04    0.10    0.25 ^ clkbuf_2_0__f_clk/X (sky130_fd_sc_hd__clkbuf_16)
    11    0.04                           clknet_2_0__leaf_clk (net)
                  0.04    0.00    0.25 ^ _436_/CLK (sky130_fd_sc_hd__dfrtp_1)
                  0.08    0.27    0.52 v _436_/Q (sky130_fd_sc_hd__dfrtp_1)
     4    0.02                           net15 (net)
                  0.08    0.00    0.52 v output15/A (sky130_fd_sc_hd__buf_2)
                  0.06    0.13    0.65 v output15/X (sky130_fd_sc_hd__buf_2)
     1    0.03                           rx_data[4] (net)
                  0.06    0.00    0.65 v rx_data[4] (out)
                                  0.65   data arrival time

                          0.00    0.00   clock clk (rise edge)
                          0.00    0.00   clock network delay (propagated)
                          0.25    0.25   clock uncertainty
                          0.00    0.25   clock reconvergence pessimism
                         -2.00   -1.75   output external delay
                                 -1.75   data required time
-----------------------------------------------------------------------------
                                 -1.75   data required time
                                 -0.65   data arrival time
-----------------------------------------------------------------------------
                                  2.40   slack (MET)


Startpoint: _433_ (rising edge-triggered flip-flop clocked by clk)
Endpoint: rx_data[1] (output port clocked by clk)
Path Group: clk
Path Type: min
Corner: Fastest

Fanout     Cap    Slew   Delay    Time   Description
-----------------------------------------------------------------------------
                          0.00    0.00   clock clk (rise edge)
                          0.00    0.00   clock source latency
                  0.07    0.05    0.05 ^ clk (in)
     2    0.02                           clk (net)
                  0.07    0.00    0.05 ^ clkbuf_0_clk/A (sky130_fd_sc_hd__clkbuf_16)
                  0.05    0.11    0.15 ^ clkbuf_0_clk/X (sky130_fd_sc_hd__clkbuf_16)
     4    0.05                           clknet_0_clk (net)
                  0.05    0.00    0.15 ^ clkbuf_2_1__f_clk/A (sky130_fd_sc_hd__clkbuf_16)
                  0.05    0.10    0.25 ^ clkbuf_2_1__f_clk/X (sky130_fd_sc_hd__clkbuf_16)
    15    0.05                           clknet_2_1__leaf_clk (net)
                  0.05    0.00    0.26 ^ _433_/CLK (sky130_fd_sc_hd__dfrtp_1)
                  0.07    0.26    0.52 v _433_/Q (sky130_fd_sc_hd__dfrtp_1)
     4    0.02                           net12 (net)
                  0.07    0.00    0.52 v output12/A (sky130_fd_sc_hd__clkbuf_4)
                  0.06    0.13    0.65 v output12/X (sky130_fd_sc_hd__clkbuf_4)
     1    0.03                           rx_data[1] (net)
                  0.06    0.00    0.65 v rx_data[1] (out)
                                  0.65   data arrival time

                          0.00    0.00   clock clk (rise edge)
                          0.00    0.00   clock network delay (propagated)
                          0.25    0.25   clock uncertainty
                          0.00    0.25   clock reconvergence pessimism
                         -2.00   -1.75   output external delay
                                 -1.75   data required time
-----------------------------------------------------------------------------
                                 -1.75   data required time
                                 -0.65   data arrival time
-----------------------------------------------------------------------------
                                  2.40   slack (MET)


Startpoint: _438_ (rising edge-triggered flip-flop clocked by clk)
Endpoint: rx_data[6] (output port clocked by clk)
Path Group: clk
Path Type: min
Corner: Fastest

Fanout     Cap    Slew   Delay    Time   Description
-----------------------------------------------------------------------------
                          0.00    0.00   clock clk (rise edge)
                          0.00    0.00   clock source latency
                  0.07    0.05    0.05 ^ clk (in)
     2    0.02                           clk (net)
                  0.07    0.00    0.05 ^ clkbuf_0_clk/A (sky130_fd_sc_hd__clkbuf_16)
                  0.05    0.11    0.15 ^ clkbuf_0_clk/X (sky130_fd_sc_hd__clkbuf_16)
     4    0.05                           clknet_0_clk (net)
                  0.05    0.00    0.15 ^ clkbuf_2_1__f_clk/A (sky130_fd_sc_hd__clkbuf_16)
                  0.05    0.10    0.25 ^ clkbuf_2_1__f_clk/X (sky130_fd_sc_hd__clkbuf_16)
    15    0.05                           clknet_2_1__leaf_clk (net)
                  0.05    0.00    0.25 ^ _438_/CLK (sky130_fd_sc_hd__dfrtp_2)
                  0.06    0.27    0.53 v _438_/Q (sky130_fd_sc_hd__dfrtp_2)
     4    0.03                           net17 (net)
                  0.07    0.00    0.53 v output17/A (sky130_fd_sc_hd__buf_2)
                  0.06    0.12    0.66 v output17/X (sky130_fd_sc_hd__buf_2)
     1    0.03                           rx_data[6] (net)
                  0.06    0.00    0.66 v rx_data[6] (out)
                                  0.66   data arrival time

                          0.00    0.00   clock clk (rise edge)
                          0.00    0.00   clock network delay (propagated)
                          0.25    0.25   clock uncertainty
                          0.00    0.25   clock reconvergence pessimism
                         -2.00   -1.75   output external delay
                                 -1.75   data required time
-----------------------------------------------------------------------------
                                 -1.75   data required time
                                 -0.66   data arrival time
-----------------------------------------------------------------------------
                                  2.41   slack (MET)


Startpoint: _432_ (rising edge-triggered flip-flop clocked by clk)
Endpoint: rx_data[0] (output port clocked by clk)
Path Group: clk
Path Type: min
Corner: Fastest

Fanout     Cap    Slew   Delay    Time   Description
-----------------------------------------------------------------------------
                          0.00    0.00   clock clk (rise edge)
                          0.00    0.00   clock source latency
                  0.07    0.05    0.05 ^ clk (in)
     2    0.02                           clk (net)
                  0.07    0.00    0.05 ^ clkbuf_0_clk/A (sky130_fd_sc_hd__clkbuf_16)
                  0.05    0.11    0.15 ^ clkbuf_0_clk/X (sky130_fd_sc_hd__clkbuf_16)
     4    0.05                           clknet_0_clk (net)
                  0.05    0.00    0.15 ^ clkbuf_2_1__f_clk/A (sky130_fd_sc_hd__clkbuf_16)
                  0.05    0.10    0.25 ^ clkbuf_2_1__f_clk/X (sky130_fd_sc_hd__clkbuf_16)
    15    0.05                           clknet_2_1__leaf_clk (net)
                  0.05    0.00    0.26 ^ _432_/CLK (sky130_fd_sc_hd__dfrtp_2)
                  0.10    0.26    0.52 ^ _432_/Q (sky130_fd_sc_hd__dfrtp_2)
     4    0.03                           net11 (net)
                  0.10    0.00    0.52 ^ output11/A (sky130_fd_sc_hd__clkbuf_4)
                  0.08    0.14    0.66 ^ output11/X (sky130_fd_sc_hd__clkbuf_4)
     1    0.03                           rx_data[0] (net)
                  0.08    0.00    0.66 ^ rx_data[0] (out)
                                  0.66   data arrival time

                          0.00    0.00   clock clk (rise edge)
                          0.00    0.00   clock network delay (propagated)
                          0.25    0.25   clock uncertainty
                          0.00    0.25   clock reconvergence pessimism
                         -2.00   -1.75   output external delay
                                 -1.75   data required time
-----------------------------------------------------------------------------
                                 -1.75   data required time
                                 -0.66   data arrival time
-----------------------------------------------------------------------------
                                  2.41   slack (MET)



======================= Slowest Corner ===================================

Startpoint: _406_ (rising edge-triggered flip-flop clocked by clk)
Endpoint: _406_ (rising edge-triggered flip-flop clocked by clk)
Path Group: clk
Path Type: min
Corner: Slowest

Fanout     Cap    Slew   Delay    Time   Description
-----------------------------------------------------------------------------
                          0.00    0.00   clock clk (rise edge)
                          0.00    0.00   clock source latency
                  0.15    0.10    0.10 ^ clk (in)
     2    0.02                           clk (net)
                  0.15    0.00    0.10 ^ clkbuf_0_clk/A (sky130_fd_sc_hd__clkbuf_16)
                  0.10    0.28    0.37 ^ clkbuf_0_clk/X (sky130_fd_sc_hd__clkbuf_16)
     4    0.05                           clknet_0_clk (net)
                  0.10    0.00    0.37 ^ clkbuf_2_3__f_clk/A (sky130_fd_sc_hd__clkbuf_16)
                  0.08    0.23    0.61 ^ clkbuf_2_3__f_clk/X (sky130_fd_sc_hd__clkbuf_16)
     8    0.03                           clknet_2_3__leaf_clk (net)
                  0.08    0.00    0.61 ^ _406_/CLK (sky130_fd_sc_hd__dfrtp_2)
                  0.22    0.78    1.39 ^ _406_/Q (sky130_fd_sc_hd__dfrtp_2)
     5    0.02                           tx_inst.bit_index[0] (net)
                  0.22    0.00    1.39 ^ _350_/A (sky130_fd_sc_hd__inv_2)
                  0.06    0.12    1.51 v _350_/Y (sky130_fd_sc_hd__inv_2)
     2    0.01                           _196_ (net)
                  0.06    0.00    1.51 v _355_/A1 (sky130_fd_sc_hd__a21oi_1)
                  0.13    0.18    1.69 ^ _355_/Y (sky130_fd_sc_hd__a21oi_1)
     1    0.00                           _045_ (net)
                  0.13    0.00    1.69 ^ _406_/D (sky130_fd_sc_hd__dfrtp_2)
                                  1.69   data arrival time

                          0.00    0.00   clock clk (rise edge)
                          0.00    0.00   clock source latency
                  0.15    0.11    0.11 ^ clk (in)
     2    0.02                           clk (net)
                  0.15    0.00    0.11 ^ clkbuf_0_clk/A (sky130_fd_sc_hd__clkbuf_16)
                  0.10    0.31    0.41 ^ clkbuf_0_clk/X (sky130_fd_sc_hd__clkbuf_16)
     4    0.05                           clknet_0_clk (net)
                  0.10    0.00    0.41 ^ clkbuf_2_3__f_clk/A (sky130_fd_sc_hd__clkbuf_16)
                  0.08    0.26    0.67 ^ clkbuf_2_3__f_clk/X (sky130_fd_sc_hd__clkbuf_16)
     8    0.03                           clknet_2_3__leaf_clk (net)
                  0.08    0.00    0.67 ^ _406_/CLK (sky130_fd_sc_hd__dfrtp_2)
                          0.25    0.92   clock uncertainty
                         -0.06    0.86   clock reconvergence pessimism
                         -0.09    0.77   library hold time
                                  0.77   data required time
-----------------------------------------------------------------------------
                                  0.77   data required time
                                 -1.69   data arrival time
-----------------------------------------------------------------------------
                                  0.92   slack (MET)


Startpoint: _419_ (rising edge-triggered flip-flop clocked by clk)
Endpoint: _419_ (rising edge-triggered flip-flop clocked by clk)
Path Group: clk
Path Type: min
Corner: Slowest

Fanout     Cap    Slew   Delay    Time   Description
-----------------------------------------------------------------------------
                          0.00    0.00   clock clk (rise edge)
                          0.00    0.00   clock source latency
                  0.15    0.10    0.10 ^ clk (in)
     2    0.02                           clk (net)
                  0.15    0.00    0.10 ^ clkbuf_0_clk/A (sky130_fd_sc_hd__clkbuf_16)
                  0.10    0.28    0.37 ^ clkbuf_0_clk/X (sky130_fd_sc_hd__clkbuf_16)
     4    0.05                           clknet_0_clk (net)
                  0.10    0.00    0.37 ^ clkbuf_2_2__f_clk/A (sky130_fd_sc_hd__clkbuf_16)
                  0.08    0.24    0.61 ^ clkbuf_2_2__f_clk/X (sky130_fd_sc_hd__clkbuf_16)
    11    0.03                           clknet_2_2__leaf_clk (net)
                  0.08    0.00    0.62 ^ _419_/CLK (sky130_fd_sc_hd__dfrtp_1)
                  0.20    0.72    1.33 ^ _419_/Q (sky130_fd_sc_hd__dfrtp_1)
     2    0.01                           net20 (net)
                  0.20    0.00    1.33 ^ _321_/A0 (sky130_fd_sc_hd__mux2_1)
                  0.07    0.26    1.59 ^ _321_/X (sky130_fd_sc_hd__mux2_1)
     1    0.00                           _175_ (net)
                  0.07    0.00    1.59 ^ _322_/A (sky130_fd_sc_hd__clkbuf_1)
                  0.06    0.13    1.73 ^ _322_/X (sky130_fd_sc_hd__clkbuf_1)
     1    0.00                           _058_ (net)
                  0.06    0.00    1.73 ^ _419_/D (sky130_fd_sc_hd__dfrtp_1)
                                  1.73   data arrival time

                          0.00    0.00   clock clk (rise edge)
                          0.00    0.00   clock source latency
                  0.15    0.11    0.11 ^ clk (in)
     2    0.02                           clk (net)
                  0.15    0.00    0.11 ^ clkbuf_0_clk/A (sky130_fd_sc_hd__clkbuf_16)
                  0.10    0.31    0.41 ^ clkbuf_0_clk/X (sky130_fd_sc_hd__clkbuf_16)
     4    0.05                           clknet_0_clk (net)
                  0.10    0.00    0.41 ^ clkbuf_2_2__f_clk/A (sky130_fd_sc_hd__clkbuf_16)
                  0.08    0.26    0.68 ^ clkbuf_2_2__f_clk/X (sky130_fd_sc_hd__clkbuf_16)
    11    0.03                           clknet_2_2__leaf_clk (net)
                  0.08    0.00    0.68 ^ _419_/CLK (sky130_fd_sc_hd__dfrtp_1)
                          0.25    0.93   clock uncertainty
                         -0.06    0.87   clock reconvergence pessimism
                         -0.07    0.79   library hold time
                                  0.79   data required time
-----------------------------------------------------------------------------
                                  0.79   data required time
                                 -1.73   data arrival time
-----------------------------------------------------------------------------
                                  0.93   slack (MET)


Startpoint: _447_ (rising edge-triggered flip-flop clocked by clk)
Endpoint: _447_ (rising edge-triggered flip-flop clocked by clk)
Path Group: clk
Path Type: min
Corner: Slowest

Fanout     Cap    Slew   Delay    Time   Description
-----------------------------------------------------------------------------
                          0.00    0.00   clock clk (rise edge)
                          0.00    0.00   clock source latency
                  0.15    0.10    0.10 ^ clk (in)
     2    0.02                           clk (net)
                  0.15    0.00    0.10 ^ clkbuf_0_clk/A (sky130_fd_sc_hd__clkbuf_16)
                  0.10    0.28    0.37 ^ clkbuf_0_clk/X (sky130_fd_sc_hd__clkbuf_16)
     4    0.05                           clknet_0_clk (net)
                  0.10    0.00    0.37 ^ clkbuf_2_1__f_clk/A (sky130_fd_sc_hd__clkbuf_16)
                  0.10    0.26    0.63 ^ clkbuf_2_1__f_clk/X (sky130_fd_sc_hd__clkbuf_16)
    15    0.05                           clknet_2_1__leaf_clk (net)
                  0.10    0.00    0.63 ^ _447_/CLK (sky130_fd_sc_hd__dfrtp_1)
                  0.19    0.71    1.34 ^ _447_/Q (sky130_fd_sc_hd__dfrtp_1)
     5    0.01                           rx_inst.clk_count[4] (net)
                  0.19    0.00    1.34 ^ _214_/A (sky130_fd_sc_hd__and2_1)
                  0.14    0.30    1.65 ^ _214_/X (sky130_fd_sc_hd__and2_1)
     2    0.01                           _097_ (net)
                  0.14    0.00    1.65 ^ _218_/A (sky130_fd_sc_hd__nor2_1)
                  0.04    0.10    1.74 v _218_/Y (sky130_fd_sc_hd__nor2_1)
     1    0.00                           _086_ (net)
                  0.04    0.00    1.74 v _447_/D (sky130_fd_sc_hd__dfrtp_1)
                                  1.74   data arrival time

                          0.00    0.00   clock clk (rise edge)
                          0.00    0.00   clock source latency
                  0.15    0.11    0.11 ^ clk (in)
     2    0.02                           clk (net)
                  0.15    0.00    0.11 ^ clkbuf_0_clk/A (sky130_fd_sc_hd__clkbuf_16)
                  0.10    0.31    0.41 ^ clkbuf_0_clk/X (sky130_fd_sc_hd__clkbuf_16)
     4    0.05                           clknet_0_clk (net)
                  0.10    0.00    0.41 ^ clkbuf_2_1__f_clk/A (sky130_fd_sc_hd__clkbuf_16)
                  0.10    0.28    0.70 ^ clkbuf_2_1__f_clk/X (sky130_fd_sc_hd__clkbuf_16)
    15    0.05                           clknet_2_1__leaf_clk (net)
                  0.10    0.00    0.70 ^ _447_/CLK (sky130_fd_sc_hd__dfrtp_1)
                          0.25    0.95   clock uncertainty
                         -0.07    0.88   clock reconvergence pessimism
                         -0.08    0.80   library hold time
                                  0.80   data required time
-----------------------------------------------------------------------------
                                  0.80   data required time
                                 -1.74   data arrival time
-----------------------------------------------------------------------------
                                  0.94   slack (MET)


Startpoint: _449_ (rising edge-triggered flip-flop clocked by clk)
Endpoint: _449_ (rising edge-triggered flip-flop clocked by clk)
Path Group: clk
Path Type: min
Corner: Slowest

Fanout     Cap    Slew   Delay    Time   Description
-----------------------------------------------------------------------------
                          0.00    0.00   clock clk (rise edge)
                          0.00    0.00   clock source latency
                  0.15    0.10    0.10 ^ clk (in)
     2    0.02                           clk (net)
                  0.15    0.00    0.10 ^ clkbuf_0_clk/A (sky130_fd_sc_hd__clkbuf_16)
                  0.10    0.28    0.37 ^ clkbuf_0_clk/X (sky130_fd_sc_hd__clkbuf_16)
     4    0.05                           clknet_0_clk (net)
                  0.10    0.00    0.37 ^ clkbuf_2_1__f_clk/A (sky130_fd_sc_hd__clkbuf_16)
                  0.10    0.26    0.63 ^ clkbuf_2_1__f_clk/X (sky130_fd_sc_hd__clkbuf_16)
    15    0.05                           clknet_2_1__leaf_clk (net)
                  0.10    0.00    0.63 ^ _449_/CLK (sky130_fd_sc_hd__dfrtp_1)
                  0.15    0.68    1.32 ^ _449_/Q (sky130_fd_sc_hd__dfrtp_1)
     3    0.01                           rx_inst.clk_count[6] (net)
                  0.15    0.00    1.32 ^ _207_/A (sky130_fd_sc_hd__and2_1)
                  0.18    0.31    1.63 ^ _207_/X (sky130_fd_sc_hd__and2_1)
     3    0.01                           _092_ (net)
                  0.18    0.00    1.63 ^ _213_/A (sky130_fd_sc_hd__nor2_1)
                  0.05    0.12    1.75 v _213_/Y (sky130_fd_sc_hd__nor2_1)
     1    0.00                           _088_ (net)
                  0.05    0.00    1.75 v _449_/D (sky130_fd_sc_hd__dfrtp_1)
                                  1.75   data arrival time

                          0.00    0.00   clock clk (rise edge)
                          0.00    0.00   clock source latency
                  0.15    0.11    0.11 ^ clk (in)
     2    0.02                           clk (net)
                  0.15    0.00    0.11 ^ clkbuf_0_clk/A (sky130_fd_sc_hd__clkbuf_16)
                  0.10    0.31    0.41 ^ clkbuf_0_clk/X (sky130_fd_sc_hd__clkbuf_16)
     4    0.05                           clknet_0_clk (net)
                  0.10    0.00    0.41 ^ clkbuf_2_1__f_clk/A (sky130_fd_sc_hd__clkbuf_16)
                  0.10    0.28    0.70 ^ clkbuf_2_1__f_clk/X (sky130_fd_sc_hd__clkbuf_16)
    15    0.05                           clknet_2_1__leaf_clk (net)
                  0.10    0.00    0.70 ^ _449_/CLK (sky130_fd_sc_hd__dfrtp_1)
                          0.25    0.95   clock uncertainty
                         -0.07    0.88   clock reconvergence pessimism
                         -0.08    0.80   library hold time
                                  0.80   data required time
-----------------------------------------------------------------------------
                                  0.80   data required time
                                 -1.75   data arrival time
-----------------------------------------------------------------------------
                                  0.95   slack (MET)


Startpoint: _437_ (rising edge-triggered flip-flop clocked by clk)
Endpoint: _437_ (rising edge-triggered flip-flop clocked by clk)
Path Group: clk
Path Type: min
Corner: Slowest

Fanout     Cap    Slew   Delay    Time   Description
-----------------------------------------------------------------------------
                          0.00    0.00   clock clk (rise edge)
                          0.00    0.00   clock source latency
                  0.15    0.10    0.10 ^ clk (in)
     2    0.02                           clk (net)
                  0.15    0.00    0.10 ^ clkbuf_0_clk/A (sky130_fd_sc_hd__clkbuf_16)
                  0.10    0.28    0.37 ^ clkbuf_0_clk/X (sky130_fd_sc_hd__clkbuf_16)
     4    0.05                           clknet_0_clk (net)
                  0.10    0.00    0.38 ^ clkbuf_2_0__f_clk/A (sky130_fd_sc_hd__clkbuf_16)
                  0.09    0.24    0.62 ^ clkbuf_2_0__f_clk/X (sky130_fd_sc_hd__clkbuf_16)
    11    0.04                           clknet_2_0__leaf_clk (net)
                  0.09    0.00    0.62 ^ _437_/CLK (sky130_fd_sc_hd__dfrtp_1)
                  0.21    0.73    1.35 ^ _437_/Q (sky130_fd_sc_hd__dfrtp_1)
     2    0.01                           net16 (net)
                  0.21    0.00    1.35 ^ _266_/A1 (sky130_fd_sc_hd__mux2_1)
                  0.08    0.28    1.63 ^ _266_/X (sky130_fd_sc_hd__mux2_1)
     1    0.00                           _138_ (net)
                  0.08    0.00    1.63 ^ _267_/A (sky130_fd_sc_hd__clkbuf_1)
                  0.06    0.14    1.77 ^ _267_/X (sky130_fd_sc_hd__clkbuf_1)
     1    0.00                           _076_ (net)
                  0.06    0.00    1.77 ^ _437_/D (sky130_fd_sc_hd__dfrtp_1)
                                  1.77   data arrival time

                          0.00    0.00   clock clk (rise edge)
                          0.00    0.00   clock source latency
                  0.15    0.11    0.11 ^ clk (in)
     2    0.02                           clk (net)
                  0.15    0.00    0.11 ^ clkbuf_0_clk/A (sky130_fd_sc_hd__clkbuf_16)
                  0.10    0.31    0.41 ^ clkbuf_0_clk/X (sky130_fd_sc_hd__clkbuf_16)
     4    0.05                           clknet_0_clk (net)
                  0.10    0.00    0.41 ^ clkbuf_2_0__f_clk/A (sky130_fd_sc_hd__clkbuf_16)
                  0.09    0.27    0.68 ^ clkbuf_2_0__f_clk/X (sky130_fd_sc_hd__clkbuf_16)
    11    0.04                           clknet_2_0__leaf_clk (net)
                  0.09    0.00    0.69 ^ _437_/CLK (sky130_fd_sc_hd__dfrtp_1)
                          0.25    0.94   clock uncertainty
                         -0.07    0.87   clock reconvergence pessimism
                         -0.07    0.80   library hold time
                                  0.80   data required time
-----------------------------------------------------------------------------
                                  0.80   data required time
                                 -1.77   data arrival time
-----------------------------------------------------------------------------
                                  0.97   slack (MET)


Startpoint: _449_ (rising edge-triggered flip-flop clocked by clk)
Endpoint: _450_ (rising edge-triggered flip-flop clocked by clk)
Path Group: clk
Path Type: min
Corner: Slowest

Fanout     Cap    Slew   Delay    Time   Description
-----------------------------------------------------------------------------
                          0.00    0.00   clock clk (rise edge)
                          0.00    0.00   clock source latency
                  0.15    0.10    0.10 ^ clk (in)
     2    0.02                           clk (net)
                  0.15    0.00    0.10 ^ clkbuf_0_clk/A (sky130_fd_sc_hd__clkbuf_16)
                  0.10    0.28    0.37 ^ clkbuf_0_clk/X (sky130_fd_sc_hd__clkbuf_16)
     4    0.05                           clknet_0_clk (net)
                  0.10    0.00    0.37 ^ clkbuf_2_1__f_clk/A (sky130_fd_sc_hd__clkbuf_16)
                  0.10    0.26    0.63 ^ clkbuf_2_1__f_clk/X (sky130_fd_sc_hd__clkbuf_16)
    15    0.05                           clknet_2_1__leaf_clk (net)
                  0.10    0.00    0.63 ^ _449_/CLK (sky130_fd_sc_hd__dfrtp_1)
                  0.15    0.68    1.32 ^ _449_/Q (sky130_fd_sc_hd__dfrtp_1)
     3    0.01                           rx_inst.clk_count[6] (net)
                  0.15    0.00    1.32 ^ _207_/A (sky130_fd_sc_hd__and2_1)
                  0.18    0.31    1.63 ^ _207_/X (sky130_fd_sc_hd__and2_1)
     3    0.01                           _092_ (net)
                  0.18    0.00    1.63 ^ _211_/A2 (sky130_fd_sc_hd__a21oi_1)
                  0.05    0.15    1.79 v _211_/Y (sky130_fd_sc_hd__a21oi_1)
     1    0.00                           _089_ (net)
                  0.05    0.00    1.79 v _450_/D (sky130_fd_sc_hd__dfrtp_1)
                                  1.79   data arrival time

                          0.00    0.00   clock clk (rise edge)
                          0.00    0.00   clock source latency
                  0.15    0.11    0.11 ^ clk (in)
     2    0.02                           clk (net)
                  0.15    0.00    0.11 ^ clkbuf_0_clk/A (sky130_fd_sc_hd__clkbuf_16)
                  0.10    0.31    0.41 ^ clkbuf_0_clk/X (sky130_fd_sc_hd__clkbuf_16)
     4    0.05                           clknet_0_clk (net)
                  0.10    0.00    0.41 ^ clkbuf_2_1__f_clk/A (sky130_fd_sc_hd__clkbuf_16)
                  0.10    0.28    0.70 ^ clkbuf_2_1__f_clk/X (sky130_fd_sc_hd__clkbuf_16)
    15    0.05                           clknet_2_1__leaf_clk (net)
                  0.10    0.00    0.70 ^ _450_/CLK (sky130_fd_sc_hd__dfrtp_1)
                          0.25    0.95   clock uncertainty
                         -0.07    0.88   clock reconvergence pessimism
                         -0.08    0.80   library hold time
                                  0.80   data required time
-----------------------------------------------------------------------------
                                  0.80   data required time
                                 -1.79   data arrival time
-----------------------------------------------------------------------------
                                  0.99   slack (MET)


Startpoint: _442_ (rising edge-triggered flip-flop clocked by clk)
Endpoint: _442_ (rising edge-triggered flip-flop clocked by clk)
Path Group: clk
Path Type: min
Corner: Slowest

Fanout     Cap    Slew   Delay    Time   Description
-----------------------------------------------------------------------------
                          0.00    0.00   clock clk (rise edge)
                          0.00    0.00   clock source latency
                  0.15    0.10    0.10 ^ clk (in)
     2    0.02                           clk (net)
                  0.15    0.00    0.10 ^ clkbuf_0_clk/A (sky130_fd_sc_hd__clkbuf_16)
                  0.10    0.28    0.37 ^ clkbuf_0_clk/X (sky130_fd_sc_hd__clkbuf_16)
     4    0.05                           clknet_0_clk (net)
                  0.10    0.00    0.38 ^ clkbuf_2_0__f_clk/A (sky130_fd_sc_hd__clkbuf_16)
                  0.09    0.24    0.62 ^ clkbuf_2_0__f_clk/X (sky130_fd_sc_hd__clkbuf_16)
    11    0.04                           clknet_2_0__leaf_clk (net)
                  0.09    0.00    0.62 ^ _442_/CLK (sky130_fd_sc_hd__dfrtp_2)
                  0.18    0.76    1.38 ^ _442_/Q (sky130_fd_sc_hd__dfrtp_2)
     6    0.02                           rx_inst.bit_index[2] (net)
                  0.18    0.00    1.38 ^ _245_/B1 (sky130_fd_sc_hd__a31o_1)
                  0.07    0.19    1.57 ^ _245_/X (sky130_fd_sc_hd__a31o_1)
     1    0.00                           _122_ (net)
                  0.07    0.00    1.57 ^ _246_/B1 (sky130_fd_sc_hd__o21a_1)
                  0.08    0.22    1.79 ^ _246_/X (sky130_fd_sc_hd__o21a_1)
     1    0.00                           _081_ (net)
                  0.08    0.00    1.79 ^ _442_/D (sky130_fd_sc_hd__dfrtp_2)
                                  1.79   data arrival time

                          0.00    0.00   clock clk (rise edge)
                          0.00    0.00   clock source latency
                  0.15    0.11    0.11 ^ clk (in)
     2    0.02                           clk (net)
                  0.15    0.00    0.11 ^ clkbuf_0_clk/A (sky130_fd_sc_hd__clkbuf_16)
                  0.10    0.31    0.41 ^ clkbuf_0_clk/X (sky130_fd_sc_hd__clkbuf_16)
     4    0.05                           clknet_0_clk (net)
                  0.10    0.00    0.41 ^ clkbuf_2_0__f_clk/A (sky130_fd_sc_hd__clkbuf_16)
                  0.09    0.27    0.68 ^ clkbuf_2_0__f_clk/X (sky130_fd_sc_hd__clkbuf_16)
    11    0.04                           clknet_2_0__leaf_clk (net)
                  0.09    0.00    0.69 ^ _442_/CLK (sky130_fd_sc_hd__dfrtp_2)
                          0.25    0.94   clock uncertainty
                         -0.07    0.87   clock reconvergence pessimism
                         -0.08    0.79   library hold time
                                  0.79   data required time
-----------------------------------------------------------------------------
                                  0.79   data required time
                                 -1.79   data arrival time
-----------------------------------------------------------------------------
                                  1.00   slack (MET)


Startpoint: _433_ (rising edge-triggered flip-flop clocked by clk)
Endpoint: _433_ (rising edge-triggered flip-flop clocked by clk)
Path Group: clk
Path Type: min
Corner: Slowest

Fanout     Cap    Slew   Delay    Time   Description
-----------------------------------------------------------------------------
                          0.00    0.00   clock clk (rise edge)
                          0.00    0.00   clock source latency
                  0.15    0.10    0.10 ^ clk (in)
     2    0.02                           clk (net)
                  0.15    0.00    0.10 ^ clkbuf_0_clk/A (sky130_fd_sc_hd__clkbuf_16)
                  0.10    0.28    0.37 ^ clkbuf_0_clk/X (sky130_fd_sc_hd__clkbuf_16)
     4    0.05                           clknet_0_clk (net)
                  0.10    0.00    0.37 ^ clkbuf_2_1__f_clk/A (sky130_fd_sc_hd__clkbuf_16)
                  0.10    0.26    0.63 ^ clkbuf_2_1__f_clk/X (sky130_fd_sc_hd__clkbuf_16)
    15    0.05                           clknet_2_1__leaf_clk (net)
                  0.10    0.00    0.63 ^ _433_/CLK (sky130_fd_sc_hd__dfrtp_1)
                  0.26    0.77    1.40 ^ _433_/Q (sky130_fd_sc_hd__dfrtp_1)
     4    0.02                           net12 (net)
                  0.26    0.00    1.40 ^ _279_/A0 (sky130_fd_sc_hd__mux2_1)
                  0.07    0.28    1.68 ^ _279_/X (sky130_fd_sc_hd__mux2_1)
     1    0.00                           _147_ (net)
                  0.07    0.00    1.68 ^ _280_/A (sky130_fd_sc_hd__clkbuf_1)
                  0.06    0.13    1.82 ^ _280_/X (sky130_fd_sc_hd__clkbuf_1)
     1    0.00                           _072_ (net)
                  0.06    0.00    1.82 ^ _433_/D (sky130_fd_sc_hd__dfrtp_1)
                                  1.82   data arrival time

                          0.00    0.00   clock clk (rise edge)
                          0.00    0.00   clock source latency
                  0.15    0.11    0.11 ^ clk (in)
     2    0.02                           clk (net)
                  0.15    0.00    0.11 ^ clkbuf_0_clk/A (sky130_fd_sc_hd__clkbuf_16)
                  0.10    0.31    0.41 ^ clkbuf_0_clk/X (sky130_fd_sc_hd__clkbuf_16)
     4    0.05                           clknet_0_clk (net)
                  0.10    0.00    0.41 ^ clkbuf_2_1__f_clk/A (sky130_fd_sc_hd__clkbuf_16)
                  0.10    0.28    0.70 ^ clkbuf_2_1__f_clk/X (sky130_fd_sc_hd__clkbuf_16)
    15    0.05                           clknet_2_1__leaf_clk (net)
                  0.10    0.00    0.70 ^ _433_/CLK (sky130_fd_sc_hd__dfrtp_1)
                          0.25    0.95   clock uncertainty
                         -0.07    0.88   clock reconvergence pessimism
                         -0.07    0.81   library hold time
                                  0.81   data required time
-----------------------------------------------------------------------------
                                  0.81   data required time
                                 -1.82   data arrival time
-----------------------------------------------------------------------------
                                  1.00   slack (MET)


Startpoint: _408_ (rising edge-triggered flip-flop clocked by clk)
Endpoint: _408_ (rising edge-triggered flip-flop clocked by clk)
Path Group: clk
Path Type: min
Corner: Slowest

Fanout     Cap    Slew   Delay    Time   Description
-----------------------------------------------------------------------------
                          0.00    0.00   clock clk (rise edge)
                          0.00    0.00   clock source latency
                  0.15    0.10    0.10 ^ clk (in)
     2    0.02                           clk (net)
                  0.15    0.00    0.10 ^ clkbuf_0_clk/A (sky130_fd_sc_hd__clkbuf_16)
                  0.10    0.28    0.37 ^ clkbuf_0_clk/X (sky130_fd_sc_hd__clkbuf_16)
     4    0.05                           clknet_0_clk (net)
                  0.10    0.00    0.37 ^ clkbuf_2_3__f_clk/A (sky130_fd_sc_hd__clkbuf_16)
                  0.08    0.23    0.61 ^ clkbuf_2_3__f_clk/X (sky130_fd_sc_hd__clkbuf_16)
     8    0.03                           clknet_2_3__leaf_clk (net)
                  0.08    0.00    0.61 ^ _408_/CLK (sky130_fd_sc_hd__dfrtp_1)
                  0.22    0.72    1.33 ^ _408_/Q (sky130_fd_sc_hd__dfrtp_1)
     4    0.01                           tx_inst.bit_index[2] (net)
                  0.22    0.00    1.33 ^ _348_/B1_N (sky130_fd_sc_hd__o21ba_1)
                  0.05    0.30    1.64 v _348_/X (sky130_fd_sc_hd__o21ba_1)
     1    0.00                           _195_ (net)
                  0.05    0.00    1.64 v _349_/B (sky130_fd_sc_hd__nor2_1)
                  0.14    0.13    1.77 ^ _349_/Y (sky130_fd_sc_hd__nor2_1)
     1    0.00                           _047_ (net)
                  0.14    0.00    1.77 ^ _408_/D (sky130_fd_sc_hd__dfrtp_1)
                                  1.77   data arrival time

                          0.00    0.00   clock clk (rise edge)
                          0.00    0.00   clock source latency
                  0.15    0.11    0.11 ^ clk (in)
     2    0.02                           clk (net)
                  0.15    0.00    0.11 ^ clkbuf_0_clk/A (sky130_fd_sc_hd__clkbuf_16)
                  0.10    0.31    0.41 ^ clkbuf_0_clk/X (sky130_fd_sc_hd__clkbuf_16)
     4    0.05                           clknet_0_clk (net)
                  0.10    0.00    0.41 ^ clkbuf_2_3__f_clk/A (sky130_fd_sc_hd__clkbuf_16)
                  0.08    0.26    0.67 ^ clkbuf_2_3__f_clk/X (sky130_fd_sc_hd__clkbuf_16)
     8    0.03                           clknet_2_3__leaf_clk (net)
                  0.08    0.00    0.67 ^ _408_/CLK (sky130_fd_sc_hd__dfrtp_1)
                          0.25    0.92   clock uncertainty
                         -0.06    0.86   clock reconvergence pessimism
                         -0.09    0.77   library hold time
                                  0.77   data required time
-----------------------------------------------------------------------------
                                  0.77   data required time
                                 -1.77   data arrival time
-----------------------------------------------------------------------------
                                  1.00   slack (MET)


Startpoint: _448_ (rising edge-triggered flip-flop clocked by clk)
Endpoint: _448_ (rising edge-triggered flip-flop clocked by clk)
Path Group: clk
Path Type: min
Corner: Slowest

Fanout     Cap    Slew   Delay    Time   Description
-----------------------------------------------------------------------------
                          0.00    0.00   clock clk (rise edge)
                          0.00    0.00   clock source latency
                  0.15    0.10    0.10 ^ clk (in)
     2    0.02                           clk (net)
                  0.15    0.00    0.10 ^ clkbuf_0_clk/A (sky130_fd_sc_hd__clkbuf_16)
                  0.10    0.28    0.37 ^ clkbuf_0_clk/X (sky130_fd_sc_hd__clkbuf_16)
     4    0.05                           clknet_0_clk (net)
                  0.10    0.00    0.37 ^ clkbuf_2_1__f_clk/A (sky130_fd_sc_hd__clkbuf_16)
                  0.10    0.26    0.63 ^ clkbuf_2_1__f_clk/X (sky130_fd_sc_hd__clkbuf_16)
    15    0.05                           clknet_2_1__leaf_clk (net)
                  0.10    0.00    0.63 ^ _448_/CLK (sky130_fd_sc_hd__dfrtp_1)
                  0.14    0.67    1.30 ^ _448_/Q (sky130_fd_sc_hd__dfrtp_1)
     3    0.01                           rx_inst.clk_count[5] (net)
                  0.14    0.00    1.30 ^ _206_/A (sky130_fd_sc_hd__and3_1)
                  0.20    0.38    1.68 ^ _206_/X (sky130_fd_sc_hd__and3_1)
     3    0.01                           _091_ (net)
                  0.20    0.00    1.68 ^ _216_/A (sky130_fd_sc_hd__nor2_1)
                  0.05    0.13    1.81 v _216_/Y (sky130_fd_sc_hd__nor2_1)
     1    0.00                           _087_ (net)
                  0.05    0.00    1.81 v _448_/D (sky130_fd_sc_hd__dfrtp_1)
                                  1.81   data arrival time

                          0.00    0.00   clock clk (rise edge)
                          0.00    0.00   clock source latency
                  0.15    0.11    0.11 ^ clk (in)
     2    0.02                           clk (net)
                  0.15    0.00    0.11 ^ clkbuf_0_clk/A (sky130_fd_sc_hd__clkbuf_16)
                  0.10    0.31    0.41 ^ clkbuf_0_clk/X (sky130_fd_sc_hd__clkbuf_16)
     4    0.05                           clknet_0_clk (net)
                  0.10    0.00    0.41 ^ clkbuf_2_1__f_clk/A (sky130_fd_sc_hd__clkbuf_16)
                  0.10    0.28    0.70 ^ clkbuf_2_1__f_clk/X (sky130_fd_sc_hd__clkbuf_16)
    15    0.05                           clknet_2_1__leaf_clk (net)
                  0.10    0.00    0.70 ^ _448_/CLK (sky130_fd_sc_hd__dfrtp_1)
                          0.25    0.95   clock uncertainty
                         -0.07    0.88   clock reconvergence pessimism
                         -0.08    0.80   library hold time
                                  0.80   data required time
-----------------------------------------------------------------------------
                                  0.80   data required time
                                 -1.81   data arrival time
-----------------------------------------------------------------------------
                                  1.01   slack (MET)


Startpoint: _432_ (rising edge-triggered flip-flop clocked by clk)
Endpoint: _432_ (rising edge-triggered flip-flop clocked by clk)
Path Group: clk
Path Type: min
Corner: Slowest

Fanout     Cap    Slew   Delay    Time   Description
-----------------------------------------------------------------------------
                          0.00    0.00   clock clk (rise edge)
                          0.00    0.00   clock source latency
                  0.15    0.10    0.10 ^ clk (in)
     2    0.02                           clk (net)
                  0.15    0.00    0.10 ^ clkbuf_0_clk/A (sky130_fd_sc_hd__clkbuf_16)
                  0.10    0.28    0.37 ^ clkbuf_0_clk/X (sky130_fd_sc_hd__clkbuf_16)
     4    0.05                           clknet_0_clk (net)
                  0.10    0.00    0.37 ^ clkbuf_2_1__f_clk/A (sky130_fd_sc_hd__clkbuf_16)
                  0.10    0.26    0.63 ^ clkbuf_2_1__f_clk/X (sky130_fd_sc_hd__clkbuf_16)
    15    0.05                           clknet_2_1__leaf_clk (net)
                  0.10    0.00    0.63 ^ _432_/CLK (sky130_fd_sc_hd__dfrtp_2)
                  0.22    0.80    1.43 ^ _432_/Q (sky130_fd_sc_hd__dfrtp_2)
     4    0.03                           net11 (net)
                  0.22    0.00    1.43 ^ _282_/A0 (sky130_fd_sc_hd__mux2_1)
                  0.07    0.27    1.70 ^ _282_/X (sky130_fd_sc_hd__mux2_1)
     1    0.00                           _149_ (net)
                  0.07    0.00    1.70 ^ _283_/A (sky130_fd_sc_hd__clkbuf_1)
                  0.06    0.13    1.84 ^ _283_/X (sky130_fd_sc_hd__clkbuf_1)
     1    0.00                           _071_ (net)
                  0.06    0.00    1.84 ^ _432_/D (sky130_fd_sc_hd__dfrtp_2)
                                  1.84   data arrival time

                          0.00    0.00   clock clk (rise edge)
                          0.00    0.00   clock source latency
                  0.15    0.11    0.11 ^ clk (in)
     2    0.02                           clk (net)
                  0.15    0.00    0.11 ^ clkbuf_0_clk/A (sky130_fd_sc_hd__clkbuf_16)
                  0.10    0.31    0.41 ^ clkbuf_0_clk/X (sky130_fd_sc_hd__clkbuf_16)
     4    0.05                           clknet_0_clk (net)
                  0.10    0.00    0.41 ^ clkbuf_2_1__f_clk/A (sky130_fd_sc_hd__clkbuf_16)
                  0.10    0.28    0.70 ^ clkbuf_2_1__f_clk/X (sky130_fd_sc_hd__clkbuf_16)
    15    0.05                           clknet_2_1__leaf_clk (net)
                  0.10    0.00    0.70 ^ _432_/CLK (sky130_fd_sc_hd__dfrtp_2)
                          0.25    0.95   clock uncertainty
                         -0.07    0.88   clock reconvergence pessimism
                         -0.07    0.81   library hold time
                                  0.81   data required time
-----------------------------------------------------------------------------
                                  0.81   data required time
                                 -1.84   data arrival time
-----------------------------------------------------------------------------
                                  1.02   slack (MET)


Startpoint: _438_ (rising edge-triggered flip-flop clocked by clk)
Endpoint: _438_ (rising edge-triggered flip-flop clocked by clk)
Path Group: clk
Path Type: min
Corner: Slowest

Fanout     Cap    Slew   Delay    Time   Description
-----------------------------------------------------------------------------
                          0.00    0.00   clock clk (rise edge)
                          0.00    0.00   clock source latency
                  0.15    0.10    0.10 ^ clk (in)
     2    0.02                           clk (net)
                  0.15    0.00    0.10 ^ clkbuf_0_clk/A (sky130_fd_sc_hd__clkbuf_16)
                  0.10    0.28    0.37 ^ clkbuf_0_clk/X (sky130_fd_sc_hd__clkbuf_16)
     4    0.05                           clknet_0_clk (net)
                  0.10    0.00    0.37 ^ clkbuf_2_1__f_clk/A (sky130_fd_sc_hd__clkbuf_16)
                  0.10    0.26    0.63 ^ clkbuf_2_1__f_clk/X (sky130_fd_sc_hd__clkbuf_16)
    15    0.05                           clknet_2_1__leaf_clk (net)
                  0.10    0.00    0.63 ^ _438_/CLK (sky130_fd_sc_hd__dfrtp_2)
                  0.22    0.80    1.43 ^ _438_/Q (sky130_fd_sc_hd__dfrtp_2)
     4    0.03                           net17 (net)
                  0.22    0.00    1.43 ^ _263_/A1 (sky130_fd_sc_hd__mux2_1)
                  0.08    0.28    1.72 ^ _263_/X (sky130_fd_sc_hd__mux2_1)
     1    0.00                           _136_ (net)
                  0.08    0.00    1.72 ^ _264_/A (sky130_fd_sc_hd__clkbuf_1)
                  0.06    0.14    1.85 ^ _264_/X (sky130_fd_sc_hd__clkbuf_1)
     1    0.00                           _077_ (net)
                  0.06    0.00    1.85 ^ _438_/D (sky130_fd_sc_hd__dfrtp_2)
                                  1.85   data arrival time

                          0.00    0.00   clock clk (rise edge)
                          0.00    0.00   clock source latency
                  0.15    0.11    0.11 ^ clk (in)
     2    0.02                           clk (net)
                  0.15    0.00    0.11 ^ clkbuf_0_clk/A (sky130_fd_sc_hd__clkbuf_16)
                  0.10    0.31    0.41 ^ clkbuf_0_clk/X (sky130_fd_sc_hd__clkbuf_16)
     4    0.05                           clknet_0_clk (net)
                  0.10    0.00    0.41 ^ clkbuf_2_1__f_clk/A (sky130_fd_sc_hd__clkbuf_16)
                  0.10    0.28    0.70 ^ clkbuf_2_1__f_clk/X (sky130_fd_sc_hd__clkbuf_16)
    15    0.05                           clknet_2_1__leaf_clk (net)
                  0.10    0.00    0.70 ^ _438_/CLK (sky130_fd_sc_hd__dfrtp_2)
                          0.25    0.95   clock uncertainty
                         -0.07    0.88   clock reconvergence pessimism
                         -0.07    0.81   library hold time
                                  0.81   data required time
-----------------------------------------------------------------------------
                                  0.81   data required time
                                 -1.85   data arrival time
-----------------------------------------------------------------------------
                                  1.04   slack (MET)


Startpoint: _445_ (rising edge-triggered flip-flop clocked by clk)
Endpoint: _445_ (rising edge-triggered flip-flop clocked by clk)
Path Group: clk
Path Type: min
Corner: Slowest

Fanout     Cap    Slew   Delay    Time   Description
-----------------------------------------------------------------------------
                          0.00    0.00   clock clk (rise edge)
                          0.00    0.00   clock source latency
                  0.15    0.10    0.10 ^ clk (in)
     2    0.02                           clk (net)
                  0.15    0.00    0.10 ^ clkbuf_0_clk/A (sky130_fd_sc_hd__clkbuf_16)
                  0.10    0.28    0.37 ^ clkbuf_0_clk/X (sky130_fd_sc_hd__clkbuf_16)
     4    0.05                           clknet_0_clk (net)
                  0.10    0.00    0.38 ^ clkbuf_2_0__f_clk/A (sky130_fd_sc_hd__clkbuf_16)
                  0.09    0.24    0.62 ^ clkbuf_2_0__f_clk/X (sky130_fd_sc_hd__clkbuf_16)
    11    0.04                           clknet_2_0__leaf_clk (net)
                  0.09    0.00    0.62 ^ _445_/CLK (sky130_fd_sc_hd__dfrtp_2)
                  0.19    0.77    1.39 ^ _445_/Q (sky130_fd_sc_hd__dfrtp_2)
     6    0.02                           rx_inst.clk_count[2] (net)
                  0.19    0.00    1.39 ^ _234_/A (sky130_fd_sc_hd__xnor2_1)
                  0.08    0.23    1.62 ^ _234_/Y (sky130_fd_sc_hd__xnor2_1)
     1    0.00                           _114_ (net)
                  0.08    0.00    1.62 ^ _235_/B2 (sky130_fd_sc_hd__a32o_1)
                  0.08    0.21    1.84 ^ _235_/X (sky130_fd_sc_hd__a32o_1)
     1    0.00                           _084_ (net)
                  0.08    0.00    1.84 ^ _445_/D (sky130_fd_sc_hd__dfrtp_2)
                                  1.84   data arrival time

                          0.00    0.00   clock clk (rise edge)
                          0.00    0.00   clock source latency
                  0.15    0.11    0.11 ^ clk (in)
     2    0.02                           clk (net)
                  0.15    0.00    0.11 ^ clkbuf_0_clk/A (sky130_fd_sc_hd__clkbuf_16)
                  0.10    0.31    0.41 ^ clkbuf_0_clk/X (sky130_fd_sc_hd__clkbuf_16)
     4    0.05                           clknet_0_clk (net)
                  0.10    0.00    0.41 ^ clkbuf_2_0__f_clk/A (sky130_fd_sc_hd__clkbuf_16)
                  0.09    0.27    0.68 ^ clkbuf_2_0__f_clk/X (sky130_fd_sc_hd__clkbuf_16)
    11    0.04                           clknet_2_0__leaf_clk (net)
                  0.09    0.00    0.69 ^ _445_/CLK (sky130_fd_sc_hd__dfrtp_2)
                          0.25    0.94   clock uncertainty
                         -0.07    0.87   clock reconvergence pessimism
                         -0.08    0.79   library hold time
                                  0.79   data required time
-----------------------------------------------------------------------------
                                  0.79   data required time
                                 -1.84   data arrival time
-----------------------------------------------------------------------------
                                  1.05   slack (MET)


Startpoint: _418_ (rising edge-triggered flip-flop clocked by clk)
Endpoint: _418_ (rising edge-triggered flip-flop clocked by clk)
Path Group: clk
Path Type: min
Corner: Slowest

Fanout     Cap    Slew   Delay    Time   Description
-----------------------------------------------------------------------------
                          0.00    0.00   clock clk (rise edge)
                          0.00    0.00   clock source latency
                  0.15    0.10    0.10 ^ clk (in)
     2    0.02                           clk (net)
                  0.15    0.00    0.10 ^ clkbuf_0_clk/A (sky130_fd_sc_hd__clkbuf_16)
                  0.10    0.28    0.37 ^ clkbuf_0_clk/X (sky130_fd_sc_hd__clkbuf_16)
     4    0.05                           clknet_0_clk (net)
                  0.10    0.00    0.38 ^ clkbuf_2_0__f_clk/A (sky130_fd_sc_hd__clkbuf_16)
                  0.09    0.24    0.62 ^ clkbuf_2_0__f_clk/X (sky130_fd_sc_hd__clkbuf_16)
    11    0.04                           clknet_2_0__leaf_clk (net)
                  0.09    0.00    0.62 ^ _418_/CLK (sky130_fd_sc_hd__dfrtp_1)
                  0.10    0.63    1.25 ^ _418_/Q (sky130_fd_sc_hd__dfrtp_1)
     2    0.00                           rx_inst.state[1] (net)
                  0.10    0.00    1.25 ^ _219_/A (sky130_fd_sc_hd__buf_2)
                  0.28    0.34    1.59 ^ _219_/X (sky130_fd_sc_hd__buf_2)
    10    0.03                           _100_ (net)
                  0.28    0.00    1.59 ^ _326_/A1 (sky130_fd_sc_hd__a21bo_1)
                  0.05    0.26    1.85 ^ _326_/X (sky130_fd_sc_hd__a21bo_1)
     1    0.00                           _057_ (net)
                  0.05    0.00    1.85 ^ _418_/D (sky130_fd_sc_hd__dfrtp_1)
                                  1.85   data arrival time

                          0.00    0.00   clock clk (rise edge)
                          0.00    0.00   clock source latency
                  0.15    0.11    0.11 ^ clk (in)
     2    0.02                           clk (net)
                  0.15    0.00    0.11 ^ clkbuf_0_clk/A (sky130_fd_sc_hd__clkbuf_16)
                  0.10    0.31    0.41 ^ clkbuf_0_clk/X (sky130_fd_sc_hd__clkbuf_16)
     4    0.05                           clknet_0_clk (net)
                  0.10    0.00    0.41 ^ clkbuf_2_0__f_clk/A (sky130_fd_sc_hd__clkbuf_16)
                  0.09    0.27    0.68 ^ clkbuf_2_0__f_clk/X (sky130_fd_sc_hd__clkbuf_16)
    11    0.04                           clknet_2_0__leaf_clk (net)
                  0.09    0.00    0.69 ^ _418_/CLK (sky130_fd_sc_hd__dfrtp_1)
                          0.25    0.94   clock uncertainty
                         -0.07    0.87   clock reconvergence pessimism
                         -0.07    0.80   library hold time
                                  0.80   data required time
-----------------------------------------------------------------------------
                                  0.80   data required time
                                 -1.85   data arrival time
-----------------------------------------------------------------------------
                                  1.05   slack (MET)


Startpoint: _436_ (rising edge-triggered flip-flop clocked by clk)
Endpoint: _436_ (rising edge-triggered flip-flop clocked by clk)
Path Group: clk
Path Type: min
Corner: Slowest

Fanout     Cap    Slew   Delay    Time   Description
-----------------------------------------------------------------------------
                          0.00    0.00   clock clk (rise edge)
                          0.00    0.00   clock source latency
                  0.15    0.10    0.10 ^ clk (in)
     2    0.02                           clk (net)
                  0.15    0.00    0.10 ^ clkbuf_0_clk/A (sky130_fd_sc_hd__clkbuf_16)
                  0.10    0.28    0.37 ^ clkbuf_0_clk/X (sky130_fd_sc_hd__clkbuf_16)
     4    0.05                           clknet_0_clk (net)
                  0.10    0.00    0.38 ^ clkbuf_2_0__f_clk/A (sky130_fd_sc_hd__clkbuf_16)
                  0.09    0.24    0.62 ^ clkbuf_2_0__f_clk/X (sky130_fd_sc_hd__clkbuf_16)
    11    0.04                           clknet_2_0__leaf_clk (net)
                  0.09    0.00    0.62 ^ _436_/CLK (sky130_fd_sc_hd__dfrtp_1)
                  0.31    0.79    1.41 ^ _436_/Q (sky130_fd_sc_hd__dfrtp_1)
     4    0.02                           net15 (net)
                  0.31    0.00    1.41 ^ _269_/A1 (sky130_fd_sc_hd__mux2_1)
                  0.07    0.30    1.72 ^ _269_/X (sky130_fd_sc_hd__mux2_1)
     1    0.00                           _140_ (net)
                  0.07    0.00    1.72 ^ _270_/A (sky130_fd_sc_hd__clkbuf_1)
                  0.06    0.13    1.85 ^ _270_/X (sky130_fd_sc_hd__clkbuf_1)
     1    0.00                           _075_ (net)
                  0.06    0.00    1.85 ^ _436_/D (sky130_fd_sc_hd__dfrtp_1)
                                  1.85   data arrival time

                          0.00    0.00   clock clk (rise edge)
                          0.00    0.00   clock source latency
                  0.15    0.11    0.11 ^ clk (in)
     2    0.02                           clk (net)
                  0.15    0.00    0.11 ^ clkbuf_0_clk/A (sky130_fd_sc_hd__clkbuf_16)
                  0.10    0.31    0.41 ^ clkbuf_0_clk/X (sky130_fd_sc_hd__clkbuf_16)
     4    0.05                           clknet_0_clk (net)
                  0.10    0.00    0.41 ^ clkbuf_2_0__f_clk/A (sky130_fd_sc_hd__clkbuf_16)
                  0.09    0.27    0.68 ^ clkbuf_2_0__f_clk/X (sky130_fd_sc_hd__clkbuf_16)
    11    0.04                           clknet_2_0__leaf_clk (net)
                  0.09    0.00    0.69 ^ _436_/CLK (sky130_fd_sc_hd__dfrtp_1)
                          0.25    0.94   clock uncertainty
                         -0.07    0.87   clock reconvergence pessimism
                         -0.07    0.80   library hold time
                                  0.80   data required time
-----------------------------------------------------------------------------
                                  0.80   data required time
                                 -1.85   data arrival time
-----------------------------------------------------------------------------
                                  1.05   slack (MET)


Startpoint: rst (input port clocked by clk)
Endpoint: _447_ (removal check against rising-edge clock clk)
Path Group: asynchronous
Path Type: min
Corner: Slowest

Fanout     Cap    Slew   Delay    Time   Description
-----------------------------------------------------------------------------
                          0.00    0.00   clock clk (rise edge)
                          0.00    0.00   clock network delay (propagated)
                          2.00    2.00 v input external delay
                  0.02    0.01    2.01 v rst (in)
     2    0.00                           rst (net)
                  0.02    0.00    2.01 v input1/A (sky130_fd_sc_hd__buf_1)
                  0.13    0.19    2.21 v input1/X (sky130_fd_sc_hd__buf_1)
     1    0.01                           net1 (net)
                  0.13    0.00    2.21 v _356_/A (sky130_fd_sc_hd__clkbuf_4)
                  0.18    0.36    2.57 v _356_/X (sky130_fd_sc_hd__clkbuf_4)
     9    0.05                           _200_ (net)
                  0.18    0.00    2.57 v _402_/A (sky130_fd_sc_hd__inv_2)
                  0.06    0.10    2.68 ^ _402_/Y (sky130_fd_sc_hd__inv_2)
     1    0.00                           _041_ (net)
                  0.06    0.00    2.68 ^ _447_/RESET_B (sky130_fd_sc_hd__dfrtp_1)
                                  2.68   data arrival time

                          0.00    0.00   clock clk (rise edge)
                          0.00    0.00   clock source latency
                  0.15    0.11    0.11 ^ clk (in)
     2    0.02                           clk (net)
                  0.15    0.00    0.11 ^ clkbuf_0_clk/A (sky130_fd_sc_hd__clkbuf_16)
                  0.10    0.31    0.41 ^ clkbuf_0_clk/X (sky130_fd_sc_hd__clkbuf_16)
     4    0.05                           clknet_0_clk (net)
                  0.10    0.00    0.41 ^ clkbuf_2_1__f_clk/A (sky130_fd_sc_hd__clkbuf_16)
                  0.10    0.28    0.70 ^ clkbuf_2_1__f_clk/X (sky130_fd_sc_hd__clkbuf_16)
    15    0.05                           clknet_2_1__leaf_clk (net)
                  0.10    0.00    0.70 ^ _447_/CLK (sky130_fd_sc_hd__dfrtp_1)
                          0.25    0.95   clock uncertainty
                          0.00    0.95   clock reconvergence pessimism
                          0.66    1.61   library removal time
                                  1.61   data required time
-----------------------------------------------------------------------------
                                  1.61   data required time
                                 -2.68   data arrival time
-----------------------------------------------------------------------------
                                  1.06   slack (MET)


Startpoint: rst (input port clocked by clk)
Endpoint: _448_ (removal check against rising-edge clock clk)
Path Group: asynchronous
Path Type: min
Corner: Slowest

Fanout     Cap    Slew   Delay    Time   Description
-----------------------------------------------------------------------------
                          0.00    0.00   clock clk (rise edge)
                          0.00    0.00   clock network delay (propagated)
                          2.00    2.00 v input external delay
                  0.02    0.01    2.01 v rst (in)
     2    0.00                           rst (net)
                  0.02    0.00    2.01 v input1/A (sky130_fd_sc_hd__buf_1)
                  0.13    0.19    2.21 v input1/X (sky130_fd_sc_hd__buf_1)
     1    0.01                           net1 (net)
                  0.13    0.00    2.21 v _356_/A (sky130_fd_sc_hd__clkbuf_4)
                  0.18    0.36    2.57 v _356_/X (sky130_fd_sc_hd__clkbuf_4)
     9    0.05                           _200_ (net)
                  0.18    0.00    2.57 v _403_/A (sky130_fd_sc_hd__inv_2)
                  0.06    0.10    2.68 ^ _403_/Y (sky130_fd_sc_hd__inv_2)
     1    0.00                           _042_ (net)
                  0.06    0.00    2.68 ^ _448_/RESET_B (sky130_fd_sc_hd__dfrtp_1)
                                  2.68   data arrival time

                          0.00    0.00   clock clk (rise edge)
                          0.00    0.00   clock source latency
                  0.15    0.11    0.11 ^ clk (in)
     2    0.02                           clk (net)
                  0.15    0.00    0.11 ^ clkbuf_0_clk/A (sky130_fd_sc_hd__clkbuf_16)
                  0.10    0.31    0.41 ^ clkbuf_0_clk/X (sky130_fd_sc_hd__clkbuf_16)
     4    0.05                           clknet_0_clk (net)
                  0.10    0.00    0.41 ^ clkbuf_2_1__f_clk/A (sky130_fd_sc_hd__clkbuf_16)
                  0.10    0.28    0.70 ^ clkbuf_2_1__f_clk/X (sky130_fd_sc_hd__clkbuf_16)
    15    0.05                           clknet_2_1__leaf_clk (net)
                  0.10    0.00    0.70 ^ _448_/CLK (sky130_fd_sc_hd__dfrtp_1)
                          0.25    0.95   clock uncertainty
                          0.00    0.95   clock reconvergence pessimism
                          0.66    1.61   library removal time
                                  1.61   data required time
-----------------------------------------------------------------------------
                                  1.61   data required time
                                 -2.68   data arrival time
-----------------------------------------------------------------------------
                                  1.06   slack (MET)


Startpoint: rst (input port clocked by clk)
Endpoint: _450_ (removal check against rising-edge clock clk)
Path Group: asynchronous
Path Type: min
Corner: Slowest

Fanout     Cap    Slew   Delay    Time   Description
-----------------------------------------------------------------------------
                          0.00    0.00   clock clk (rise edge)
                          0.00    0.00   clock network delay (propagated)
                          2.00    2.00 v input external delay
                  0.02    0.01    2.01 v rst (in)
     2    0.00                           rst (net)
                  0.02    0.00    2.01 v input1/A (sky130_fd_sc_hd__buf_1)
                  0.13    0.19    2.21 v input1/X (sky130_fd_sc_hd__buf_1)
     1    0.01                           net1 (net)
                  0.13    0.00    2.21 v _356_/A (sky130_fd_sc_hd__clkbuf_4)
                  0.18    0.36    2.57 v _356_/X (sky130_fd_sc_hd__clkbuf_4)
     9    0.05                           _200_ (net)
                  0.18    0.00    2.57 v _405_/A (sky130_fd_sc_hd__inv_2)
                  0.06    0.11    2.68 ^ _405_/Y (sky130_fd_sc_hd__inv_2)
     1    0.00                           _044_ (net)
                  0.06    0.00    2.68 ^ _450_/RESET_B (sky130_fd_sc_hd__dfrtp_1)
                                  2.68   data arrival time

                          0.00    0.00   clock clk (rise edge)
                          0.00    0.00   clock source latency
                  0.15    0.11    0.11 ^ clk (in)
     2    0.02                           clk (net)
                  0.15    0.00    0.11 ^ clkbuf_0_clk/A (sky130_fd_sc_hd__clkbuf_16)
                  0.10    0.31    0.41 ^ clkbuf_0_clk/X (sky130_fd_sc_hd__clkbuf_16)
     4    0.05                           clknet_0_clk (net)
                  0.10    0.00    0.41 ^ clkbuf_2_1__f_clk/A (sky130_fd_sc_hd__clkbuf_16)
                  0.10    0.28    0.70 ^ clkbuf_2_1__f_clk/X (sky130_fd_sc_hd__clkbuf_16)
    15    0.05                           clknet_2_1__leaf_clk (net)
                  0.10    0.00    0.70 ^ _450_/CLK (sky130_fd_sc_hd__dfrtp_1)
                          0.25    0.95   clock uncertainty
                          0.00    0.95   clock reconvergence pessimism
                          0.66    1.61   library removal time
                                  1.61   data required time
-----------------------------------------------------------------------------
                                  1.61   data required time
                                 -2.68   data arrival time
-----------------------------------------------------------------------------
                                  1.07   slack (MET)


Startpoint: rst (input port clocked by clk)
Endpoint: _446_ (removal check against rising-edge clock clk)
Path Group: asynchronous
Path Type: min
Corner: Slowest

Fanout     Cap    Slew   Delay    Time   Description
-----------------------------------------------------------------------------
                          0.00    0.00   clock clk (rise edge)
                          0.00    0.00   clock network delay (propagated)
                          2.00    2.00 v input external delay
                  0.02    0.01    2.01 v rst (in)
     2    0.00                           rst (net)
                  0.02    0.00    2.01 v input1/A (sky130_fd_sc_hd__buf_1)
                  0.13    0.19    2.21 v input1/X (sky130_fd_sc_hd__buf_1)
     1    0.01                           net1 (net)
                  0.13    0.00    2.21 v _356_/A (sky130_fd_sc_hd__clkbuf_4)
                  0.18    0.36    2.57 v _356_/X (sky130_fd_sc_hd__clkbuf_4)
     9    0.05                           _200_ (net)
                  0.18    0.00    2.57 v _401_/A (sky130_fd_sc_hd__inv_2)
                  0.06    0.11    2.68 ^ _401_/Y (sky130_fd_sc_hd__inv_2)
     1    0.00                           _040_ (net)
                  0.06    0.00    2.68 ^ _446_/RESET_B (sky130_fd_sc_hd__dfrtp_1)
                                  2.68   data arrival time

                          0.00    0.00   clock clk (rise edge)
                          0.00    0.00   clock source latency
                  0.15    0.11    0.11 ^ clk (in)
     2    0.02                           clk (net)
                  0.15    0.00    0.11 ^ clkbuf_0_clk/A (sky130_fd_sc_hd__clkbuf_16)
                  0.10    0.31    0.41 ^ clkbuf_0_clk/X (sky130_fd_sc_hd__clkbuf_16)
     4    0.05                           clknet_0_clk (net)
                  0.10    0.00    0.41 ^ clkbuf_2_1__f_clk/A (sky130_fd_sc_hd__clkbuf_16)
                  0.10    0.28    0.70 ^ clkbuf_2_1__f_clk/X (sky130_fd_sc_hd__clkbuf_16)
    15    0.05                           clknet_2_1__leaf_clk (net)
                  0.10    0.00    0.70 ^ _446_/CLK (sky130_fd_sc_hd__dfrtp_1)
                          0.25    0.95   clock uncertainty
                          0.00    0.95   clock reconvergence pessimism
                          0.66    1.61   library removal time
                                  1.61   data required time
-----------------------------------------------------------------------------
                                  1.61   data required time
                                 -2.68   data arrival time
-----------------------------------------------------------------------------
                                  1.07   slack (MET)


Startpoint: rst (input port clocked by clk)
Endpoint: _449_ (removal check against rising-edge clock clk)
Path Group: asynchronous
Path Type: min
Corner: Slowest

Fanout     Cap    Slew   Delay    Time   Description
-----------------------------------------------------------------------------
                          0.00    0.00   clock clk (rise edge)
                          0.00    0.00   clock network delay (propagated)
                          2.00    2.00 v input external delay
                  0.02    0.01    2.01 v rst (in)
     2    0.00                           rst (net)
                  0.02    0.00    2.01 v input1/A (sky130_fd_sc_hd__buf_1)
                  0.13    0.19    2.21 v input1/X (sky130_fd_sc_hd__buf_1)
     1    0.01                           net1 (net)
                  0.13    0.00    2.21 v _356_/A (sky130_fd_sc_hd__clkbuf_4)
                  0.18    0.36    2.57 v _356_/X (sky130_fd_sc_hd__clkbuf_4)
     9    0.05                           _200_ (net)
                  0.18    0.00    2.57 v _404_/A (sky130_fd_sc_hd__inv_2)
                  0.06    0.11    2.68 ^ _404_/Y (sky130_fd_sc_hd__inv_2)
     1    0.00                           _043_ (net)
                  0.06    0.00    2.68 ^ _449_/RESET_B (sky130_fd_sc_hd__dfrtp_1)
                                  2.68   data arrival time

                          0.00    0.00   clock clk (rise edge)
                          0.00    0.00   clock source latency
                  0.15    0.11    0.11 ^ clk (in)
     2    0.02                           clk (net)
                  0.15    0.00    0.11 ^ clkbuf_0_clk/A (sky130_fd_sc_hd__clkbuf_16)
                  0.10    0.31    0.41 ^ clkbuf_0_clk/X (sky130_fd_sc_hd__clkbuf_16)
     4    0.05                           clknet_0_clk (net)
                  0.10    0.00    0.41 ^ clkbuf_2_1__f_clk/A (sky130_fd_sc_hd__clkbuf_16)
                  0.10    0.28    0.70 ^ clkbuf_2_1__f_clk/X (sky130_fd_sc_hd__clkbuf_16)
    15    0.05                           clknet_2_1__leaf_clk (net)
                  0.10    0.00    0.70 ^ _449_/CLK (sky130_fd_sc_hd__dfrtp_1)
                          0.25    0.95   clock uncertainty
                          0.00    0.95   clock reconvergence pessimism
                          0.67    1.62   library removal time
                                  1.62   data required time
-----------------------------------------------------------------------------
                                  1.62   data required time
                                 -2.68   data arrival time
-----------------------------------------------------------------------------
                                  1.07   slack (MET)


Startpoint: _411_ (rising edge-triggered flip-flop clocked by clk)
Endpoint: _411_ (rising edge-triggered flip-flop clocked by clk)
Path Group: clk
Path Type: min
Corner: Slowest

Fanout     Cap    Slew   Delay    Time   Description
-----------------------------------------------------------------------------
                          0.00    0.00   clock clk (rise edge)
                          0.00    0.00   clock source latency
                  0.15    0.10    0.10 ^ clk (in)
     2    0.02                           clk (net)
                  0.15    0.00    0.10 ^ clkbuf_0_clk/A (sky130_fd_sc_hd__clkbuf_16)
                  0.10    0.28    0.37 ^ clkbuf_0_clk/X (sky130_fd_sc_hd__clkbuf_16)
     4    0.05                           clknet_0_clk (net)
                  0.10    0.00    0.37 ^ clkbuf_2_3__f_clk/A (sky130_fd_sc_hd__clkbuf_16)
                  0.08    0.23    0.61 ^ clkbuf_2_3__f_clk/X (sky130_fd_sc_hd__clkbuf_16)
     8    0.03                           clknet_2_3__leaf_clk (net)
                  0.08    0.00    0.61 ^ _411_/CLK (sky130_fd_sc_hd__dfrtp_1)
                  0.15    0.67    1.28 ^ _411_/Q (sky130_fd_sc_hd__dfrtp_1)
     3    0.01                           tx_inst.clk_count[2] (net)
                  0.15    0.00    1.28 ^ _336_/B1 (sky130_fd_sc_hd__a21o_1)
                  0.06    0.16    1.44 ^ _336_/X (sky130_fd_sc_hd__a21o_1)
     1    0.00                           _186_ (net)
                  0.06    0.00    1.44 ^ _337_/C (sky130_fd_sc_hd__and3_1)
                  0.09    0.29    1.73 ^ _337_/X (sky130_fd_sc_hd__and3_1)
     1    0.00                           _187_ (net)
                  0.09    0.00    1.73 ^ _338_/A (sky130_fd_sc_hd__clkbuf_1)
                  0.07    0.15    1.87 ^ _338_/X (sky130_fd_sc_hd__clkbuf_1)
     1    0.00                           _050_ (net)
                  0.07    0.00    1.87 ^ _411_/D (sky130_fd_sc_hd__dfrtp_1)
                                  1.87   data arrival time

                          0.00    0.00   clock clk (rise edge)
                          0.00    0.00   clock source latency
                  0.15    0.11    0.11 ^ clk (in)
     2    0.02                           clk (net)
                  0.15    0.00    0.11 ^ clkbuf_0_clk/A (sky130_fd_sc_hd__clkbuf_16)
                  0.10    0.31    0.41 ^ clkbuf_0_clk/X (sky130_fd_sc_hd__clkbuf_16)
     4    0.05                           clknet_0_clk (net)
                  0.10    0.00    0.41 ^ clkbuf_2_3__f_clk/A (sky130_fd_sc_hd__clkbuf_16)
                  0.08    0.26    0.67 ^ clkbuf_2_3__f_clk/X (sky130_fd_sc_hd__clkbuf_16)
     8    0.03                           clknet_2_3__leaf_clk (net)
                  0.08    0.00    0.67 ^ _411_/CLK (sky130_fd_sc_hd__dfrtp_1)
                          0.25    0.92   clock uncertainty
                         -0.06    0.86   clock reconvergence pessimism
                         -0.08    0.78   library hold time
                                  0.78   data required time
-----------------------------------------------------------------------------
                                  0.78   data required time
                                 -1.87   data arrival time
-----------------------------------------------------------------------------
                                  1.09   slack (MET)


Startpoint: _409_ (rising edge-triggered flip-flop clocked by clk)
Endpoint: _409_ (rising edge-triggered flip-flop clocked by clk)
Path Group: clk
Path Type: min
Corner: Slowest

Fanout     Cap    Slew   Delay    Time   Description
-----------------------------------------------------------------------------
                          0.00    0.00   clock clk (rise edge)
                          0.00    0.00   clock source latency
                  0.15    0.10    0.10 ^ clk (in)
     2    0.02                           clk (net)
                  0.15    0.00    0.10 ^ clkbuf_0_clk/A (sky130_fd_sc_hd__clkbuf_16)
                  0.10    0.28    0.37 ^ clkbuf_0_clk/X (sky130_fd_sc_hd__clkbuf_16)
     4    0.05                           clknet_0_clk (net)
                  0.10    0.00    0.37 ^ clkbuf_2_2__f_clk/A (sky130_fd_sc_hd__clkbuf_16)
                  0.08    0.24    0.61 ^ clkbuf_2_2__f_clk/X (sky130_fd_sc_hd__clkbuf_16)
    11    0.03                           clknet_2_2__leaf_clk (net)
                  0.08    0.00    0.62 ^ _409_/CLK (sky130_fd_sc_hd__dfrtp_2)
                  0.17    0.74    1.36 ^ _409_/Q (sky130_fd_sc_hd__dfrtp_2)
     6    0.02                           tx_inst.clk_count[0] (net)
                  0.17    0.00    1.36 ^ _343_/A_N (sky130_fd_sc_hd__and2b_1)
                  0.07    0.37    1.73 v _343_/X (sky130_fd_sc_hd__and2b_1)
     1    0.00                           _191_ (net)
                  0.07    0.00    1.73 v _344_/A (sky130_fd_sc_hd__clkbuf_1)
                  0.05    0.15    1.88 v _344_/X (sky130_fd_sc_hd__clkbuf_1)
     1    0.00                           _048_ (net)
                  0.05    0.00    1.88 v _409_/D (sky130_fd_sc_hd__dfrtp_2)
                                  1.88   data arrival time

                          0.00    0.00   clock clk (rise edge)
                          0.00    0.00   clock source latency
                  0.15    0.11    0.11 ^ clk (in)
     2    0.02                           clk (net)
                  0.15    0.00    0.11 ^ clkbuf_0_clk/A (sky130_fd_sc_hd__clkbuf_16)
                  0.10    0.31    0.41 ^ clkbuf_0_clk/X (sky130_fd_sc_hd__clkbuf_16)
     4    0.05                           clknet_0_clk (net)
                  0.10    0.00    0.41 ^ clkbuf_2_2__f_clk/A (sky130_fd_sc_hd__clkbuf_16)
                  0.08    0.26    0.68 ^ clkbuf_2_2__f_clk/X (sky130_fd_sc_hd__clkbuf_16)
    11    0.03                           clknet_2_2__leaf_clk (net)
                  0.08    0.00    0.68 ^ _409_/CLK (sky130_fd_sc_hd__dfrtp_2)
                          0.25    0.93   clock uncertainty
                         -0.06    0.87   clock reconvergence pessimism
                         -0.08    0.79   library hold time
                                  0.79   data required time
-----------------------------------------------------------------------------
                                  0.79   data required time
                                 -1.88   data arrival time
-----------------------------------------------------------------------------
                                  1.09   slack (MET)


Startpoint: _430_ (rising edge-triggered flip-flop clocked by clk)
Endpoint: _430_ (rising edge-triggered flip-flop clocked by clk)
Path Group: clk
Path Type: min
Corner: Slowest

Fanout     Cap    Slew   Delay    Time   Description
-----------------------------------------------------------------------------
                          0.00    0.00   clock clk (rise edge)
                          0.00    0.00   clock source latency
                  0.15    0.10    0.10 ^ clk (in)
     2    0.02                           clk (net)
                  0.15    0.00    0.10 ^ clkbuf_0_clk/A (sky130_fd_sc_hd__clkbuf_16)
                  0.10    0.28    0.37 ^ clkbuf_0_clk/X (sky130_fd_sc_hd__clkbuf_16)
     4    0.05                           clknet_0_clk (net)
                  0.10    0.00    0.37 ^ clkbuf_2_2__f_clk/A (sky130_fd_sc_hd__clkbuf_16)
                  0.08    0.24    0.61 ^ clkbuf_2_2__f_clk/X (sky130_fd_sc_hd__clkbuf_16)
    11    0.03                           clknet_2_2__leaf_clk (net)
                  0.08    0.00    0.62 ^ _430_/CLK (sky130_fd_sc_hd__dfrtp_4)
                  0.17    0.84    1.46 ^ _430_/Q (sky130_fd_sc_hd__dfrtp_4)
     7    0.02                           tx_inst.state[0] (net)
                  0.17    0.00    1.46 ^ _294_/S (sky130_fd_sc_hd__mux2_1)
                  0.08    0.28    1.74 ^ _294_/X (sky130_fd_sc_hd__mux2_1)
     1    0.00                           _159_ (net)
                  0.08    0.00    1.74 ^ _295_/A (sky130_fd_sc_hd__clkbuf_1)
                  0.07    0.15    1.88 ^ _295_/X (sky130_fd_sc_hd__clkbuf_1)
     1    0.00                           _069_ (net)
                  0.07    0.00    1.88 ^ _430_/D (sky130_fd_sc_hd__dfrtp_4)
                                  1.88   data arrival time

                          0.00    0.00   clock clk (rise edge)
                          0.00    0.00   clock source latency
                  0.15    0.11    0.11 ^ clk (in)
     2    0.02                           clk (net)
                  0.15    0.00    0.11 ^ clkbuf_0_clk/A (sky130_fd_sc_hd__clkbuf_16)
                  0.10    0.31    0.41 ^ clkbuf_0_clk/X (sky130_fd_sc_hd__clkbuf_16)
     4    0.05                           clknet_0_clk (net)
                  0.10    0.00    0.41 ^ clkbuf_2_2__f_clk/A (sky130_fd_sc_hd__clkbuf_16)
                  0.08    0.26    0.68 ^ clkbuf_2_2__f_clk/X (sky130_fd_sc_hd__clkbuf_16)
    11    0.03                           clknet_2_2__leaf_clk (net)
                  0.08    0.00    0.68 ^ _430_/CLK (sky130_fd_sc_hd__dfrtp_4)
                          0.25    0.93   clock uncertainty
                         -0.06    0.87   clock reconvergence pessimism
                         -0.08    0.79   library hold time
                                  0.79   data required time
-----------------------------------------------------------------------------
                                  0.79   data required time
                                 -1.88   data arrival time
-----------------------------------------------------------------------------
                                  1.10   slack (MET)


Startpoint: _412_ (rising edge-triggered flip-flop clocked by clk)
Endpoint: _412_ (rising edge-triggered flip-flop clocked by clk)
Path Group: clk
Path Type: min
Corner: Slowest

Fanout     Cap    Slew   Delay    Time   Description
-----------------------------------------------------------------------------
                          0.00    0.00   clock clk (rise edge)
                          0.00    0.00   clock source latency
                  0.15    0.10    0.10 ^ clk (in)
     2    0.02                           clk (net)
                  0.15    0.00    0.10 ^ clkbuf_0_clk/A (sky130_fd_sc_hd__clkbuf_16)
                  0.10    0.28    0.37 ^ clkbuf_0_clk/X (sky130_fd_sc_hd__clkbuf_16)
     4    0.05                           clknet_0_clk (net)
                  0.10    0.00    0.37 ^ clkbuf_2_3__f_clk/A (sky130_fd_sc_hd__clkbuf_16)
                  0.08    0.23    0.61 ^ clkbuf_2_3__f_clk/X (sky130_fd_sc_hd__clkbuf_16)
     8    0.03                           clknet_2_3__leaf_clk (net)
                  0.08    0.00    0.61 ^ _412_/CLK (sky130_fd_sc_hd__dfrtp_1)
                  0.15    0.67    1.28 ^ _412_/Q (sky130_fd_sc_hd__dfrtp_1)
     2    0.01                           tx_inst.clk_count[3] (net)
                  0.15    0.00    1.28 ^ _330_/A (sky130_fd_sc_hd__inv_2)
                  0.05    0.09    1.37 v _330_/Y (sky130_fd_sc_hd__inv_2)
     2    0.01                           _181_ (net)
                  0.05    0.00    1.37 v _332_/A (sky130_fd_sc_hd__nand2_1)
                  0.07    0.08    1.45 ^ _332_/Y (sky130_fd_sc_hd__nand2_1)
     1    0.00                           _183_ (net)
                  0.07    0.00    1.45 ^ _334_/B (sky130_fd_sc_hd__and3_1)
                  0.10    0.29    1.74 ^ _334_/X (sky130_fd_sc_hd__and3_1)
     1    0.00                           _185_ (net)
                  0.10    0.00    1.74 ^ _335_/A (sky130_fd_sc_hd__clkbuf_1)
                  0.06    0.15    1.88 ^ _335_/X (sky130_fd_sc_hd__clkbuf_1)
     1    0.00                           _051_ (net)
                  0.06    0.00    1.88 ^ _412_/D (sky130_fd_sc_hd__dfrtp_1)
                                  1.88   data arrival time

                          0.00    0.00   clock clk (rise edge)
                          0.00    0.00   clock source latency
                  0.15    0.11    0.11 ^ clk (in)
     2    0.02                           clk (net)
                  0.15    0.00    0.11 ^ clkbuf_0_clk/A (sky130_fd_sc_hd__clkbuf_16)
                  0.10    0.31    0.41 ^ clkbuf_0_clk/X (sky130_fd_sc_hd__clkbuf_16)
     4    0.05                           clknet_0_clk (net)
                  0.10    0.00    0.41 ^ clkbuf_2_3__f_clk/A (sky130_fd_sc_hd__clkbuf_16)
                  0.08    0.26    0.67 ^ clkbuf_2_3__f_clk/X (sky130_fd_sc_hd__clkbuf_16)
     8    0.03                           clknet_2_3__leaf_clk (net)
                  0.08    0.00    0.67 ^ _412_/CLK (sky130_fd_sc_hd__dfrtp_1)
                          0.25    0.92   clock uncertainty
                         -0.06    0.86   clock reconvergence pessimism
                         -0.07    0.78   library hold time
                                  0.78   data required time
-----------------------------------------------------------------------------
                                  0.78   data required time
                                 -1.88   data arrival time
-----------------------------------------------------------------------------
                                  1.10   slack (MET)


Startpoint: _431_ (rising edge-triggered flip-flop clocked by clk)
Endpoint: _407_ (rising edge-triggered flip-flop clocked by clk)
Path Group: clk
Path Type: min
Corner: Slowest

Fanout     Cap    Slew   Delay    Time   Description
-----------------------------------------------------------------------------
                          0.00    0.00   clock clk (rise edge)
                          0.00    0.00   clock source latency
                  0.15    0.10    0.10 ^ clk (in)
     2    0.02                           clk (net)
                  0.15    0.00    0.10 ^ clkbuf_0_clk/A (sky130_fd_sc_hd__clkbuf_16)
                  0.10    0.28    0.37 ^ clkbuf_0_clk/X (sky130_fd_sc_hd__clkbuf_16)
     4    0.05                           clknet_0_clk (net)
                  0.10    0.00    0.37 ^ clkbuf_2_2__f_clk/A (sky130_fd_sc_hd__clkbuf_16)
                  0.08    0.24    0.61 ^ clkbuf_2_2__f_clk/X (sky130_fd_sc_hd__clkbuf_16)
    11    0.03                           clknet_2_2__leaf_clk (net)
                  0.08    0.00    0.62 ^ _431_/CLK (sky130_fd_sc_hd__dfrtp_4)
                  0.17    0.85    1.47 ^ _431_/Q (sky130_fd_sc_hd__dfrtp_4)
     7    0.02                           tx_inst.state[1] (net)
                  0.17    0.00    1.47 ^ _352_/A1 (sky130_fd_sc_hd__a21o_1)
                  0.08    0.25    1.72 ^ _352_/X (sky130_fd_sc_hd__a21o_1)
     1    0.00                           _198_ (net)
                  0.08    0.00    1.72 ^ _353_/B1 (sky130_fd_sc_hd__o21a_1)
                  0.06    0.20    1.92 ^ _353_/X (sky130_fd_sc_hd__o21a_1)
     1    0.00                           _046_ (net)
                  0.06    0.00    1.92 ^ _407_/D (sky130_fd_sc_hd__dfrtp_1)
                                  1.92   data arrival time

                          0.00    0.00   clock clk (rise edge)
                          0.00    0.00   clock source latency
                  0.15    0.11    0.11 ^ clk (in)
     2    0.02                           clk (net)
                  0.15    0.00    0.11 ^ clkbuf_0_clk/A (sky130_fd_sc_hd__clkbuf_16)
                  0.10    0.31    0.41 ^ clkbuf_0_clk/X (sky130_fd_sc_hd__clkbuf_16)
     4    0.05                           clknet_0_clk (net)
                  0.10    0.00    0.41 ^ clkbuf_2_3__f_clk/A (sky130_fd_sc_hd__clkbuf_16)
                  0.08    0.26    0.67 ^ clkbuf_2_3__f_clk/X (sky130_fd_sc_hd__clkbuf_16)
     8    0.03                           clknet_2_3__leaf_clk (net)
                  0.08    0.00    0.67 ^ _407_/CLK (sky130_fd_sc_hd__dfrtp_1)
                          0.25    0.92   clock uncertainty
                         -0.04    0.88   clock reconvergence pessimism
                         -0.07    0.81   library hold time
                                  0.81   data required time
-----------------------------------------------------------------------------
                                  0.81   data required time
                                 -1.92   data arrival time
-----------------------------------------------------------------------------
                                  1.11   slack (MET)


Startpoint: _440_ (rising edge-triggered flip-flop clocked by clk)
Endpoint: _440_ (rising edge-triggered flip-flop clocked by clk)
Path Group: clk
Path Type: min
Corner: Slowest

Fanout     Cap    Slew   Delay    Time   Description
-----------------------------------------------------------------------------
                          0.00    0.00   clock clk (rise edge)
                          0.00    0.00   clock source latency
                  0.15    0.10    0.10 ^ clk (in)
     2    0.02                           clk (net)
                  0.15    0.00    0.10 ^ clkbuf_0_clk/A (sky130_fd_sc_hd__clkbuf_16)
                  0.10    0.28    0.37 ^ clkbuf_0_clk/X (sky130_fd_sc_hd__clkbuf_16)
     4    0.05                           clknet_0_clk (net)
                  0.10    0.00    0.38 ^ clkbuf_2_0__f_clk/A (sky130_fd_sc_hd__clkbuf_16)
                  0.09    0.24    0.62 ^ clkbuf_2_0__f_clk/X (sky130_fd_sc_hd__clkbuf_16)
    11    0.04                           clknet_2_0__leaf_clk (net)
                  0.09    0.00    0.62 ^ _440_/CLK (sky130_fd_sc_hd__dfrtp_4)
                  0.18    0.86    1.48 ^ _440_/Q (sky130_fd_sc_hd__dfrtp_4)
     9    0.03                           rx_inst.bit_index[0] (net)
                  0.18    0.00    1.48 ^ _254_/S (sky130_fd_sc_hd__mux2_1)
                  0.08    0.28    1.76 ^ _254_/X (sky130_fd_sc_hd__mux2_1)
     1    0.00                           _129_ (net)
                  0.08    0.00    1.76 ^ _255_/A (sky130_fd_sc_hd__clkbuf_1)
                  0.07    0.15    1.91 ^ _255_/X (sky130_fd_sc_hd__clkbuf_1)
     1    0.00                           _079_ (net)
                  0.07    0.00    1.91 ^ _440_/D (sky130_fd_sc_hd__dfrtp_4)
                                  1.91   data arrival time

                          0.00    0.00   clock clk (rise edge)
                          0.00    0.00   clock source latency
                  0.15    0.11    0.11 ^ clk (in)
     2    0.02                           clk (net)
                  0.15    0.00    0.11 ^ clkbuf_0_clk/A (sky130_fd_sc_hd__clkbuf_16)
                  0.10    0.31    0.41 ^ clkbuf_0_clk/X (sky130_fd_sc_hd__clkbuf_16)
     4    0.05                           clknet_0_clk (net)
                  0.10    0.00    0.41 ^ clkbuf_2_0__f_clk/A (sky130_fd_sc_hd__clkbuf_16)
                  0.09    0.27    0.68 ^ clkbuf_2_0__f_clk/X (sky130_fd_sc_hd__clkbuf_16)
    11    0.04                           clknet_2_0__leaf_clk (net)
                  0.09    0.00    0.69 ^ _440_/CLK (sky130_fd_sc_hd__dfrtp_4)
                          0.25    0.94   clock uncertainty
                         -0.07    0.87   clock reconvergence pessimism
                         -0.08    0.79   library hold time
                                  0.79   data required time
-----------------------------------------------------------------------------
                                  0.79   data required time
                                 -1.91   data arrival time
-----------------------------------------------------------------------------
                                  1.11   slack (MET)


Startpoint: _417_ (rising edge-triggered flip-flop clocked by clk)
Endpoint: _441_ (rising edge-triggered flip-flop clocked by clk)
Path Group: clk
Path Type: min
Corner: Slowest

Fanout     Cap    Slew   Delay    Time   Description
-----------------------------------------------------------------------------
                          0.00    0.00   clock clk (rise edge)
                          0.00    0.00   clock source latency
                  0.15    0.10    0.10 ^ clk (in)
     2    0.02                           clk (net)
                  0.15    0.00    0.10 ^ clkbuf_0_clk/A (sky130_fd_sc_hd__clkbuf_16)
                  0.10    0.28    0.37 ^ clkbuf_0_clk/X (sky130_fd_sc_hd__clkbuf_16)
     4    0.05                           clknet_0_clk (net)
                  0.10    0.00    0.37 ^ clkbuf_2_2__f_clk/A (sky130_fd_sc_hd__clkbuf_16)
                  0.08    0.24    0.61 ^ clkbuf_2_2__f_clk/X (sky130_fd_sc_hd__clkbuf_16)
    11    0.03                           clknet_2_2__leaf_clk (net)
                  0.08    0.00    0.62 ^ _417_/CLK (sky130_fd_sc_hd__dfrtp_4)
                  0.17    0.85    1.46 ^ _417_/Q (sky130_fd_sc_hd__dfrtp_4)
     7    0.02                           rx_inst.state[0] (net)
                  0.17    0.00    1.46 ^ _241_/A (sky130_fd_sc_hd__inv_2)
                  0.09    0.14    1.61 v _241_/Y (sky130_fd_sc_hd__inv_2)
     7    0.02                           _118_ (net)
                  0.09    0.00    1.61 v _247_/A (sky130_fd_sc_hd__nand2_1)
                  0.10    0.12    1.73 ^ _247_/Y (sky130_fd_sc_hd__nand2_1)
     2    0.01                           _123_ (net)
                  0.10    0.00    1.73 ^ _252_/A2 (sky130_fd_sc_hd__a21bo_1)
                  0.07    0.21    1.94 ^ _252_/X (sky130_fd_sc_hd__a21bo_1)
     1    0.00                           _080_ (net)
                  0.07    0.00    1.94 ^ _441_/D (sky130_fd_sc_hd__dfrtp_2)
                                  1.94   data arrival time

                          0.00    0.00   clock clk (rise edge)
                          0.00    0.00   clock source latency
                  0.15    0.11    0.11 ^ clk (in)
     2    0.02                           clk (net)
                  0.15    0.00    0.11 ^ clkbuf_0_clk/A (sky130_fd_sc_hd__clkbuf_16)
                  0.10    0.31    0.41 ^ clkbuf_0_clk/X (sky130_fd_sc_hd__clkbuf_16)
     4    0.05                           clknet_0_clk (net)
                  0.10    0.00    0.41 ^ clkbuf_2_0__f_clk/A (sky130_fd_sc_hd__clkbuf_16)
                  0.09    0.27    0.68 ^ clkbuf_2_0__f_clk/X (sky130_fd_sc_hd__clkbuf_16)
    11    0.04                           clknet_2_0__leaf_clk (net)
                  0.09    0.00    0.69 ^ _441_/CLK (sky130_fd_sc_hd__dfrtp_2)
                          0.25    0.94   clock uncertainty
                         -0.04    0.90   clock reconvergence pessimism
                         -0.07    0.82   library hold time
                                  0.82   data required time
-----------------------------------------------------------------------------
                                  0.82   data required time
                                 -1.94   data arrival time
-----------------------------------------------------------------------------
                                  1.12   slack (MET)


Startpoint: _415_ (rising edge-triggered flip-flop clocked by clk)
Endpoint: _431_ (rising edge-triggered flip-flop clocked by clk)
Path Group: clk
Path Type: min
Corner: Slowest

Fanout     Cap    Slew   Delay    Time   Description
-----------------------------------------------------------------------------
                          0.00    0.00   clock clk (rise edge)
                          0.00    0.00   clock source latency
                  0.15    0.10    0.10 ^ clk (in)
     2    0.02                           clk (net)
                  0.15    0.00    0.10 ^ clkbuf_0_clk/A (sky130_fd_sc_hd__clkbuf_16)
                  0.10    0.28    0.37 ^ clkbuf_0_clk/X (sky130_fd_sc_hd__clkbuf_16)
     4    0.05                           clknet_0_clk (net)
                  0.10    0.00    0.37 ^ clkbuf_2_2__f_clk/A (sky130_fd_sc_hd__clkbuf_16)
                  0.08    0.24    0.61 ^ clkbuf_2_2__f_clk/X (sky130_fd_sc_hd__clkbuf_16)
    11    0.03                           clknet_2_2__leaf_clk (net)
                  0.08    0.00    0.62 ^ _415_/CLK (sky130_fd_sc_hd__dfrtp_1)
                  0.07    0.60    1.21 ^ _415_/Q (sky130_fd_sc_hd__dfrtp_1)
     1    0.00                           tx_inst.clk_count[6] (net)
                  0.07    0.00    1.21 ^ _285_/B (sky130_fd_sc_hd__or4_1)
                  0.16    0.24    1.45 ^ _285_/X (sky130_fd_sc_hd__or4_1)
     3    0.01                           _151_ (net)
                  0.16    0.00    1.45 ^ _286_/B (sky130_fd_sc_hd__nor2_1)
                  0.11    0.16    1.61 v _286_/Y (sky130_fd_sc_hd__nor2_1)
     4    0.01                           _152_ (net)
                  0.11    0.00    1.61 v _290_/A1 (sky130_fd_sc_hd__a21bo_1)
                  0.06    0.30    1.91 v _290_/X (sky130_fd_sc_hd__a21bo_1)
     1    0.00                           _070_ (net)
                  0.06    0.00    1.91 v _431_/D (sky130_fd_sc_hd__dfrtp_4)
                                  1.91   data arrival time

                          0.00    0.00   clock clk (rise edge)
                          0.00    0.00   clock source latency
                  0.15    0.11    0.11 ^ clk (in)
     2    0.02                           clk (net)
                  0.15    0.00    0.11 ^ clkbuf_0_clk/A (sky130_fd_sc_hd__clkbuf_16)
                  0.10    0.31    0.41 ^ clkbuf_0_clk/X (sky130_fd_sc_hd__clkbuf_16)
     4    0.05                           clknet_0_clk (net)
                  0.10    0.00    0.41 ^ clkbuf_2_2__f_clk/A (sky130_fd_sc_hd__clkbuf_16)
                  0.08    0.26    0.68 ^ clkbuf_2_2__f_clk/X (sky130_fd_sc_hd__clkbuf_16)
    11    0.03                           clknet_2_2__leaf_clk (net)
                  0.08    0.00    0.68 ^ _431_/CLK (sky130_fd_sc_hd__dfrtp_4)
                          0.25    0.93   clock uncertainty
                         -0.06    0.87   clock reconvergence pessimism
                         -0.08    0.78   library hold time
                                  0.78   data required time
-----------------------------------------------------------------------------
                                  0.78   data required time
                                 -1.91   data arrival time
-----------------------------------------------------------------------------
                                  1.13   slack (MET)


Startpoint: _443_ (rising edge-triggered flip-flop clocked by clk)
Endpoint: _443_ (rising edge-triggered flip-flop clocked by clk)
Path Group: clk
Path Type: min
Corner: Slowest

Fanout     Cap    Slew   Delay    Time   Description
-----------------------------------------------------------------------------
                          0.00    0.00   clock clk (rise edge)
                          0.00    0.00   clock source latency
                  0.15    0.10    0.10 ^ clk (in)
     2    0.02                           clk (net)
                  0.15    0.00    0.10 ^ clkbuf_0_clk/A (sky130_fd_sc_hd__clkbuf_16)
                  0.10    0.28    0.37 ^ clkbuf_0_clk/X (sky130_fd_sc_hd__clkbuf_16)
     4    0.05                           clknet_0_clk (net)
                  0.10    0.00    0.37 ^ clkbuf_2_1__f_clk/A (sky130_fd_sc_hd__clkbuf_16)
                  0.10    0.26    0.63 ^ clkbuf_2_1__f_clk/X (sky130_fd_sc_hd__clkbuf_16)
    15    0.05                           clknet_2_1__leaf_clk (net)
                  0.10    0.00    0.63 ^ _443_/CLK (sky130_fd_sc_hd__dfrtp_4)
                  0.17    0.86    1.50 ^ _443_/Q (sky130_fd_sc_hd__dfrtp_4)
     7    0.02                           rx_inst.clk_count[0] (net)
                  0.17    0.00    1.50 ^ _239_/A (sky130_fd_sc_hd__inv_2)
                  0.05    0.09    1.59 v _239_/Y (sky130_fd_sc_hd__inv_2)
     1    0.00                           _117_ (net)
                  0.05    0.00    1.59 v _240_/B2 (sky130_fd_sc_hd__a32o_1)
                  0.07    0.36    1.95 v _240_/X (sky130_fd_sc_hd__a32o_1)
     1    0.00                           _082_ (net)
                  0.07    0.00    1.95 v _443_/D (sky130_fd_sc_hd__dfrtp_4)
                                  1.95   data arrival time

                          0.00    0.00   clock clk (rise edge)
                          0.00    0.00   clock source latency
                  0.15    0.11    0.11 ^ clk (in)
     2    0.02                           clk (net)
                  0.15    0.00    0.11 ^ clkbuf_0_clk/A (sky130_fd_sc_hd__clkbuf_16)
                  0.10    0.31    0.41 ^ clkbuf_0_clk/X (sky130_fd_sc_hd__clkbuf_16)
     4    0.05                           clknet_0_clk (net)
                  0.10    0.00    0.41 ^ clkbuf_2_1__f_clk/A (sky130_fd_sc_hd__clkbuf_16)
                  0.10    0.28    0.70 ^ clkbuf_2_1__f_clk/X (sky130_fd_sc_hd__clkbuf_16)
    15    0.05                           clknet_2_1__leaf_clk (net)
                  0.10    0.00    0.70 ^ _443_/CLK (sky130_fd_sc_hd__dfrtp_4)
                          0.25    0.95   clock uncertainty
                         -0.07    0.88   clock reconvergence pessimism
                         -0.09    0.80   library hold time
                                  0.80   data required time
-----------------------------------------------------------------------------
                                  0.80   data required time
                                 -1.95   data arrival time
-----------------------------------------------------------------------------
                                  1.15   slack (MET)


Startpoint: _446_ (rising edge-triggered flip-flop clocked by clk)
Endpoint: _446_ (rising edge-triggered flip-flop clocked by clk)
Path Group: clk
Path Type: min
Corner: Slowest

Fanout     Cap    Slew   Delay    Time   Description
-----------------------------------------------------------------------------
                          0.00    0.00   clock clk (rise edge)
                          0.00    0.00   clock source latency
                  0.15    0.10    0.10 ^ clk (in)
     2    0.02                           clk (net)
                  0.15    0.00    0.10 ^ clkbuf_0_clk/A (sky130_fd_sc_hd__clkbuf_16)
                  0.10    0.28    0.37 ^ clkbuf_0_clk/X (sky130_fd_sc_hd__clkbuf_16)
     4    0.05                           clknet_0_clk (net)
                  0.10    0.00    0.37 ^ clkbuf_2_1__f_clk/A (sky130_fd_sc_hd__clkbuf_16)
                  0.10    0.26    0.63 ^ clkbuf_2_1__f_clk/X (sky130_fd_sc_hd__clkbuf_16)
    15    0.05                           clknet_2_1__leaf_clk (net)
                  0.10    0.00    0.63 ^ _446_/CLK (sky130_fd_sc_hd__dfrtp_1)
                  0.19    0.71    1.35 ^ _446_/Q (sky130_fd_sc_hd__dfrtp_1)
     5    0.01                           rx_inst.clk_count[3] (net)
                  0.19    0.00    1.35 ^ _225_/B1 (sky130_fd_sc_hd__a31o_1)
                  0.06    0.19    1.54 ^ _225_/X (sky130_fd_sc_hd__a31o_1)
     1    0.00                           _106_ (net)
                  0.06    0.00    1.54 ^ _226_/C (sky130_fd_sc_hd__and3b_1)
                  0.08    0.29    1.82 ^ _226_/X (sky130_fd_sc_hd__and3b_1)
     1    0.00                           _107_ (net)
                  0.08    0.00    1.82 ^ _227_/A (sky130_fd_sc_hd__clkbuf_1)
                  0.07    0.14    1.97 ^ _227_/X (sky130_fd_sc_hd__clkbuf_1)
     1    0.00                           _085_ (net)
                  0.07    0.00    1.97 ^ _446_/D (sky130_fd_sc_hd__dfrtp_1)
                                  1.97   data arrival time

                          0.00    0.00   clock clk (rise edge)
                          0.00    0.00   clock source latency
                  0.15    0.11    0.11 ^ clk (in)
     2    0.02                           clk (net)
                  0.15    0.00    0.11 ^ clkbuf_0_clk/A (sky130_fd_sc_hd__clkbuf_16)
                  0.10    0.31    0.41 ^ clkbuf_0_clk/X (sky130_fd_sc_hd__clkbuf_16)
     4    0.05                           clknet_0_clk (net)
                  0.10    0.00    0.41 ^ clkbuf_2_1__f_clk/A (sky130_fd_sc_hd__clkbuf_16)
                  0.10    0.28    0.70 ^ clkbuf_2_1__f_clk/X (sky130_fd_sc_hd__clkbuf_16)
    15    0.05                           clknet_2_1__leaf_clk (net)
                  0.10    0.00    0.70 ^ _446_/CLK (sky130_fd_sc_hd__dfrtp_1)
                          0.25    0.95   clock uncertainty
                         -0.07    0.88   clock reconvergence pessimism
                         -0.07    0.81   library hold time
                                  0.81   data required time
-----------------------------------------------------------------------------
                                  0.81   data required time
                                 -1.97   data arrival time
-----------------------------------------------------------------------------
                                  1.15   slack (MET)


Startpoint: _417_ (rising edge-triggered flip-flop clocked by clk)
Endpoint: _421_ (rising edge-triggered flip-flop clocked by clk)
Path Group: clk
Path Type: min
Corner: Slowest

Fanout     Cap    Slew   Delay    Time   Description
-----------------------------------------------------------------------------
                          0.00    0.00   clock clk (rise edge)
                          0.00    0.00   clock source latency
                  0.15    0.10    0.10 ^ clk (in)
     2    0.02                           clk (net)
                  0.15    0.00    0.10 ^ clkbuf_0_clk/A (sky130_fd_sc_hd__clkbuf_16)
                  0.10    0.28    0.37 ^ clkbuf_0_clk/X (sky130_fd_sc_hd__clkbuf_16)
     4    0.05                           clknet_0_clk (net)
                  0.10    0.00    0.37 ^ clkbuf_2_2__f_clk/A (sky130_fd_sc_hd__clkbuf_16)
                  0.08    0.24    0.61 ^ clkbuf_2_2__f_clk/X (sky130_fd_sc_hd__clkbuf_16)
    11    0.03                           clknet_2_2__leaf_clk (net)
                  0.08    0.00    0.62 ^ _417_/CLK (sky130_fd_sc_hd__dfrtp_4)
                  0.17    0.85    1.46 ^ _417_/Q (sky130_fd_sc_hd__dfrtp_4)
     7    0.02                           rx_inst.state[0] (net)
                  0.17    0.00    1.46 ^ _241_/A (sky130_fd_sc_hd__inv_2)
                  0.09    0.14    1.61 v _241_/Y (sky130_fd_sc_hd__inv_2)
     7    0.02                           _118_ (net)
                  0.09    0.00    1.61 v _314_/A2 (sky130_fd_sc_hd__o31ai_1)
                  0.09    0.38    1.99 ^ _314_/Y (sky130_fd_sc_hd__o31ai_1)
     1    0.00                           _060_ (net)
                  0.09    0.00    1.99 ^ _421_/D (sky130_fd_sc_hd__dfrtp_1)
                                  1.99   data arrival time

                          0.00    0.00   clock clk (rise edge)
                          0.00    0.00   clock source latency
                  0.15    0.11    0.11 ^ clk (in)
     2    0.02                           clk (net)
                  0.15    0.00    0.11 ^ clkbuf_0_clk/A (sky130_fd_sc_hd__clkbuf_16)
                  0.10    0.31    0.41 ^ clkbuf_0_clk/X (sky130_fd_sc_hd__clkbuf_16)
     4    0.05                           clknet_0_clk (net)
                  0.10    0.00    0.41 ^ clkbuf_2_0__f_clk/A (sky130_fd_sc_hd__clkbuf_16)
                  0.09    0.27    0.68 ^ clkbuf_2_0__f_clk/X (sky130_fd_sc_hd__clkbuf_16)
    11    0.04                           clknet_2_0__leaf_clk (net)
                  0.09    0.00    0.69 ^ _421_/CLK (sky130_fd_sc_hd__dfrtp_1)
                          0.25    0.94   clock uncertainty
                         -0.04    0.90   clock reconvergence pessimism
                         -0.08    0.82   library hold time
                                  0.82   data required time
-----------------------------------------------------------------------------
                                  0.82   data required time
                                 -1.99   data arrival time
-----------------------------------------------------------------------------
                                  1.17   slack (MET)


Startpoint: _409_ (rising edge-triggered flip-flop clocked by clk)
Endpoint: _410_ (rising edge-triggered flip-flop clocked by clk)
Path Group: clk
Path Type: min
Corner: Slowest

Fanout     Cap    Slew   Delay    Time   Description
-----------------------------------------------------------------------------
                          0.00    0.00   clock clk (rise edge)
                          0.00    0.00   clock source latency
                  0.15    0.10    0.10 ^ clk (in)
     2    0.02                           clk (net)
                  0.15    0.00    0.10 ^ clkbuf_0_clk/A (sky130_fd_sc_hd__clkbuf_16)
                  0.10    0.28    0.37 ^ clkbuf_0_clk/X (sky130_fd_sc_hd__clkbuf_16)
     4    0.05                           clknet_0_clk (net)
                  0.10    0.00    0.37 ^ clkbuf_2_2__f_clk/A (sky130_fd_sc_hd__clkbuf_16)
                  0.08    0.24    0.61 ^ clkbuf_2_2__f_clk/X (sky130_fd_sc_hd__clkbuf_16)
    11    0.03                           clknet_2_2__leaf_clk (net)
                  0.08    0.00    0.62 ^ _409_/CLK (sky130_fd_sc_hd__dfrtp_2)
                  0.17    0.74    1.36 ^ _409_/Q (sky130_fd_sc_hd__dfrtp_2)
     6    0.02                           tx_inst.clk_count[0] (net)
                  0.17    0.00    1.36 ^ _339_/B (sky130_fd_sc_hd__or2_1)
                  0.07    0.19    1.55 ^ _339_/X (sky130_fd_sc_hd__or2_1)
     1    0.00                           _188_ (net)
                  0.07    0.00    1.55 ^ _341_/A (sky130_fd_sc_hd__and3_1)
                  0.10    0.27    1.82 ^ _341_/X (sky130_fd_sc_hd__and3_1)
     1    0.00                           _190_ (net)
                  0.10    0.00    1.82 ^ _342_/A (sky130_fd_sc_hd__clkbuf_1)
                  0.08    0.16    1.98 ^ _342_/X (sky130_fd_sc_hd__clkbuf_1)
     1    0.00                           _049_ (net)
                  0.08    0.00    1.98 ^ _410_/D (sky130_fd_sc_hd__dfrtp_1)
                                  1.98   data arrival time

                          0.00    0.00   clock clk (rise edge)
                          0.00    0.00   clock source latency
                  0.15    0.11    0.11 ^ clk (in)
     2    0.02                           clk (net)
                  0.15    0.00    0.11 ^ clkbuf_0_clk/A (sky130_fd_sc_hd__clkbuf_16)
                  0.10    0.31    0.41 ^ clkbuf_0_clk/X (sky130_fd_sc_hd__clkbuf_16)
     4    0.05                           clknet_0_clk (net)
                  0.10    0.00    0.41 ^ clkbuf_2_2__f_clk/A (sky130_fd_sc_hd__clkbuf_16)
                  0.08    0.26    0.68 ^ clkbuf_2_2__f_clk/X (sky130_fd_sc_hd__clkbuf_16)
    11    0.03                           clknet_2_2__leaf_clk (net)
                  0.08    0.00    0.68 ^ _410_/CLK (sky130_fd_sc_hd__dfrtp_1)
                          0.25    0.93   clock uncertainty
                         -0.06    0.87   clock reconvergence pessimism
                         -0.08    0.79   library hold time
                                  0.79   data required time
-----------------------------------------------------------------------------
                                  0.79   data required time
                                 -1.98   data arrival time
-----------------------------------------------------------------------------
                                  1.19   slack (MET)


Startpoint: _420_ (rising edge-triggered flip-flop clocked by clk)
Endpoint: _439_ (rising edge-triggered flip-flop clocked by clk)
Path Group: clk
Path Type: min
Corner: Slowest

Fanout     Cap    Slew   Delay    Time   Description
-----------------------------------------------------------------------------
                          0.00    0.00   clock clk (rise edge)
                          0.00    0.00   clock source latency
                  0.15    0.10    0.10 ^ clk (in)
     2    0.02                           clk (net)
                  0.15    0.00    0.10 ^ clkbuf_0_clk/A (sky130_fd_sc_hd__clkbuf_16)
                  0.10    0.28    0.37 ^ clkbuf_0_clk/X (sky130_fd_sc_hd__clkbuf_16)
     4    0.05                           clknet_0_clk (net)
                  0.10    0.00    0.37 ^ clkbuf_2_2__f_clk/A (sky130_fd_sc_hd__clkbuf_16)
                  0.08    0.24    0.61 ^ clkbuf_2_2__f_clk/X (sky130_fd_sc_hd__clkbuf_16)
    11    0.03                           clknet_2_2__leaf_clk (net)
                  0.08    0.00    0.62 ^ _420_/CLK (sky130_fd_sc_hd__dfstp_1)
                  0.10    0.72    1.33 v _420_/Q (sky130_fd_sc_hd__dfstp_1)
     3    0.01                           rx_inst.rx (net)
                  0.10    0.00    1.33 v _228_/A (sky130_fd_sc_hd__buf_2)
                  0.16    0.34    1.67 v _228_/X (sky130_fd_sc_hd__buf_2)
    10    0.03                           _108_ (net)
                  0.16    0.00    1.67 v _261_/A1 (sky130_fd_sc_hd__a31o_1)
                  0.06    0.34    2.01 v _261_/X (sky130_fd_sc_hd__a31o_1)
     1    0.00                           _078_ (net)
                  0.06    0.00    2.01 v _439_/D (sky130_fd_sc_hd__dfrtp_1)
                                  2.01   data arrival time

                          0.00    0.00   clock clk (rise edge)
                          0.00    0.00   clock source latency
                  0.15    0.11    0.11 ^ clk (in)
     2    0.02                           clk (net)
                  0.15    0.00    0.11 ^ clkbuf_0_clk/A (sky130_fd_sc_hd__clkbuf_16)
                  0.10    0.31    0.41 ^ clkbuf_0_clk/X (sky130_fd_sc_hd__clkbuf_16)
     4    0.05                           clknet_0_clk (net)
                  0.10    0.00    0.41 ^ clkbuf_2_0__f_clk/A (sky130_fd_sc_hd__clkbuf_16)
                  0.09    0.27    0.68 ^ clkbuf_2_0__f_clk/X (sky130_fd_sc_hd__clkbuf_16)
    11    0.04                           clknet_2_0__leaf_clk (net)
                  0.09    0.00    0.69 ^ _439_/CLK (sky130_fd_sc_hd__dfrtp_1)
                          0.25    0.94   clock uncertainty
                         -0.04    0.90   clock reconvergence pessimism
                         -0.09    0.81   library hold time
                                  0.81   data required time
-----------------------------------------------------------------------------
                                  0.81   data required time
                                 -2.01   data arrival time
-----------------------------------------------------------------------------
                                  1.20   slack (MET)


Startpoint: _444_ (rising edge-triggered flip-flop clocked by clk)
Endpoint: _444_ (rising edge-triggered flip-flop clocked by clk)
Path Group: clk
Path Type: min
Corner: Slowest

Fanout     Cap    Slew   Delay    Time   Description
-----------------------------------------------------------------------------
                          0.00    0.00   clock clk (rise edge)
                          0.00    0.00   clock source latency
                  0.15    0.10    0.10 ^ clk (in)
     2    0.02                           clk (net)
                  0.15    0.00    0.10 ^ clkbuf_0_clk/A (sky130_fd_sc_hd__clkbuf_16)
                  0.10    0.28    0.37 ^ clkbuf_0_clk/X (sky130_fd_sc_hd__clkbuf_16)
     4    0.05                           clknet_0_clk (net)
                  0.10    0.00    0.37 ^ clkbuf_2_1__f_clk/A (sky130_fd_sc_hd__clkbuf_16)
                  0.10    0.26    0.63 ^ clkbuf_2_1__f_clk/X (sky130_fd_sc_hd__clkbuf_16)
    15    0.05                           clknet_2_1__leaf_clk (net)
                  0.10    0.00    0.63 ^ _444_/CLK (sky130_fd_sc_hd__dfrtp_2)
                  0.20    0.78    1.42 ^ _444_/Q (sky130_fd_sc_hd__dfrtp_2)
     7    0.02                           rx_inst.clk_count[1] (net)
                  0.20    0.00    1.42 ^ _236_/A (sky130_fd_sc_hd__xor2_1)
                  0.07    0.16    1.58 v _236_/X (sky130_fd_sc_hd__xor2_1)
     1    0.00                           _115_ (net)
                  0.07    0.00    1.58 v _237_/B (sky130_fd_sc_hd__and2_1)
                  0.06    0.29    1.87 v _237_/X (sky130_fd_sc_hd__and2_1)
     1    0.00                           _116_ (net)
                  0.06    0.00    1.87 v _238_/A (sky130_fd_sc_hd__clkbuf_1)
                  0.06    0.16    2.03 v _238_/X (sky130_fd_sc_hd__clkbuf_1)
     1    0.00                           _083_ (net)
                  0.06    0.00    2.03 v _444_/D (sky130_fd_sc_hd__dfrtp_2)
                                  2.03   data arrival time

                          0.00    0.00   clock clk (rise edge)
                          0.00    0.00   clock source latency
                  0.15    0.11    0.11 ^ clk (in)
     2    0.02                           clk (net)
                  0.15    0.00    0.11 ^ clkbuf_0_clk/A (sky130_fd_sc_hd__clkbuf_16)
                  0.10    0.31    0.41 ^ clkbuf_0_clk/X (sky130_fd_sc_hd__clkbuf_16)
     4    0.05                           clknet_0_clk (net)
                  0.10    0.00    0.41 ^ clkbuf_2_1__f_clk/A (sky130_fd_sc_hd__clkbuf_16)
                  0.10    0.28    0.70 ^ clkbuf_2_1__f_clk/X (sky130_fd_sc_hd__clkbuf_16)
    15    0.05                           clknet_2_1__leaf_clk (net)
                  0.10    0.00    0.70 ^ _444_/CLK (sky130_fd_sc_hd__dfrtp_2)
                          0.25    0.95   clock uncertainty
                         -0.07    0.88   clock reconvergence pessimism
                         -0.08    0.81   library hold time
                                  0.81   data required time
-----------------------------------------------------------------------------
                                  0.81   data required time
                                 -2.03   data arrival time
-----------------------------------------------------------------------------
                                  1.22   slack (MET)


Startpoint: _420_ (rising edge-triggered flip-flop clocked by clk)
Endpoint: _417_ (rising edge-triggered flip-flop clocked by clk)
Path Group: clk
Path Type: min
Corner: Slowest

Fanout     Cap    Slew   Delay    Time   Description
-----------------------------------------------------------------------------
                          0.00    0.00   clock clk (rise edge)
                          0.00    0.00   clock source latency
                  0.15    0.10    0.10 ^ clk (in)
     2    0.02                           clk (net)
                  0.15    0.00    0.10 ^ clkbuf_0_clk/A (sky130_fd_sc_hd__clkbuf_16)
                  0.10    0.28    0.37 ^ clkbuf_0_clk/X (sky130_fd_sc_hd__clkbuf_16)
     4    0.05                           clknet_0_clk (net)
                  0.10    0.00    0.37 ^ clkbuf_2_2__f_clk/A (sky130_fd_sc_hd__clkbuf_16)
                  0.08    0.24    0.61 ^ clkbuf_2_2__f_clk/X (sky130_fd_sc_hd__clkbuf_16)
    11    0.03                           clknet_2_2__leaf_clk (net)
                  0.08    0.00    0.62 ^ _420_/CLK (sky130_fd_sc_hd__dfstp_1)
                  0.10    0.72    1.33 v _420_/Q (sky130_fd_sc_hd__dfstp_1)
     3    0.01                           rx_inst.rx (net)
                  0.10    0.00    1.33 v _327_/A1 (sky130_fd_sc_hd__a311o_1)
                  0.11    0.52    1.85 v _327_/X (sky130_fd_sc_hd__a311o_1)
     1    0.01                           _179_ (net)
                  0.11    0.00    1.85 v _328_/B (sky130_fd_sc_hd__xnor2_1)
                  0.08    0.21    2.06 v _328_/Y (sky130_fd_sc_hd__xnor2_1)
     1    0.00                           _056_ (net)
                  0.08    0.00    2.06 v _417_/D (sky130_fd_sc_hd__dfrtp_4)
                                  2.06   data arrival time

                          0.00    0.00   clock clk (rise edge)
                          0.00    0.00   clock source latency
                  0.15    0.11    0.11 ^ clk (in)
     2    0.02                           clk (net)
                  0.15    0.00    0.11 ^ clkbuf_0_clk/A (sky130_fd_sc_hd__clkbuf_16)
                  0.10    0.31    0.41 ^ clkbuf_0_clk/X (sky130_fd_sc_hd__clkbuf_16)
     4    0.05                           clknet_0_clk (net)
                  0.10    0.00    0.41 ^ clkbuf_2_2__f_clk/A (sky130_fd_sc_hd__clkbuf_16)
                  0.08    0.26    0.68 ^ clkbuf_2_2__f_clk/X (sky130_fd_sc_hd__clkbuf_16)
    11    0.03                           clknet_2_2__leaf_clk (net)
                  0.08    0.00    0.68 ^ _417_/CLK (sky130_fd_sc_hd__dfrtp_4)
                          0.25    0.93   clock uncertainty
                         -0.06    0.87   clock reconvergence pessimism
                         -0.09    0.77   library hold time
                                  0.77   data required time
-----------------------------------------------------------------------------
                                  0.77   data required time
                                 -2.06   data arrival time
-----------------------------------------------------------------------------
                                  1.29   slack (MET)


Startpoint: _431_ (rising edge-triggered flip-flop clocked by clk)
Endpoint: _420_ (rising edge-triggered flip-flop clocked by clk)
Path Group: clk
Path Type: min
Corner: Slowest

Fanout     Cap    Slew   Delay    Time   Description
-----------------------------------------------------------------------------
                          0.00    0.00   clock clk (rise edge)
                          0.00    0.00   clock source latency
                  0.15    0.10    0.10 ^ clk (in)
     2    0.02                           clk (net)
                  0.15    0.00    0.10 ^ clkbuf_0_clk/A (sky130_fd_sc_hd__clkbuf_16)
                  0.10    0.28    0.37 ^ clkbuf_0_clk/X (sky130_fd_sc_hd__clkbuf_16)
     4    0.05                           clknet_0_clk (net)
                  0.10    0.00    0.37 ^ clkbuf_2_2__f_clk/A (sky130_fd_sc_hd__clkbuf_16)
                  0.08    0.24    0.61 ^ clkbuf_2_2__f_clk/X (sky130_fd_sc_hd__clkbuf_16)
    11    0.03                           clknet_2_2__leaf_clk (net)
                  0.08    0.00    0.62 ^ _431_/CLK (sky130_fd_sc_hd__dfrtp_4)
                  0.17    0.85    1.47 ^ _431_/Q (sky130_fd_sc_hd__dfrtp_4)
     7    0.02                           tx_inst.state[1] (net)
                  0.17    0.00    1.47 ^ _318_/C (sky130_fd_sc_hd__and3b_1)
                  0.08    0.32    1.78 ^ _318_/X (sky130_fd_sc_hd__and3b_1)
     1    0.00                           _173_ (net)
                  0.08    0.00    1.78 ^ _319_/C (sky130_fd_sc_hd__or3_1)
                  0.07    0.17    1.95 ^ _319_/X (sky130_fd_sc_hd__or3_1)
     1    0.00                           _174_ (net)
                  0.07    0.00    1.95 ^ _320_/A (sky130_fd_sc_hd__clkbuf_1)
                  0.07    0.14    2.09 ^ _320_/X (sky130_fd_sc_hd__clkbuf_1)
     1    0.00                           _059_ (net)
                  0.07    0.00    2.09 ^ _420_/D (sky130_fd_sc_hd__dfstp_1)
                                  2.09   data arrival time

                          0.00    0.00   clock clk (rise edge)
                          0.00    0.00   clock source latency
                  0.15    0.11    0.11 ^ clk (in)
     2    0.02                           clk (net)
                  0.15    0.00    0.11 ^ clkbuf_0_clk/A (sky130_fd_sc_hd__clkbuf_16)
                  0.10    0.31    0.41 ^ clkbuf_0_clk/X (sky130_fd_sc_hd__clkbuf_16)
     4    0.05                           clknet_0_clk (net)
                  0.10    0.00    0.41 ^ clkbuf_2_2__f_clk/A (sky130_fd_sc_hd__clkbuf_16)
                  0.08    0.26    0.68 ^ clkbuf_2_2__f_clk/X (sky130_fd_sc_hd__clkbuf_16)
    11    0.03                           clknet_2_2__leaf_clk (net)
                  0.08    0.00    0.68 ^ _420_/CLK (sky130_fd_sc_hd__dfstp_1)
                          0.25    0.93   clock uncertainty
                         -0.06    0.87   clock reconvergence pessimism
                         -0.07    0.80   library hold time
                                  0.80   data required time
-----------------------------------------------------------------------------
                                  0.80   data required time
                                 -2.09   data arrival time
-----------------------------------------------------------------------------
                                  1.29   slack (MET)


Startpoint: _441_ (rising edge-triggered flip-flop clocked by clk)
Endpoint: _434_ (rising edge-triggered flip-flop clocked by clk)
Path Group: clk
Path Type: min
Corner: Slowest

Fanout     Cap    Slew   Delay    Time   Description
-----------------------------------------------------------------------------
                          0.00    0.00   clock clk (rise edge)
                          0.00    0.00   clock source latency
                  0.15    0.10    0.10 ^ clk (in)
     2    0.02                           clk (net)
                  0.15    0.00    0.10 ^ clkbuf_0_clk/A (sky130_fd_sc_hd__clkbuf_16)
                  0.10    0.28    0.37 ^ clkbuf_0_clk/X (sky130_fd_sc_hd__clkbuf_16)
     4    0.05                           clknet_0_clk (net)
                  0.10    0.00    0.38 ^ clkbuf_2_0__f_clk/A (sky130_fd_sc_hd__clkbuf_16)
                  0.09    0.24    0.62 ^ clkbuf_2_0__f_clk/X (sky130_fd_sc_hd__clkbuf_16)
    11    0.04                           clknet_2_0__leaf_clk (net)
                  0.09    0.00    0.62 ^ _441_/CLK (sky130_fd_sc_hd__dfrtp_2)
                  0.20    0.78    1.40 ^ _441_/Q (sky130_fd_sc_hd__dfrtp_2)
     9    0.02                           rx_inst.bit_index[1] (net)
                  0.20    0.00    1.40 ^ _275_/C (sky130_fd_sc_hd__and3b_1)
                  0.11    0.36    1.76 ^ _275_/X (sky130_fd_sc_hd__and3b_1)
     1    0.00                           _144_ (net)
                  0.11    0.00    1.76 ^ _276_/S (sky130_fd_sc_hd__mux2_1)
                  0.07    0.25    2.00 ^ _276_/X (sky130_fd_sc_hd__mux2_1)
     1    0.00                           _145_ (net)
                  0.07    0.00    2.00 ^ _277_/A (sky130_fd_sc_hd__clkbuf_1)
                  0.06    0.14    2.14 ^ _277_/X (sky130_fd_sc_hd__clkbuf_1)
     1    0.00                           _073_ (net)
                  0.06    0.00    2.14 ^ _434_/D (sky130_fd_sc_hd__dfrtp_1)
                                  2.14   data arrival time

                          0.00    0.00   clock clk (rise edge)
                          0.00    0.00   clock source latency
                  0.15    0.11    0.11 ^ clk (in)
     2    0.02                           clk (net)
                  0.15    0.00    0.11 ^ clkbuf_0_clk/A (sky130_fd_sc_hd__clkbuf_16)
                  0.10    0.31    0.41 ^ clkbuf_0_clk/X (sky130_fd_sc_hd__clkbuf_16)
     4    0.05                           clknet_0_clk (net)
                  0.10    0.00    0.41 ^ clkbuf_2_0__f_clk/A (sky130_fd_sc_hd__clkbuf_16)
                  0.09    0.27    0.68 ^ clkbuf_2_0__f_clk/X (sky130_fd_sc_hd__clkbuf_16)
    11    0.04                           clknet_2_0__leaf_clk (net)
                  0.09    0.00    0.69 ^ _434_/CLK (sky130_fd_sc_hd__dfrtp_1)
                          0.25    0.94   clock uncertainty
                         -0.07    0.87   clock reconvergence pessimism
                         -0.07    0.80   library hold time
                                  0.80   data required time
-----------------------------------------------------------------------------
                                  0.80   data required time
                                 -2.14   data arrival time
-----------------------------------------------------------------------------
                                  1.35   slack (MET)


Startpoint: rst (input port clocked by clk)
Endpoint: _423_ (removal check against rising-edge clock clk)
Path Group: asynchronous
Path Type: min
Corner: Slowest

Fanout     Cap    Slew   Delay    Time   Description
-----------------------------------------------------------------------------
                          0.00    0.00   clock clk (rise edge)
                          0.00    0.00   clock network delay (propagated)
                          2.00    2.00 v input external delay
                  0.02    0.01    2.01 v rst (in)
     2    0.00                           rst (net)
                  0.02    0.00    2.01 v input1/A (sky130_fd_sc_hd__buf_1)
                  0.13    0.19    2.21 v input1/X (sky130_fd_sc_hd__buf_1)
     1    0.01                           net1 (net)
                  0.13    0.00    2.21 v _356_/A (sky130_fd_sc_hd__clkbuf_4)
                  0.18    0.36    2.57 v _356_/X (sky130_fd_sc_hd__clkbuf_4)
     9    0.05                           _200_ (net)
                  0.18    0.00    2.57 v _368_/A (sky130_fd_sc_hd__buf_4)
                  0.15    0.38    2.95 v _368_/X (sky130_fd_sc_hd__buf_4)
    10    0.06                           _202_ (net)
                  0.15    0.00    2.95 v _376_/A (sky130_fd_sc_hd__inv_2)
                  0.05    0.10    3.05 ^ _376_/Y (sky130_fd_sc_hd__inv_2)
     1    0.00                           _017_ (net)
                  0.05    0.00    3.05 ^ _423_/RESET_B (sky130_fd_sc_hd__dfrtp_1)
                                  3.05   data arrival time

                          0.00    0.00   clock clk (rise edge)
                          0.00    0.00   clock source latency
                  0.15    0.11    0.11 ^ clk (in)
     2    0.02                           clk (net)
                  0.15    0.00    0.11 ^ clkbuf_0_clk/A (sky130_fd_sc_hd__clkbuf_16)
                  0.10    0.31    0.41 ^ clkbuf_0_clk/X (sky130_fd_sc_hd__clkbuf_16)
     4    0.05                           clknet_0_clk (net)
                  0.10    0.00    0.41 ^ clkbuf_2_1__f_clk/A (sky130_fd_sc_hd__clkbuf_16)
                  0.10    0.28    0.70 ^ clkbuf_2_1__f_clk/X (sky130_fd_sc_hd__clkbuf_16)
    15    0.05                           clknet_2_1__leaf_clk (net)
                  0.10    0.00    0.70 ^ _423_/CLK (sky130_fd_sc_hd__dfrtp_1)
                          0.25    0.95   clock uncertainty
                          0.00    0.95   clock reconvergence pessimism
                          0.66    1.61   library removal time
                                  1.61   data required time
-----------------------------------------------------------------------------
                                  1.61   data required time
                                 -3.05   data arrival time
-----------------------------------------------------------------------------
                                  1.43   slack (MET)


Startpoint: rst (input port clocked by clk)
Endpoint: _438_ (removal check against rising-edge clock clk)
Path Group: asynchronous
Path Type: min
Corner: Slowest

Fanout     Cap    Slew   Delay    Time   Description
-----------------------------------------------------------------------------
                          0.00    0.00   clock clk (rise edge)
                          0.00    0.00   clock network delay (propagated)
                          2.00    2.00 v input external delay
                  0.02    0.01    2.01 v rst (in)
     2    0.00                           rst (net)
                  0.02    0.00    2.01 v input1/A (sky130_fd_sc_hd__buf_1)
                  0.13    0.19    2.21 v input1/X (sky130_fd_sc_hd__buf_1)
     1    0.01                           net1 (net)
                  0.13    0.00    2.21 v _356_/A (sky130_fd_sc_hd__clkbuf_4)
                  0.18    0.36    2.57 v _356_/X (sky130_fd_sc_hd__clkbuf_4)
     9    0.05                           _200_ (net)
                  0.18    0.00    2.57 v _390_/A (sky130_fd_sc_hd__buf_4)
                  0.15    0.38    2.95 v _390_/X (sky130_fd_sc_hd__buf_4)
    10    0.06                           _204_ (net)
                  0.15    0.00    2.95 v _393_/A (sky130_fd_sc_hd__inv_2)
                  0.05    0.09    3.05 ^ _393_/Y (sky130_fd_sc_hd__inv_2)
     1    0.00                           _032_ (net)
                  0.05    0.00    3.05 ^ _438_/RESET_B (sky130_fd_sc_hd__dfrtp_2)
                                  3.05   data arrival time

                          0.00    0.00   clock clk (rise edge)
                          0.00    0.00   clock source latency
                  0.15    0.11    0.11 ^ clk (in)
     2    0.02                           clk (net)
                  0.15    0.00    0.11 ^ clkbuf_0_clk/A (sky130_fd_sc_hd__clkbuf_16)
                  0.10    0.31    0.41 ^ clkbuf_0_clk/X (sky130_fd_sc_hd__clkbuf_16)
     4    0.05                           clknet_0_clk (net)
                  0.10    0.00    0.41 ^ clkbuf_2_1__f_clk/A (sky130_fd_sc_hd__clkbuf_16)
                  0.10    0.28    0.70 ^ clkbuf_2_1__f_clk/X (sky130_fd_sc_hd__clkbuf_16)
    15    0.05                           clknet_2_1__leaf_clk (net)
                  0.10    0.00    0.70 ^ _438_/CLK (sky130_fd_sc_hd__dfrtp_2)
                          0.25    0.95   clock uncertainty
                          0.00    0.95   clock reconvergence pessimism
                          0.66    1.61   library removal time
                                  1.61   data required time
-----------------------------------------------------------------------------
                                  1.61   data required time
                                 -3.05   data arrival time
-----------------------------------------------------------------------------
                                  1.43   slack (MET)


Startpoint: rst (input port clocked by clk)
Endpoint: _422_ (removal check against rising-edge clock clk)
Path Group: asynchronous
Path Type: min
Corner: Slowest

Fanout     Cap    Slew   Delay    Time   Description
-----------------------------------------------------------------------------
                          0.00    0.00   clock clk (rise edge)
                          0.00    0.00   clock network delay (propagated)
                          2.00    2.00 v input external delay
                  0.02    0.01    2.01 v rst (in)
     2    0.00                           rst (net)
                  0.02    0.00    2.01 v input1/A (sky130_fd_sc_hd__buf_1)
                  0.13    0.19    2.21 v input1/X (sky130_fd_sc_hd__buf_1)
     1    0.01                           net1 (net)
                  0.13    0.00    2.21 v _356_/A (sky130_fd_sc_hd__clkbuf_4)
                  0.18    0.36    2.57 v _356_/X (sky130_fd_sc_hd__clkbuf_4)
     9    0.05                           _200_ (net)
                  0.18    0.00    2.57 v _368_/A (sky130_fd_sc_hd__buf_4)
                  0.15    0.38    2.95 v _368_/X (sky130_fd_sc_hd__buf_4)
    10    0.06                           _202_ (net)
                  0.15    0.00    2.95 v _375_/A (sky130_fd_sc_hd__inv_2)
                  0.06    0.10    3.05 ^ _375_/Y (sky130_fd_sc_hd__inv_2)
     1    0.00                           _016_ (net)
                  0.06    0.00    3.05 ^ _422_/RESET_B (sky130_fd_sc_hd__dfrtp_1)
                                  3.05   data arrival time

                          0.00    0.00   clock clk (rise edge)
                          0.00    0.00   clock source latency
                  0.15    0.11    0.11 ^ clk (in)
     2    0.02                           clk (net)
                  0.15    0.00    0.11 ^ clkbuf_0_clk/A (sky130_fd_sc_hd__clkbuf_16)
                  0.10    0.31    0.41 ^ clkbuf_0_clk/X (sky130_fd_sc_hd__clkbuf_16)
     4    0.05                           clknet_0_clk (net)
                  0.10    0.00    0.41 ^ clkbuf_2_1__f_clk/A (sky130_fd_sc_hd__clkbuf_16)
                  0.10    0.28    0.70 ^ clkbuf_2_1__f_clk/X (sky130_fd_sc_hd__clkbuf_16)
    15    0.05                           clknet_2_1__leaf_clk (net)
                  0.10    0.00    0.70 ^ _422_/CLK (sky130_fd_sc_hd__dfrtp_1)
                          0.25    0.95   clock uncertainty
                          0.00    0.95   clock reconvergence pessimism
                          0.66    1.61   library removal time
                                  1.61   data required time
-----------------------------------------------------------------------------
                                  1.61   data required time
                                 -3.05   data arrival time
-----------------------------------------------------------------------------
                                  1.43   slack (MET)


Startpoint: rst (input port clocked by clk)
Endpoint: _443_ (removal check against rising-edge clock clk)
Path Group: asynchronous
Path Type: min
Corner: Slowest

Fanout     Cap    Slew   Delay    Time   Description
-----------------------------------------------------------------------------
                          0.00    0.00   clock clk (rise edge)
                          0.00    0.00   clock network delay (propagated)
                          2.00    2.00 v input external delay
                  0.02    0.01    2.01 v rst (in)
     2    0.00                           rst (net)
                  0.02    0.00    2.01 v input1/A (sky130_fd_sc_hd__buf_1)
                  0.13    0.19    2.21 v input1/X (sky130_fd_sc_hd__buf_1)
     1    0.01                           net1 (net)
                  0.13    0.00    2.21 v _356_/A (sky130_fd_sc_hd__clkbuf_4)
                  0.18    0.36    2.57 v _356_/X (sky130_fd_sc_hd__clkbuf_4)
     9    0.05                           _200_ (net)
                  0.18    0.00    2.57 v _390_/A (sky130_fd_sc_hd__buf_4)
                  0.15    0.38    2.95 v _390_/X (sky130_fd_sc_hd__buf_4)
    10    0.06                           _204_ (net)
                  0.15    0.00    2.95 v _398_/A (sky130_fd_sc_hd__inv_2)
                  0.06    0.10    3.05 ^ _398_/Y (sky130_fd_sc_hd__inv_2)
     1    0.00                           _037_ (net)
                  0.06    0.00    3.05 ^ _443_/RESET_B (sky130_fd_sc_hd__dfrtp_4)
                                  3.05   data arrival time

                          0.00    0.00   clock clk (rise edge)
                          0.00    0.00   clock source latency
                  0.15    0.11    0.11 ^ clk (in)
     2    0.02                           clk (net)
                  0.15    0.00    0.11 ^ clkbuf_0_clk/A (sky130_fd_sc_hd__clkbuf_16)
                  0.10    0.31    0.41 ^ clkbuf_0_clk/X (sky130_fd_sc_hd__clkbuf_16)
     4    0.05                           clknet_0_clk (net)
                  0.10    0.00    0.41 ^ clkbuf_2_1__f_clk/A (sky130_fd_sc_hd__clkbuf_16)
                  0.10    0.28    0.70 ^ clkbuf_2_1__f_clk/X (sky130_fd_sc_hd__clkbuf_16)
    15    0.05                           clknet_2_1__leaf_clk (net)
                  0.10    0.00    0.70 ^ _443_/CLK (sky130_fd_sc_hd__dfrtp_4)
                          0.25    0.95   clock uncertainty
                          0.00    0.95   clock reconvergence pessimism
                          0.67    1.62   library removal time
                                  1.62   data required time
-----------------------------------------------------------------------------
                                  1.62   data required time
                                 -3.05   data arrival time
-----------------------------------------------------------------------------
                                  1.44   slack (MET)


Startpoint: rst (input port clocked by clk)
Endpoint: _444_ (removal check against rising-edge clock clk)
Path Group: asynchronous
Path Type: min
Corner: Slowest

Fanout     Cap    Slew   Delay    Time   Description
-----------------------------------------------------------------------------
                          0.00    0.00   clock clk (rise edge)
                          0.00    0.00   clock network delay (propagated)
                          2.00    2.00 v input external delay
                  0.02    0.01    2.01 v rst (in)
     2    0.00                           rst (net)
                  0.02    0.00    2.01 v input1/A (sky130_fd_sc_hd__buf_1)
                  0.13    0.19    2.21 v input1/X (sky130_fd_sc_hd__buf_1)
     1    0.01                           net1 (net)
                  0.13    0.00    2.21 v _356_/A (sky130_fd_sc_hd__clkbuf_4)
                  0.18    0.36    2.57 v _356_/X (sky130_fd_sc_hd__clkbuf_4)
     9    0.05                           _200_ (net)
                  0.18    0.00    2.57 v _390_/A (sky130_fd_sc_hd__buf_4)
                  0.15    0.38    2.95 v _390_/X (sky130_fd_sc_hd__buf_4)
    10    0.06                           _204_ (net)
                  0.15    0.00    2.95 v _399_/A (sky130_fd_sc_hd__inv_2)
                  0.06    0.10    3.05 ^ _399_/Y (sky130_fd_sc_hd__inv_2)
     1    0.00                           _038_ (net)
                  0.06    0.00    3.05 ^ _444_/RESET_B (sky130_fd_sc_hd__dfrtp_2)
                                  3.05   data arrival time

                          0.00    0.00   clock clk (rise edge)
                          0.00    0.00   clock source latency
                  0.15    0.11    0.11 ^ clk (in)
     2    0.02                           clk (net)
                  0.15    0.00    0.11 ^ clkbuf_0_clk/A (sky130_fd_sc_hd__clkbuf_16)
                  0.10    0.31    0.41 ^ clkbuf_0_clk/X (sky130_fd_sc_hd__clkbuf_16)
     4    0.05                           clknet_0_clk (net)
                  0.10    0.00    0.41 ^ clkbuf_2_1__f_clk/A (sky130_fd_sc_hd__clkbuf_16)
                  0.10    0.28    0.70 ^ clkbuf_2_1__f_clk/X (sky130_fd_sc_hd__clkbuf_16)
    15    0.05                           clknet_2_1__leaf_clk (net)
                  0.10    0.00    0.70 ^ _444_/CLK (sky130_fd_sc_hd__dfrtp_2)
                          0.25    0.95   clock uncertainty
                          0.00    0.95   clock reconvergence pessimism
                          0.66    1.61   library removal time
                                  1.61   data required time
-----------------------------------------------------------------------------
                                  1.61   data required time
                                 -3.05   data arrival time
-----------------------------------------------------------------------------
                                  1.44   slack (MET)


Startpoint: _430_ (rising edge-triggered flip-flop clocked by clk)
Endpoint: _423_ (rising edge-triggered flip-flop clocked by clk)
Path Group: clk
Path Type: min
Corner: Slowest

Fanout     Cap    Slew   Delay    Time   Description
-----------------------------------------------------------------------------
                          0.00    0.00   clock clk (rise edge)
                          0.00    0.00   clock source latency
                  0.15    0.10    0.10 ^ clk (in)
     2    0.02                           clk (net)
                  0.15    0.00    0.10 ^ clkbuf_0_clk/A (sky130_fd_sc_hd__clkbuf_16)
                  0.10    0.28    0.37 ^ clkbuf_0_clk/X (sky130_fd_sc_hd__clkbuf_16)
     4    0.05                           clknet_0_clk (net)
                  0.10    0.00    0.37 ^ clkbuf_2_2__f_clk/A (sky130_fd_sc_hd__clkbuf_16)
                  0.08    0.24    0.61 ^ clkbuf_2_2__f_clk/X (sky130_fd_sc_hd__clkbuf_16)
    11    0.03                           clknet_2_2__leaf_clk (net)
                  0.08    0.00    0.62 ^ _430_/CLK (sky130_fd_sc_hd__dfrtp_4)
                  0.17    0.84    1.46 ^ _430_/Q (sky130_fd_sc_hd__dfrtp_4)
     7    0.02                           tx_inst.state[0] (net)
                  0.17    0.00    1.46 ^ _288_/B (sky130_fd_sc_hd__nor2_2)
                  0.14    0.18    1.63 v _288_/Y (sky130_fd_sc_hd__nor2_2)
     7    0.03                           _154_ (net)
                  0.14    0.00    1.63 v _296_/B (sky130_fd_sc_hd__nand2_4)
                  0.21    0.23    1.87 ^ _296_/Y (sky130_fd_sc_hd__nand2_4)
     8    0.04                           _160_ (net)
                  0.21    0.00    1.87 ^ _309_/S (sky130_fd_sc_hd__mux2_1)
                  0.07    0.28    2.15 ^ _309_/X (sky130_fd_sc_hd__mux2_1)
     1    0.00                           _167_ (net)
                  0.07    0.00    2.15 ^ _310_/A (sky130_fd_sc_hd__clkbuf_1)
                  0.06    0.13    2.28 ^ _310_/X (sky130_fd_sc_hd__clkbuf_1)
     1    0.00                           _062_ (net)
                  0.06    0.00    2.28 ^ _423_/D (sky130_fd_sc_hd__dfrtp_1)
                                  2.28   data arrival time

                          0.00    0.00   clock clk (rise edge)
                          0.00    0.00   clock source latency
                  0.15    0.11    0.11 ^ clk (in)
     2    0.02                           clk (net)
                  0.15    0.00    0.11 ^ clkbuf_0_clk/A (sky130_fd_sc_hd__clkbuf_16)
                  0.10    0.31    0.41 ^ clkbuf_0_clk/X (sky130_fd_sc_hd__clkbuf_16)
     4    0.05                           clknet_0_clk (net)
                  0.10    0.00    0.41 ^ clkbuf_2_1__f_clk/A (sky130_fd_sc_hd__clkbuf_16)
                  0.10    0.28    0.70 ^ clkbuf_2_1__f_clk/X (sky130_fd_sc_hd__clkbuf_16)
    15    0.05                           clknet_2_1__leaf_clk (net)
                  0.10    0.00    0.70 ^ _423_/CLK (sky130_fd_sc_hd__dfrtp_1)
                          0.25    0.95   clock uncertainty
                         -0.04    0.91   clock reconvergence pessimism
                         -0.07    0.84   library hold time
                                  0.84   data required time
-----------------------------------------------------------------------------
                                  0.84   data required time
                                 -2.28   data arrival time
-----------------------------------------------------------------------------
                                  1.44   slack (MET)


Startpoint: rst (input port clocked by clk)
Endpoint: _425_ (removal check against rising-edge clock clk)
Path Group: asynchronous
Path Type: min
Corner: Slowest

Fanout     Cap    Slew   Delay    Time   Description
-----------------------------------------------------------------------------
                          0.00    0.00   clock clk (rise edge)
                          0.00    0.00   clock network delay (propagated)
                          2.00    2.00 v input external delay
                  0.02    0.01    2.01 v rst (in)
     2    0.00                           rst (net)
                  0.02    0.00    2.01 v input1/A (sky130_fd_sc_hd__buf_1)
                  0.13    0.19    2.21 v input1/X (sky130_fd_sc_hd__buf_1)
     1    0.01                           net1 (net)
                  0.13    0.00    2.21 v _356_/A (sky130_fd_sc_hd__clkbuf_4)
                  0.18    0.36    2.57 v _356_/X (sky130_fd_sc_hd__clkbuf_4)
     9    0.05                           _200_ (net)
                  0.18    0.00    2.57 v _368_/A (sky130_fd_sc_hd__buf_4)
                  0.15    0.38    2.95 v _368_/X (sky130_fd_sc_hd__buf_4)
    10    0.06                           _202_ (net)
                  0.15    0.00    2.95 v _378_/A (sky130_fd_sc_hd__inv_2)
                  0.06    0.11    3.06 ^ _378_/Y (sky130_fd_sc_hd__inv_2)
     1    0.00                           _019_ (net)
                  0.06    0.00    3.06 ^ _425_/RESET_B (sky130_fd_sc_hd__dfrtp_1)
                                  3.06   data arrival time

                          0.00    0.00   clock clk (rise edge)
                          0.00    0.00   clock source latency
                  0.15    0.11    0.11 ^ clk (in)
     2    0.02                           clk (net)
                  0.15    0.00    0.11 ^ clkbuf_0_clk/A (sky130_fd_sc_hd__clkbuf_16)
                  0.10    0.31    0.41 ^ clkbuf_0_clk/X (sky130_fd_sc_hd__clkbuf_16)
     4    0.05                           clknet_0_clk (net)
                  0.10    0.00    0.41 ^ clkbuf_2_1__f_clk/A (sky130_fd_sc_hd__clkbuf_16)
                  0.10    0.28    0.70 ^ clkbuf_2_1__f_clk/X (sky130_fd_sc_hd__clkbuf_16)
    15    0.05                           clknet_2_1__leaf_clk (net)
                  0.10    0.00    0.70 ^ _425_/CLK (sky130_fd_sc_hd__dfrtp_1)
                          0.25    0.95   clock uncertainty
                          0.00    0.95   clock reconvergence pessimism
                          0.66    1.62   library removal time
                                  1.62   data required time
-----------------------------------------------------------------------------
                                  1.62   data required time
                                 -3.06   data arrival time
-----------------------------------------------------------------------------
                                  1.44   slack (MET)


Startpoint: _430_ (rising edge-triggered flip-flop clocked by clk)
Endpoint: _422_ (rising edge-triggered flip-flop clocked by clk)
Path Group: clk
Path Type: min
Corner: Slowest

Fanout     Cap    Slew   Delay    Time   Description
-----------------------------------------------------------------------------
                          0.00    0.00   clock clk (rise edge)
                          0.00    0.00   clock source latency
                  0.15    0.10    0.10 ^ clk (in)
     2    0.02                           clk (net)
                  0.15    0.00    0.10 ^ clkbuf_0_clk/A (sky130_fd_sc_hd__clkbuf_16)
                  0.10    0.28    0.37 ^ clkbuf_0_clk/X (sky130_fd_sc_hd__clkbuf_16)
     4    0.05                           clknet_0_clk (net)
                  0.10    0.00    0.37 ^ clkbuf_2_2__f_clk/A (sky130_fd_sc_hd__clkbuf_16)
                  0.08    0.24    0.61 ^ clkbuf_2_2__f_clk/X (sky130_fd_sc_hd__clkbuf_16)
    11    0.03                           clknet_2_2__leaf_clk (net)
                  0.08    0.00    0.62 ^ _430_/CLK (sky130_fd_sc_hd__dfrtp_4)
                  0.17    0.84    1.46 ^ _430_/Q (sky130_fd_sc_hd__dfrtp_4)
     7    0.02                           tx_inst.state[0] (net)
                  0.17    0.00    1.46 ^ _288_/B (sky130_fd_sc_hd__nor2_2)
                  0.14    0.18    1.63 v _288_/Y (sky130_fd_sc_hd__nor2_2)
     7    0.03                           _154_ (net)
                  0.14    0.00    1.63 v _296_/B (sky130_fd_sc_hd__nand2_4)
                  0.21    0.23    1.87 ^ _296_/Y (sky130_fd_sc_hd__nand2_4)
     8    0.04                           _160_ (net)
                  0.21    0.00    1.87 ^ _311_/S (sky130_fd_sc_hd__mux2_1)
                  0.07    0.28    2.15 ^ _311_/X (sky130_fd_sc_hd__mux2_1)
     1    0.00                           _168_ (net)
                  0.07    0.00    2.15 ^ _312_/A (sky130_fd_sc_hd__clkbuf_1)
                  0.06    0.14    2.29 ^ _312_/X (sky130_fd_sc_hd__clkbuf_1)
     1    0.00                           _061_ (net)
                  0.06    0.00    2.29 ^ _422_/D (sky130_fd_sc_hd__dfrtp_1)
                                  2.29   data arrival time

                          0.00    0.00   clock clk (rise edge)
                          0.00    0.00   clock source latency
                  0.15    0.11    0.11 ^ clk (in)
     2    0.02                           clk (net)
                  0.15    0.00    0.11 ^ clkbuf_0_clk/A (sky130_fd_sc_hd__clkbuf_16)
                  0.10    0.31    0.41 ^ clkbuf_0_clk/X (sky130_fd_sc_hd__clkbuf_16)
     4    0.05                           clknet_0_clk (net)
                  0.10    0.00    0.41 ^ clkbuf_2_1__f_clk/A (sky130_fd_sc_hd__clkbuf_16)
                  0.10    0.28    0.70 ^ clkbuf_2_1__f_clk/X (sky130_fd_sc_hd__clkbuf_16)
    15    0.05                           clknet_2_1__leaf_clk (net)
                  0.10    0.00    0.70 ^ _422_/CLK (sky130_fd_sc_hd__dfrtp_1)
                          0.25    0.95   clock uncertainty
                         -0.04    0.91   clock reconvergence pessimism
                         -0.07    0.84   library hold time
                                  0.84   data required time
-----------------------------------------------------------------------------
                                  0.84   data required time
                                 -2.29   data arrival time
-----------------------------------------------------------------------------
                                  1.44   slack (MET)


Startpoint: _430_ (rising edge-triggered flip-flop clocked by clk)
Endpoint: _428_ (rising edge-triggered flip-flop clocked by clk)
Path Group: clk
Path Type: min
Corner: Slowest

Fanout     Cap    Slew   Delay    Time   Description
-----------------------------------------------------------------------------
                          0.00    0.00   clock clk (rise edge)
                          0.00    0.00   clock source latency
                  0.15    0.10    0.10 ^ clk (in)
     2    0.02                           clk (net)
                  0.15    0.00    0.10 ^ clkbuf_0_clk/A (sky130_fd_sc_hd__clkbuf_16)
                  0.10    0.28    0.37 ^ clkbuf_0_clk/X (sky130_fd_sc_hd__clkbuf_16)
     4    0.05                           clknet_0_clk (net)
                  0.10    0.00    0.37 ^ clkbuf_2_2__f_clk/A (sky130_fd_sc_hd__clkbuf_16)
                  0.08    0.24    0.61 ^ clkbuf_2_2__f_clk/X (sky130_fd_sc_hd__clkbuf_16)
    11    0.03                           clknet_2_2__leaf_clk (net)
                  0.08    0.00    0.62 ^ _430_/CLK (sky130_fd_sc_hd__dfrtp_4)
                  0.17    0.84    1.46 ^ _430_/Q (sky130_fd_sc_hd__dfrtp_4)
     7    0.02                           tx_inst.state[0] (net)
                  0.17    0.00    1.46 ^ _288_/B (sky130_fd_sc_hd__nor2_2)
                  0.14    0.18    1.63 v _288_/Y (sky130_fd_sc_hd__nor2_2)
     7    0.03                           _154_ (net)
                  0.14    0.00    1.63 v _296_/B (sky130_fd_sc_hd__nand2_4)
                  0.21    0.23    1.87 ^ _296_/Y (sky130_fd_sc_hd__nand2_4)
     8    0.04                           _160_ (net)
                  0.21    0.00    1.87 ^ _299_/S (sky130_fd_sc_hd__mux2_1)
                  0.07    0.28    2.15 ^ _299_/X (sky130_fd_sc_hd__mux2_1)
     1    0.00                           _162_ (net)
                  0.07    0.00    2.15 ^ _300_/A (sky130_fd_sc_hd__clkbuf_1)
                  0.07    0.14    2.29 ^ _300_/X (sky130_fd_sc_hd__clkbuf_1)
     1    0.00                           _067_ (net)
                  0.07    0.00    2.29 ^ _428_/D (sky130_fd_sc_hd__dfrtp_1)
                                  2.29   data arrival time

                          0.00    0.00   clock clk (rise edge)
                          0.00    0.00   clock source latency
                  0.15    0.11    0.11 ^ clk (in)
     2    0.02                           clk (net)
                  0.15    0.00    0.11 ^ clkbuf_0_clk/A (sky130_fd_sc_hd__clkbuf_16)
                  0.10    0.31    0.41 ^ clkbuf_0_clk/X (sky130_fd_sc_hd__clkbuf_16)
     4    0.05                           clknet_0_clk (net)
                  0.10    0.00    0.41 ^ clkbuf_2_1__f_clk/A (sky130_fd_sc_hd__clkbuf_16)
                  0.10    0.28    0.70 ^ clkbuf_2_1__f_clk/X (sky130_fd_sc_hd__clkbuf_16)
    15    0.05                           clknet_2_1__leaf_clk (net)
                  0.10    0.00    0.70 ^ _428_/CLK (sky130_fd_sc_hd__dfrtp_1)
                          0.25    0.95   clock uncertainty
                         -0.04    0.91   clock reconvergence pessimism
                         -0.07    0.84   library hold time
                                  0.84   data required time
-----------------------------------------------------------------------------
                                  0.84   data required time
                                 -2.29   data arrival time
-----------------------------------------------------------------------------
                                  1.45   slack (MET)


Startpoint: _430_ (rising edge-triggered flip-flop clocked by clk)
Endpoint: _429_ (rising edge-triggered flip-flop clocked by clk)
Path Group: clk
Path Type: min
Corner: Slowest

Fanout     Cap    Slew   Delay    Time   Description
-----------------------------------------------------------------------------
                          0.00    0.00   clock clk (rise edge)
                          0.00    0.00   clock source latency
                  0.15    0.10    0.10 ^ clk (in)
     2    0.02                           clk (net)
                  0.15    0.00    0.10 ^ clkbuf_0_clk/A (sky130_fd_sc_hd__clkbuf_16)
                  0.10    0.28    0.37 ^ clkbuf_0_clk/X (sky130_fd_sc_hd__clkbuf_16)
     4    0.05                           clknet_0_clk (net)
                  0.10    0.00    0.37 ^ clkbuf_2_2__f_clk/A (sky130_fd_sc_hd__clkbuf_16)
                  0.08    0.24    0.61 ^ clkbuf_2_2__f_clk/X (sky130_fd_sc_hd__clkbuf_16)
    11    0.03                           clknet_2_2__leaf_clk (net)
                  0.08    0.00    0.62 ^ _430_/CLK (sky130_fd_sc_hd__dfrtp_4)
                  0.17    0.84    1.46 ^ _430_/Q (sky130_fd_sc_hd__dfrtp_4)
     7    0.02                           tx_inst.state[0] (net)
                  0.17    0.00    1.46 ^ _288_/B (sky130_fd_sc_hd__nor2_2)
                  0.14    0.18    1.63 v _288_/Y (sky130_fd_sc_hd__nor2_2)
     7    0.03                           _154_ (net)
                  0.14    0.00    1.63 v _296_/B (sky130_fd_sc_hd__nand2_4)
                  0.21    0.23    1.87 ^ _296_/Y (sky130_fd_sc_hd__nand2_4)
     8    0.04                           _160_ (net)
                  0.21    0.00    1.87 ^ _297_/S (sky130_fd_sc_hd__mux2_1)
                  0.07    0.28    2.15 ^ _297_/X (sky130_fd_sc_hd__mux2_1)
     1    0.00                           _161_ (net)
                  0.07    0.00    2.15 ^ _298_/A (sky130_fd_sc_hd__clkbuf_1)
                  0.06    0.14    2.29 ^ _298_/X (sky130_fd_sc_hd__clkbuf_1)
     1    0.00                           _068_ (net)
                  0.06    0.00    2.29 ^ _429_/D (sky130_fd_sc_hd__dfrtp_1)
                                  2.29   data arrival time

                          0.00    0.00   clock clk (rise edge)
                          0.00    0.00   clock source latency
                  0.15    0.11    0.11 ^ clk (in)
     2    0.02                           clk (net)
                  0.15    0.00    0.11 ^ clkbuf_0_clk/A (sky130_fd_sc_hd__clkbuf_16)
                  0.10    0.31    0.41 ^ clkbuf_0_clk/X (sky130_fd_sc_hd__clkbuf_16)
     4    0.05                           clknet_0_clk (net)
                  0.10    0.00    0.41 ^ clkbuf_2_1__f_clk/A (sky130_fd_sc_hd__clkbuf_16)
                  0.10    0.28    0.70 ^ clkbuf_2_1__f_clk/X (sky130_fd_sc_hd__clkbuf_16)
    15    0.05                           clknet_2_1__leaf_clk (net)
                  0.10    0.00    0.70 ^ _429_/CLK (sky130_fd_sc_hd__dfrtp_1)
                          0.25    0.95   clock uncertainty
                         -0.04    0.91   clock reconvergence pessimism
                         -0.07    0.84   library hold time
                                  0.84   data required time
-----------------------------------------------------------------------------
                                  0.84   data required time
                                 -2.29   data arrival time
-----------------------------------------------------------------------------
                                  1.45   slack (MET)


Startpoint: rst (input port clocked by clk)
Endpoint: _418_ (removal check against rising-edge clock clk)
Path Group: asynchronous
Path Type: min
Corner: Slowest

Fanout     Cap    Slew   Delay    Time   Description
-----------------------------------------------------------------------------
                          0.00    0.00   clock clk (rise edge)
                          0.00    0.00   clock network delay (propagated)
                          2.00    2.00 v input external delay
                  0.02    0.01    2.01 v rst (in)
     2    0.00                           rst (net)
                  0.02    0.00    2.01 v input1/A (sky130_fd_sc_hd__buf_1)
                  0.13    0.19    2.21 v input1/X (sky130_fd_sc_hd__buf_1)
     1    0.01                           net1 (net)
                  0.13    0.00    2.21 v _356_/A (sky130_fd_sc_hd__clkbuf_4)
                  0.18    0.36    2.57 v _356_/X (sky130_fd_sc_hd__clkbuf_4)
     9    0.05                           _200_ (net)
                  0.18    0.00    2.57 v _368_/A (sky130_fd_sc_hd__buf_4)
                  0.15    0.38    2.95 v _368_/X (sky130_fd_sc_hd__buf_4)
    10    0.06                           _202_ (net)
                  0.15    0.00    2.95 v _371_/A (sky130_fd_sc_hd__inv_2)
                  0.06    0.10    3.05 ^ _371_/Y (sky130_fd_sc_hd__inv_2)
     1    0.00                           _012_ (net)
                  0.06    0.00    3.05 ^ _418_/RESET_B (sky130_fd_sc_hd__dfrtp_1)
                                  3.05   data arrival time

                          0.00    0.00   clock clk (rise edge)
                          0.00    0.00   clock source latency
                  0.15    0.11    0.11 ^ clk (in)
     2    0.02                           clk (net)
                  0.15    0.00    0.11 ^ clkbuf_0_clk/A (sky130_fd_sc_hd__clkbuf_16)
                  0.10    0.31    0.41 ^ clkbuf_0_clk/X (sky130_fd_sc_hd__clkbuf_16)
     4    0.05                           clknet_0_clk (net)
                  0.10    0.00    0.41 ^ clkbuf_2_0__f_clk/A (sky130_fd_sc_hd__clkbuf_16)
                  0.09    0.27    0.68 ^ clkbuf_2_0__f_clk/X (sky130_fd_sc_hd__clkbuf_16)
    11    0.04                           clknet_2_0__leaf_clk (net)
                  0.09    0.00    0.69 ^ _418_/CLK (sky130_fd_sc_hd__dfrtp_1)
                          0.25    0.94   clock uncertainty
                          0.00    0.94   clock reconvergence pessimism
                          0.66    1.59   library removal time
                                  1.59   data required time
-----------------------------------------------------------------------------
                                  1.59   data required time
                                 -3.05   data arrival time
-----------------------------------------------------------------------------
                                  1.45   slack (MET)


Startpoint: rst (input port clocked by clk)
Endpoint: _409_ (removal check against rising-edge clock clk)
Path Group: asynchronous
Path Type: min
Corner: Slowest

Fanout     Cap    Slew   Delay    Time   Description
-----------------------------------------------------------------------------
                          0.00    0.00   clock clk (rise edge)
                          0.00    0.00   clock network delay (propagated)
                          2.00    2.00 v input external delay
                  0.02    0.01    2.01 v rst (in)
     2    0.00                           rst (net)
                  0.02    0.00    2.01 v input1/A (sky130_fd_sc_hd__buf_1)
                  0.13    0.19    2.21 v input1/X (sky130_fd_sc_hd__buf_1)
     1    0.01                           net1 (net)
                  0.13    0.00    2.21 v _356_/A (sky130_fd_sc_hd__clkbuf_4)
                  0.18    0.36    2.57 v _356_/X (sky130_fd_sc_hd__clkbuf_4)
     9    0.05                           _200_ (net)
                  0.18    0.00    2.57 v _357_/A (sky130_fd_sc_hd__buf_4)
                  0.14    0.37    2.94 v _357_/X (sky130_fd_sc_hd__buf_4)
    10    0.06                           _201_ (net)
                  0.14    0.00    2.95 v _361_/A (sky130_fd_sc_hd__inv_2)
                  0.05    0.09    3.04 ^ _361_/Y (sky130_fd_sc_hd__inv_2)
     1    0.00                           _003_ (net)
                  0.05    0.00    3.04 ^ _409_/RESET_B (sky130_fd_sc_hd__dfrtp_2)
                                  3.04   data arrival time

                          0.00    0.00   clock clk (rise edge)
                          0.00    0.00   clock source latency
                  0.15    0.11    0.11 ^ clk (in)
     2    0.02                           clk (net)
                  0.15    0.00    0.11 ^ clkbuf_0_clk/A (sky130_fd_sc_hd__clkbuf_16)
                  0.10    0.31    0.41 ^ clkbuf_0_clk/X (sky130_fd_sc_hd__clkbuf_16)
     4    0.05                           clknet_0_clk (net)
                  0.10    0.00    0.41 ^ clkbuf_2_2__f_clk/A (sky130_fd_sc_hd__clkbuf_16)
                  0.08    0.26    0.68 ^ clkbuf_2_2__f_clk/X (sky130_fd_sc_hd__clkbuf_16)
    11    0.03                           clknet_2_2__leaf_clk (net)
                  0.08    0.00    0.68 ^ _409_/CLK (sky130_fd_sc_hd__dfrtp_2)
                          0.25    0.93   clock uncertainty
                          0.00    0.93   clock reconvergence pessimism
                          0.66    1.59   library removal time
                                  1.59   data required time
-----------------------------------------------------------------------------
                                  1.59   data required time
                                 -3.04   data arrival time
-----------------------------------------------------------------------------
                                  1.45   slack (MET)


Startpoint: rst (input port clocked by clk)
Endpoint: _410_ (removal check against rising-edge clock clk)
Path Group: asynchronous
Path Type: min
Corner: Slowest

Fanout     Cap    Slew   Delay    Time   Description
-----------------------------------------------------------------------------
                          0.00    0.00   clock clk (rise edge)
                          0.00    0.00   clock network delay (propagated)
                          2.00    2.00 v input external delay
                  0.02    0.01    2.01 v rst (in)
     2    0.00                           rst (net)
                  0.02    0.00    2.01 v input1/A (sky130_fd_sc_hd__buf_1)
                  0.13    0.19    2.21 v input1/X (sky130_fd_sc_hd__buf_1)
     1    0.01                           net1 (net)
                  0.13    0.00    2.21 v _356_/A (sky130_fd_sc_hd__clkbuf_4)
                  0.18    0.36    2.57 v _356_/X (sky130_fd_sc_hd__clkbuf_4)
     9    0.05                           _200_ (net)
                  0.18    0.00    2.57 v _357_/A (sky130_fd_sc_hd__buf_4)
                  0.14    0.37    2.94 v _357_/X (sky130_fd_sc_hd__buf_4)
    10    0.06                           _201_ (net)
                  0.14    0.00    2.95 v _362_/A (sky130_fd_sc_hd__inv_2)
                  0.06    0.10    3.04 ^ _362_/Y (sky130_fd_sc_hd__inv_2)
     1    0.00                           _004_ (net)
                  0.06    0.00    3.04 ^ _410_/RESET_B (sky130_fd_sc_hd__dfrtp_1)
                                  3.04   data arrival time

                          0.00    0.00   clock clk (rise edge)
                          0.00    0.00   clock source latency
                  0.15    0.11    0.11 ^ clk (in)
     2    0.02                           clk (net)
                  0.15    0.00    0.11 ^ clkbuf_0_clk/A (sky130_fd_sc_hd__clkbuf_16)
                  0.10    0.31    0.41 ^ clkbuf_0_clk/X (sky130_fd_sc_hd__clkbuf_16)
     4    0.05                           clknet_0_clk (net)
                  0.10    0.00    0.41 ^ clkbuf_2_2__f_clk/A (sky130_fd_sc_hd__clkbuf_16)
                  0.08    0.26    0.68 ^ clkbuf_2_2__f_clk/X (sky130_fd_sc_hd__clkbuf_16)
    11    0.03                           clknet_2_2__leaf_clk (net)
                  0.08    0.00    0.68 ^ _410_/CLK (sky130_fd_sc_hd__dfrtp_1)
                          0.25    0.93   clock uncertainty
                          0.00    0.93   clock reconvergence pessimism
                          0.66    1.59   library removal time
                                  1.59   data required time
-----------------------------------------------------------------------------
                                  1.59   data required time
                                 -3.04   data arrival time
-----------------------------------------------------------------------------
                                  1.45   slack (MET)


Startpoint: rst (input port clocked by clk)
Endpoint: _415_ (removal check against rising-edge clock clk)
Path Group: asynchronous
Path Type: min
Corner: Slowest

Fanout     Cap    Slew   Delay    Time   Description
-----------------------------------------------------------------------------
                          0.00    0.00   clock clk (rise edge)
                          0.00    0.00   clock network delay (propagated)
                          2.00    2.00 v input external delay
                  0.02    0.01    2.01 v rst (in)
     2    0.00                           rst (net)
                  0.02    0.00    2.01 v input1/A (sky130_fd_sc_hd__buf_1)
                  0.13    0.19    2.21 v input1/X (sky130_fd_sc_hd__buf_1)
     1    0.01                           net1 (net)
                  0.13    0.00    2.21 v _356_/A (sky130_fd_sc_hd__clkbuf_4)
                  0.18    0.36    2.57 v _356_/X (sky130_fd_sc_hd__clkbuf_4)
     9    0.05                           _200_ (net)
                  0.18    0.00    2.57 v _357_/A (sky130_fd_sc_hd__buf_4)
                  0.14    0.37    2.94 v _357_/X (sky130_fd_sc_hd__buf_4)
    10    0.06                           _201_ (net)
                  0.14    0.00    2.95 v _367_/A (sky130_fd_sc_hd__inv_2)
                  0.05    0.09    3.04 ^ _367_/Y (sky130_fd_sc_hd__inv_2)
     1    0.00                           _009_ (net)
                  0.05    0.00    3.04 ^ _415_/RESET_B (sky130_fd_sc_hd__dfrtp_1)
                                  3.04   data arrival time

                          0.00    0.00   clock clk (rise edge)
                          0.00    0.00   clock source latency
                  0.15    0.11    0.11 ^ clk (in)
     2    0.02                           clk (net)
                  0.15    0.00    0.11 ^ clkbuf_0_clk/A (sky130_fd_sc_hd__clkbuf_16)
                  0.10    0.31    0.41 ^ clkbuf_0_clk/X (sky130_fd_sc_hd__clkbuf_16)
     4    0.05                           clknet_0_clk (net)
                  0.10    0.00    0.41 ^ clkbuf_2_2__f_clk/A (sky130_fd_sc_hd__clkbuf_16)
                  0.08    0.26    0.68 ^ clkbuf_2_2__f_clk/X (sky130_fd_sc_hd__clkbuf_16)
    11    0.03                           clknet_2_2__leaf_clk (net)
                  0.08    0.00    0.68 ^ _415_/CLK (sky130_fd_sc_hd__dfrtp_1)
                          0.25    0.93   clock uncertainty
                          0.00    0.93   clock reconvergence pessimism
                          0.66    1.59   library removal time
                                  1.59   data required time
-----------------------------------------------------------------------------
                                  1.59   data required time
                                 -3.04   data arrival time
-----------------------------------------------------------------------------
                                  1.45   slack (MET)


Startpoint: rst (input port clocked by clk)
Endpoint: _440_ (removal check against rising-edge clock clk)
Path Group: asynchronous
Path Type: min
Corner: Slowest

Fanout     Cap    Slew   Delay    Time   Description
-----------------------------------------------------------------------------
                          0.00    0.00   clock clk (rise edge)
                          0.00    0.00   clock network delay (propagated)
                          2.00    2.00 v input external delay
                  0.02    0.01    2.01 v rst (in)
     2    0.00                           rst (net)
                  0.02    0.00    2.01 v input1/A (sky130_fd_sc_hd__buf_1)
                  0.13    0.19    2.21 v input1/X (sky130_fd_sc_hd__buf_1)
     1    0.01                           net1 (net)
                  0.13    0.00    2.21 v _356_/A (sky130_fd_sc_hd__clkbuf_4)
                  0.18    0.36    2.57 v _356_/X (sky130_fd_sc_hd__clkbuf_4)
     9    0.05                           _200_ (net)
                  0.18    0.00    2.57 v _390_/A (sky130_fd_sc_hd__buf_4)
                  0.15    0.38    2.95 v _390_/X (sky130_fd_sc_hd__buf_4)
    10    0.06                           _204_ (net)
                  0.15    0.00    2.95 v _395_/A (sky130_fd_sc_hd__inv_2)
                  0.06    0.10    3.05 ^ _395_/Y (sky130_fd_sc_hd__inv_2)
     1    0.00                           _034_ (net)
                  0.06    0.00    3.05 ^ _440_/RESET_B (sky130_fd_sc_hd__dfrtp_4)
                                  3.05   data arrival time

                          0.00    0.00   clock clk (rise edge)
                          0.00    0.00   clock source latency
                  0.15    0.11    0.11 ^ clk (in)
     2    0.02                           clk (net)
                  0.15    0.00    0.11 ^ clkbuf_0_clk/A (sky130_fd_sc_hd__clkbuf_16)
                  0.10    0.31    0.41 ^ clkbuf_0_clk/X (sky130_fd_sc_hd__clkbuf_16)
     4    0.05                           clknet_0_clk (net)
                  0.10    0.00    0.41 ^ clkbuf_2_0__f_clk/A (sky130_fd_sc_hd__clkbuf_16)
                  0.09    0.27    0.68 ^ clkbuf_2_0__f_clk/X (sky130_fd_sc_hd__clkbuf_16)
    11    0.04                           clknet_2_0__leaf_clk (net)
                  0.09    0.00    0.69 ^ _440_/CLK (sky130_fd_sc_hd__dfrtp_4)
                          0.25    0.94   clock uncertainty
                          0.00    0.94   clock reconvergence pessimism
                          0.66    1.60   library removal time
                                  1.60   data required time
-----------------------------------------------------------------------------
                                  1.60   data required time
                                 -3.05   data arrival time
-----------------------------------------------------------------------------
                                  1.46   slack (MET)


Startpoint: rst (input port clocked by clk)
Endpoint: _421_ (removal check against rising-edge clock clk)
Path Group: asynchronous
Path Type: min
Corner: Slowest

Fanout     Cap    Slew   Delay    Time   Description
-----------------------------------------------------------------------------
                          0.00    0.00   clock clk (rise edge)
                          0.00    0.00   clock network delay (propagated)
                          2.00    2.00 v input external delay
                  0.02    0.01    2.01 v rst (in)
     2    0.00                           rst (net)
                  0.02    0.00    2.01 v input1/A (sky130_fd_sc_hd__buf_1)
                  0.13    0.19    2.21 v input1/X (sky130_fd_sc_hd__buf_1)
     1    0.01                           net1 (net)
                  0.13    0.00    2.21 v _356_/A (sky130_fd_sc_hd__clkbuf_4)
                  0.18    0.36    2.57 v _356_/X (sky130_fd_sc_hd__clkbuf_4)
     9    0.05                           _200_ (net)
                  0.18    0.00    2.57 v _368_/A (sky130_fd_sc_hd__buf_4)
                  0.15    0.38    2.95 v _368_/X (sky130_fd_sc_hd__buf_4)
    10    0.06                           _202_ (net)
                  0.15    0.00    2.95 v _374_/A (sky130_fd_sc_hd__inv_2)
                  0.06    0.10    3.05 ^ _374_/Y (sky130_fd_sc_hd__inv_2)
     1    0.00                           _015_ (net)
                  0.06    0.00    3.05 ^ _421_/RESET_B (sky130_fd_sc_hd__dfrtp_1)
                                  3.05   data arrival time

                          0.00    0.00   clock clk (rise edge)
                          0.00    0.00   clock source latency
                  0.15    0.11    0.11 ^ clk (in)
     2    0.02                           clk (net)
                  0.15    0.00    0.11 ^ clkbuf_0_clk/A (sky130_fd_sc_hd__clkbuf_16)
                  0.10    0.31    0.41 ^ clkbuf_0_clk/X (sky130_fd_sc_hd__clkbuf_16)
     4    0.05                           clknet_0_clk (net)
                  0.10    0.00    0.41 ^ clkbuf_2_0__f_clk/A (sky130_fd_sc_hd__clkbuf_16)
                  0.09    0.27    0.68 ^ clkbuf_2_0__f_clk/X (sky130_fd_sc_hd__clkbuf_16)
    11    0.04                           clknet_2_0__leaf_clk (net)
                  0.09    0.00    0.69 ^ _421_/CLK (sky130_fd_sc_hd__dfrtp_1)
                          0.25    0.94   clock uncertainty
                          0.00    0.94   clock reconvergence pessimism
                          0.66    1.59   library removal time
                                  1.59   data required time
-----------------------------------------------------------------------------
                                  1.59   data required time
                                 -3.05   data arrival time
-----------------------------------------------------------------------------
                                  1.46   slack (MET)


Startpoint: rst (input port clocked by clk)
Endpoint: _414_ (removal check against rising-edge clock clk)
Path Group: asynchronous
Path Type: min
Corner: Slowest

Fanout     Cap    Slew   Delay    Time   Description
-----------------------------------------------------------------------------
                          0.00    0.00   clock clk (rise edge)
                          0.00    0.00   clock network delay (propagated)
                          2.00    2.00 v input external delay
                  0.02    0.01    2.01 v rst (in)
     2    0.00                           rst (net)
                  0.02    0.00    2.01 v input1/A (sky130_fd_sc_hd__buf_1)
                  0.13    0.19    2.21 v input1/X (sky130_fd_sc_hd__buf_1)
     1    0.01                           net1 (net)
                  0.13    0.00    2.21 v _356_/A (sky130_fd_sc_hd__clkbuf_4)
                  0.18    0.36    2.57 v _356_/X (sky130_fd_sc_hd__clkbuf_4)
     9    0.05                           _200_ (net)
                  0.18    0.00    2.57 v _357_/A (sky130_fd_sc_hd__buf_4)
                  0.14    0.37    2.94 v _357_/X (sky130_fd_sc_hd__buf_4)
    10    0.06                           _201_ (net)
                  0.14    0.00    2.95 v _366_/A (sky130_fd_sc_hd__inv_2)
                  0.06    0.10    3.04 ^ _366_/Y (sky130_fd_sc_hd__inv_2)
     1    0.00                           _008_ (net)
                  0.06    0.00    3.04 ^ _414_/RESET_B (sky130_fd_sc_hd__dfrtp_1)
                                  3.04   data arrival time

                          0.00    0.00   clock clk (rise edge)
                          0.00    0.00   clock source latency
                  0.15    0.11    0.11 ^ clk (in)
     2    0.02                           clk (net)
                  0.15    0.00    0.11 ^ clkbuf_0_clk/A (sky130_fd_sc_hd__clkbuf_16)
                  0.10    0.31    0.41 ^ clkbuf_0_clk/X (sky130_fd_sc_hd__clkbuf_16)
     4    0.05                           clknet_0_clk (net)
                  0.10    0.00    0.41 ^ clkbuf_2_2__f_clk/A (sky130_fd_sc_hd__clkbuf_16)
                  0.08    0.26    0.68 ^ clkbuf_2_2__f_clk/X (sky130_fd_sc_hd__clkbuf_16)
    11    0.03                           clknet_2_2__leaf_clk (net)
                  0.08    0.00    0.68 ^ _414_/CLK (sky130_fd_sc_hd__dfrtp_1)
                          0.25    0.93   clock uncertainty
                          0.00    0.93   clock reconvergence pessimism
                          0.66    1.59   library removal time
                                  1.59   data required time
-----------------------------------------------------------------------------
                                  1.59   data required time
                                 -3.04   data arrival time
-----------------------------------------------------------------------------
                                  1.46   slack (MET)


Startpoint: rst (input port clocked by clk)
Endpoint: _437_ (removal check against rising-edge clock clk)
Path Group: asynchronous
Path Type: min
Corner: Slowest

Fanout     Cap    Slew   Delay    Time   Description
-----------------------------------------------------------------------------
                          0.00    0.00   clock clk (rise edge)
                          0.00    0.00   clock network delay (propagated)
                          2.00    2.00 v input external delay
                  0.02    0.01    2.01 v rst (in)
     2    0.00                           rst (net)
                  0.02    0.00    2.01 v input1/A (sky130_fd_sc_hd__buf_1)
                  0.13    0.19    2.21 v input1/X (sky130_fd_sc_hd__buf_1)
     1    0.01                           net1 (net)
                  0.13    0.00    2.21 v _356_/A (sky130_fd_sc_hd__clkbuf_4)
                  0.18    0.36    2.57 v _356_/X (sky130_fd_sc_hd__clkbuf_4)
     9    0.05                           _200_ (net)
                  0.18    0.00    2.57 v _390_/A (sky130_fd_sc_hd__buf_4)
                  0.15    0.38    2.95 v _390_/X (sky130_fd_sc_hd__buf_4)
    10    0.06                           _204_ (net)
                  0.15    0.00    2.95 v _392_/A (sky130_fd_sc_hd__inv_2)
                  0.06    0.10    3.05 ^ _392_/Y (sky130_fd_sc_hd__inv_2)
     1    0.00                           _031_ (net)
                  0.06    0.00    3.05 ^ _437_/RESET_B (sky130_fd_sc_hd__dfrtp_1)
                                  3.05   data arrival time

                          0.00    0.00   clock clk (rise edge)
                          0.00    0.00   clock source latency
                  0.15    0.11    0.11 ^ clk (in)
     2    0.02                           clk (net)
                  0.15    0.00    0.11 ^ clkbuf_0_clk/A (sky130_fd_sc_hd__clkbuf_16)
                  0.10    0.31    0.41 ^ clkbuf_0_clk/X (sky130_fd_sc_hd__clkbuf_16)
     4    0.05                           clknet_0_clk (net)
                  0.10    0.00    0.41 ^ clkbuf_2_0__f_clk/A (sky130_fd_sc_hd__clkbuf_16)
                  0.09    0.27    0.68 ^ clkbuf_2_0__f_clk/X (sky130_fd_sc_hd__clkbuf_16)
    11    0.04                           clknet_2_0__leaf_clk (net)
                  0.09    0.00    0.69 ^ _437_/CLK (sky130_fd_sc_hd__dfrtp_1)
                          0.25    0.94   clock uncertainty
                          0.00    0.94   clock reconvergence pessimism
                          0.66    1.59   library removal time
                                  1.59   data required time
-----------------------------------------------------------------------------
                                  1.59   data required time
                                 -3.05   data arrival time
-----------------------------------------------------------------------------
                                  1.46   slack (MET)


Startpoint: rst (input port clocked by clk)
Endpoint: _439_ (removal check against rising-edge clock clk)
Path Group: asynchronous
Path Type: min
Corner: Slowest

Fanout     Cap    Slew   Delay    Time   Description
-----------------------------------------------------------------------------
                          0.00    0.00   clock clk (rise edge)
                          0.00    0.00   clock network delay (propagated)
                          2.00    2.00 v input external delay
                  0.02    0.01    2.01 v rst (in)
     2    0.00                           rst (net)
                  0.02    0.00    2.01 v input1/A (sky130_fd_sc_hd__buf_1)
                  0.13    0.19    2.21 v input1/X (sky130_fd_sc_hd__buf_1)
     1    0.01                           net1 (net)
                  0.13    0.00    2.21 v _356_/A (sky130_fd_sc_hd__clkbuf_4)
                  0.18    0.36    2.57 v _356_/X (sky130_fd_sc_hd__clkbuf_4)
     9    0.05                           _200_ (net)
                  0.18    0.00    2.57 v _390_/A (sky130_fd_sc_hd__buf_4)
                  0.15    0.38    2.95 v _390_/X (sky130_fd_sc_hd__buf_4)
    10    0.06                           _204_ (net)
                  0.15    0.00    2.95 v _394_/A (sky130_fd_sc_hd__inv_2)
                  0.05    0.10    3.05 ^ _394_/Y (sky130_fd_sc_hd__inv_2)
     1    0.00                           _033_ (net)
                  0.05    0.00    3.05 ^ _439_/RESET_B (sky130_fd_sc_hd__dfrtp_1)
                                  3.05   data arrival time

                          0.00    0.00   clock clk (rise edge)
                          0.00    0.00   clock source latency
                  0.15    0.11    0.11 ^ clk (in)
     2    0.02                           clk (net)
                  0.15    0.00    0.11 ^ clkbuf_0_clk/A (sky130_fd_sc_hd__clkbuf_16)
                  0.10    0.31    0.41 ^ clkbuf_0_clk/X (sky130_fd_sc_hd__clkbuf_16)
     4    0.05                           clknet_0_clk (net)
                  0.10    0.00    0.41 ^ clkbuf_2_0__f_clk/A (sky130_fd_sc_hd__clkbuf_16)
                  0.09    0.27    0.68 ^ clkbuf_2_0__f_clk/X (sky130_fd_sc_hd__clkbuf_16)
    11    0.04                           clknet_2_0__leaf_clk (net)
                  0.09    0.00    0.69 ^ _439_/CLK (sky130_fd_sc_hd__dfrtp_1)
                          0.25    0.94   clock uncertainty
                          0.00    0.94   clock reconvergence pessimism
                          0.66    1.59   library removal time
                                  1.59   data required time
-----------------------------------------------------------------------------
                                  1.59   data required time
                                 -3.05   data arrival time
-----------------------------------------------------------------------------
                                  1.46   slack (MET)


Startpoint: rst (input port clocked by clk)
Endpoint: _436_ (removal check against rising-edge clock clk)
Path Group: asynchronous
Path Type: min
Corner: Slowest

Fanout     Cap    Slew   Delay    Time   Description
-----------------------------------------------------------------------------
                          0.00    0.00   clock clk (rise edge)
                          0.00    0.00   clock network delay (propagated)
                          2.00    2.00 v input external delay
                  0.02    0.01    2.01 v rst (in)
     2    0.00                           rst (net)
                  0.02    0.00    2.01 v input1/A (sky130_fd_sc_hd__buf_1)
                  0.13    0.19    2.21 v input1/X (sky130_fd_sc_hd__buf_1)
     1    0.01                           net1 (net)
                  0.13    0.00    2.21 v _356_/A (sky130_fd_sc_hd__clkbuf_4)
                  0.18    0.36    2.57 v _356_/X (sky130_fd_sc_hd__clkbuf_4)
     9    0.05                           _200_ (net)
                  0.18    0.00    2.57 v _390_/A (sky130_fd_sc_hd__buf_4)
                  0.15    0.38    2.95 v _390_/X (sky130_fd_sc_hd__buf_4)
    10    0.06                           _204_ (net)
                  0.15    0.00    2.95 v _391_/A (sky130_fd_sc_hd__inv_2)
                  0.06    0.10    3.05 ^ _391_/Y (sky130_fd_sc_hd__inv_2)
     1    0.00                           _030_ (net)
                  0.06    0.00    3.05 ^ _436_/RESET_B (sky130_fd_sc_hd__dfrtp_1)
                                  3.05   data arrival time

                          0.00    0.00   clock clk (rise edge)
                          0.00    0.00   clock source latency
                  0.15    0.11    0.11 ^ clk (in)
     2    0.02                           clk (net)
                  0.15    0.00    0.11 ^ clkbuf_0_clk/A (sky130_fd_sc_hd__clkbuf_16)
                  0.10    0.31    0.41 ^ clkbuf_0_clk/X (sky130_fd_sc_hd__clkbuf_16)
     4    0.05                           clknet_0_clk (net)
                  0.10    0.00    0.41 ^ clkbuf_2_0__f_clk/A (sky130_fd_sc_hd__clkbuf_16)
                  0.09    0.27    0.68 ^ clkbuf_2_0__f_clk/X (sky130_fd_sc_hd__clkbuf_16)
    11    0.04                           clknet_2_0__leaf_clk (net)
                  0.09    0.00    0.69 ^ _436_/CLK (sky130_fd_sc_hd__dfrtp_1)
                          0.25    0.94   clock uncertainty
                          0.00    0.94   clock reconvergence pessimism
                          0.66    1.59   library removal time
                                  1.59   data required time
-----------------------------------------------------------------------------
                                  1.59   data required time
                                 -3.05   data arrival time
-----------------------------------------------------------------------------
                                  1.46   slack (MET)


Startpoint: rst (input port clocked by clk)
Endpoint: _445_ (removal check against rising-edge clock clk)
Path Group: asynchronous
Path Type: min
Corner: Slowest

Fanout     Cap    Slew   Delay    Time   Description
-----------------------------------------------------------------------------
                          0.00    0.00   clock clk (rise edge)
                          0.00    0.00   clock network delay (propagated)
                          2.00    2.00 v input external delay
                  0.02    0.01    2.01 v rst (in)
     2    0.00                           rst (net)
                  0.02    0.00    2.01 v input1/A (sky130_fd_sc_hd__buf_1)
                  0.13    0.19    2.21 v input1/X (sky130_fd_sc_hd__buf_1)
     1    0.01                           net1 (net)
                  0.13    0.00    2.21 v _356_/A (sky130_fd_sc_hd__clkbuf_4)
                  0.18    0.36    2.57 v _356_/X (sky130_fd_sc_hd__clkbuf_4)
     9    0.05                           _200_ (net)
                  0.18    0.00    2.57 v _390_/A (sky130_fd_sc_hd__buf_4)
                  0.15    0.38    2.95 v _390_/X (sky130_fd_sc_hd__buf_4)
    10    0.06                           _204_ (net)
                  0.15    0.00    2.95 v _400_/A (sky130_fd_sc_hd__inv_2)
                  0.06    0.10    3.05 ^ _400_/Y (sky130_fd_sc_hd__inv_2)
     1    0.00                           _039_ (net)
                  0.06    0.00    3.05 ^ _445_/RESET_B (sky130_fd_sc_hd__dfrtp_2)
                                  3.05   data arrival time

                          0.00    0.00   clock clk (rise edge)
                          0.00    0.00   clock source latency
                  0.15    0.11    0.11 ^ clk (in)
     2    0.02                           clk (net)
                  0.15    0.00    0.11 ^ clkbuf_0_clk/A (sky130_fd_sc_hd__clkbuf_16)
                  0.10    0.31    0.41 ^ clkbuf_0_clk/X (sky130_fd_sc_hd__clkbuf_16)
     4    0.05                           clknet_0_clk (net)
                  0.10    0.00    0.41 ^ clkbuf_2_0__f_clk/A (sky130_fd_sc_hd__clkbuf_16)
                  0.09    0.27    0.68 ^ clkbuf_2_0__f_clk/X (sky130_fd_sc_hd__clkbuf_16)
    11    0.04                           clknet_2_0__leaf_clk (net)
                  0.09    0.00    0.69 ^ _445_/CLK (sky130_fd_sc_hd__dfrtp_2)
                          0.25    0.94   clock uncertainty
                          0.00    0.94   clock reconvergence pessimism
                          0.66    1.59   library removal time
                                  1.59   data required time
-----------------------------------------------------------------------------
                                  1.59   data required time
                                 -3.05   data arrival time
-----------------------------------------------------------------------------
                                  1.46   slack (MET)


Startpoint: rst (input port clocked by clk)
Endpoint: _442_ (removal check against rising-edge clock clk)
Path Group: asynchronous
Path Type: min
Corner: Slowest

Fanout     Cap    Slew   Delay    Time   Description
-----------------------------------------------------------------------------
                          0.00    0.00   clock clk (rise edge)
                          0.00    0.00   clock network delay (propagated)
                          2.00    2.00 v input external delay
                  0.02    0.01    2.01 v rst (in)
     2    0.00                           rst (net)
                  0.02    0.00    2.01 v input1/A (sky130_fd_sc_hd__buf_1)
                  0.13    0.19    2.21 v input1/X (sky130_fd_sc_hd__buf_1)
     1    0.01                           net1 (net)
                  0.13    0.00    2.21 v _356_/A (sky130_fd_sc_hd__clkbuf_4)
                  0.18    0.36    2.57 v _356_/X (sky130_fd_sc_hd__clkbuf_4)
     9    0.05                           _200_ (net)
                  0.18    0.00    2.57 v _390_/A (sky130_fd_sc_hd__buf_4)
                  0.15    0.38    2.95 v _390_/X (sky130_fd_sc_hd__buf_4)
    10    0.06                           _204_ (net)
                  0.15    0.00    2.95 v _397_/A (sky130_fd_sc_hd__inv_2)
                  0.06    0.10    3.05 ^ _397_/Y (sky130_fd_sc_hd__inv_2)
     1    0.00                           _036_ (net)
                  0.06    0.00    3.05 ^ _442_/RESET_B (sky130_fd_sc_hd__dfrtp_2)
                                  3.05   data arrival time

                          0.00    0.00   clock clk (rise edge)
                          0.00    0.00   clock source latency
                  0.15    0.11    0.11 ^ clk (in)
     2    0.02                           clk (net)
                  0.15    0.00    0.11 ^ clkbuf_0_clk/A (sky130_fd_sc_hd__clkbuf_16)
                  0.10    0.31    0.41 ^ clkbuf_0_clk/X (sky130_fd_sc_hd__clkbuf_16)
     4    0.05                           clknet_0_clk (net)
                  0.10    0.00    0.41 ^ clkbuf_2_0__f_clk/A (sky130_fd_sc_hd__clkbuf_16)
                  0.09    0.27    0.68 ^ clkbuf_2_0__f_clk/X (sky130_fd_sc_hd__clkbuf_16)
    11    0.04                           clknet_2_0__leaf_clk (net)
                  0.09    0.00    0.69 ^ _442_/CLK (sky130_fd_sc_hd__dfrtp_2)
                          0.25    0.94   clock uncertainty
                          0.00    0.94   clock reconvergence pessimism
                          0.66    1.59   library removal time
                                  1.59   data required time
-----------------------------------------------------------------------------
                                  1.59   data required time
                                 -3.05   data arrival time
-----------------------------------------------------------------------------
                                  1.46   slack (MET)


Startpoint: rst (input port clocked by clk)
Endpoint: _413_ (removal check against rising-edge clock clk)
Path Group: asynchronous
Path Type: min
Corner: Slowest

Fanout     Cap    Slew   Delay    Time   Description
-----------------------------------------------------------------------------
                          0.00    0.00   clock clk (rise edge)
                          0.00    0.00   clock network delay (propagated)
                          2.00    2.00 v input external delay
                  0.02    0.01    2.01 v rst (in)
     2    0.00                           rst (net)
                  0.02    0.00    2.01 v input1/A (sky130_fd_sc_hd__buf_1)
                  0.13    0.19    2.21 v input1/X (sky130_fd_sc_hd__buf_1)
     1    0.01                           net1 (net)
                  0.13    0.00    2.21 v _356_/A (sky130_fd_sc_hd__clkbuf_4)
                  0.18    0.36    2.57 v _356_/X (sky130_fd_sc_hd__clkbuf_4)
     9    0.05                           _200_ (net)
                  0.18    0.00    2.57 v _357_/A (sky130_fd_sc_hd__buf_4)
                  0.14    0.37    2.94 v _357_/X (sky130_fd_sc_hd__buf_4)
    10    0.06                           _201_ (net)
                  0.14    0.00    2.95 v _365_/A (sky130_fd_sc_hd__inv_2)
                  0.06    0.10    3.04 ^ _365_/Y (sky130_fd_sc_hd__inv_2)
     1    0.00                           _007_ (net)
                  0.06    0.00    3.04 ^ _413_/RESET_B (sky130_fd_sc_hd__dfrtp_1)
                                  3.04   data arrival time

                          0.00    0.00   clock clk (rise edge)
                          0.00    0.00   clock source latency
                  0.15    0.11    0.11 ^ clk (in)
     2    0.02                           clk (net)
                  0.15    0.00    0.11 ^ clkbuf_0_clk/A (sky130_fd_sc_hd__clkbuf_16)
                  0.10    0.31    0.41 ^ clkbuf_0_clk/X (sky130_fd_sc_hd__clkbuf_16)
     4    0.05                           clknet_0_clk (net)
                  0.10    0.00    0.41 ^ clkbuf_2_2__f_clk/A (sky130_fd_sc_hd__clkbuf_16)
                  0.08    0.26    0.68 ^ clkbuf_2_2__f_clk/X (sky130_fd_sc_hd__clkbuf_16)
    11    0.03                           clknet_2_2__leaf_clk (net)
                  0.08    0.00    0.68 ^ _413_/CLK (sky130_fd_sc_hd__dfrtp_1)
                          0.25    0.93   clock uncertainty
                          0.00    0.93   clock reconvergence pessimism
                          0.66    1.59   library removal time
                                  1.59   data required time
-----------------------------------------------------------------------------
                                  1.59   data required time
                                 -3.04   data arrival time
-----------------------------------------------------------------------------
                                  1.46   slack (MET)


Startpoint: rst (input port clocked by clk)
Endpoint: _441_ (removal check against rising-edge clock clk)
Path Group: asynchronous
Path Type: min
Corner: Slowest

Fanout     Cap    Slew   Delay    Time   Description
-----------------------------------------------------------------------------
                          0.00    0.00   clock clk (rise edge)
                          0.00    0.00   clock network delay (propagated)
                          2.00    2.00 v input external delay
                  0.02    0.01    2.01 v rst (in)
     2    0.00                           rst (net)
                  0.02    0.00    2.01 v input1/A (sky130_fd_sc_hd__buf_1)
                  0.13    0.19    2.21 v input1/X (sky130_fd_sc_hd__buf_1)
     1    0.01                           net1 (net)
                  0.13    0.00    2.21 v _356_/A (sky130_fd_sc_hd__clkbuf_4)
                  0.18    0.36    2.57 v _356_/X (sky130_fd_sc_hd__clkbuf_4)
     9    0.05                           _200_ (net)
                  0.18    0.00    2.57 v _390_/A (sky130_fd_sc_hd__buf_4)
                  0.15    0.38    2.95 v _390_/X (sky130_fd_sc_hd__buf_4)
    10    0.06                           _204_ (net)
                  0.15    0.00    2.95 v _396_/A (sky130_fd_sc_hd__inv_2)
                  0.06    0.10    3.05 ^ _396_/Y (sky130_fd_sc_hd__inv_2)
     1    0.00                           _035_ (net)
                  0.06    0.00    3.05 ^ _441_/RESET_B (sky130_fd_sc_hd__dfrtp_2)
                                  3.05   data arrival time

                          0.00    0.00   clock clk (rise edge)
                          0.00    0.00   clock source latency
                  0.15    0.11    0.11 ^ clk (in)
     2    0.02                           clk (net)
                  0.15    0.00    0.11 ^ clkbuf_0_clk/A (sky130_fd_sc_hd__clkbuf_16)
                  0.10    0.31    0.41 ^ clkbuf_0_clk/X (sky130_fd_sc_hd__clkbuf_16)
     4    0.05                           clknet_0_clk (net)
                  0.10    0.00    0.41 ^ clkbuf_2_0__f_clk/A (sky130_fd_sc_hd__clkbuf_16)
                  0.09    0.27    0.68 ^ clkbuf_2_0__f_clk/X (sky130_fd_sc_hd__clkbuf_16)
    11    0.04                           clknet_2_0__leaf_clk (net)
                  0.09    0.00    0.69 ^ _441_/CLK (sky130_fd_sc_hd__dfrtp_2)
                          0.25    0.94   clock uncertainty
                          0.00    0.94   clock reconvergence pessimism
                          0.66    1.59   library removal time
                                  1.59   data required time
-----------------------------------------------------------------------------
                                  1.59   data required time
                                 -3.05   data arrival time
-----------------------------------------------------------------------------
                                  1.46   slack (MET)


Startpoint: rst (input port clocked by clk)
Endpoint: _417_ (removal check against rising-edge clock clk)
Path Group: asynchronous
Path Type: min
Corner: Slowest

Fanout     Cap    Slew   Delay    Time   Description
-----------------------------------------------------------------------------
                          0.00    0.00   clock clk (rise edge)
                          0.00    0.00   clock network delay (propagated)
                          2.00    2.00 v input external delay
                  0.02    0.01    2.01 v rst (in)
     2    0.00                           rst (net)
                  0.02    0.00    2.01 v input1/A (sky130_fd_sc_hd__buf_1)
                  0.13    0.19    2.21 v input1/X (sky130_fd_sc_hd__buf_1)
     1    0.01                           net1 (net)
                  0.13    0.00    2.21 v _356_/A (sky130_fd_sc_hd__clkbuf_4)
                  0.18    0.36    2.57 v _356_/X (sky130_fd_sc_hd__clkbuf_4)
     9    0.05                           _200_ (net)
                  0.18    0.00    2.57 v _368_/A (sky130_fd_sc_hd__buf_4)
                  0.15    0.38    2.95 v _368_/X (sky130_fd_sc_hd__buf_4)
    10    0.06                           _202_ (net)
                  0.15    0.00    2.95 v _370_/A (sky130_fd_sc_hd__inv_2)
                  0.06    0.10    3.05 ^ _370_/Y (sky130_fd_sc_hd__inv_2)
     1    0.00                           _011_ (net)
                  0.06    0.00    3.05 ^ _417_/RESET_B (sky130_fd_sc_hd__dfrtp_4)
                                  3.05   data arrival time

                          0.00    0.00   clock clk (rise edge)
                          0.00    0.00   clock source latency
                  0.15    0.11    0.11 ^ clk (in)
     2    0.02                           clk (net)
                  0.15    0.00    0.11 ^ clkbuf_0_clk/A (sky130_fd_sc_hd__clkbuf_16)
                  0.10    0.31    0.41 ^ clkbuf_0_clk/X (sky130_fd_sc_hd__clkbuf_16)
     4    0.05                           clknet_0_clk (net)
                  0.10    0.00    0.41 ^ clkbuf_2_2__f_clk/A (sky130_fd_sc_hd__clkbuf_16)
                  0.08    0.26    0.68 ^ clkbuf_2_2__f_clk/X (sky130_fd_sc_hd__clkbuf_16)
    11    0.03                           clknet_2_2__leaf_clk (net)
                  0.08    0.00    0.68 ^ _417_/CLK (sky130_fd_sc_hd__dfrtp_4)
                          0.25    0.93   clock uncertainty
                          0.00    0.93   clock reconvergence pessimism
                          0.66    1.59   library removal time
                                  1.59   data required time
-----------------------------------------------------------------------------
                                  1.59   data required time
                                 -3.05   data arrival time
-----------------------------------------------------------------------------
                                  1.46   slack (MET)


Startpoint: rst (input port clocked by clk)
Endpoint: _412_ (removal check against rising-edge clock clk)
Path Group: asynchronous
Path Type: min
Corner: Slowest

Fanout     Cap    Slew   Delay    Time   Description
-----------------------------------------------------------------------------
                          0.00    0.00   clock clk (rise edge)
                          0.00    0.00   clock network delay (propagated)
                          2.00    2.00 v input external delay
                  0.02    0.01    2.01 v rst (in)
     2    0.00                           rst (net)
                  0.02    0.00    2.01 v input1/A (sky130_fd_sc_hd__buf_1)
                  0.13    0.19    2.21 v input1/X (sky130_fd_sc_hd__buf_1)
     1    0.01                           net1 (net)
                  0.13    0.00    2.21 v _356_/A (sky130_fd_sc_hd__clkbuf_4)
                  0.18    0.36    2.57 v _356_/X (sky130_fd_sc_hd__clkbuf_4)
     9    0.05                           _200_ (net)
                  0.18    0.00    2.57 v _357_/A (sky130_fd_sc_hd__buf_4)
                  0.14    0.37    2.94 v _357_/X (sky130_fd_sc_hd__buf_4)
    10    0.06                           _201_ (net)
                  0.14    0.00    2.94 v _364_/A (sky130_fd_sc_hd__inv_2)
                  0.05    0.09    3.04 ^ _364_/Y (sky130_fd_sc_hd__inv_2)
     1    0.00                           _006_ (net)
                  0.05    0.00    3.04 ^ _412_/RESET_B (sky130_fd_sc_hd__dfrtp_1)
                                  3.04   data arrival time

                          0.00    0.00   clock clk (rise edge)
                          0.00    0.00   clock source latency
                  0.15    0.11    0.11 ^ clk (in)
     2    0.02                           clk (net)
                  0.15    0.00    0.11 ^ clkbuf_0_clk/A (sky130_fd_sc_hd__clkbuf_16)
                  0.10    0.31    0.41 ^ clkbuf_0_clk/X (sky130_fd_sc_hd__clkbuf_16)
     4    0.05                           clknet_0_clk (net)
                  0.10    0.00    0.41 ^ clkbuf_2_3__f_clk/A (sky130_fd_sc_hd__clkbuf_16)
                  0.08    0.26    0.67 ^ clkbuf_2_3__f_clk/X (sky130_fd_sc_hd__clkbuf_16)
     8    0.03                           clknet_2_3__leaf_clk (net)
                  0.08    0.00    0.67 ^ _412_/CLK (sky130_fd_sc_hd__dfrtp_1)
                          0.25    0.92   clock uncertainty
                          0.00    0.92   clock reconvergence pessimism
                          0.65    1.58   library removal time
                                  1.58   data required time
-----------------------------------------------------------------------------
                                  1.58   data required time
                                 -3.04   data arrival time
-----------------------------------------------------------------------------
                                  1.46   slack (MET)


Startpoint: rst (input port clocked by clk)
Endpoint: _406_ (removal check against rising-edge clock clk)
Path Group: asynchronous
Path Type: min
Corner: Slowest

Fanout     Cap    Slew   Delay    Time   Description
-----------------------------------------------------------------------------
                          0.00    0.00   clock clk (rise edge)
                          0.00    0.00   clock network delay (propagated)
                          2.00    2.00 v input external delay
                  0.02    0.01    2.01 v rst (in)
     2    0.00                           rst (net)
                  0.02    0.00    2.01 v input1/A (sky130_fd_sc_hd__buf_1)
                  0.13    0.19    2.21 v input1/X (sky130_fd_sc_hd__buf_1)
     1    0.01                           net1 (net)
                  0.13    0.00    2.21 v _356_/A (sky130_fd_sc_hd__clkbuf_4)
                  0.18    0.36    2.57 v _356_/X (sky130_fd_sc_hd__clkbuf_4)
     9    0.05                           _200_ (net)
                  0.18    0.00    2.57 v _357_/A (sky130_fd_sc_hd__buf_4)
                  0.14    0.37    2.94 v _357_/X (sky130_fd_sc_hd__buf_4)
    10    0.06                           _201_ (net)
                  0.14    0.00    2.94 v _358_/A (sky130_fd_sc_hd__inv_2)
                  0.05    0.09    3.04 ^ _358_/Y (sky130_fd_sc_hd__inv_2)
     1    0.00                           _000_ (net)
                  0.05    0.00    3.04 ^ _406_/RESET_B (sky130_fd_sc_hd__dfrtp_2)
                                  3.04   data arrival time

                          0.00    0.00   clock clk (rise edge)
                          0.00    0.00   clock source latency
                  0.15    0.11    0.11 ^ clk (in)
     2    0.02                           clk (net)
                  0.15    0.00    0.11 ^ clkbuf_0_clk/A (sky130_fd_sc_hd__clkbuf_16)
                  0.10    0.31    0.41 ^ clkbuf_0_clk/X (sky130_fd_sc_hd__clkbuf_16)
     4    0.05                           clknet_0_clk (net)
                  0.10    0.00    0.41 ^ clkbuf_2_3__f_clk/A (sky130_fd_sc_hd__clkbuf_16)
                  0.08    0.26    0.67 ^ clkbuf_2_3__f_clk/X (sky130_fd_sc_hd__clkbuf_16)
     8    0.03                           clknet_2_3__leaf_clk (net)
                  0.08    0.00    0.67 ^ _406_/CLK (sky130_fd_sc_hd__dfrtp_2)
                          0.25    0.92   clock uncertainty
                          0.00    0.92   clock reconvergence pessimism
                          0.65    1.58   library removal time
                                  1.58   data required time
-----------------------------------------------------------------------------
                                  1.58   data required time
                                 -3.04   data arrival time
-----------------------------------------------------------------------------
                                  1.46   slack (MET)


Startpoint: rst (input port clocked by clk)
Endpoint: _408_ (removal check against rising-edge clock clk)
Path Group: asynchronous
Path Type: min
Corner: Slowest

Fanout     Cap    Slew   Delay    Time   Description
-----------------------------------------------------------------------------
                          0.00    0.00   clock clk (rise edge)
                          0.00    0.00   clock network delay (propagated)
                          2.00    2.00 v input external delay
                  0.02    0.01    2.01 v rst (in)
     2    0.00                           rst (net)
                  0.02    0.00    2.01 v input1/A (sky130_fd_sc_hd__buf_1)
                  0.13    0.19    2.21 v input1/X (sky130_fd_sc_hd__buf_1)
     1    0.01                           net1 (net)
                  0.13    0.00    2.21 v _356_/A (sky130_fd_sc_hd__clkbuf_4)
                  0.18    0.36    2.57 v _356_/X (sky130_fd_sc_hd__clkbuf_4)
     9    0.05                           _200_ (net)
                  0.18    0.00    2.57 v _357_/A (sky130_fd_sc_hd__buf_4)
                  0.14    0.37    2.94 v _357_/X (sky130_fd_sc_hd__buf_4)
    10    0.06                           _201_ (net)
                  0.14    0.00    2.94 v _360_/A (sky130_fd_sc_hd__inv_2)
                  0.05    0.09    3.04 ^ _360_/Y (sky130_fd_sc_hd__inv_2)
     1    0.00                           _002_ (net)
                  0.05    0.00    3.04 ^ _408_/RESET_B (sky130_fd_sc_hd__dfrtp_1)
                                  3.04   data arrival time

                          0.00    0.00   clock clk (rise edge)
                          0.00    0.00   clock source latency
                  0.15    0.11    0.11 ^ clk (in)
     2    0.02                           clk (net)
                  0.15    0.00    0.11 ^ clkbuf_0_clk/A (sky130_fd_sc_hd__clkbuf_16)
                  0.10    0.31    0.41 ^ clkbuf_0_clk/X (sky130_fd_sc_hd__clkbuf_16)
     4    0.05                           clknet_0_clk (net)
                  0.10    0.00    0.41 ^ clkbuf_2_3__f_clk/A (sky130_fd_sc_hd__clkbuf_16)
                  0.08    0.26    0.67 ^ clkbuf_2_3__f_clk/X (sky130_fd_sc_hd__clkbuf_16)
     8    0.03                           clknet_2_3__leaf_clk (net)
                  0.08    0.00    0.67 ^ _408_/CLK (sky130_fd_sc_hd__dfrtp_1)
                          0.25    0.92   clock uncertainty
                          0.00    0.92   clock reconvergence pessimism
                          0.65    1.58   library removal time
                                  1.58   data required time
-----------------------------------------------------------------------------
                                  1.58   data required time
                                 -3.04   data arrival time
-----------------------------------------------------------------------------
                                  1.46   slack (MET)


Startpoint: _430_ (rising edge-triggered flip-flop clocked by clk)
Endpoint: _425_ (rising edge-triggered flip-flop clocked by clk)
Path Group: clk
Path Type: min
Corner: Slowest

Fanout     Cap    Slew   Delay    Time   Description
-----------------------------------------------------------------------------
                          0.00    0.00   clock clk (rise edge)
                          0.00    0.00   clock source latency
                  0.15    0.10    0.10 ^ clk (in)
     2    0.02                           clk (net)
                  0.15    0.00    0.10 ^ clkbuf_0_clk/A (sky130_fd_sc_hd__clkbuf_16)
                  0.10    0.28    0.37 ^ clkbuf_0_clk/X (sky130_fd_sc_hd__clkbuf_16)
     4    0.05                           clknet_0_clk (net)
                  0.10    0.00    0.37 ^ clkbuf_2_2__f_clk/A (sky130_fd_sc_hd__clkbuf_16)
                  0.08    0.24    0.61 ^ clkbuf_2_2__f_clk/X (sky130_fd_sc_hd__clkbuf_16)
    11    0.03                           clknet_2_2__leaf_clk (net)
                  0.08    0.00    0.62 ^ _430_/CLK (sky130_fd_sc_hd__dfrtp_4)
                  0.17    0.84    1.46 ^ _430_/Q (sky130_fd_sc_hd__dfrtp_4)
     7    0.02                           tx_inst.state[0] (net)
                  0.17    0.00    1.46 ^ _288_/B (sky130_fd_sc_hd__nor2_2)
                  0.14    0.18    1.63 v _288_/Y (sky130_fd_sc_hd__nor2_2)
     7    0.03                           _154_ (net)
                  0.14    0.00    1.63 v _296_/B (sky130_fd_sc_hd__nand2_4)
                  0.21    0.23    1.87 ^ _296_/Y (sky130_fd_sc_hd__nand2_4)
     8    0.04                           _160_ (net)
                  0.21    0.00    1.87 ^ _305_/S (sky130_fd_sc_hd__mux2_1)
                  0.08    0.29    2.16 ^ _305_/X (sky130_fd_sc_hd__mux2_1)
     1    0.00                           _165_ (net)
                  0.08    0.00    2.16 ^ _306_/A (sky130_fd_sc_hd__clkbuf_1)
                  0.07    0.15    2.30 ^ _306_/X (sky130_fd_sc_hd__clkbuf_1)
     1    0.00                           _064_ (net)
                  0.07    0.00    2.30 ^ _425_/D (sky130_fd_sc_hd__dfrtp_1)
                                  2.30   data arrival time

                          0.00    0.00   clock clk (rise edge)
                          0.00    0.00   clock source latency
                  0.15    0.11    0.11 ^ clk (in)
     2    0.02                           clk (net)
                  0.15    0.00    0.11 ^ clkbuf_0_clk/A (sky130_fd_sc_hd__clkbuf_16)
                  0.10    0.31    0.41 ^ clkbuf_0_clk/X (sky130_fd_sc_hd__clkbuf_16)
     4    0.05                           clknet_0_clk (net)
                  0.10    0.00    0.41 ^ clkbuf_2_1__f_clk/A (sky130_fd_sc_hd__clkbuf_16)
                  0.10    0.28    0.70 ^ clkbuf_2_1__f_clk/X (sky130_fd_sc_hd__clkbuf_16)
    15    0.05                           clknet_2_1__leaf_clk (net)
                  0.10    0.00    0.70 ^ _425_/CLK (sky130_fd_sc_hd__dfrtp_1)
                          0.25    0.95   clock uncertainty
                         -0.04    0.91   clock reconvergence pessimism
                         -0.07    0.84   library hold time
                                  0.84   data required time
-----------------------------------------------------------------------------
                                  0.84   data required time
                                 -2.30   data arrival time
-----------------------------------------------------------------------------
                                  1.46   slack (MET)


Startpoint: rst (input port clocked by clk)
Endpoint: _419_ (removal check against rising-edge clock clk)
Path Group: asynchronous
Path Type: min
Corner: Slowest

Fanout     Cap    Slew   Delay    Time   Description
-----------------------------------------------------------------------------
                          0.00    0.00   clock clk (rise edge)
                          0.00    0.00   clock network delay (propagated)
                          2.00    2.00 v input external delay
                  0.02    0.01    2.01 v rst (in)
     2    0.00                           rst (net)
                  0.02    0.00    2.01 v input1/A (sky130_fd_sc_hd__buf_1)
                  0.13    0.19    2.21 v input1/X (sky130_fd_sc_hd__buf_1)
     1    0.01                           net1 (net)
                  0.13    0.00    2.21 v _356_/A (sky130_fd_sc_hd__clkbuf_4)
                  0.18    0.36    2.57 v _356_/X (sky130_fd_sc_hd__clkbuf_4)
     9    0.05                           _200_ (net)
                  0.18    0.00    2.57 v _368_/A (sky130_fd_sc_hd__buf_4)
                  0.15    0.38    2.95 v _368_/X (sky130_fd_sc_hd__buf_4)
    10    0.06                           _202_ (net)
                  0.15    0.00    2.95 v _372_/A (sky130_fd_sc_hd__inv_2)
                  0.06    0.10    3.05 ^ _372_/Y (sky130_fd_sc_hd__inv_2)
     1    0.00                           _013_ (net)
                  0.06    0.00    3.05 ^ _419_/RESET_B (sky130_fd_sc_hd__dfrtp_1)
                                  3.05   data arrival time

                          0.00    0.00   clock clk (rise edge)
                          0.00    0.00   clock source latency
                  0.15    0.11    0.11 ^ clk (in)
     2    0.02                           clk (net)
                  0.15    0.00    0.11 ^ clkbuf_0_clk/A (sky130_fd_sc_hd__clkbuf_16)
                  0.10    0.31    0.41 ^ clkbuf_0_clk/X (sky130_fd_sc_hd__clkbuf_16)
     4    0.05                           clknet_0_clk (net)
                  0.10    0.00    0.41 ^ clkbuf_2_2__f_clk/A (sky130_fd_sc_hd__clkbuf_16)
                  0.08    0.26    0.68 ^ clkbuf_2_2__f_clk/X (sky130_fd_sc_hd__clkbuf_16)
    11    0.03                           clknet_2_2__leaf_clk (net)
                  0.08    0.00    0.68 ^ _419_/CLK (sky130_fd_sc_hd__dfrtp_1)
                          0.25    0.93   clock uncertainty
                          0.00    0.93   clock reconvergence pessimism
                          0.66    1.59   library removal time
                                  1.59   data required time
-----------------------------------------------------------------------------
                                  1.59   data required time
                                 -3.05   data arrival time
-----------------------------------------------------------------------------
                                  1.46   slack (MET)


Startpoint: rst (input port clocked by clk)
Endpoint: _411_ (removal check against rising-edge clock clk)
Path Group: asynchronous
Path Type: min
Corner: Slowest

Fanout     Cap    Slew   Delay    Time   Description
-----------------------------------------------------------------------------
                          0.00    0.00   clock clk (rise edge)
                          0.00    0.00   clock network delay (propagated)
                          2.00    2.00 v input external delay
                  0.02    0.01    2.01 v rst (in)
     2    0.00                           rst (net)
                  0.02    0.00    2.01 v input1/A (sky130_fd_sc_hd__buf_1)
                  0.13    0.19    2.21 v input1/X (sky130_fd_sc_hd__buf_1)
     1    0.01                           net1 (net)
                  0.13    0.00    2.21 v _356_/A (sky130_fd_sc_hd__clkbuf_4)
                  0.18    0.36    2.57 v _356_/X (sky130_fd_sc_hd__clkbuf_4)
     9    0.05                           _200_ (net)
                  0.18    0.00    2.57 v _357_/A (sky130_fd_sc_hd__buf_4)
                  0.14    0.37    2.94 v _357_/X (sky130_fd_sc_hd__buf_4)
    10    0.06                           _201_ (net)
                  0.14    0.00    2.95 v _363_/A (sky130_fd_sc_hd__inv_2)
                  0.06    0.10    3.04 ^ _363_/Y (sky130_fd_sc_hd__inv_2)
     1    0.00                           _005_ (net)
                  0.06    0.00    3.04 ^ _411_/RESET_B (sky130_fd_sc_hd__dfrtp_1)
                                  3.04   data arrival time

                          0.00    0.00   clock clk (rise edge)
                          0.00    0.00   clock source latency
                  0.15    0.11    0.11 ^ clk (in)
     2    0.02                           clk (net)
                  0.15    0.00    0.11 ^ clkbuf_0_clk/A (sky130_fd_sc_hd__clkbuf_16)
                  0.10    0.31    0.41 ^ clkbuf_0_clk/X (sky130_fd_sc_hd__clkbuf_16)
     4    0.05                           clknet_0_clk (net)
                  0.10    0.00    0.41 ^ clkbuf_2_3__f_clk/A (sky130_fd_sc_hd__clkbuf_16)
                  0.08    0.26    0.67 ^ clkbuf_2_3__f_clk/X (sky130_fd_sc_hd__clkbuf_16)
     8    0.03                           clknet_2_3__leaf_clk (net)
                  0.08    0.00    0.67 ^ _411_/CLK (sky130_fd_sc_hd__dfrtp_1)
                          0.25    0.92   clock uncertainty
                          0.00    0.92   clock reconvergence pessimism
                          0.65    1.58   library removal time
                                  1.58   data required time
-----------------------------------------------------------------------------
                                  1.58   data required time
                                 -3.04   data arrival time
-----------------------------------------------------------------------------
                                  1.46   slack (MET)


Startpoint: rst (input port clocked by clk)
Endpoint: _407_ (removal check against rising-edge clock clk)
Path Group: asynchronous
Path Type: min
Corner: Slowest

Fanout     Cap    Slew   Delay    Time   Description
-----------------------------------------------------------------------------
                          0.00    0.00   clock clk (rise edge)
                          0.00    0.00   clock network delay (propagated)
                          2.00    2.00 v input external delay
                  0.02    0.01    2.01 v rst (in)
     2    0.00                           rst (net)
                  0.02    0.00    2.01 v input1/A (sky130_fd_sc_hd__buf_1)
                  0.13    0.19    2.21 v input1/X (sky130_fd_sc_hd__buf_1)
     1    0.01                           net1 (net)
                  0.13    0.00    2.21 v _356_/A (sky130_fd_sc_hd__clkbuf_4)
                  0.18    0.36    2.57 v _356_/X (sky130_fd_sc_hd__clkbuf_4)
     9    0.05                           _200_ (net)
                  0.18    0.00    2.57 v _357_/A (sky130_fd_sc_hd__buf_4)
                  0.14    0.37    2.94 v _357_/X (sky130_fd_sc_hd__buf_4)
    10    0.06                           _201_ (net)
                  0.14    0.00    2.94 v _359_/A (sky130_fd_sc_hd__inv_2)
                  0.06    0.10    3.05 ^ _359_/Y (sky130_fd_sc_hd__inv_2)
     1    0.01                           _001_ (net)
                  0.06    0.00    3.05 ^ _407_/RESET_B (sky130_fd_sc_hd__dfrtp_1)
                                  3.05   data arrival time

                          0.00    0.00   clock clk (rise edge)
                          0.00    0.00   clock source latency
                  0.15    0.11    0.11 ^ clk (in)
     2    0.02                           clk (net)
                  0.15    0.00    0.11 ^ clkbuf_0_clk/A (sky130_fd_sc_hd__clkbuf_16)
                  0.10    0.31    0.41 ^ clkbuf_0_clk/X (sky130_fd_sc_hd__clkbuf_16)
     4    0.05                           clknet_0_clk (net)
                  0.10    0.00    0.41 ^ clkbuf_2_3__f_clk/A (sky130_fd_sc_hd__clkbuf_16)
                  0.08    0.26    0.67 ^ clkbuf_2_3__f_clk/X (sky130_fd_sc_hd__clkbuf_16)
     8    0.03                           clknet_2_3__leaf_clk (net)
                  0.08    0.00    0.67 ^ _407_/CLK (sky130_fd_sc_hd__dfrtp_1)
                          0.25    0.92   clock uncertainty
                          0.00    0.92   clock reconvergence pessimism
                          0.66    1.58   library removal time
                                  1.58   data required time
-----------------------------------------------------------------------------
                                  1.58   data required time
                                 -3.05   data arrival time
-----------------------------------------------------------------------------
                                  1.47   slack (MET)


Startpoint: _430_ (rising edge-triggered flip-flop clocked by clk)
Endpoint: _426_ (rising edge-triggered flip-flop clocked by clk)
Path Group: clk
Path Type: min
Corner: Slowest

Fanout     Cap    Slew   Delay    Time   Description
-----------------------------------------------------------------------------
                          0.00    0.00   clock clk (rise edge)
                          0.00    0.00   clock source latency
                  0.15    0.10    0.10 ^ clk (in)
     2    0.02                           clk (net)
                  0.15    0.00    0.10 ^ clkbuf_0_clk/A (sky130_fd_sc_hd__clkbuf_16)
                  0.10    0.28    0.37 ^ clkbuf_0_clk/X (sky130_fd_sc_hd__clkbuf_16)
     4    0.05                           clknet_0_clk (net)
                  0.10    0.00    0.37 ^ clkbuf_2_2__f_clk/A (sky130_fd_sc_hd__clkbuf_16)
                  0.08    0.24    0.61 ^ clkbuf_2_2__f_clk/X (sky130_fd_sc_hd__clkbuf_16)
    11    0.03                           clknet_2_2__leaf_clk (net)
                  0.08    0.00    0.62 ^ _430_/CLK (sky130_fd_sc_hd__dfrtp_4)
                  0.17    0.84    1.46 ^ _430_/Q (sky130_fd_sc_hd__dfrtp_4)
     7    0.02                           tx_inst.state[0] (net)
                  0.17    0.00    1.46 ^ _288_/B (sky130_fd_sc_hd__nor2_2)
                  0.14    0.18    1.63 v _288_/Y (sky130_fd_sc_hd__nor2_2)
     7    0.03                           _154_ (net)
                  0.14    0.00    1.63 v _296_/B (sky130_fd_sc_hd__nand2_4)
                  0.21    0.23    1.87 ^ _296_/Y (sky130_fd_sc_hd__nand2_4)
     8    0.04                           _160_ (net)
                  0.21    0.00    1.87 ^ _303_/S (sky130_fd_sc_hd__mux2_1)
                  0.07    0.28    2.14 ^ _303_/X (sky130_fd_sc_hd__mux2_1)
     1    0.00                           _164_ (net)
                  0.07    0.00    2.15 ^ _304_/A (sky130_fd_sc_hd__clkbuf_1)
                  0.06    0.14    2.28 ^ _304_/X (sky130_fd_sc_hd__clkbuf_1)
     1    0.00                           _065_ (net)
                  0.06    0.00    2.28 ^ _426_/D (sky130_fd_sc_hd__dfrtp_1)
                                  2.28   data arrival time

                          0.00    0.00   clock clk (rise edge)
                          0.00    0.00   clock source latency
                  0.15    0.11    0.11 ^ clk (in)
     2    0.02                           clk (net)
                  0.15    0.00    0.11 ^ clkbuf_0_clk/A (sky130_fd_sc_hd__clkbuf_16)
                  0.10    0.31    0.41 ^ clkbuf_0_clk/X (sky130_fd_sc_hd__clkbuf_16)
     4    0.05                           clknet_0_clk (net)
                  0.10    0.00    0.41 ^ clkbuf_2_3__f_clk/A (sky130_fd_sc_hd__clkbuf_16)
                  0.08    0.26    0.67 ^ clkbuf_2_3__f_clk/X (sky130_fd_sc_hd__clkbuf_16)
     8    0.03                           clknet_2_3__leaf_clk (net)
                  0.08    0.00    0.67 ^ _426_/CLK (sky130_fd_sc_hd__dfrtp_1)
                          0.25    0.92   clock uncertainty
                         -0.04    0.88   clock reconvergence pessimism
                         -0.07    0.81   library hold time
                                  0.81   data required time
-----------------------------------------------------------------------------
                                  0.81   data required time
                                 -2.28   data arrival time
-----------------------------------------------------------------------------
                                  1.47   slack (MET)


Startpoint: _430_ (rising edge-triggered flip-flop clocked by clk)
Endpoint: _424_ (rising edge-triggered flip-flop clocked by clk)
Path Group: clk
Path Type: min
Corner: Slowest

Fanout     Cap    Slew   Delay    Time   Description
-----------------------------------------------------------------------------
                          0.00    0.00   clock clk (rise edge)
                          0.00    0.00   clock source latency
                  0.15    0.10    0.10 ^ clk (in)
     2    0.02                           clk (net)
                  0.15    0.00    0.10 ^ clkbuf_0_clk/A (sky130_fd_sc_hd__clkbuf_16)
                  0.10    0.28    0.37 ^ clkbuf_0_clk/X (sky130_fd_sc_hd__clkbuf_16)
     4    0.05                           clknet_0_clk (net)
                  0.10    0.00    0.37 ^ clkbuf_2_2__f_clk/A (sky130_fd_sc_hd__clkbuf_16)
                  0.08    0.24    0.61 ^ clkbuf_2_2__f_clk/X (sky130_fd_sc_hd__clkbuf_16)
    11    0.03                           clknet_2_2__leaf_clk (net)
                  0.08    0.00    0.62 ^ _430_/CLK (sky130_fd_sc_hd__dfrtp_4)
                  0.17    0.84    1.46 ^ _430_/Q (sky130_fd_sc_hd__dfrtp_4)
     7    0.02                           tx_inst.state[0] (net)
                  0.17    0.00    1.46 ^ _288_/B (sky130_fd_sc_hd__nor2_2)
                  0.14    0.18    1.63 v _288_/Y (sky130_fd_sc_hd__nor2_2)
     7    0.03                           _154_ (net)
                  0.14    0.00    1.63 v _296_/B (sky130_fd_sc_hd__nand2_4)
                  0.21    0.23    1.87 ^ _296_/Y (sky130_fd_sc_hd__nand2_4)
     8    0.04                           _160_ (net)
                  0.21    0.00    1.87 ^ _307_/S (sky130_fd_sc_hd__mux2_1)
                  0.07    0.28    2.15 ^ _307_/X (sky130_fd_sc_hd__mux2_1)
     1    0.00                           _166_ (net)
                  0.07    0.00    2.15 ^ _308_/A (sky130_fd_sc_hd__clkbuf_1)
                  0.06    0.13    2.28 ^ _308_/X (sky130_fd_sc_hd__clkbuf_1)
     1    0.00                           _063_ (net)
                  0.06    0.00    2.28 ^ _424_/D (sky130_fd_sc_hd__dfrtp_1)
                                  2.28   data arrival time

                          0.00    0.00   clock clk (rise edge)
                          0.00    0.00   clock source latency
                  0.15    0.11    0.11 ^ clk (in)
     2    0.02                           clk (net)
                  0.15    0.00    0.11 ^ clkbuf_0_clk/A (sky130_fd_sc_hd__clkbuf_16)
                  0.10    0.31    0.41 ^ clkbuf_0_clk/X (sky130_fd_sc_hd__clkbuf_16)
     4    0.05                           clknet_0_clk (net)
                  0.10    0.00    0.41 ^ clkbuf_2_3__f_clk/A (sky130_fd_sc_hd__clkbuf_16)
                  0.08    0.26    0.67 ^ clkbuf_2_3__f_clk/X (sky130_fd_sc_hd__clkbuf_16)
     8    0.03                           clknet_2_3__leaf_clk (net)
                  0.08    0.00    0.67 ^ _424_/CLK (sky130_fd_sc_hd__dfrtp_1)
                          0.25    0.92   clock uncertainty
                         -0.04    0.88   clock reconvergence pessimism
                         -0.07    0.81   library hold time
                                  0.81   data required time
-----------------------------------------------------------------------------
                                  0.81   data required time
                                 -2.28   data arrival time
-----------------------------------------------------------------------------
                                  1.47   slack (MET)


Startpoint: rst (input port clocked by clk)
Endpoint: _416_ (removal check against rising-edge clock clk)
Path Group: asynchronous
Path Type: min
Corner: Slowest

Fanout     Cap    Slew   Delay    Time   Description
-----------------------------------------------------------------------------
                          0.00    0.00   clock clk (rise edge)
                          0.00    0.00   clock network delay (propagated)
                          2.00    2.00 v input external delay
                  0.02    0.01    2.01 v rst (in)
     2    0.00                           rst (net)
                  0.02    0.00    2.01 v input1/A (sky130_fd_sc_hd__buf_1)
                  0.13    0.19    2.21 v input1/X (sky130_fd_sc_hd__buf_1)
     1    0.01                           net1 (net)
                  0.13    0.00    2.21 v _356_/A (sky130_fd_sc_hd__clkbuf_4)
                  0.18    0.36    2.57 v _356_/X (sky130_fd_sc_hd__clkbuf_4)
     9    0.05                           _200_ (net)
                  0.18    0.00    2.57 v _368_/A (sky130_fd_sc_hd__buf_4)
                  0.15    0.38    2.95 v _368_/X (sky130_fd_sc_hd__buf_4)
    10    0.06                           _202_ (net)
                  0.15    0.00    2.95 v _369_/A (sky130_fd_sc_hd__inv_2)
                  0.07    0.11    3.06 ^ _369_/Y (sky130_fd_sc_hd__inv_2)
     1    0.01                           _010_ (net)
                  0.07    0.00    3.06 ^ _416_/RESET_B (sky130_fd_sc_hd__dfrtp_1)
                                  3.06   data arrival time

                          0.00    0.00   clock clk (rise edge)
                          0.00    0.00   clock source latency
                  0.15    0.11    0.11 ^ clk (in)
     2    0.02                           clk (net)
                  0.15    0.00    0.11 ^ clkbuf_0_clk/A (sky130_fd_sc_hd__clkbuf_16)
                  0.10    0.31    0.41 ^ clkbuf_0_clk/X (sky130_fd_sc_hd__clkbuf_16)
     4    0.05                           clknet_0_clk (net)
                  0.10    0.00    0.41 ^ clkbuf_2_2__f_clk/A (sky130_fd_sc_hd__clkbuf_16)
                  0.08    0.26    0.68 ^ clkbuf_2_2__f_clk/X (sky130_fd_sc_hd__clkbuf_16)
    11    0.03                           clknet_2_2__leaf_clk (net)
                  0.08    0.00    0.68 ^ _416_/CLK (sky130_fd_sc_hd__dfrtp_1)
                          0.25    0.93   clock uncertainty
                          0.00    0.93   clock reconvergence pessimism
                          0.66    1.59   library removal time
                                  1.59   data required time
-----------------------------------------------------------------------------
                                  1.59   data required time
                                 -3.06   data arrival time
-----------------------------------------------------------------------------
                                  1.47   slack (MET)


Startpoint: rst (input port clocked by clk)
Endpoint: _424_ (removal check against rising-edge clock clk)
Path Group: asynchronous
Path Type: min
Corner: Slowest

Fanout     Cap    Slew   Delay    Time   Description
-----------------------------------------------------------------------------
                          0.00    0.00   clock clk (rise edge)
                          0.00    0.00   clock network delay (propagated)
                          2.00    2.00 v input external delay
                  0.02    0.01    2.01 v rst (in)
     2    0.00                           rst (net)
                  0.02    0.00    2.01 v input1/A (sky130_fd_sc_hd__buf_1)
                  0.13    0.19    2.21 v input1/X (sky130_fd_sc_hd__buf_1)
     1    0.01                           net1 (net)
                  0.13    0.00    2.21 v _356_/A (sky130_fd_sc_hd__clkbuf_4)
                  0.18    0.36    2.57 v _356_/X (sky130_fd_sc_hd__clkbuf_4)
     9    0.05                           _200_ (net)
                  0.18    0.00    2.57 v _368_/A (sky130_fd_sc_hd__buf_4)
                  0.15    0.38    2.95 v _368_/X (sky130_fd_sc_hd__buf_4)
    10    0.06                           _202_ (net)
                  0.15    0.00    2.95 v _377_/A (sky130_fd_sc_hd__inv_2)
                  0.06    0.10    3.05 ^ _377_/Y (sky130_fd_sc_hd__inv_2)
     1    0.00                           _018_ (net)
                  0.06    0.00    3.05 ^ _424_/RESET_B (sky130_fd_sc_hd__dfrtp_1)
                                  3.05   data arrival time

                          0.00    0.00   clock clk (rise edge)
                          0.00    0.00   clock source latency
                  0.15    0.11    0.11 ^ clk (in)
     2    0.02                           clk (net)
                  0.15    0.00    0.11 ^ clkbuf_0_clk/A (sky130_fd_sc_hd__clkbuf_16)
                  0.10    0.31    0.41 ^ clkbuf_0_clk/X (sky130_fd_sc_hd__clkbuf_16)
     4    0.05                           clknet_0_clk (net)
                  0.10    0.00    0.41 ^ clkbuf_2_3__f_clk/A (sky130_fd_sc_hd__clkbuf_16)
                  0.08    0.26    0.67 ^ clkbuf_2_3__f_clk/X (sky130_fd_sc_hd__clkbuf_16)
     8    0.03                           clknet_2_3__leaf_clk (net)
                  0.08    0.00    0.67 ^ _424_/CLK (sky130_fd_sc_hd__dfrtp_1)
                          0.25    0.92   clock uncertainty
                          0.00    0.92   clock reconvergence pessimism
                          0.66    1.58   library removal time
                                  1.58   data required time
-----------------------------------------------------------------------------
                                  1.58   data required time
                                 -3.05   data arrival time
-----------------------------------------------------------------------------
                                  1.47   slack (MET)


Startpoint: rst (input port clocked by clk)
Endpoint: _433_ (removal check against rising-edge clock clk)
Path Group: asynchronous
Path Type: min
Corner: Slowest

Fanout     Cap    Slew   Delay    Time   Description
-----------------------------------------------------------------------------
                          0.00    0.00   clock clk (rise edge)
                          0.00    0.00   clock network delay (propagated)
                          2.00    2.00 v input external delay
                  0.02    0.01    2.01 v rst (in)
     2    0.00                           rst (net)
                  0.02    0.00    2.01 v input1/A (sky130_fd_sc_hd__buf_1)
                  0.13    0.19    2.21 v input1/X (sky130_fd_sc_hd__buf_1)
     1    0.01                           net1 (net)
                  0.13    0.00    2.21 v _356_/A (sky130_fd_sc_hd__clkbuf_4)
                  0.18    0.36    2.57 v _356_/X (sky130_fd_sc_hd__clkbuf_4)
     9    0.05                           _200_ (net)
                  0.18    0.00    2.57 v _379_/A (sky130_fd_sc_hd__buf_4)
                  0.19    0.41    2.98 v _379_/X (sky130_fd_sc_hd__buf_4)
    20    0.08                           _203_ (net)
                  0.19    0.00    2.98 v _387_/A (sky130_fd_sc_hd__inv_2)
                  0.06    0.11    3.09 ^ _387_/Y (sky130_fd_sc_hd__inv_2)
     1    0.00                           _027_ (net)
                  0.06    0.00    3.09 ^ _433_/RESET_B (sky130_fd_sc_hd__dfrtp_1)
                                  3.09   data arrival time

                          0.00    0.00   clock clk (rise edge)
                          0.00    0.00   clock source latency
                  0.15    0.11    0.11 ^ clk (in)
     2    0.02                           clk (net)
                  0.15    0.00    0.11 ^ clkbuf_0_clk/A (sky130_fd_sc_hd__clkbuf_16)
                  0.10    0.31    0.41 ^ clkbuf_0_clk/X (sky130_fd_sc_hd__clkbuf_16)
     4    0.05                           clknet_0_clk (net)
                  0.10    0.00    0.41 ^ clkbuf_2_1__f_clk/A (sky130_fd_sc_hd__clkbuf_16)
                  0.10    0.28    0.70 ^ clkbuf_2_1__f_clk/X (sky130_fd_sc_hd__clkbuf_16)
    15    0.05                           clknet_2_1__leaf_clk (net)
                  0.10    0.00    0.70 ^ _433_/CLK (sky130_fd_sc_hd__dfrtp_1)
                          0.25    0.95   clock uncertainty
                          0.00    0.95   clock reconvergence pessimism
                          0.66    1.61   library removal time
                                  1.61   data required time
-----------------------------------------------------------------------------
                                  1.61   data required time
                                 -3.09   data arrival time
-----------------------------------------------------------------------------
                                  1.47   slack (MET)


Startpoint: rst (input port clocked by clk)
Endpoint: _429_ (removal check against rising-edge clock clk)
Path Group: asynchronous
Path Type: min
Corner: Slowest

Fanout     Cap    Slew   Delay    Time   Description
-----------------------------------------------------------------------------
                          0.00    0.00   clock clk (rise edge)
                          0.00    0.00   clock network delay (propagated)
                          2.00    2.00 v input external delay
                  0.02    0.01    2.01 v rst (in)
     2    0.00                           rst (net)
                  0.02    0.00    2.01 v input1/A (sky130_fd_sc_hd__buf_1)
                  0.13    0.19    2.21 v input1/X (sky130_fd_sc_hd__buf_1)
     1    0.01                           net1 (net)
                  0.13    0.00    2.21 v _356_/A (sky130_fd_sc_hd__clkbuf_4)
                  0.18    0.36    2.57 v _356_/X (sky130_fd_sc_hd__clkbuf_4)
     9    0.05                           _200_ (net)
                  0.18    0.00    2.57 v _379_/A (sky130_fd_sc_hd__buf_4)
                  0.19    0.41    2.98 v _379_/X (sky130_fd_sc_hd__buf_4)
    20    0.08                           _203_ (net)
                  0.19    0.00    2.98 v _383_/A (sky130_fd_sc_hd__inv_2)
                  0.06    0.11    3.09 ^ _383_/Y (sky130_fd_sc_hd__inv_2)
     1    0.00                           _023_ (net)
                  0.06    0.00    3.09 ^ _429_/RESET_B (sky130_fd_sc_hd__dfrtp_1)
                                  3.09   data arrival time

                          0.00    0.00   clock clk (rise edge)
                          0.00    0.00   clock source latency
                  0.15    0.11    0.11 ^ clk (in)
     2    0.02                           clk (net)
                  0.15    0.00    0.11 ^ clkbuf_0_clk/A (sky130_fd_sc_hd__clkbuf_16)
                  0.10    0.31    0.41 ^ clkbuf_0_clk/X (sky130_fd_sc_hd__clkbuf_16)
     4    0.05                           clknet_0_clk (net)
                  0.10    0.00    0.41 ^ clkbuf_2_1__f_clk/A (sky130_fd_sc_hd__clkbuf_16)
                  0.10    0.28    0.70 ^ clkbuf_2_1__f_clk/X (sky130_fd_sc_hd__clkbuf_16)
    15    0.05                           clknet_2_1__leaf_clk (net)
                  0.10    0.00    0.70 ^ _429_/CLK (sky130_fd_sc_hd__dfrtp_1)
                          0.25    0.95   clock uncertainty
                          0.00    0.95   clock reconvergence pessimism
                          0.67    1.62   library removal time
                                  1.62   data required time
-----------------------------------------------------------------------------
                                  1.62   data required time
                                 -3.09   data arrival time
-----------------------------------------------------------------------------
                                  1.47   slack (MET)


Startpoint: rst (input port clocked by clk)
Endpoint: _428_ (removal check against rising-edge clock clk)
Path Group: asynchronous
Path Type: min
Corner: Slowest

Fanout     Cap    Slew   Delay    Time   Description
-----------------------------------------------------------------------------
                          0.00    0.00   clock clk (rise edge)
                          0.00    0.00   clock network delay (propagated)
                          2.00    2.00 v input external delay
                  0.02    0.01    2.01 v rst (in)
     2    0.00                           rst (net)
                  0.02    0.00    2.01 v input1/A (sky130_fd_sc_hd__buf_1)
                  0.13    0.19    2.21 v input1/X (sky130_fd_sc_hd__buf_1)
     1    0.01                           net1 (net)
                  0.13    0.00    2.21 v _356_/A (sky130_fd_sc_hd__clkbuf_4)
                  0.18    0.36    2.57 v _356_/X (sky130_fd_sc_hd__clkbuf_4)
     9    0.05                           _200_ (net)
                  0.18    0.00    2.57 v _379_/A (sky130_fd_sc_hd__buf_4)
                  0.19    0.41    2.98 v _379_/X (sky130_fd_sc_hd__buf_4)
    20    0.08                           _203_ (net)
                  0.19    0.00    2.98 v _382_/A (sky130_fd_sc_hd__inv_2)
                  0.07    0.11    3.09 ^ _382_/Y (sky130_fd_sc_hd__inv_2)
     1    0.00                           _022_ (net)
                  0.07    0.00    3.09 ^ _428_/RESET_B (sky130_fd_sc_hd__dfrtp_1)
                                  3.09   data arrival time

                          0.00    0.00   clock clk (rise edge)
                          0.00    0.00   clock source latency
                  0.15    0.11    0.11 ^ clk (in)
     2    0.02                           clk (net)
                  0.15    0.00    0.11 ^ clkbuf_0_clk/A (sky130_fd_sc_hd__clkbuf_16)
                  0.10    0.31    0.41 ^ clkbuf_0_clk/X (sky130_fd_sc_hd__clkbuf_16)
     4    0.05                           clknet_0_clk (net)
                  0.10    0.00    0.41 ^ clkbuf_2_1__f_clk/A (sky130_fd_sc_hd__clkbuf_16)
                  0.10    0.28    0.70 ^ clkbuf_2_1__f_clk/X (sky130_fd_sc_hd__clkbuf_16)
    15    0.05                           clknet_2_1__leaf_clk (net)
                  0.10    0.00    0.70 ^ _428_/CLK (sky130_fd_sc_hd__dfrtp_1)
                          0.25    0.95   clock uncertainty
                          0.00    0.95   clock reconvergence pessimism
                          0.67    1.62   library removal time
                                  1.62   data required time
-----------------------------------------------------------------------------
                                  1.62   data required time
                                 -3.09   data arrival time
-----------------------------------------------------------------------------
                                  1.48   slack (MET)


Startpoint: rst (input port clocked by clk)
Endpoint: _432_ (removal check against rising-edge clock clk)
Path Group: asynchronous
Path Type: min
Corner: Slowest

Fanout     Cap    Slew   Delay    Time   Description
-----------------------------------------------------------------------------
                          0.00    0.00   clock clk (rise edge)
                          0.00    0.00   clock network delay (propagated)
                          2.00    2.00 v input external delay
                  0.02    0.01    2.01 v rst (in)
     2    0.00                           rst (net)
                  0.02    0.00    2.01 v input1/A (sky130_fd_sc_hd__buf_1)
                  0.13    0.19    2.21 v input1/X (sky130_fd_sc_hd__buf_1)
     1    0.01                           net1 (net)
                  0.13    0.00    2.21 v _356_/A (sky130_fd_sc_hd__clkbuf_4)
                  0.18    0.36    2.57 v _356_/X (sky130_fd_sc_hd__clkbuf_4)
     9    0.05                           _200_ (net)
                  0.18    0.00    2.57 v _379_/A (sky130_fd_sc_hd__buf_4)
                  0.19    0.41    2.98 v _379_/X (sky130_fd_sc_hd__buf_4)
    20    0.08                           _203_ (net)
                  0.19    0.00    2.98 v _386_/A (sky130_fd_sc_hd__inv_2)
                  0.07    0.11    3.10 ^ _386_/Y (sky130_fd_sc_hd__inv_2)
     1    0.00                           _026_ (net)
                  0.07    0.00    3.10 ^ _432_/RESET_B (sky130_fd_sc_hd__dfrtp_2)
                                  3.10   data arrival time

                          0.00    0.00   clock clk (rise edge)
                          0.00    0.00   clock source latency
                  0.15    0.11    0.11 ^ clk (in)
     2    0.02                           clk (net)
                  0.15    0.00    0.11 ^ clkbuf_0_clk/A (sky130_fd_sc_hd__clkbuf_16)
                  0.10    0.31    0.41 ^ clkbuf_0_clk/X (sky130_fd_sc_hd__clkbuf_16)
     4    0.05                           clknet_0_clk (net)
                  0.10    0.00    0.41 ^ clkbuf_2_1__f_clk/A (sky130_fd_sc_hd__clkbuf_16)
                  0.10    0.28    0.70 ^ clkbuf_2_1__f_clk/X (sky130_fd_sc_hd__clkbuf_16)
    15    0.05                           clknet_2_1__leaf_clk (net)
                  0.10    0.00    0.70 ^ _432_/CLK (sky130_fd_sc_hd__dfrtp_2)
                          0.25    0.95   clock uncertainty
                          0.00    0.95   clock reconvergence pessimism
                          0.67    1.62   library removal time
                                  1.62   data required time
-----------------------------------------------------------------------------
                                  1.62   data required time
                                 -3.10   data arrival time
-----------------------------------------------------------------------------
                                  1.48   slack (MET)


Startpoint: _430_ (rising edge-triggered flip-flop clocked by clk)
Endpoint: _427_ (rising edge-triggered flip-flop clocked by clk)
Path Group: clk
Path Type: min
Corner: Slowest

Fanout     Cap    Slew   Delay    Time   Description
-----------------------------------------------------------------------------
                          0.00    0.00   clock clk (rise edge)
                          0.00    0.00   clock source latency
                  0.15    0.10    0.10 ^ clk (in)
     2    0.02                           clk (net)
                  0.15    0.00    0.10 ^ clkbuf_0_clk/A (sky130_fd_sc_hd__clkbuf_16)
                  0.10    0.28    0.37 ^ clkbuf_0_clk/X (sky130_fd_sc_hd__clkbuf_16)
     4    0.05                           clknet_0_clk (net)
                  0.10    0.00    0.37 ^ clkbuf_2_2__f_clk/A (sky130_fd_sc_hd__clkbuf_16)
                  0.08    0.24    0.61 ^ clkbuf_2_2__f_clk/X (sky130_fd_sc_hd__clkbuf_16)
    11    0.03                           clknet_2_2__leaf_clk (net)
                  0.08    0.00    0.62 ^ _430_/CLK (sky130_fd_sc_hd__dfrtp_4)
                  0.17    0.84    1.46 ^ _430_/Q (sky130_fd_sc_hd__dfrtp_4)
     7    0.02                           tx_inst.state[0] (net)
                  0.17    0.00    1.46 ^ _288_/B (sky130_fd_sc_hd__nor2_2)
                  0.14    0.18    1.63 v _288_/Y (sky130_fd_sc_hd__nor2_2)
     7    0.03                           _154_ (net)
                  0.14    0.00    1.63 v _296_/B (sky130_fd_sc_hd__nand2_4)
                  0.21    0.23    1.87 ^ _296_/Y (sky130_fd_sc_hd__nand2_4)
     8    0.04                           _160_ (net)
                  0.21    0.00    1.87 ^ _301_/S (sky130_fd_sc_hd__mux2_1)
                  0.07    0.28    2.15 ^ _301_/X (sky130_fd_sc_hd__mux2_1)
     1    0.00                           _163_ (net)
                  0.07    0.00    2.15 ^ _302_/A (sky130_fd_sc_hd__clkbuf_1)
                  0.08    0.15    2.30 ^ _302_/X (sky130_fd_sc_hd__clkbuf_1)
     1    0.00                           _066_ (net)
                  0.08    0.00    2.30 ^ _427_/D (sky130_fd_sc_hd__dfrtp_1)
                                  2.30   data arrival time

                          0.00    0.00   clock clk (rise edge)
                          0.00    0.00   clock source latency
                  0.15    0.11    0.11 ^ clk (in)
     2    0.02                           clk (net)
                  0.15    0.00    0.11 ^ clkbuf_0_clk/A (sky130_fd_sc_hd__clkbuf_16)
                  0.10    0.31    0.41 ^ clkbuf_0_clk/X (sky130_fd_sc_hd__clkbuf_16)
     4    0.05                           clknet_0_clk (net)
                  0.10    0.00    0.41 ^ clkbuf_2_3__f_clk/A (sky130_fd_sc_hd__clkbuf_16)
                  0.08    0.26    0.67 ^ clkbuf_2_3__f_clk/X (sky130_fd_sc_hd__clkbuf_16)
     8    0.03                           clknet_2_3__leaf_clk (net)
                  0.08    0.00    0.67 ^ _427_/CLK (sky130_fd_sc_hd__dfrtp_1)
                          0.25    0.92   clock uncertainty
                         -0.04    0.88   clock reconvergence pessimism
                         -0.08    0.81   library hold time
                                  0.81   data required time
-----------------------------------------------------------------------------
                                  0.81   data required time
                                 -2.30   data arrival time
-----------------------------------------------------------------------------
                                  1.49   slack (MET)


Startpoint: rst (input port clocked by clk)
Endpoint: _434_ (removal check against rising-edge clock clk)
Path Group: asynchronous
Path Type: min
Corner: Slowest

Fanout     Cap    Slew   Delay    Time   Description
-----------------------------------------------------------------------------
                          0.00    0.00   clock clk (rise edge)
                          0.00    0.00   clock network delay (propagated)
                          2.00    2.00 v input external delay
                  0.02    0.01    2.01 v rst (in)
     2    0.00                           rst (net)
                  0.02    0.00    2.01 v input1/A (sky130_fd_sc_hd__buf_1)
                  0.13    0.19    2.21 v input1/X (sky130_fd_sc_hd__buf_1)
     1    0.01                           net1 (net)
                  0.13    0.00    2.21 v _356_/A (sky130_fd_sc_hd__clkbuf_4)
                  0.18    0.36    2.57 v _356_/X (sky130_fd_sc_hd__clkbuf_4)
     9    0.05                           _200_ (net)
                  0.18    0.00    2.57 v _379_/A (sky130_fd_sc_hd__buf_4)
                  0.19    0.41    2.98 v _379_/X (sky130_fd_sc_hd__buf_4)
    20    0.08                           _203_ (net)
                  0.19    0.00    2.98 v _388_/A (sky130_fd_sc_hd__inv_2)
                  0.06    0.11    3.09 ^ _388_/Y (sky130_fd_sc_hd__inv_2)
     1    0.00                           _028_ (net)
                  0.06    0.00    3.09 ^ _434_/RESET_B (sky130_fd_sc_hd__dfrtp_1)
                                  3.09   data arrival time

                          0.00    0.00   clock clk (rise edge)
                          0.00    0.00   clock source latency
                  0.15    0.11    0.11 ^ clk (in)
     2    0.02                           clk (net)
                  0.15    0.00    0.11 ^ clkbuf_0_clk/A (sky130_fd_sc_hd__clkbuf_16)
                  0.10    0.31    0.41 ^ clkbuf_0_clk/X (sky130_fd_sc_hd__clkbuf_16)
     4    0.05                           clknet_0_clk (net)
                  0.10    0.00    0.41 ^ clkbuf_2_0__f_clk/A (sky130_fd_sc_hd__clkbuf_16)
                  0.09    0.27    0.68 ^ clkbuf_2_0__f_clk/X (sky130_fd_sc_hd__clkbuf_16)
    11    0.04                           clknet_2_0__leaf_clk (net)
                  0.09    0.00    0.69 ^ _434_/CLK (sky130_fd_sc_hd__dfrtp_1)
                          0.25    0.94   clock uncertainty
                          0.00    0.94   clock reconvergence pessimism
                          0.66    1.60   library removal time
                                  1.60   data required time
-----------------------------------------------------------------------------
                                  1.60   data required time
                                 -3.09   data arrival time
-----------------------------------------------------------------------------
                                  1.50   slack (MET)


Startpoint: rst (input port clocked by clk)
Endpoint: _430_ (removal check against rising-edge clock clk)
Path Group: asynchronous
Path Type: min
Corner: Slowest

Fanout     Cap    Slew   Delay    Time   Description
-----------------------------------------------------------------------------
                          0.00    0.00   clock clk (rise edge)
                          0.00    0.00   clock network delay (propagated)
                          2.00    2.00 v input external delay
                  0.02    0.01    2.01 v rst (in)
     2    0.00                           rst (net)
                  0.02    0.00    2.01 v input1/A (sky130_fd_sc_hd__buf_1)
                  0.13    0.19    2.21 v input1/X (sky130_fd_sc_hd__buf_1)
     1    0.01                           net1 (net)
                  0.13    0.00    2.21 v _356_/A (sky130_fd_sc_hd__clkbuf_4)
                  0.18    0.36    2.57 v _356_/X (sky130_fd_sc_hd__clkbuf_4)
     9    0.05                           _200_ (net)
                  0.18    0.00    2.57 v _379_/A (sky130_fd_sc_hd__buf_4)
                  0.19    0.41    2.98 v _379_/X (sky130_fd_sc_hd__buf_4)
    20    0.08                           _203_ (net)
                  0.19    0.00    2.98 v _384_/A (sky130_fd_sc_hd__inv_2)
                  0.06    0.11    3.09 ^ _384_/Y (sky130_fd_sc_hd__inv_2)
     1    0.00                           _024_ (net)
                  0.06    0.00    3.09 ^ _430_/RESET_B (sky130_fd_sc_hd__dfrtp_4)
                                  3.09   data arrival time

                          0.00    0.00   clock clk (rise edge)
                          0.00    0.00   clock source latency
                  0.15    0.11    0.11 ^ clk (in)
     2    0.02                           clk (net)
                  0.15    0.00    0.11 ^ clkbuf_0_clk/A (sky130_fd_sc_hd__clkbuf_16)
                  0.10    0.31    0.41 ^ clkbuf_0_clk/X (sky130_fd_sc_hd__clkbuf_16)
     4    0.05                           clknet_0_clk (net)
                  0.10    0.00    0.41 ^ clkbuf_2_2__f_clk/A (sky130_fd_sc_hd__clkbuf_16)
                  0.08    0.26    0.68 ^ clkbuf_2_2__f_clk/X (sky130_fd_sc_hd__clkbuf_16)
    11    0.03                           clknet_2_2__leaf_clk (net)
                  0.08    0.00    0.68 ^ _430_/CLK (sky130_fd_sc_hd__dfrtp_4)
                          0.25    0.93   clock uncertainty
                          0.00    0.93   clock reconvergence pessimism
                          0.66    1.59   library removal time
                                  1.59   data required time
-----------------------------------------------------------------------------
                                  1.59   data required time
                                 -3.09   data arrival time
-----------------------------------------------------------------------------
                                  1.50   slack (MET)


Startpoint: rst (input port clocked by clk)
Endpoint: _435_ (removal check against rising-edge clock clk)
Path Group: asynchronous
Path Type: min
Corner: Slowest

Fanout     Cap    Slew   Delay    Time   Description
-----------------------------------------------------------------------------
                          0.00    0.00   clock clk (rise edge)
                          0.00    0.00   clock network delay (propagated)
                          2.00    2.00 v input external delay
                  0.02    0.01    2.01 v rst (in)
     2    0.00                           rst (net)
                  0.02    0.00    2.01 v input1/A (sky130_fd_sc_hd__buf_1)
                  0.13    0.19    2.21 v input1/X (sky130_fd_sc_hd__buf_1)
     1    0.01                           net1 (net)
                  0.13    0.00    2.21 v _356_/A (sky130_fd_sc_hd__clkbuf_4)
                  0.18    0.36    2.57 v _356_/X (sky130_fd_sc_hd__clkbuf_4)
     9    0.05                           _200_ (net)
                  0.18    0.00    2.57 v _379_/A (sky130_fd_sc_hd__buf_4)
                  0.19    0.41    2.98 v _379_/X (sky130_fd_sc_hd__buf_4)
    20    0.08                           _203_ (net)
                  0.19    0.00    2.98 v _389_/A (sky130_fd_sc_hd__inv_2)
                  0.07    0.11    3.10 ^ _389_/Y (sky130_fd_sc_hd__inv_2)
     1    0.00                           _029_ (net)
                  0.07    0.00    3.10 ^ _435_/RESET_B (sky130_fd_sc_hd__dfrtp_1)
                                  3.10   data arrival time

                          0.00    0.00   clock clk (rise edge)
                          0.00    0.00   clock source latency
                  0.15    0.11    0.11 ^ clk (in)
     2    0.02                           clk (net)
                  0.15    0.00    0.11 ^ clkbuf_0_clk/A (sky130_fd_sc_hd__clkbuf_16)
                  0.10    0.31    0.41 ^ clkbuf_0_clk/X (sky130_fd_sc_hd__clkbuf_16)
     4    0.05                           clknet_0_clk (net)
                  0.10    0.00    0.41 ^ clkbuf_2_0__f_clk/A (sky130_fd_sc_hd__clkbuf_16)
                  0.09    0.27    0.68 ^ clkbuf_2_0__f_clk/X (sky130_fd_sc_hd__clkbuf_16)
    11    0.04                           clknet_2_0__leaf_clk (net)
                  0.09    0.00    0.69 ^ _435_/CLK (sky130_fd_sc_hd__dfrtp_1)
                          0.25    0.94   clock uncertainty
                          0.00    0.94   clock reconvergence pessimism
                          0.66    1.60   library removal time
                                  1.60   data required time
-----------------------------------------------------------------------------
                                  1.60   data required time
                                 -3.10   data arrival time
-----------------------------------------------------------------------------
                                  1.50   slack (MET)


Startpoint: rst (input port clocked by clk)
Endpoint: _431_ (removal check against rising-edge clock clk)
Path Group: asynchronous
Path Type: min
Corner: Slowest

Fanout     Cap    Slew   Delay    Time   Description
-----------------------------------------------------------------------------
                          0.00    0.00   clock clk (rise edge)
                          0.00    0.00   clock network delay (propagated)
                          2.00    2.00 v input external delay
                  0.02    0.01    2.01 v rst (in)
     2    0.00                           rst (net)
                  0.02    0.00    2.01 v input1/A (sky130_fd_sc_hd__buf_1)
                  0.13    0.19    2.21 v input1/X (sky130_fd_sc_hd__buf_1)
     1    0.01                           net1 (net)
                  0.13    0.00    2.21 v _356_/A (sky130_fd_sc_hd__clkbuf_4)
                  0.18    0.36    2.57 v _356_/X (sky130_fd_sc_hd__clkbuf_4)
     9    0.05                           _200_ (net)
                  0.18    0.00    2.57 v _379_/A (sky130_fd_sc_hd__buf_4)
                  0.19    0.41    2.98 v _379_/X (sky130_fd_sc_hd__buf_4)
    20    0.08                           _203_ (net)
                  0.19    0.00    2.98 v _385_/A (sky130_fd_sc_hd__inv_2)
                  0.06    0.11    3.09 ^ _385_/Y (sky130_fd_sc_hd__inv_2)
     1    0.00                           _025_ (net)
                  0.06    0.00    3.09 ^ _431_/RESET_B (sky130_fd_sc_hd__dfrtp_4)
                                  3.09   data arrival time

                          0.00    0.00   clock clk (rise edge)
                          0.00    0.00   clock source latency
                  0.15    0.11    0.11 ^ clk (in)
     2    0.02                           clk (net)
                  0.15    0.00    0.11 ^ clkbuf_0_clk/A (sky130_fd_sc_hd__clkbuf_16)
                  0.10    0.31    0.41 ^ clkbuf_0_clk/X (sky130_fd_sc_hd__clkbuf_16)
     4    0.05                           clknet_0_clk (net)
                  0.10    0.00    0.41 ^ clkbuf_2_2__f_clk/A (sky130_fd_sc_hd__clkbuf_16)
                  0.08    0.26    0.68 ^ clkbuf_2_2__f_clk/X (sky130_fd_sc_hd__clkbuf_16)
    11    0.03                           clknet_2_2__leaf_clk (net)
                  0.08    0.00    0.68 ^ _431_/CLK (sky130_fd_sc_hd__dfrtp_4)
                          0.25    0.93   clock uncertainty
                          0.00    0.93   clock reconvergence pessimism
                          0.66    1.59   library removal time
                                  1.59   data required time
-----------------------------------------------------------------------------
                                  1.59   data required time
                                 -3.09   data arrival time
-----------------------------------------------------------------------------
                                  1.50   slack (MET)


Startpoint: rst (input port clocked by clk)
Endpoint: _427_ (removal check against rising-edge clock clk)
Path Group: asynchronous
Path Type: min
Corner: Slowest

Fanout     Cap    Slew   Delay    Time   Description
-----------------------------------------------------------------------------
                          0.00    0.00   clock clk (rise edge)
                          0.00    0.00   clock network delay (propagated)
                          2.00    2.00 v input external delay
                  0.02    0.01    2.01 v rst (in)
     2    0.00                           rst (net)
                  0.02    0.00    2.01 v input1/A (sky130_fd_sc_hd__buf_1)
                  0.13    0.19    2.21 v input1/X (sky130_fd_sc_hd__buf_1)
     1    0.01                           net1 (net)
                  0.13    0.00    2.21 v _356_/A (sky130_fd_sc_hd__clkbuf_4)
                  0.18    0.36    2.57 v _356_/X (sky130_fd_sc_hd__clkbuf_4)
     9    0.05                           _200_ (net)
                  0.18    0.00    2.57 v _379_/A (sky130_fd_sc_hd__buf_4)
                  0.19    0.41    2.98 v _379_/X (sky130_fd_sc_hd__buf_4)
    20    0.08                           _203_ (net)
                  0.19    0.00    2.98 v _381_/A (sky130_fd_sc_hd__inv_2)
                  0.06    0.11    3.09 ^ _381_/Y (sky130_fd_sc_hd__inv_2)
     1    0.00                           _021_ (net)
                  0.06    0.00    3.09 ^ _427_/RESET_B (sky130_fd_sc_hd__dfrtp_1)
                                  3.09   data arrival time

                          0.00    0.00   clock clk (rise edge)
                          0.00    0.00   clock source latency
                  0.15    0.11    0.11 ^ clk (in)
     2    0.02                           clk (net)
                  0.15    0.00    0.11 ^ clkbuf_0_clk/A (sky130_fd_sc_hd__clkbuf_16)
                  0.10    0.31    0.41 ^ clkbuf_0_clk/X (sky130_fd_sc_hd__clkbuf_16)
     4    0.05                           clknet_0_clk (net)
                  0.10    0.00    0.41 ^ clkbuf_2_3__f_clk/A (sky130_fd_sc_hd__clkbuf_16)
                  0.08    0.26    0.67 ^ clkbuf_2_3__f_clk/X (sky130_fd_sc_hd__clkbuf_16)
     8    0.03                           clknet_2_3__leaf_clk (net)
                  0.08    0.00    0.67 ^ _427_/CLK (sky130_fd_sc_hd__dfrtp_1)
                          0.25    0.92   clock uncertainty
                          0.00    0.92   clock reconvergence pessimism
                          0.66    1.58   library removal time
                                  1.58   data required time
-----------------------------------------------------------------------------
                                  1.58   data required time
                                 -3.09   data arrival time
-----------------------------------------------------------------------------
                                  1.51   slack (MET)


Startpoint: rst (input port clocked by clk)
Endpoint: _426_ (removal check against rising-edge clock clk)
Path Group: asynchronous
Path Type: min
Corner: Slowest

Fanout     Cap    Slew   Delay    Time   Description
-----------------------------------------------------------------------------
                          0.00    0.00   clock clk (rise edge)
                          0.00    0.00   clock network delay (propagated)
                          2.00    2.00 v input external delay
                  0.02    0.01    2.01 v rst (in)
     2    0.00                           rst (net)
                  0.02    0.00    2.01 v input1/A (sky130_fd_sc_hd__buf_1)
                  0.13    0.19    2.21 v input1/X (sky130_fd_sc_hd__buf_1)
     1    0.01                           net1 (net)
                  0.13    0.00    2.21 v _356_/A (sky130_fd_sc_hd__clkbuf_4)
                  0.18    0.36    2.57 v _356_/X (sky130_fd_sc_hd__clkbuf_4)
     9    0.05                           _200_ (net)
                  0.18    0.00    2.57 v _379_/A (sky130_fd_sc_hd__buf_4)
                  0.19    0.41    2.98 v _379_/X (sky130_fd_sc_hd__buf_4)
    20    0.08                           _203_ (net)
                  0.19    0.00    2.98 v _380_/A (sky130_fd_sc_hd__inv_2)
                  0.07    0.12    3.10 ^ _380_/Y (sky130_fd_sc_hd__inv_2)
     1    0.00                           _020_ (net)
                  0.07    0.00    3.10 ^ _426_/RESET_B (sky130_fd_sc_hd__dfrtp_1)
                                  3.10   data arrival time

                          0.00    0.00   clock clk (rise edge)
                          0.00    0.00   clock source latency
                  0.15    0.11    0.11 ^ clk (in)
     2    0.02                           clk (net)
                  0.15    0.00    0.11 ^ clkbuf_0_clk/A (sky130_fd_sc_hd__clkbuf_16)
                  0.10    0.31    0.41 ^ clkbuf_0_clk/X (sky130_fd_sc_hd__clkbuf_16)
     4    0.05                           clknet_0_clk (net)
                  0.10    0.00    0.41 ^ clkbuf_2_3__f_clk/A (sky130_fd_sc_hd__clkbuf_16)
                  0.08    0.26    0.67 ^ clkbuf_2_3__f_clk/X (sky130_fd_sc_hd__clkbuf_16)
     8    0.03                           clknet_2_3__leaf_clk (net)
                  0.08    0.00    0.67 ^ _426_/CLK (sky130_fd_sc_hd__dfrtp_1)
                          0.25    0.92   clock uncertainty
                          0.00    0.92   clock reconvergence pessimism
                          0.66    1.58   library removal time
                                  1.58   data required time
-----------------------------------------------------------------------------
                                  1.58   data required time
                                 -3.10   data arrival time
-----------------------------------------------------------------------------
                                  1.52   slack (MET)


Startpoint: _417_ (rising edge-triggered flip-flop clocked by clk)
Endpoint: _435_ (rising edge-triggered flip-flop clocked by clk)
Path Group: clk
Path Type: min
Corner: Slowest

Fanout     Cap    Slew   Delay    Time   Description
-----------------------------------------------------------------------------
                          0.00    0.00   clock clk (rise edge)
                          0.00    0.00   clock source latency
                  0.15    0.10    0.10 ^ clk (in)
     2    0.02                           clk (net)
                  0.15    0.00    0.10 ^ clkbuf_0_clk/A (sky130_fd_sc_hd__clkbuf_16)
                  0.10    0.28    0.37 ^ clkbuf_0_clk/X (sky130_fd_sc_hd__clkbuf_16)
     4    0.05                           clknet_0_clk (net)
                  0.10    0.00    0.37 ^ clkbuf_2_2__f_clk/A (sky130_fd_sc_hd__clkbuf_16)
                  0.08    0.24    0.61 ^ clkbuf_2_2__f_clk/X (sky130_fd_sc_hd__clkbuf_16)
    11    0.03                           clknet_2_2__leaf_clk (net)
                  0.08    0.00    0.62 ^ _417_/CLK (sky130_fd_sc_hd__dfrtp_4)
                  0.17    0.85    1.46 ^ _417_/Q (sky130_fd_sc_hd__dfrtp_4)
     7    0.02                           rx_inst.state[0] (net)
                  0.17    0.00    1.46 ^ _271_/A_N (sky130_fd_sc_hd__and4bb_1)
                  0.11    0.43    1.90 v _271_/X (sky130_fd_sc_hd__and4bb_1)
     3    0.01                           _141_ (net)
                  0.11    0.00    1.90 v _272_/B (sky130_fd_sc_hd__nand2_1)
                  0.09    0.13    2.03 ^ _272_/Y (sky130_fd_sc_hd__nand2_1)
     1    0.00                           _142_ (net)
                  0.09    0.00    2.03 ^ _273_/S (sky130_fd_sc_hd__mux2_1)
                  0.09    0.25    2.28 ^ _273_/X (sky130_fd_sc_hd__mux2_1)
     1    0.00                           _143_ (net)
                  0.09    0.00    2.28 ^ _274_/A (sky130_fd_sc_hd__clkbuf_1)
                  0.06    0.14    2.42 ^ _274_/X (sky130_fd_sc_hd__clkbuf_1)
     1    0.00                           _074_ (net)
                  0.06    0.00    2.42 ^ _435_/D (sky130_fd_sc_hd__dfrtp_1)
                                  2.42   data arrival time

                          0.00    0.00   clock clk (rise edge)
                          0.00    0.00   clock source latency
                  0.15    0.11    0.11 ^ clk (in)
     2    0.02                           clk (net)
                  0.15    0.00    0.11 ^ clkbuf_0_clk/A (sky130_fd_sc_hd__clkbuf_16)
                  0.10    0.31    0.41 ^ clkbuf_0_clk/X (sky130_fd_sc_hd__clkbuf_16)
     4    0.05                           clknet_0_clk (net)
                  0.10    0.00    0.41 ^ clkbuf_2_0__f_clk/A (sky130_fd_sc_hd__clkbuf_16)
                  0.09    0.27    0.68 ^ clkbuf_2_0__f_clk/X (sky130_fd_sc_hd__clkbuf_16)
    11    0.04                           clknet_2_0__leaf_clk (net)
                  0.09    0.00    0.69 ^ _435_/CLK (sky130_fd_sc_hd__dfrtp_1)
                          0.25    0.94   clock uncertainty
                         -0.04    0.90   clock reconvergence pessimism
                         -0.07    0.82   library hold time
                                  0.82   data required time
-----------------------------------------------------------------------------
                                  0.82   data required time
                                 -2.42   data arrival time
-----------------------------------------------------------------------------
                                  1.60   slack (MET)


Startpoint: rst (input port clocked by clk)
Endpoint: _420_ (removal check against rising-edge clock clk)
Path Group: asynchronous
Path Type: min
Corner: Slowest

Fanout     Cap    Slew   Delay    Time   Description
-----------------------------------------------------------------------------
                          0.00    0.00   clock clk (rise edge)
                          0.00    0.00   clock network delay (propagated)
                          2.00    2.00 v input external delay
                  0.02    0.01    2.01 v rst (in)
     2    0.00                           rst (net)
                  0.02    0.00    2.01 v input1/A (sky130_fd_sc_hd__buf_1)
                  0.13    0.19    2.21 v input1/X (sky130_fd_sc_hd__buf_1)
     1    0.01                           net1 (net)
                  0.13    0.00    2.21 v _356_/A (sky130_fd_sc_hd__clkbuf_4)
                  0.18    0.36    2.57 v _356_/X (sky130_fd_sc_hd__clkbuf_4)
     9    0.05                           _200_ (net)
                  0.18    0.00    2.57 v _368_/A (sky130_fd_sc_hd__buf_4)
                  0.15    0.38    2.95 v _368_/X (sky130_fd_sc_hd__buf_4)
    10    0.06                           _202_ (net)
                  0.15    0.00    2.95 v _373_/A (sky130_fd_sc_hd__inv_2)
                  0.05    0.09    3.05 ^ _373_/Y (sky130_fd_sc_hd__inv_2)
     1    0.00                           _014_ (net)
                  0.05    0.00    3.05 ^ _420_/SET_B (sky130_fd_sc_hd__dfstp_1)
                                  3.05   data arrival time

                          0.00    0.00   clock clk (rise edge)
                          0.00    0.00   clock source latency
                  0.15    0.11    0.11 ^ clk (in)
     2    0.02                           clk (net)
                  0.15    0.00    0.11 ^ clkbuf_0_clk/A (sky130_fd_sc_hd__clkbuf_16)
                  0.10    0.31    0.41 ^ clkbuf_0_clk/X (sky130_fd_sc_hd__clkbuf_16)
     4    0.05                           clknet_0_clk (net)
                  0.10    0.00    0.41 ^ clkbuf_2_2__f_clk/A (sky130_fd_sc_hd__clkbuf_16)
                  0.08    0.26    0.68 ^ clkbuf_2_2__f_clk/X (sky130_fd_sc_hd__clkbuf_16)
    11    0.03                           clknet_2_2__leaf_clk (net)
                  0.08    0.00    0.68 ^ _420_/CLK (sky130_fd_sc_hd__dfstp_1)
                          0.25    0.93   clock uncertainty
                          0.00    0.93   clock reconvergence pessimism
                          0.31    1.24   library removal time
                                  1.24   data required time
-----------------------------------------------------------------------------
                                  1.24   data required time
                                 -3.05   data arrival time
-----------------------------------------------------------------------------
                                  1.81   slack (MET)


Startpoint: _434_ (rising edge-triggered flip-flop clocked by clk)
Endpoint: rx_data[2] (output port clocked by clk)
Path Group: clk
Path Type: min
Corner: Slowest

Fanout     Cap    Slew   Delay    Time   Description
-----------------------------------------------------------------------------
                          0.00    0.00   clock clk (rise edge)
                          0.00    0.00   clock source latency
                  0.15    0.10    0.10 ^ clk (in)
     2    0.02                           clk (net)
                  0.15    0.00    0.10 ^ clkbuf_0_clk/A (sky130_fd_sc_hd__clkbuf_16)
                  0.10    0.28    0.37 ^ clkbuf_0_clk/X (sky130_fd_sc_hd__clkbuf_16)
     4    0.05                           clknet_0_clk (net)
                  0.10    0.00    0.38 ^ clkbuf_2_0__f_clk/A (sky130_fd_sc_hd__clkbuf_16)
                  0.09    0.24    0.62 ^ clkbuf_2_0__f_clk/X (sky130_fd_sc_hd__clkbuf_16)
    11    0.04                           clknet_2_0__leaf_clk (net)
                  0.09    0.00    0.62 ^ _434_/CLK (sky130_fd_sc_hd__dfrtp_1)
                  0.14    0.66    1.28 ^ _434_/Q (sky130_fd_sc_hd__dfrtp_1)
     2    0.01                           net13 (net)
                  0.14    0.00    1.29 ^ output13/A (sky130_fd_sc_hd__clkbuf_4)
                  0.18    0.34    1.63 ^ output13/X (sky130_fd_sc_hd__clkbuf_4)
     1    0.03                           rx_data[2] (net)
                  0.18    0.00    1.63 ^ rx_data[2] (out)
                                  1.63   data arrival time

                          0.00    0.00   clock clk (rise edge)
                          0.00    0.00   clock network delay (propagated)
                          0.25    0.25   clock uncertainty
                          0.00    0.25   clock reconvergence pessimism
                         -2.00   -1.75   output external delay
                                 -1.75   data required time
-----------------------------------------------------------------------------
                                 -1.75   data required time
                                 -1.63   data arrival time
-----------------------------------------------------------------------------
                                  3.38   slack (MET)


Startpoint: _435_ (rising edge-triggered flip-flop clocked by clk)
Endpoint: rx_data[3] (output port clocked by clk)
Path Group: clk
Path Type: min
Corner: Slowest

Fanout     Cap    Slew   Delay    Time   Description
-----------------------------------------------------------------------------
                          0.00    0.00   clock clk (rise edge)
                          0.00    0.00   clock source latency
                  0.15    0.10    0.10 ^ clk (in)
     2    0.02                           clk (net)
                  0.15    0.00    0.10 ^ clkbuf_0_clk/A (sky130_fd_sc_hd__clkbuf_16)
                  0.10    0.28    0.37 ^ clkbuf_0_clk/X (sky130_fd_sc_hd__clkbuf_16)
     4    0.05                           clknet_0_clk (net)
                  0.10    0.00    0.38 ^ clkbuf_2_0__f_clk/A (sky130_fd_sc_hd__clkbuf_16)
                  0.09    0.24    0.62 ^ clkbuf_2_0__f_clk/X (sky130_fd_sc_hd__clkbuf_16)
    11    0.04                           clknet_2_0__leaf_clk (net)
                  0.09    0.00    0.62 ^ _435_/CLK (sky130_fd_sc_hd__dfrtp_1)
                  0.15    0.68    1.30 ^ _435_/Q (sky130_fd_sc_hd__dfrtp_1)
     2    0.01                           net14 (net)
                  0.15    0.00    1.30 ^ output14/A (sky130_fd_sc_hd__clkbuf_4)
                  0.18    0.35    1.64 ^ output14/X (sky130_fd_sc_hd__clkbuf_4)
     1    0.03                           rx_data[3] (net)
                  0.18    0.00    1.64 ^ rx_data[3] (out)
                                  1.64   data arrival time

                          0.00    0.00   clock clk (rise edge)
                          0.00    0.00   clock network delay (propagated)
                          0.25    0.25   clock uncertainty
                          0.00    0.25   clock reconvergence pessimism
                         -2.00   -1.75   output external delay
                                 -1.75   data required time
-----------------------------------------------------------------------------
                                 -1.75   data required time
                                 -1.64   data arrival time
-----------------------------------------------------------------------------
                                  3.39   slack (MET)


Startpoint: _439_ (rising edge-triggered flip-flop clocked by clk)
Endpoint: rx_data[7] (output port clocked by clk)
Path Group: clk
Path Type: min
Corner: Slowest

Fanout     Cap    Slew   Delay    Time   Description
-----------------------------------------------------------------------------
                          0.00    0.00   clock clk (rise edge)
                          0.00    0.00   clock source latency
                  0.15    0.10    0.10 ^ clk (in)
     2    0.02                           clk (net)
                  0.15    0.00    0.10 ^ clkbuf_0_clk/A (sky130_fd_sc_hd__clkbuf_16)
                  0.10    0.28    0.37 ^ clkbuf_0_clk/X (sky130_fd_sc_hd__clkbuf_16)
     4    0.05                           clknet_0_clk (net)
                  0.10    0.00    0.38 ^ clkbuf_2_0__f_clk/A (sky130_fd_sc_hd__clkbuf_16)
                  0.09    0.24    0.62 ^ clkbuf_2_0__f_clk/X (sky130_fd_sc_hd__clkbuf_16)
    11    0.04                           clknet_2_0__leaf_clk (net)
                  0.09    0.00    0.62 ^ _439_/CLK (sky130_fd_sc_hd__dfrtp_1)
                  0.17    0.69    1.31 ^ _439_/Q (sky130_fd_sc_hd__dfrtp_1)
     2    0.01                           net18 (net)
                  0.17    0.00    1.31 ^ output18/A (sky130_fd_sc_hd__clkbuf_4)
                  0.18    0.36    1.66 ^ output18/X (sky130_fd_sc_hd__clkbuf_4)
     1    0.03                           rx_data[7] (net)
                  0.18    0.00    1.66 ^ rx_data[7] (out)
                                  1.66   data arrival time

                          0.00    0.00   clock clk (rise edge)
                          0.00    0.00   clock network delay (propagated)
                          0.25    0.25   clock uncertainty
                          0.00    0.25   clock reconvergence pessimism
                         -2.00   -1.75   output external delay
                                 -1.75   data required time
-----------------------------------------------------------------------------
                                 -1.75   data required time
                                 -1.66   data arrival time
-----------------------------------------------------------------------------
                                  3.41   slack (MET)


Startpoint: _421_ (rising edge-triggered flip-flop clocked by clk)
Endpoint: rx_done (output port clocked by clk)
Path Group: clk
Path Type: min
Corner: Slowest

Fanout     Cap    Slew   Delay    Time   Description
-----------------------------------------------------------------------------
                          0.00    0.00   clock clk (rise edge)
                          0.00    0.00   clock source latency
                  0.15    0.10    0.10 ^ clk (in)
     2    0.02                           clk (net)
                  0.15    0.00    0.10 ^ clkbuf_0_clk/A (sky130_fd_sc_hd__clkbuf_16)
                  0.10    0.28    0.37 ^ clkbuf_0_clk/X (sky130_fd_sc_hd__clkbuf_16)
     4    0.05                           clknet_0_clk (net)
                  0.10    0.00    0.38 ^ clkbuf_2_0__f_clk/A (sky130_fd_sc_hd__clkbuf_16)
                  0.09    0.24    0.62 ^ clkbuf_2_0__f_clk/X (sky130_fd_sc_hd__clkbuf_16)
    11    0.04                           clknet_2_0__leaf_clk (net)
                  0.09    0.00    0.62 ^ _421_/CLK (sky130_fd_sc_hd__dfrtp_1)
                  0.18    0.70    1.32 ^ _421_/Q (sky130_fd_sc_hd__dfrtp_1)
     2    0.01                           net19 (net)
                  0.18    0.00    1.32 ^ output19/A (sky130_fd_sc_hd__clkbuf_4)
                  0.18    0.36    1.68 ^ output19/X (sky130_fd_sc_hd__clkbuf_4)
     1    0.03                           rx_done (net)
                  0.18    0.00    1.68 ^ rx_done (out)
                                  1.68   data arrival time

                          0.00    0.00   clock clk (rise edge)
                          0.00    0.00   clock network delay (propagated)
                          0.25    0.25   clock uncertainty
                          0.00    0.25   clock reconvergence pessimism
                         -2.00   -1.75   output external delay
                                 -1.75   data required time
-----------------------------------------------------------------------------
                                 -1.75   data required time
                                 -1.68   data arrival time
-----------------------------------------------------------------------------
                                  3.43   slack (MET)


Startpoint: _419_ (rising edge-triggered flip-flop clocked by clk)
Endpoint: tx_busy (output port clocked by clk)
Path Group: clk
Path Type: min
Corner: Slowest

Fanout     Cap    Slew   Delay    Time   Description
-----------------------------------------------------------------------------
                          0.00    0.00   clock clk (rise edge)
                          0.00    0.00   clock source latency
                  0.15    0.10    0.10 ^ clk (in)
     2    0.02                           clk (net)
                  0.15    0.00    0.10 ^ clkbuf_0_clk/A (sky130_fd_sc_hd__clkbuf_16)
                  0.10    0.28    0.37 ^ clkbuf_0_clk/X (sky130_fd_sc_hd__clkbuf_16)
     4    0.05                           clknet_0_clk (net)
                  0.10    0.00    0.37 ^ clkbuf_2_2__f_clk/A (sky130_fd_sc_hd__clkbuf_16)
                  0.08    0.24    0.61 ^ clkbuf_2_2__f_clk/X (sky130_fd_sc_hd__clkbuf_16)
    11    0.03                           clknet_2_2__leaf_clk (net)
                  0.08    0.00    0.62 ^ _419_/CLK (sky130_fd_sc_hd__dfrtp_1)
                  0.20    0.72    1.33 ^ _419_/Q (sky130_fd_sc_hd__dfrtp_1)
     2    0.01                           net20 (net)
                  0.20    0.00    1.33 ^ output20/A (sky130_fd_sc_hd__clkbuf_4)
                  0.18    0.37    1.71 ^ output20/X (sky130_fd_sc_hd__clkbuf_4)
     1    0.03                           tx_busy (net)
                  0.18    0.00    1.71 ^ tx_busy (out)
                                  1.71   data arrival time

                          0.00    0.00   clock clk (rise edge)
                          0.00    0.00   clock network delay (propagated)
                          0.25    0.25   clock uncertainty
                          0.00    0.25   clock reconvergence pessimism
                         -2.00   -1.75   output external delay
                                 -1.75   data required time
-----------------------------------------------------------------------------
                                 -1.75   data required time
                                 -1.71   data arrival time
-----------------------------------------------------------------------------
                                  3.46   slack (MET)


Startpoint: _437_ (rising edge-triggered flip-flop clocked by clk)
Endpoint: rx_data[5] (output port clocked by clk)
Path Group: clk
Path Type: min
Corner: Slowest

Fanout     Cap    Slew   Delay    Time   Description
-----------------------------------------------------------------------------
                          0.00    0.00   clock clk (rise edge)
                          0.00    0.00   clock source latency
                  0.15    0.10    0.10 ^ clk (in)
     2    0.02                           clk (net)
                  0.15    0.00    0.10 ^ clkbuf_0_clk/A (sky130_fd_sc_hd__clkbuf_16)
                  0.10    0.28    0.37 ^ clkbuf_0_clk/X (sky130_fd_sc_hd__clkbuf_16)
     4    0.05                           clknet_0_clk (net)
                  0.10    0.00    0.38 ^ clkbuf_2_0__f_clk/A (sky130_fd_sc_hd__clkbuf_16)
                  0.09    0.24    0.62 ^ clkbuf_2_0__f_clk/X (sky130_fd_sc_hd__clkbuf_16)
    11    0.04                           clknet_2_0__leaf_clk (net)
                  0.09    0.00    0.62 ^ _437_/CLK (sky130_fd_sc_hd__dfrtp_1)
                  0.21    0.73    1.35 ^ _437_/Q (sky130_fd_sc_hd__dfrtp_1)
     2    0.01                           net16 (net)
                  0.21    0.00    1.35 ^ output16/A (sky130_fd_sc_hd__clkbuf_4)
                  0.18    0.37    1.72 ^ output16/X (sky130_fd_sc_hd__clkbuf_4)
     1    0.03                           rx_data[5] (net)
                  0.18    0.00    1.72 ^ rx_data[5] (out)
                                  1.72   data arrival time

                          0.00    0.00   clock clk (rise edge)
                          0.00    0.00   clock network delay (propagated)
                          0.25    0.25   clock uncertainty
                          0.00    0.25   clock reconvergence pessimism
                         -2.00   -1.75   output external delay
                                 -1.75   data required time
-----------------------------------------------------------------------------
                                 -1.75   data required time
                                 -1.72   data arrival time
-----------------------------------------------------------------------------
                                  3.47   slack (MET)


Startpoint: _433_ (rising edge-triggered flip-flop clocked by clk)
Endpoint: rx_data[1] (output port clocked by clk)
Path Group: clk
Path Type: min
Corner: Slowest

Fanout     Cap    Slew   Delay    Time   Description
-----------------------------------------------------------------------------
                          0.00    0.00   clock clk (rise edge)
                          0.00    0.00   clock source latency
                  0.15    0.10    0.10 ^ clk (in)
     2    0.02                           clk (net)
                  0.15    0.00    0.10 ^ clkbuf_0_clk/A (sky130_fd_sc_hd__clkbuf_16)
                  0.10    0.28    0.37 ^ clkbuf_0_clk/X (sky130_fd_sc_hd__clkbuf_16)
     4    0.05                           clknet_0_clk (net)
                  0.10    0.00    0.37 ^ clkbuf_2_1__f_clk/A (sky130_fd_sc_hd__clkbuf_16)
                  0.10    0.26    0.63 ^ clkbuf_2_1__f_clk/X (sky130_fd_sc_hd__clkbuf_16)
    15    0.05                           clknet_2_1__leaf_clk (net)
                  0.10    0.00    0.63 ^ _433_/CLK (sky130_fd_sc_hd__dfrtp_1)
                  0.26    0.77    1.40 ^ _433_/Q (sky130_fd_sc_hd__dfrtp_1)
     4    0.02                           net12 (net)
                  0.26    0.00    1.40 ^ output12/A (sky130_fd_sc_hd__clkbuf_4)
                  0.18    0.40    1.80 ^ output12/X (sky130_fd_sc_hd__clkbuf_4)
     1    0.03                           rx_data[1] (net)
                  0.18    0.00    1.80 ^ rx_data[1] (out)
                                  1.80   data arrival time

                          0.00    0.00   clock clk (rise edge)
                          0.00    0.00   clock network delay (propagated)
                          0.25    0.25   clock uncertainty
                          0.00    0.25   clock reconvergence pessimism
                         -2.00   -1.75   output external delay
                                 -1.75   data required time
-----------------------------------------------------------------------------
                                 -1.75   data required time
                                 -1.80   data arrival time
-----------------------------------------------------------------------------
                                  3.55   slack (MET)


Startpoint: _432_ (rising edge-triggered flip-flop clocked by clk)
Endpoint: rx_data[0] (output port clocked by clk)
Path Group: clk
Path Type: min
Corner: Slowest

Fanout     Cap    Slew   Delay    Time   Description
-----------------------------------------------------------------------------
                          0.00    0.00   clock clk (rise edge)
                          0.00    0.00   clock source latency
                  0.15    0.10    0.10 ^ clk (in)
     2    0.02                           clk (net)
                  0.15    0.00    0.10 ^ clkbuf_0_clk/A (sky130_fd_sc_hd__clkbuf_16)
                  0.10    0.28    0.37 ^ clkbuf_0_clk/X (sky130_fd_sc_hd__clkbuf_16)
     4    0.05                           clknet_0_clk (net)
                  0.10    0.00    0.37 ^ clkbuf_2_1__f_clk/A (sky130_fd_sc_hd__clkbuf_16)
                  0.10    0.26    0.63 ^ clkbuf_2_1__f_clk/X (sky130_fd_sc_hd__clkbuf_16)
    15    0.05                           clknet_2_1__leaf_clk (net)
                  0.10    0.00    0.63 ^ _432_/CLK (sky130_fd_sc_hd__dfrtp_2)
                  0.22    0.80    1.43 ^ _432_/Q (sky130_fd_sc_hd__dfrtp_2)
     4    0.03                           net11 (net)
                  0.22    0.00    1.44 ^ output11/A (sky130_fd_sc_hd__clkbuf_4)
                  0.18    0.38    1.82 ^ output11/X (sky130_fd_sc_hd__clkbuf_4)
     1    0.03                           rx_data[0] (net)
                  0.18    0.00    1.82 ^ rx_data[0] (out)
                                  1.82   data arrival time

                          0.00    0.00   clock clk (rise edge)
                          0.00    0.00   clock network delay (propagated)
                          0.25    0.25   clock uncertainty
                          0.00    0.25   clock reconvergence pessimism
                         -2.00   -1.75   output external delay
                                 -1.75   data required time
-----------------------------------------------------------------------------
                                 -1.75   data required time
                                 -1.82   data arrival time
-----------------------------------------------------------------------------
                                  3.57   slack (MET)


Startpoint: _438_ (rising edge-triggered flip-flop clocked by clk)
Endpoint: rx_data[6] (output port clocked by clk)
Path Group: clk
Path Type: min
Corner: Slowest

Fanout     Cap    Slew   Delay    Time   Description
-----------------------------------------------------------------------------
                          0.00    0.00   clock clk (rise edge)
                          0.00    0.00   clock source latency
                  0.15    0.10    0.10 ^ clk (in)
     2    0.02                           clk (net)
                  0.15    0.00    0.10 ^ clkbuf_0_clk/A (sky130_fd_sc_hd__clkbuf_16)
                  0.10    0.28    0.37 ^ clkbuf_0_clk/X (sky130_fd_sc_hd__clkbuf_16)
     4    0.05                           clknet_0_clk (net)
                  0.10    0.00    0.37 ^ clkbuf_2_1__f_clk/A (sky130_fd_sc_hd__clkbuf_16)
                  0.10    0.26    0.63 ^ clkbuf_2_1__f_clk/X (sky130_fd_sc_hd__clkbuf_16)
    15    0.05                           clknet_2_1__leaf_clk (net)
                  0.10    0.00    0.63 ^ _438_/CLK (sky130_fd_sc_hd__dfrtp_2)
                  0.22    0.80    1.43 ^ _438_/Q (sky130_fd_sc_hd__dfrtp_2)
     4    0.03                           net17 (net)
                  0.22    0.00    1.43 ^ output17/A (sky130_fd_sc_hd__buf_2)
                  0.27    0.39    1.83 ^ output17/X (sky130_fd_sc_hd__buf_2)
     1    0.03                           rx_data[6] (net)
                  0.27    0.00    1.83 ^ rx_data[6] (out)
                                  1.83   data arrival time

                          0.00    0.00   clock clk (rise edge)
                          0.00    0.00   clock network delay (propagated)
                          0.25    0.25   clock uncertainty
                          0.00    0.25   clock reconvergence pessimism
                         -2.00   -1.75   output external delay
                                 -1.75   data required time
-----------------------------------------------------------------------------
                                 -1.75   data required time
                                 -1.83   data arrival time
-----------------------------------------------------------------------------
                                  3.58   slack (MET)


Startpoint: _436_ (rising edge-triggered flip-flop clocked by clk)
Endpoint: rx_data[4] (output port clocked by clk)
Path Group: clk
Path Type: min
Corner: Slowest

Fanout     Cap    Slew   Delay    Time   Description
-----------------------------------------------------------------------------
                          0.00    0.00   clock clk (rise edge)
                          0.00    0.00   clock source latency
                  0.15    0.10    0.10 ^ clk (in)
     2    0.02                           clk (net)
                  0.15    0.00    0.10 ^ clkbuf_0_clk/A (sky130_fd_sc_hd__clkbuf_16)
                  0.10    0.28    0.37 ^ clkbuf_0_clk/X (sky130_fd_sc_hd__clkbuf_16)
     4    0.05                           clknet_0_clk (net)
                  0.10    0.00    0.38 ^ clkbuf_2_0__f_clk/A (sky130_fd_sc_hd__clkbuf_16)
                  0.09    0.24    0.62 ^ clkbuf_2_0__f_clk/X (sky130_fd_sc_hd__clkbuf_16)
    11    0.04                           clknet_2_0__leaf_clk (net)
                  0.09    0.00    0.62 ^ _436_/CLK (sky130_fd_sc_hd__dfrtp_1)
                  0.31    0.79    1.41 ^ _436_/Q (sky130_fd_sc_hd__dfrtp_1)
     4    0.02                           net15 (net)
                  0.31    0.00    1.41 ^ output15/A (sky130_fd_sc_hd__buf_2)
                  0.27    0.42    1.84 ^ output15/X (sky130_fd_sc_hd__buf_2)
     1    0.03                           rx_data[4] (net)
                  0.27    0.00    1.84 ^ rx_data[4] (out)
                                  1.84   data arrival time

                          0.00    0.00   clock clk (rise edge)
                          0.00    0.00   clock network delay (propagated)
                          0.25    0.25   clock uncertainty
                          0.00    0.25   clock reconvergence pessimism
                         -2.00   -1.75   output external delay
                                 -1.75   data required time
-----------------------------------------------------------------------------
                                 -1.75   data required time
                                 -1.84   data arrival time
-----------------------------------------------------------------------------
                                  3.59   slack (MET)



======================= Typical Corner ===================================

Startpoint: _406_ (rising edge-triggered flip-flop clocked by clk)
Endpoint: _406_ (rising edge-triggered flip-flop clocked by clk)
Path Group: clk
Path Type: min
Corner: Typical

Fanout     Cap    Slew   Delay    Time   Description
-----------------------------------------------------------------------------
                          0.00    0.00   clock clk (rise edge)
                          0.00    0.00   clock source latency
                  0.09    0.06    0.06 ^ clk (in)
     2    0.02                           clk (net)
                  0.09    0.00    0.06 ^ clkbuf_0_clk/A (sky130_fd_sc_hd__clkbuf_16)
                  0.07    0.16    0.22 ^ clkbuf_0_clk/X (sky130_fd_sc_hd__clkbuf_16)
     4    0.05                           clknet_0_clk (net)
                  0.07    0.00    0.22 ^ clkbuf_2_3__f_clk/A (sky130_fd_sc_hd__clkbuf_16)
                  0.05    0.13    0.35 ^ clkbuf_2_3__f_clk/X (sky130_fd_sc_hd__clkbuf_16)
     8    0.03                           clknet_2_3__leaf_clk (net)
                  0.05    0.00    0.35 ^ _406_/CLK (sky130_fd_sc_hd__dfrtp_2)
                  0.09    0.42    0.77 v _406_/Q (sky130_fd_sc_hd__dfrtp_2)
     5    0.02                           tx_inst.bit_index[0] (net)
                  0.09    0.00    0.78 v _350_/A (sky130_fd_sc_hd__inv_2)
                  0.05    0.07    0.85 ^ _350_/Y (sky130_fd_sc_hd__inv_2)
     2    0.01                           _196_ (net)
                  0.05    0.00    0.85 ^ _355_/A1 (sky130_fd_sc_hd__a21oi_1)
                  0.04    0.05    0.90 v _355_/Y (sky130_fd_sc_hd__a21oi_1)
     1    0.00                           _045_ (net)
                  0.04    0.00    0.90 v _406_/D (sky130_fd_sc_hd__dfrtp_2)
                                  0.90   data arrival time

                          0.00    0.00   clock clk (rise edge)
                          0.00    0.00   clock source latency
                  0.09    0.07    0.07 ^ clk (in)
     2    0.02                           clk (net)
                  0.09    0.00    0.07 ^ clkbuf_0_clk/A (sky130_fd_sc_hd__clkbuf_16)
                  0.07    0.17    0.24 ^ clkbuf_0_clk/X (sky130_fd_sc_hd__clkbuf_16)
     4    0.05                           clknet_0_clk (net)
                  0.07    0.00    0.24 ^ clkbuf_2_3__f_clk/A (sky130_fd_sc_hd__clkbuf_16)
                  0.05    0.15    0.39 ^ clkbuf_2_3__f_clk/X (sky130_fd_sc_hd__clkbuf_16)
     8    0.03                           clknet_2_3__leaf_clk (net)
                  0.05    0.00    0.39 ^ _406_/CLK (sky130_fd_sc_hd__dfrtp_2)
                          0.25    0.64   clock uncertainty
                         -0.04    0.60   clock reconvergence pessimism
                         -0.04    0.56   library hold time
                                  0.56   data required time
-----------------------------------------------------------------------------
                                  0.56   data required time
                                 -0.90   data arrival time
-----------------------------------------------------------------------------
                                  0.33   slack (MET)


Startpoint: _419_ (rising edge-triggered flip-flop clocked by clk)
Endpoint: _419_ (rising edge-triggered flip-flop clocked by clk)
Path Group: clk
Path Type: min
Corner: Typical

Fanout     Cap    Slew   Delay    Time   Description
-----------------------------------------------------------------------------
                          0.00    0.00   clock clk (rise edge)
                          0.00    0.00   clock source latency
                  0.09    0.06    0.06 ^ clk (in)
     2    0.02                           clk (net)
                  0.09    0.00    0.06 ^ clkbuf_0_clk/A (sky130_fd_sc_hd__clkbuf_16)
                  0.07    0.16    0.22 ^ clkbuf_0_clk/X (sky130_fd_sc_hd__clkbuf_16)
     4    0.05                           clknet_0_clk (net)
                  0.07    0.00    0.22 ^ clkbuf_2_2__f_clk/A (sky130_fd_sc_hd__clkbuf_16)
                  0.05    0.14    0.35 ^ clkbuf_2_2__f_clk/X (sky130_fd_sc_hd__clkbuf_16)
    11    0.03                           clknet_2_2__leaf_clk (net)
                  0.05    0.00    0.36 ^ _419_/CLK (sky130_fd_sc_hd__dfrtp_1)
                  0.13    0.37    0.72 ^ _419_/Q (sky130_fd_sc_hd__dfrtp_1)
     2    0.01                           net20 (net)
                  0.13    0.00    0.72 ^ _321_/A0 (sky130_fd_sc_hd__mux2_1)
                  0.04    0.13    0.85 ^ _321_/X (sky130_fd_sc_hd__mux2_1)
     1    0.00                           _175_ (net)
                  0.04    0.00    0.85 ^ _322_/A (sky130_fd_sc_hd__clkbuf_1)
                  0.04    0.07    0.92 ^ _322_/X (sky130_fd_sc_hd__clkbuf_1)
     1    0.00                           _058_ (net)
                  0.04    0.00    0.92 ^ _419_/D (sky130_fd_sc_hd__dfrtp_1)
                                  0.92   data arrival time

                          0.00    0.00   clock clk (rise edge)
                          0.00    0.00   clock source latency
                  0.09    0.07    0.07 ^ clk (in)
     2    0.02                           clk (net)
                  0.09    0.00    0.07 ^ clkbuf_0_clk/A (sky130_fd_sc_hd__clkbuf_16)
                  0.07    0.17    0.24 ^ clkbuf_0_clk/X (sky130_fd_sc_hd__clkbuf_16)
     4    0.05                           clknet_0_clk (net)
                  0.07    0.00    0.24 ^ clkbuf_2_2__f_clk/A (sky130_fd_sc_hd__clkbuf_16)
                  0.05    0.15    0.39 ^ clkbuf_2_2__f_clk/X (sky130_fd_sc_hd__clkbuf_16)
    11    0.03                           clknet_2_2__leaf_clk (net)
                  0.05    0.00    0.39 ^ _419_/CLK (sky130_fd_sc_hd__dfrtp_1)
                          0.25    0.64   clock uncertainty
                         -0.04    0.61   clock reconvergence pessimism
                         -0.03    0.57   library hold time
                                  0.57   data required time
-----------------------------------------------------------------------------
                                  0.57   data required time
                                 -0.92   data arrival time
-----------------------------------------------------------------------------
                                  0.35   slack (MET)


Startpoint: _447_ (rising edge-triggered flip-flop clocked by clk)
Endpoint: _447_ (rising edge-triggered flip-flop clocked by clk)
Path Group: clk
Path Type: min
Corner: Typical

Fanout     Cap    Slew   Delay    Time   Description
-----------------------------------------------------------------------------
                          0.00    0.00   clock clk (rise edge)
                          0.00    0.00   clock source latency
                  0.09    0.06    0.06 ^ clk (in)
     2    0.02                           clk (net)
                  0.09    0.00    0.06 ^ clkbuf_0_clk/A (sky130_fd_sc_hd__clkbuf_16)
                  0.07    0.16    0.22 ^ clkbuf_0_clk/X (sky130_fd_sc_hd__clkbuf_16)
     4    0.05                           clknet_0_clk (net)
                  0.07    0.00    0.22 ^ clkbuf_2_1__f_clk/A (sky130_fd_sc_hd__clkbuf_16)
                  0.07    0.15    0.37 ^ clkbuf_2_1__f_clk/X (sky130_fd_sc_hd__clkbuf_16)
    15    0.05                           clknet_2_1__leaf_clk (net)
                  0.07    0.00    0.37 ^ _447_/CLK (sky130_fd_sc_hd__dfrtp_1)
                  0.12    0.36    0.73 ^ _447_/Q (sky130_fd_sc_hd__dfrtp_1)
     5    0.01                           rx_inst.clk_count[4] (net)
                  0.12    0.00    0.73 ^ _214_/A (sky130_fd_sc_hd__and2_1)
                  0.09    0.16    0.89 ^ _214_/X (sky130_fd_sc_hd__and2_1)
     2    0.01                           _097_ (net)
                  0.09    0.00    0.89 ^ _218_/A (sky130_fd_sc_hd__nor2_1)
                  0.03    0.05    0.94 v _218_/Y (sky130_fd_sc_hd__nor2_1)
     1    0.00                           _086_ (net)
                  0.03    0.00    0.94 v _447_/D (sky130_fd_sc_hd__dfrtp_1)
                                  0.94   data arrival time

                          0.00    0.00   clock clk (rise edge)
                          0.00    0.00   clock source latency
                  0.09    0.07    0.07 ^ clk (in)
     2    0.02                           clk (net)
                  0.09    0.00    0.07 ^ clkbuf_0_clk/A (sky130_fd_sc_hd__clkbuf_16)
                  0.07    0.17    0.24 ^ clkbuf_0_clk/X (sky130_fd_sc_hd__clkbuf_16)
     4    0.05                           clknet_0_clk (net)
                  0.07    0.00    0.24 ^ clkbuf_2_1__f_clk/A (sky130_fd_sc_hd__clkbuf_16)
                  0.07    0.16    0.40 ^ clkbuf_2_1__f_clk/X (sky130_fd_sc_hd__clkbuf_16)
    15    0.05                           clknet_2_1__leaf_clk (net)
                  0.07    0.00    0.40 ^ _447_/CLK (sky130_fd_sc_hd__dfrtp_1)
                          0.25    0.65   clock uncertainty
                         -0.04    0.62   clock reconvergence pessimism
                         -0.03    0.58   library hold time
                                  0.58   data required time
-----------------------------------------------------------------------------
                                  0.58   data required time
                                 -0.94   data arrival time
-----------------------------------------------------------------------------
                                  0.35   slack (MET)


Startpoint: _449_ (rising edge-triggered flip-flop clocked by clk)
Endpoint: _449_ (rising edge-triggered flip-flop clocked by clk)
Path Group: clk
Path Type: min
Corner: Typical

Fanout     Cap    Slew   Delay    Time   Description
-----------------------------------------------------------------------------
                          0.00    0.00   clock clk (rise edge)
                          0.00    0.00   clock source latency
                  0.09    0.06    0.06 ^ clk (in)
     2    0.02                           clk (net)
                  0.09    0.00    0.06 ^ clkbuf_0_clk/A (sky130_fd_sc_hd__clkbuf_16)
                  0.07    0.16    0.22 ^ clkbuf_0_clk/X (sky130_fd_sc_hd__clkbuf_16)
     4    0.05                           clknet_0_clk (net)
                  0.07    0.00    0.22 ^ clkbuf_2_1__f_clk/A (sky130_fd_sc_hd__clkbuf_16)
                  0.07    0.15    0.37 ^ clkbuf_2_1__f_clk/X (sky130_fd_sc_hd__clkbuf_16)
    15    0.05                           clknet_2_1__leaf_clk (net)
                  0.07    0.00    0.37 ^ _449_/CLK (sky130_fd_sc_hd__dfrtp_1)
                  0.09    0.35    0.71 ^ _449_/Q (sky130_fd_sc_hd__dfrtp_1)
     3    0.01                           rx_inst.clk_count[6] (net)
                  0.09    0.00    0.71 ^ _207_/A (sky130_fd_sc_hd__and2_1)
                  0.11    0.17    0.88 ^ _207_/X (sky130_fd_sc_hd__and2_1)
     3    0.01                           _092_ (net)
                  0.11    0.00    0.88 ^ _213_/A (sky130_fd_sc_hd__nor2_1)
                  0.03    0.06    0.94 v _213_/Y (sky130_fd_sc_hd__nor2_1)
     1    0.00                           _088_ (net)
                  0.03    0.00    0.94 v _449_/D (sky130_fd_sc_hd__dfrtp_1)
                                  0.94   data arrival time

                          0.00    0.00   clock clk (rise edge)
                          0.00    0.00   clock source latency
                  0.09    0.07    0.07 ^ clk (in)
     2    0.02                           clk (net)
                  0.09    0.00    0.07 ^ clkbuf_0_clk/A (sky130_fd_sc_hd__clkbuf_16)
                  0.07    0.17    0.24 ^ clkbuf_0_clk/X (sky130_fd_sc_hd__clkbuf_16)
     4    0.05                           clknet_0_clk (net)
                  0.07    0.00    0.24 ^ clkbuf_2_1__f_clk/A (sky130_fd_sc_hd__clkbuf_16)
                  0.07    0.16    0.40 ^ clkbuf_2_1__f_clk/X (sky130_fd_sc_hd__clkbuf_16)
    15    0.05                           clknet_2_1__leaf_clk (net)
                  0.07    0.00    0.40 ^ _449_/CLK (sky130_fd_sc_hd__dfrtp_1)
                          0.25    0.65   clock uncertainty
                         -0.04    0.62   clock reconvergence pessimism
                         -0.03    0.58   library hold time
                                  0.58   data required time
-----------------------------------------------------------------------------
                                  0.58   data required time
                                 -0.94   data arrival time
-----------------------------------------------------------------------------
                                  0.36   slack (MET)


Startpoint: _449_ (rising edge-triggered flip-flop clocked by clk)
Endpoint: _450_ (rising edge-triggered flip-flop clocked by clk)
Path Group: clk
Path Type: min
Corner: Typical

Fanout     Cap    Slew   Delay    Time   Description
-----------------------------------------------------------------------------
                          0.00    0.00   clock clk (rise edge)
                          0.00    0.00   clock source latency
                  0.09    0.06    0.06 ^ clk (in)
     2    0.02                           clk (net)
                  0.09    0.00    0.06 ^ clkbuf_0_clk/A (sky130_fd_sc_hd__clkbuf_16)
                  0.07    0.16    0.22 ^ clkbuf_0_clk/X (sky130_fd_sc_hd__clkbuf_16)
     4    0.05                           clknet_0_clk (net)
                  0.07    0.00    0.22 ^ clkbuf_2_1__f_clk/A (sky130_fd_sc_hd__clkbuf_16)
                  0.07    0.15    0.37 ^ clkbuf_2_1__f_clk/X (sky130_fd_sc_hd__clkbuf_16)
    15    0.05                           clknet_2_1__leaf_clk (net)
                  0.07    0.00    0.37 ^ _449_/CLK (sky130_fd_sc_hd__dfrtp_1)
                  0.09    0.35    0.71 ^ _449_/Q (sky130_fd_sc_hd__dfrtp_1)
     3    0.01                           rx_inst.clk_count[6] (net)
                  0.09    0.00    0.71 ^ _207_/A (sky130_fd_sc_hd__and2_1)
                  0.11    0.17    0.88 ^ _207_/X (sky130_fd_sc_hd__and2_1)
     3    0.01                           _092_ (net)
                  0.11    0.00    0.88 ^ _211_/A2 (sky130_fd_sc_hd__a21oi_1)
                  0.03    0.07    0.95 v _211_/Y (sky130_fd_sc_hd__a21oi_1)
     1    0.00                           _089_ (net)
                  0.03    0.00    0.95 v _450_/D (sky130_fd_sc_hd__dfrtp_1)
                                  0.95   data arrival time

                          0.00    0.00   clock clk (rise edge)
                          0.00    0.00   clock source latency
                  0.09    0.07    0.07 ^ clk (in)
     2    0.02                           clk (net)
                  0.09    0.00    0.07 ^ clkbuf_0_clk/A (sky130_fd_sc_hd__clkbuf_16)
                  0.07    0.17    0.24 ^ clkbuf_0_clk/X (sky130_fd_sc_hd__clkbuf_16)
     4    0.05                           clknet_0_clk (net)
                  0.07    0.00    0.24 ^ clkbuf_2_1__f_clk/A (sky130_fd_sc_hd__clkbuf_16)
                  0.07    0.16    0.40 ^ clkbuf_2_1__f_clk/X (sky130_fd_sc_hd__clkbuf_16)
    15    0.05                           clknet_2_1__leaf_clk (net)
                  0.07    0.00    0.40 ^ _450_/CLK (sky130_fd_sc_hd__dfrtp_1)
                          0.25    0.65   clock uncertainty
                         -0.04    0.62   clock reconvergence pessimism
                         -0.04    0.58   library hold time
                                  0.58   data required time
-----------------------------------------------------------------------------
                                  0.58   data required time
                                 -0.95   data arrival time
-----------------------------------------------------------------------------
                                  0.37   slack (MET)


Startpoint: _437_ (rising edge-triggered flip-flop clocked by clk)
Endpoint: _437_ (rising edge-triggered flip-flop clocked by clk)
Path Group: clk
Path Type: min
Corner: Typical

Fanout     Cap    Slew   Delay    Time   Description
-----------------------------------------------------------------------------
                          0.00    0.00   clock clk (rise edge)
                          0.00    0.00   clock source latency
                  0.09    0.06    0.06 ^ clk (in)
     2    0.02                           clk (net)
                  0.09    0.00    0.06 ^ clkbuf_0_clk/A (sky130_fd_sc_hd__clkbuf_16)
                  0.07    0.16    0.22 ^ clkbuf_0_clk/X (sky130_fd_sc_hd__clkbuf_16)
     4    0.05                           clknet_0_clk (net)
                  0.07    0.00    0.22 ^ clkbuf_2_0__f_clk/A (sky130_fd_sc_hd__clkbuf_16)
                  0.06    0.14    0.36 ^ clkbuf_2_0__f_clk/X (sky130_fd_sc_hd__clkbuf_16)
    11    0.04                           clknet_2_0__leaf_clk (net)
                  0.06    0.00    0.36 ^ _437_/CLK (sky130_fd_sc_hd__dfrtp_1)
                  0.13    0.37    0.73 ^ _437_/Q (sky130_fd_sc_hd__dfrtp_1)
     2    0.01                           net16 (net)
                  0.13    0.00    0.73 ^ _266_/A1 (sky130_fd_sc_hd__mux2_1)
                  0.05    0.14    0.87 ^ _266_/X (sky130_fd_sc_hd__mux2_1)
     1    0.00                           _138_ (net)
                  0.05    0.00    0.87 ^ _267_/A (sky130_fd_sc_hd__clkbuf_1)
                  0.04    0.07    0.95 ^ _267_/X (sky130_fd_sc_hd__clkbuf_1)
     1    0.00                           _076_ (net)
                  0.04    0.00    0.95 ^ _437_/D (sky130_fd_sc_hd__dfrtp_1)
                                  0.95   data arrival time

                          0.00    0.00   clock clk (rise edge)
                          0.00    0.00   clock source latency
                  0.09    0.07    0.07 ^ clk (in)
     2    0.02                           clk (net)
                  0.09    0.00    0.07 ^ clkbuf_0_clk/A (sky130_fd_sc_hd__clkbuf_16)
                  0.07    0.17    0.24 ^ clkbuf_0_clk/X (sky130_fd_sc_hd__clkbuf_16)
     4    0.05                           clknet_0_clk (net)
                  0.07    0.00    0.24 ^ clkbuf_2_0__f_clk/A (sky130_fd_sc_hd__clkbuf_16)
                  0.06    0.15    0.39 ^ clkbuf_2_0__f_clk/X (sky130_fd_sc_hd__clkbuf_16)
    11    0.04                           clknet_2_0__leaf_clk (net)
                  0.06    0.00    0.40 ^ _437_/CLK (sky130_fd_sc_hd__dfrtp_1)
                          0.25    0.65   clock uncertainty
                         -0.04    0.61   clock reconvergence pessimism
                         -0.03    0.58   library hold time
                                  0.58   data required time
-----------------------------------------------------------------------------
                                  0.58   data required time
                                 -0.95   data arrival time
-----------------------------------------------------------------------------
                                  0.37   slack (MET)


Startpoint: _442_ (rising edge-triggered flip-flop clocked by clk)
Endpoint: _442_ (rising edge-triggered flip-flop clocked by clk)
Path Group: clk
Path Type: min
Corner: Typical

Fanout     Cap    Slew   Delay    Time   Description
-----------------------------------------------------------------------------
                          0.00    0.00   clock clk (rise edge)
                          0.00    0.00   clock source latency
                  0.09    0.06    0.06 ^ clk (in)
     2    0.02                           clk (net)
                  0.09    0.00    0.06 ^ clkbuf_0_clk/A (sky130_fd_sc_hd__clkbuf_16)
                  0.07    0.16    0.22 ^ clkbuf_0_clk/X (sky130_fd_sc_hd__clkbuf_16)
     4    0.05                           clknet_0_clk (net)
                  0.07    0.00    0.22 ^ clkbuf_2_0__f_clk/A (sky130_fd_sc_hd__clkbuf_16)
                  0.06    0.14    0.36 ^ clkbuf_2_0__f_clk/X (sky130_fd_sc_hd__clkbuf_16)
    11    0.04                           clknet_2_0__leaf_clk (net)
                  0.06    0.00    0.36 ^ _442_/CLK (sky130_fd_sc_hd__dfrtp_2)
                  0.11    0.38    0.74 ^ _442_/Q (sky130_fd_sc_hd__dfrtp_2)
     6    0.02                           rx_inst.bit_index[2] (net)
                  0.11    0.00    0.74 ^ _245_/B1 (sky130_fd_sc_hd__a31o_1)
                  0.04    0.10    0.84 ^ _245_/X (sky130_fd_sc_hd__a31o_1)
     1    0.00                           _122_ (net)
                  0.04    0.00    0.84 ^ _246_/B1 (sky130_fd_sc_hd__o21a_1)
                  0.05    0.11    0.95 ^ _246_/X (sky130_fd_sc_hd__o21a_1)
     1    0.00                           _081_ (net)
                  0.05    0.00    0.95 ^ _442_/D (sky130_fd_sc_hd__dfrtp_2)
                                  0.95   data arrival time

                          0.00    0.00   clock clk (rise edge)
                          0.00    0.00   clock source latency
                  0.09    0.07    0.07 ^ clk (in)
     2    0.02                           clk (net)
                  0.09    0.00    0.07 ^ clkbuf_0_clk/A (sky130_fd_sc_hd__clkbuf_16)
                  0.07    0.17    0.24 ^ clkbuf_0_clk/X (sky130_fd_sc_hd__clkbuf_16)
     4    0.05                           clknet_0_clk (net)
                  0.07    0.00    0.24 ^ clkbuf_2_0__f_clk/A (sky130_fd_sc_hd__clkbuf_16)
                  0.06    0.15    0.39 ^ clkbuf_2_0__f_clk/X (sky130_fd_sc_hd__clkbuf_16)
    11    0.04                           clknet_2_0__leaf_clk (net)
                  0.06    0.00    0.40 ^ _442_/CLK (sky130_fd_sc_hd__dfrtp_2)
                          0.25    0.65   clock uncertainty
                         -0.04    0.61   clock reconvergence pessimism
                         -0.03    0.57   library hold time
                                  0.57   data required time
-----------------------------------------------------------------------------
                                  0.57   data required time
                                 -0.95   data arrival time
-----------------------------------------------------------------------------
                                  0.37   slack (MET)


Startpoint: _448_ (rising edge-triggered flip-flop clocked by clk)
Endpoint: _448_ (rising edge-triggered flip-flop clocked by clk)
Path Group: clk
Path Type: min
Corner: Typical

Fanout     Cap    Slew   Delay    Time   Description
-----------------------------------------------------------------------------
                          0.00    0.00   clock clk (rise edge)
                          0.00    0.00   clock source latency
                  0.09    0.06    0.06 ^ clk (in)
     2    0.02                           clk (net)
                  0.09    0.00    0.06 ^ clkbuf_0_clk/A (sky130_fd_sc_hd__clkbuf_16)
                  0.07    0.16    0.22 ^ clkbuf_0_clk/X (sky130_fd_sc_hd__clkbuf_16)
     4    0.05                           clknet_0_clk (net)
                  0.07    0.00    0.22 ^ clkbuf_2_1__f_clk/A (sky130_fd_sc_hd__clkbuf_16)
                  0.07    0.15    0.37 ^ clkbuf_2_1__f_clk/X (sky130_fd_sc_hd__clkbuf_16)
    15    0.05                           clknet_2_1__leaf_clk (net)
                  0.07    0.00    0.37 ^ _448_/CLK (sky130_fd_sc_hd__dfrtp_1)
                  0.08    0.34    0.70 ^ _448_/Q (sky130_fd_sc_hd__dfrtp_1)
     3    0.01                           rx_inst.clk_count[5] (net)
                  0.08    0.00    0.70 ^ _206_/A (sky130_fd_sc_hd__and3_1)
                  0.12    0.20    0.90 ^ _206_/X (sky130_fd_sc_hd__and3_1)
     3    0.01                           _091_ (net)
                  0.12    0.00    0.90 ^ _216_/A (sky130_fd_sc_hd__nor2_1)
                  0.03    0.06    0.96 v _216_/Y (sky130_fd_sc_hd__nor2_1)
     1    0.00                           _087_ (net)
                  0.03    0.00    0.96 v _448_/D (sky130_fd_sc_hd__dfrtp_1)
                                  0.96   data arrival time

                          0.00    0.00   clock clk (rise edge)
                          0.00    0.00   clock source latency
                  0.09    0.07    0.07 ^ clk (in)
     2    0.02                           clk (net)
                  0.09    0.00    0.07 ^ clkbuf_0_clk/A (sky130_fd_sc_hd__clkbuf_16)
                  0.07    0.17    0.24 ^ clkbuf_0_clk/X (sky130_fd_sc_hd__clkbuf_16)
     4    0.05                           clknet_0_clk (net)
                  0.07    0.00    0.24 ^ clkbuf_2_1__f_clk/A (sky130_fd_sc_hd__clkbuf_16)
                  0.07    0.16    0.40 ^ clkbuf_2_1__f_clk/X (sky130_fd_sc_hd__clkbuf_16)
    15    0.05                           clknet_2_1__leaf_clk (net)
                  0.07    0.00    0.40 ^ _448_/CLK (sky130_fd_sc_hd__dfrtp_1)
                          0.25    0.65   clock uncertainty
                         -0.04    0.62   clock reconvergence pessimism
                         -0.04    0.58   library hold time
                                  0.58   data required time
-----------------------------------------------------------------------------
                                  0.58   data required time
                                 -0.96   data arrival time
-----------------------------------------------------------------------------
                                  0.38   slack (MET)


Startpoint: _433_ (rising edge-triggered flip-flop clocked by clk)
Endpoint: _433_ (rising edge-triggered flip-flop clocked by clk)
Path Group: clk
Path Type: min
Corner: Typical

Fanout     Cap    Slew   Delay    Time   Description
-----------------------------------------------------------------------------
                          0.00    0.00   clock clk (rise edge)
                          0.00    0.00   clock source latency
                  0.09    0.06    0.06 ^ clk (in)
     2    0.02                           clk (net)
                  0.09    0.00    0.06 ^ clkbuf_0_clk/A (sky130_fd_sc_hd__clkbuf_16)
                  0.07    0.16    0.22 ^ clkbuf_0_clk/X (sky130_fd_sc_hd__clkbuf_16)
     4    0.05                           clknet_0_clk (net)
                  0.07    0.00    0.22 ^ clkbuf_2_1__f_clk/A (sky130_fd_sc_hd__clkbuf_16)
                  0.07    0.15    0.37 ^ clkbuf_2_1__f_clk/X (sky130_fd_sc_hd__clkbuf_16)
    15    0.05                           clknet_2_1__leaf_clk (net)
                  0.07    0.00    0.37 ^ _433_/CLK (sky130_fd_sc_hd__dfrtp_1)
                  0.16    0.40    0.76 ^ _433_/Q (sky130_fd_sc_hd__dfrtp_1)
     4    0.02                           net12 (net)
                  0.16    0.00    0.76 ^ _279_/A0 (sky130_fd_sc_hd__mux2_1)
                  0.04    0.14    0.90 ^ _279_/X (sky130_fd_sc_hd__mux2_1)
     1    0.00                           _147_ (net)
                  0.04    0.00    0.90 ^ _280_/A (sky130_fd_sc_hd__clkbuf_1)
                  0.04    0.07    0.97 ^ _280_/X (sky130_fd_sc_hd__clkbuf_1)
     1    0.00                           _072_ (net)
                  0.04    0.00    0.97 ^ _433_/D (sky130_fd_sc_hd__dfrtp_1)
                                  0.97   data arrival time

                          0.00    0.00   clock clk (rise edge)
                          0.00    0.00   clock source latency
                  0.09    0.07    0.07 ^ clk (in)
     2    0.02                           clk (net)
                  0.09    0.00    0.07 ^ clkbuf_0_clk/A (sky130_fd_sc_hd__clkbuf_16)
                  0.07    0.17    0.24 ^ clkbuf_0_clk/X (sky130_fd_sc_hd__clkbuf_16)
     4    0.05                           clknet_0_clk (net)
                  0.07    0.00    0.24 ^ clkbuf_2_1__f_clk/A (sky130_fd_sc_hd__clkbuf_16)
                  0.07    0.16    0.40 ^ clkbuf_2_1__f_clk/X (sky130_fd_sc_hd__clkbuf_16)
    15    0.05                           clknet_2_1__leaf_clk (net)
                  0.07    0.00    0.40 ^ _433_/CLK (sky130_fd_sc_hd__dfrtp_1)
                          0.25    0.65   clock uncertainty
                         -0.04    0.62   clock reconvergence pessimism
                         -0.03    0.59   library hold time
                                  0.59   data required time
-----------------------------------------------------------------------------
                                  0.59   data required time
                                 -0.97   data arrival time
-----------------------------------------------------------------------------
                                  0.39   slack (MET)


Startpoint: _432_ (rising edge-triggered flip-flop clocked by clk)
Endpoint: _432_ (rising edge-triggered flip-flop clocked by clk)
Path Group: clk
Path Type: min
Corner: Typical

Fanout     Cap    Slew   Delay    Time   Description
-----------------------------------------------------------------------------
                          0.00    0.00   clock clk (rise edge)
                          0.00    0.00   clock source latency
                  0.09    0.06    0.06 ^ clk (in)
     2    0.02                           clk (net)
                  0.09    0.00    0.06 ^ clkbuf_0_clk/A (sky130_fd_sc_hd__clkbuf_16)
                  0.07    0.16    0.22 ^ clkbuf_0_clk/X (sky130_fd_sc_hd__clkbuf_16)
     4    0.05                           clknet_0_clk (net)
                  0.07    0.00    0.22 ^ clkbuf_2_1__f_clk/A (sky130_fd_sc_hd__clkbuf_16)
                  0.07    0.15    0.37 ^ clkbuf_2_1__f_clk/X (sky130_fd_sc_hd__clkbuf_16)
    15    0.05                           clknet_2_1__leaf_clk (net)
                  0.07    0.00    0.37 ^ _432_/CLK (sky130_fd_sc_hd__dfrtp_2)
                  0.14    0.41    0.77 ^ _432_/Q (sky130_fd_sc_hd__dfrtp_2)
     4    0.03                           net11 (net)
                  0.14    0.00    0.77 ^ _282_/A0 (sky130_fd_sc_hd__mux2_1)
                  0.04    0.13    0.91 ^ _282_/X (sky130_fd_sc_hd__mux2_1)
     1    0.00                           _149_ (net)
                  0.04    0.00    0.91 ^ _283_/A (sky130_fd_sc_hd__clkbuf_1)
                  0.04    0.07    0.98 ^ _283_/X (sky130_fd_sc_hd__clkbuf_1)
     1    0.00                           _071_ (net)
                  0.04    0.00    0.98 ^ _432_/D (sky130_fd_sc_hd__dfrtp_2)
                                  0.98   data arrival time

                          0.00    0.00   clock clk (rise edge)
                          0.00    0.00   clock source latency
                  0.09    0.07    0.07 ^ clk (in)
     2    0.02                           clk (net)
                  0.09    0.00    0.07 ^ clkbuf_0_clk/A (sky130_fd_sc_hd__clkbuf_16)
                  0.07    0.17    0.24 ^ clkbuf_0_clk/X (sky130_fd_sc_hd__clkbuf_16)
     4    0.05                           clknet_0_clk (net)
                  0.07    0.00    0.24 ^ clkbuf_2_1__f_clk/A (sky130_fd_sc_hd__clkbuf_16)
                  0.07    0.16    0.40 ^ clkbuf_2_1__f_clk/X (sky130_fd_sc_hd__clkbuf_16)
    15    0.05                           clknet_2_1__leaf_clk (net)
                  0.07    0.00    0.40 ^ _432_/CLK (sky130_fd_sc_hd__dfrtp_2)
                          0.25    0.65   clock uncertainty
                         -0.04    0.62   clock reconvergence pessimism
                         -0.03    0.59   library hold time
                                  0.59   data required time
-----------------------------------------------------------------------------
                                  0.59   data required time
                                 -0.98   data arrival time
-----------------------------------------------------------------------------
                                  0.39   slack (MET)


Startpoint: _408_ (rising edge-triggered flip-flop clocked by clk)
Endpoint: _408_ (rising edge-triggered flip-flop clocked by clk)
Path Group: clk
Path Type: min
Corner: Typical

Fanout     Cap    Slew   Delay    Time   Description
-----------------------------------------------------------------------------
                          0.00    0.00   clock clk (rise edge)
                          0.00    0.00   clock source latency
                  0.09    0.06    0.06 ^ clk (in)
     2    0.02                           clk (net)
                  0.09    0.00    0.06 ^ clkbuf_0_clk/A (sky130_fd_sc_hd__clkbuf_16)
                  0.07    0.16    0.22 ^ clkbuf_0_clk/X (sky130_fd_sc_hd__clkbuf_16)
     4    0.05                           clknet_0_clk (net)
                  0.07    0.00    0.22 ^ clkbuf_2_3__f_clk/A (sky130_fd_sc_hd__clkbuf_16)
                  0.05    0.13    0.35 ^ clkbuf_2_3__f_clk/X (sky130_fd_sc_hd__clkbuf_16)
     8    0.03                           clknet_2_3__leaf_clk (net)
                  0.05    0.00    0.35 ^ _408_/CLK (sky130_fd_sc_hd__dfrtp_1)
                  0.14    0.37    0.72 ^ _408_/Q (sky130_fd_sc_hd__dfrtp_1)
     4    0.01                           tx_inst.bit_index[2] (net)
                  0.14    0.00    0.73 ^ _348_/B1_N (sky130_fd_sc_hd__o21ba_1)
                  0.03    0.15    0.88 v _348_/X (sky130_fd_sc_hd__o21ba_1)
     1    0.00                           _195_ (net)
                  0.03    0.00    0.88 v _349_/B (sky130_fd_sc_hd__nor2_1)
                  0.08    0.08    0.95 ^ _349_/Y (sky130_fd_sc_hd__nor2_1)
     1    0.00                           _047_ (net)
                  0.08    0.00    0.95 ^ _408_/D (sky130_fd_sc_hd__dfrtp_1)
                                  0.95   data arrival time

                          0.00    0.00   clock clk (rise edge)
                          0.00    0.00   clock source latency
                  0.09    0.07    0.07 ^ clk (in)
     2    0.02                           clk (net)
                  0.09    0.00    0.07 ^ clkbuf_0_clk/A (sky130_fd_sc_hd__clkbuf_16)
                  0.07    0.17    0.24 ^ clkbuf_0_clk/X (sky130_fd_sc_hd__clkbuf_16)
     4    0.05                           clknet_0_clk (net)
                  0.07    0.00    0.24 ^ clkbuf_2_3__f_clk/A (sky130_fd_sc_hd__clkbuf_16)
                  0.05    0.15    0.39 ^ clkbuf_2_3__f_clk/X (sky130_fd_sc_hd__clkbuf_16)
     8    0.03                           clknet_2_3__leaf_clk (net)
                  0.05    0.00    0.39 ^ _408_/CLK (sky130_fd_sc_hd__dfrtp_1)
                          0.25    0.64   clock uncertainty
                         -0.04    0.60   clock reconvergence pessimism
                         -0.04    0.56   library hold time
                                  0.56   data required time
-----------------------------------------------------------------------------
                                  0.56   data required time
                                 -0.95   data arrival time
-----------------------------------------------------------------------------
                                  0.40   slack (MET)


Startpoint: _445_ (rising edge-triggered flip-flop clocked by clk)
Endpoint: _445_ (rising edge-triggered flip-flop clocked by clk)
Path Group: clk
Path Type: min
Corner: Typical

Fanout     Cap    Slew   Delay    Time   Description
-----------------------------------------------------------------------------
                          0.00    0.00   clock clk (rise edge)
                          0.00    0.00   clock source latency
                  0.09    0.06    0.06 ^ clk (in)
     2    0.02                           clk (net)
                  0.09    0.00    0.06 ^ clkbuf_0_clk/A (sky130_fd_sc_hd__clkbuf_16)
                  0.07    0.16    0.22 ^ clkbuf_0_clk/X (sky130_fd_sc_hd__clkbuf_16)
     4    0.05                           clknet_0_clk (net)
                  0.07    0.00    0.22 ^ clkbuf_2_0__f_clk/A (sky130_fd_sc_hd__clkbuf_16)
                  0.06    0.14    0.36 ^ clkbuf_2_0__f_clk/X (sky130_fd_sc_hd__clkbuf_16)
    11    0.04                           clknet_2_0__leaf_clk (net)
                  0.06    0.00    0.36 ^ _445_/CLK (sky130_fd_sc_hd__dfrtp_2)
                  0.12    0.39    0.75 ^ _445_/Q (sky130_fd_sc_hd__dfrtp_2)
     6    0.02                           rx_inst.clk_count[2] (net)
                  0.12    0.00    0.75 ^ _234_/A (sky130_fd_sc_hd__xnor2_1)
                  0.05    0.12    0.87 ^ _234_/Y (sky130_fd_sc_hd__xnor2_1)
     1    0.00                           _114_ (net)
                  0.05    0.00    0.87 ^ _235_/B2 (sky130_fd_sc_hd__a32o_1)
                  0.04    0.11    0.97 ^ _235_/X (sky130_fd_sc_hd__a32o_1)
     1    0.00                           _084_ (net)
                  0.04    0.00    0.97 ^ _445_/D (sky130_fd_sc_hd__dfrtp_2)
                                  0.97   data arrival time

                          0.00    0.00   clock clk (rise edge)
                          0.00    0.00   clock source latency
                  0.09    0.07    0.07 ^ clk (in)
     2    0.02                           clk (net)
                  0.09    0.00    0.07 ^ clkbuf_0_clk/A (sky130_fd_sc_hd__clkbuf_16)
                  0.07    0.17    0.24 ^ clkbuf_0_clk/X (sky130_fd_sc_hd__clkbuf_16)
     4    0.05                           clknet_0_clk (net)
                  0.07    0.00    0.24 ^ clkbuf_2_0__f_clk/A (sky130_fd_sc_hd__clkbuf_16)
                  0.06    0.15    0.39 ^ clkbuf_2_0__f_clk/X (sky130_fd_sc_hd__clkbuf_16)
    11    0.04                           clknet_2_0__leaf_clk (net)
                  0.06    0.00    0.40 ^ _445_/CLK (sky130_fd_sc_hd__dfrtp_2)
                          0.25    0.65   clock uncertainty
                         -0.04    0.61   clock reconvergence pessimism
                         -0.03    0.58   library hold time
                                  0.58   data required time
-----------------------------------------------------------------------------
                                  0.58   data required time
                                 -0.97   data arrival time
-----------------------------------------------------------------------------
                                  0.40   slack (MET)


Startpoint: _438_ (rising edge-triggered flip-flop clocked by clk)
Endpoint: _438_ (rising edge-triggered flip-flop clocked by clk)
Path Group: clk
Path Type: min
Corner: Typical

Fanout     Cap    Slew   Delay    Time   Description
-----------------------------------------------------------------------------
                          0.00    0.00   clock clk (rise edge)
                          0.00    0.00   clock source latency
                  0.09    0.06    0.06 ^ clk (in)
     2    0.02                           clk (net)
                  0.09    0.00    0.06 ^ clkbuf_0_clk/A (sky130_fd_sc_hd__clkbuf_16)
                  0.07    0.16    0.22 ^ clkbuf_0_clk/X (sky130_fd_sc_hd__clkbuf_16)
     4    0.05                           clknet_0_clk (net)
                  0.07    0.00    0.22 ^ clkbuf_2_1__f_clk/A (sky130_fd_sc_hd__clkbuf_16)
                  0.07    0.15    0.37 ^ clkbuf_2_1__f_clk/X (sky130_fd_sc_hd__clkbuf_16)
    15    0.05                           clknet_2_1__leaf_clk (net)
                  0.07    0.00    0.37 ^ _438_/CLK (sky130_fd_sc_hd__dfrtp_2)
                  0.14    0.41    0.77 ^ _438_/Q (sky130_fd_sc_hd__dfrtp_2)
     4    0.03                           net17 (net)
                  0.14    0.00    0.77 ^ _263_/A1 (sky130_fd_sc_hd__mux2_1)
                  0.04    0.14    0.91 ^ _263_/X (sky130_fd_sc_hd__mux2_1)
     1    0.00                           _136_ (net)
                  0.04    0.00    0.91 ^ _264_/A (sky130_fd_sc_hd__clkbuf_1)
                  0.04    0.07    0.99 ^ _264_/X (sky130_fd_sc_hd__clkbuf_1)
     1    0.00                           _077_ (net)
                  0.04    0.00    0.99 ^ _438_/D (sky130_fd_sc_hd__dfrtp_2)
                                  0.99   data arrival time

                          0.00    0.00   clock clk (rise edge)
                          0.00    0.00   clock source latency
                  0.09    0.07    0.07 ^ clk (in)
     2    0.02                           clk (net)
                  0.09    0.00    0.07 ^ clkbuf_0_clk/A (sky130_fd_sc_hd__clkbuf_16)
                  0.07    0.17    0.24 ^ clkbuf_0_clk/X (sky130_fd_sc_hd__clkbuf_16)
     4    0.05                           clknet_0_clk (net)
                  0.07    0.00    0.24 ^ clkbuf_2_1__f_clk/A (sky130_fd_sc_hd__clkbuf_16)
                  0.07    0.16    0.40 ^ clkbuf_2_1__f_clk/X (sky130_fd_sc_hd__clkbuf_16)
    15    0.05                           clknet_2_1__leaf_clk (net)
                  0.07    0.00    0.40 ^ _438_/CLK (sky130_fd_sc_hd__dfrtp_2)
                          0.25    0.65   clock uncertainty
                         -0.04    0.62   clock reconvergence pessimism
                         -0.03    0.59   library hold time
                                  0.59   data required time
-----------------------------------------------------------------------------
                                  0.59   data required time
                                 -0.99   data arrival time
-----------------------------------------------------------------------------
                                  0.40   slack (MET)


Startpoint: _409_ (rising edge-triggered flip-flop clocked by clk)
Endpoint: _409_ (rising edge-triggered flip-flop clocked by clk)
Path Group: clk
Path Type: min
Corner: Typical

Fanout     Cap    Slew   Delay    Time   Description
-----------------------------------------------------------------------------
                          0.00    0.00   clock clk (rise edge)
                          0.00    0.00   clock source latency
                  0.09    0.06    0.06 ^ clk (in)
     2    0.02                           clk (net)
                  0.09    0.00    0.06 ^ clkbuf_0_clk/A (sky130_fd_sc_hd__clkbuf_16)
                  0.07    0.16    0.22 ^ clkbuf_0_clk/X (sky130_fd_sc_hd__clkbuf_16)
     4    0.05                           clknet_0_clk (net)
                  0.07    0.00    0.22 ^ clkbuf_2_2__f_clk/A (sky130_fd_sc_hd__clkbuf_16)
                  0.05    0.14    0.35 ^ clkbuf_2_2__f_clk/X (sky130_fd_sc_hd__clkbuf_16)
    11    0.03                           clknet_2_2__leaf_clk (net)
                  0.05    0.00    0.36 ^ _409_/CLK (sky130_fd_sc_hd__dfrtp_2)
                  0.10    0.37    0.73 ^ _409_/Q (sky130_fd_sc_hd__dfrtp_2)
     6    0.02                           tx_inst.clk_count[0] (net)
                  0.10    0.00    0.73 ^ _343_/A_N (sky130_fd_sc_hd__and2b_1)
                  0.03    0.17    0.90 v _343_/X (sky130_fd_sc_hd__and2b_1)
     1    0.00                           _191_ (net)
                  0.03    0.00    0.90 v _344_/A (sky130_fd_sc_hd__clkbuf_1)
                  0.03    0.08    0.98 v _344_/X (sky130_fd_sc_hd__clkbuf_1)
     1    0.00                           _048_ (net)
                  0.03    0.00    0.98 v _409_/D (sky130_fd_sc_hd__dfrtp_2)
                                  0.98   data arrival time

                          0.00    0.00   clock clk (rise edge)
                          0.00    0.00   clock source latency
                  0.09    0.07    0.07 ^ clk (in)
     2    0.02                           clk (net)
                  0.09    0.00    0.07 ^ clkbuf_0_clk/A (sky130_fd_sc_hd__clkbuf_16)
                  0.07    0.17    0.24 ^ clkbuf_0_clk/X (sky130_fd_sc_hd__clkbuf_16)
     4    0.05                           clknet_0_clk (net)
                  0.07    0.00    0.24 ^ clkbuf_2_2__f_clk/A (sky130_fd_sc_hd__clkbuf_16)
                  0.05    0.15    0.39 ^ clkbuf_2_2__f_clk/X (sky130_fd_sc_hd__clkbuf_16)
    11    0.03                           clknet_2_2__leaf_clk (net)
                  0.05    0.00    0.39 ^ _409_/CLK (sky130_fd_sc_hd__dfrtp_2)
                          0.25    0.64   clock uncertainty
                         -0.04    0.61   clock reconvergence pessimism
                         -0.03    0.57   library hold time
                                  0.57   data required time
-----------------------------------------------------------------------------
                                  0.57   data required time
                                 -0.98   data arrival time
-----------------------------------------------------------------------------
                                  0.41   slack (MET)


Startpoint: _418_ (rising edge-triggered flip-flop clocked by clk)
Endpoint: _418_ (rising edge-triggered flip-flop clocked by clk)
Path Group: clk
Path Type: min
Corner: Typical

Fanout     Cap    Slew   Delay    Time   Description
-----------------------------------------------------------------------------
                          0.00    0.00   clock clk (rise edge)
                          0.00    0.00   clock source latency
                  0.09    0.06    0.06 ^ clk (in)
     2    0.02                           clk (net)
                  0.09    0.00    0.06 ^ clkbuf_0_clk/A (sky130_fd_sc_hd__clkbuf_16)
                  0.07    0.16    0.22 ^ clkbuf_0_clk/X (sky130_fd_sc_hd__clkbuf_16)
     4    0.05                           clknet_0_clk (net)
                  0.07    0.00    0.22 ^ clkbuf_2_0__f_clk/A (sky130_fd_sc_hd__clkbuf_16)
                  0.06    0.14    0.36 ^ clkbuf_2_0__f_clk/X (sky130_fd_sc_hd__clkbuf_16)
    11    0.04                           clknet_2_0__leaf_clk (net)
                  0.06    0.00    0.36 ^ _418_/CLK (sky130_fd_sc_hd__dfrtp_1)
                  0.06    0.31    0.67 ^ _418_/Q (sky130_fd_sc_hd__dfrtp_1)
     2    0.00                           rx_inst.state[1] (net)
                  0.06    0.00    0.67 ^ _219_/A (sky130_fd_sc_hd__buf_2)
                  0.18    0.20    0.87 ^ _219_/X (sky130_fd_sc_hd__buf_2)
    10    0.04                           _100_ (net)
                  0.18    0.00    0.87 ^ _326_/A1 (sky130_fd_sc_hd__a21bo_1)
                  0.03    0.12    0.99 ^ _326_/X (sky130_fd_sc_hd__a21bo_1)
     1    0.00                           _057_ (net)
                  0.03    0.00    0.99 ^ _418_/D (sky130_fd_sc_hd__dfrtp_1)
                                  0.99   data arrival time

                          0.00    0.00   clock clk (rise edge)
                          0.00    0.00   clock source latency
                  0.09    0.07    0.07 ^ clk (in)
     2    0.02                           clk (net)
                  0.09    0.00    0.07 ^ clkbuf_0_clk/A (sky130_fd_sc_hd__clkbuf_16)
                  0.07    0.17    0.24 ^ clkbuf_0_clk/X (sky130_fd_sc_hd__clkbuf_16)
     4    0.05                           clknet_0_clk (net)
                  0.07    0.00    0.24 ^ clkbuf_2_0__f_clk/A (sky130_fd_sc_hd__clkbuf_16)
                  0.06    0.15    0.39 ^ clkbuf_2_0__f_clk/X (sky130_fd_sc_hd__clkbuf_16)
    11    0.04                           clknet_2_0__leaf_clk (net)
                  0.06    0.00    0.40 ^ _418_/CLK (sky130_fd_sc_hd__dfrtp_1)
                          0.25    0.65   clock uncertainty
                         -0.04    0.61   clock reconvergence pessimism
                         -0.03    0.58   library hold time
                                  0.58   data required time
-----------------------------------------------------------------------------
                                  0.58   data required time
                                 -0.99   data arrival time
-----------------------------------------------------------------------------
                                  0.41   slack (MET)


Startpoint: _436_ (rising edge-triggered flip-flop clocked by clk)
Endpoint: _436_ (rising edge-triggered flip-flop clocked by clk)
Path Group: clk
Path Type: min
Corner: Typical

Fanout     Cap    Slew   Delay    Time   Description
-----------------------------------------------------------------------------
                          0.00    0.00   clock clk (rise edge)
                          0.00    0.00   clock source latency
                  0.09    0.06    0.06 ^ clk (in)
     2    0.02                           clk (net)
                  0.09    0.00    0.06 ^ clkbuf_0_clk/A (sky130_fd_sc_hd__clkbuf_16)
                  0.07    0.16    0.22 ^ clkbuf_0_clk/X (sky130_fd_sc_hd__clkbuf_16)
     4    0.05                           clknet_0_clk (net)
                  0.07    0.00    0.22 ^ clkbuf_2_0__f_clk/A (sky130_fd_sc_hd__clkbuf_16)
                  0.06    0.14    0.36 ^ clkbuf_2_0__f_clk/X (sky130_fd_sc_hd__clkbuf_16)
    11    0.04                           clknet_2_0__leaf_clk (net)
                  0.06    0.00    0.36 ^ _436_/CLK (sky130_fd_sc_hd__dfrtp_1)
                  0.19    0.41    0.77 ^ _436_/Q (sky130_fd_sc_hd__dfrtp_1)
     4    0.02                           net15 (net)
                  0.19    0.00    0.77 ^ _269_/A1 (sky130_fd_sc_hd__mux2_1)
                  0.04    0.15    0.92 ^ _269_/X (sky130_fd_sc_hd__mux2_1)
     1    0.00                           _140_ (net)
                  0.04    0.00    0.92 ^ _270_/A (sky130_fd_sc_hd__clkbuf_1)
                  0.04    0.07    0.99 ^ _270_/X (sky130_fd_sc_hd__clkbuf_1)
     1    0.00                           _075_ (net)
                  0.04    0.00    0.99 ^ _436_/D (sky130_fd_sc_hd__dfrtp_1)
                                  0.99   data arrival time

                          0.00    0.00   clock clk (rise edge)
                          0.00    0.00   clock source latency
                  0.09    0.07    0.07 ^ clk (in)
     2    0.02                           clk (net)
                  0.09    0.00    0.07 ^ clkbuf_0_clk/A (sky130_fd_sc_hd__clkbuf_16)
                  0.07    0.17    0.24 ^ clkbuf_0_clk/X (sky130_fd_sc_hd__clkbuf_16)
     4    0.05                           clknet_0_clk (net)
                  0.07    0.00    0.24 ^ clkbuf_2_0__f_clk/A (sky130_fd_sc_hd__clkbuf_16)
                  0.06    0.15    0.39 ^ clkbuf_2_0__f_clk/X (sky130_fd_sc_hd__clkbuf_16)
    11    0.04                           clknet_2_0__leaf_clk (net)
                  0.06    0.00    0.40 ^ _436_/CLK (sky130_fd_sc_hd__dfrtp_1)
                          0.25    0.65   clock uncertainty
                         -0.04    0.61   clock reconvergence pessimism
                         -0.03    0.58   library hold time
                                  0.58   data required time
-----------------------------------------------------------------------------
                                  0.58   data required time
                                 -0.99   data arrival time
-----------------------------------------------------------------------------
                                  0.42   slack (MET)


Startpoint: _431_ (rising edge-triggered flip-flop clocked by clk)
Endpoint: _407_ (rising edge-triggered flip-flop clocked by clk)
Path Group: clk
Path Type: min
Corner: Typical

Fanout     Cap    Slew   Delay    Time   Description
-----------------------------------------------------------------------------
                          0.00    0.00   clock clk (rise edge)
                          0.00    0.00   clock source latency
                  0.09    0.06    0.06 ^ clk (in)
     2    0.02                           clk (net)
                  0.09    0.00    0.06 ^ clkbuf_0_clk/A (sky130_fd_sc_hd__clkbuf_16)
                  0.07    0.16    0.22 ^ clkbuf_0_clk/X (sky130_fd_sc_hd__clkbuf_16)
     4    0.05                           clknet_0_clk (net)
                  0.07    0.00    0.22 ^ clkbuf_2_2__f_clk/A (sky130_fd_sc_hd__clkbuf_16)
                  0.05    0.14    0.35 ^ clkbuf_2_2__f_clk/X (sky130_fd_sc_hd__clkbuf_16)
    11    0.03                           clknet_2_2__leaf_clk (net)
                  0.05    0.00    0.36 ^ _431_/CLK (sky130_fd_sc_hd__dfrtp_4)
                  0.10    0.42    0.78 ^ _431_/Q (sky130_fd_sc_hd__dfrtp_4)
     7    0.02                           tx_inst.state[1] (net)
                  0.10    0.00    0.78 ^ _352_/A1 (sky130_fd_sc_hd__a21o_1)
                  0.05    0.12    0.90 ^ _352_/X (sky130_fd_sc_hd__a21o_1)
     1    0.00                           _198_ (net)
                  0.05    0.00    0.90 ^ _353_/B1 (sky130_fd_sc_hd__o21a_1)
                  0.04    0.10    1.00 ^ _353_/X (sky130_fd_sc_hd__o21a_1)
     1    0.00                           _046_ (net)
                  0.04    0.00    1.00 ^ _407_/D (sky130_fd_sc_hd__dfrtp_1)
                                  1.00   data arrival time

                          0.00    0.00   clock clk (rise edge)
                          0.00    0.00   clock source latency
                  0.09    0.07    0.07 ^ clk (in)
     2    0.02                           clk (net)
                  0.09    0.00    0.07 ^ clkbuf_0_clk/A (sky130_fd_sc_hd__clkbuf_16)
                  0.07    0.17    0.24 ^ clkbuf_0_clk/X (sky130_fd_sc_hd__clkbuf_16)
     4    0.05                           clknet_0_clk (net)
                  0.07    0.00    0.24 ^ clkbuf_2_3__f_clk/A (sky130_fd_sc_hd__clkbuf_16)
                  0.05    0.15    0.39 ^ clkbuf_2_3__f_clk/X (sky130_fd_sc_hd__clkbuf_16)
     8    0.03                           clknet_2_3__leaf_clk (net)
                  0.05    0.00    0.39 ^ _407_/CLK (sky130_fd_sc_hd__dfrtp_1)
                          0.25    0.64   clock uncertainty
                         -0.02    0.62   clock reconvergence pessimism
                         -0.03    0.58   library hold time
                                  0.58   data required time
-----------------------------------------------------------------------------
                                  0.58   data required time
                                 -1.00   data arrival time
-----------------------------------------------------------------------------
                                  0.42   slack (MET)


Startpoint: _430_ (rising edge-triggered flip-flop clocked by clk)
Endpoint: _430_ (rising edge-triggered flip-flop clocked by clk)
Path Group: clk
Path Type: min
Corner: Typical

Fanout     Cap    Slew   Delay    Time   Description
-----------------------------------------------------------------------------
                          0.00    0.00   clock clk (rise edge)
                          0.00    0.00   clock source latency
                  0.09    0.06    0.06 ^ clk (in)
     2    0.02                           clk (net)
                  0.09    0.00    0.06 ^ clkbuf_0_clk/A (sky130_fd_sc_hd__clkbuf_16)
                  0.07    0.16    0.22 ^ clkbuf_0_clk/X (sky130_fd_sc_hd__clkbuf_16)
     4    0.05                           clknet_0_clk (net)
                  0.07    0.00    0.22 ^ clkbuf_2_2__f_clk/A (sky130_fd_sc_hd__clkbuf_16)
                  0.05    0.14    0.35 ^ clkbuf_2_2__f_clk/X (sky130_fd_sc_hd__clkbuf_16)
    11    0.03                           clknet_2_2__leaf_clk (net)
                  0.05    0.00    0.36 ^ _430_/CLK (sky130_fd_sc_hd__dfrtp_4)
                  0.09    0.42    0.78 ^ _430_/Q (sky130_fd_sc_hd__dfrtp_4)
     7    0.02                           tx_inst.state[0] (net)
                  0.09    0.00    0.78 ^ _294_/S (sky130_fd_sc_hd__mux2_1)
                  0.05    0.14    0.91 ^ _294_/X (sky130_fd_sc_hd__mux2_1)
     1    0.00                           _159_ (net)
                  0.05    0.00    0.91 ^ _295_/A (sky130_fd_sc_hd__clkbuf_1)
                  0.05    0.08    0.99 ^ _295_/X (sky130_fd_sc_hd__clkbuf_1)
     1    0.00                           _069_ (net)
                  0.05    0.00    0.99 ^ _430_/D (sky130_fd_sc_hd__dfrtp_4)
                                  0.99   data arrival time

                          0.00    0.00   clock clk (rise edge)
                          0.00    0.00   clock source latency
                  0.09    0.07    0.07 ^ clk (in)
     2    0.02                           clk (net)
                  0.09    0.00    0.07 ^ clkbuf_0_clk/A (sky130_fd_sc_hd__clkbuf_16)
                  0.07    0.17    0.24 ^ clkbuf_0_clk/X (sky130_fd_sc_hd__clkbuf_16)
     4    0.05                           clknet_0_clk (net)
                  0.07    0.00    0.24 ^ clkbuf_2_2__f_clk/A (sky130_fd_sc_hd__clkbuf_16)
                  0.05    0.15    0.39 ^ clkbuf_2_2__f_clk/X (sky130_fd_sc_hd__clkbuf_16)
    11    0.03                           clknet_2_2__leaf_clk (net)
                  0.05    0.00    0.39 ^ _430_/CLK (sky130_fd_sc_hd__dfrtp_4)
                          0.25    0.64   clock uncertainty
                         -0.04    0.61   clock reconvergence pessimism
                         -0.03    0.57   library hold time
                                  0.57   data required time
-----------------------------------------------------------------------------
                                  0.57   data required time
                                 -0.99   data arrival time
-----------------------------------------------------------------------------
                                  0.42   slack (MET)


Startpoint: _411_ (rising edge-triggered flip-flop clocked by clk)
Endpoint: _411_ (rising edge-triggered flip-flop clocked by clk)
Path Group: clk
Path Type: min
Corner: Typical

Fanout     Cap    Slew   Delay    Time   Description
-----------------------------------------------------------------------------
                          0.00    0.00   clock clk (rise edge)
                          0.00    0.00   clock source latency
                  0.09    0.06    0.06 ^ clk (in)
     2    0.02                           clk (net)
                  0.09    0.00    0.06 ^ clkbuf_0_clk/A (sky130_fd_sc_hd__clkbuf_16)
                  0.07    0.16    0.22 ^ clkbuf_0_clk/X (sky130_fd_sc_hd__clkbuf_16)
     4    0.05                           clknet_0_clk (net)
                  0.07    0.00    0.22 ^ clkbuf_2_3__f_clk/A (sky130_fd_sc_hd__clkbuf_16)
                  0.05    0.13    0.35 ^ clkbuf_2_3__f_clk/X (sky130_fd_sc_hd__clkbuf_16)
     8    0.03                           clknet_2_3__leaf_clk (net)
                  0.05    0.00    0.35 ^ _411_/CLK (sky130_fd_sc_hd__dfrtp_1)
                  0.09    0.34    0.69 ^ _411_/Q (sky130_fd_sc_hd__dfrtp_1)
     3    0.01                           tx_inst.clk_count[2] (net)
                  0.09    0.00    0.69 ^ _336_/B1 (sky130_fd_sc_hd__a21o_1)
                  0.03    0.08    0.78 ^ _336_/X (sky130_fd_sc_hd__a21o_1)
     1    0.00                           _186_ (net)
                  0.03    0.00    0.78 ^ _337_/C (sky130_fd_sc_hd__and3_1)
                  0.05    0.14    0.91 ^ _337_/X (sky130_fd_sc_hd__and3_1)
     1    0.00                           _187_ (net)
                  0.05    0.00    0.91 ^ _338_/A (sky130_fd_sc_hd__clkbuf_1)
                  0.04    0.08    0.99 ^ _338_/X (sky130_fd_sc_hd__clkbuf_1)
     1    0.00                           _050_ (net)
                  0.04    0.00    0.99 ^ _411_/D (sky130_fd_sc_hd__dfrtp_1)
                                  0.99   data arrival time

                          0.00    0.00   clock clk (rise edge)
                          0.00    0.00   clock source latency
                  0.09    0.07    0.07 ^ clk (in)
     2    0.02                           clk (net)
                  0.09    0.00    0.07 ^ clkbuf_0_clk/A (sky130_fd_sc_hd__clkbuf_16)
                  0.07    0.17    0.24 ^ clkbuf_0_clk/X (sky130_fd_sc_hd__clkbuf_16)
     4    0.05                           clknet_0_clk (net)
                  0.07    0.00    0.24 ^ clkbuf_2_3__f_clk/A (sky130_fd_sc_hd__clkbuf_16)
                  0.05    0.15    0.39 ^ clkbuf_2_3__f_clk/X (sky130_fd_sc_hd__clkbuf_16)
     8    0.03                           clknet_2_3__leaf_clk (net)
                  0.05    0.00    0.39 ^ _411_/CLK (sky130_fd_sc_hd__dfrtp_1)
                          0.25    0.64   clock uncertainty
                         -0.04    0.60   clock reconvergence pessimism
                         -0.03    0.57   library hold time
                                  0.57   data required time
-----------------------------------------------------------------------------
                                  0.57   data required time
                                 -0.99   data arrival time
-----------------------------------------------------------------------------
                                  0.42   slack (MET)


Startpoint: _412_ (rising edge-triggered flip-flop clocked by clk)
Endpoint: _412_ (rising edge-triggered flip-flop clocked by clk)
Path Group: clk
Path Type: min
Corner: Typical

Fanout     Cap    Slew   Delay    Time   Description
-----------------------------------------------------------------------------
                          0.00    0.00   clock clk (rise edge)
                          0.00    0.00   clock source latency
                  0.09    0.06    0.06 ^ clk (in)
     2    0.02                           clk (net)
                  0.09    0.00    0.06 ^ clkbuf_0_clk/A (sky130_fd_sc_hd__clkbuf_16)
                  0.07    0.16    0.22 ^ clkbuf_0_clk/X (sky130_fd_sc_hd__clkbuf_16)
     4    0.05                           clknet_0_clk (net)
                  0.07    0.00    0.22 ^ clkbuf_2_3__f_clk/A (sky130_fd_sc_hd__clkbuf_16)
                  0.05    0.13    0.35 ^ clkbuf_2_3__f_clk/X (sky130_fd_sc_hd__clkbuf_16)
     8    0.03                           clknet_2_3__leaf_clk (net)
                  0.05    0.00    0.35 ^ _412_/CLK (sky130_fd_sc_hd__dfrtp_1)
                  0.09    0.34    0.69 ^ _412_/Q (sky130_fd_sc_hd__dfrtp_1)
     2    0.01                           tx_inst.clk_count[3] (net)
                  0.09    0.00    0.69 ^ _330_/A (sky130_fd_sc_hd__inv_2)
                  0.03    0.04    0.73 v _330_/Y (sky130_fd_sc_hd__inv_2)
     2    0.01                           _181_ (net)
                  0.03    0.00    0.73 v _332_/A (sky130_fd_sc_hd__nand2_1)
                  0.04    0.05    0.78 ^ _332_/Y (sky130_fd_sc_hd__nand2_1)
     1    0.00                           _183_ (net)
                  0.04    0.00    0.78 ^ _334_/B (sky130_fd_sc_hd__and3_1)
                  0.06    0.14    0.92 ^ _334_/X (sky130_fd_sc_hd__and3_1)
     1    0.00                           _185_ (net)
                  0.06    0.00    0.92 ^ _335_/A (sky130_fd_sc_hd__clkbuf_1)
                  0.04    0.08    1.00 ^ _335_/X (sky130_fd_sc_hd__clkbuf_1)
     1    0.00                           _051_ (net)
                  0.04    0.00    1.00 ^ _412_/D (sky130_fd_sc_hd__dfrtp_1)
                                  1.00   data arrival time

                          0.00    0.00   clock clk (rise edge)
                          0.00    0.00   clock source latency
                  0.09    0.07    0.07 ^ clk (in)
     2    0.02                           clk (net)
                  0.09    0.00    0.07 ^ clkbuf_0_clk/A (sky130_fd_sc_hd__clkbuf_16)
                  0.07    0.17    0.24 ^ clkbuf_0_clk/X (sky130_fd_sc_hd__clkbuf_16)
     4    0.05                           clknet_0_clk (net)
                  0.07    0.00    0.24 ^ clkbuf_2_3__f_clk/A (sky130_fd_sc_hd__clkbuf_16)
                  0.05    0.15    0.39 ^ clkbuf_2_3__f_clk/X (sky130_fd_sc_hd__clkbuf_16)
     8    0.03                           clknet_2_3__leaf_clk (net)
                  0.05    0.00    0.39 ^ _412_/CLK (sky130_fd_sc_hd__dfrtp_1)
                          0.25    0.64   clock uncertainty
                         -0.04    0.60   clock reconvergence pessimism
                         -0.03    0.57   library hold time
                                  0.57   data required time
-----------------------------------------------------------------------------
                                  0.57   data required time
                                 -1.00   data arrival time
-----------------------------------------------------------------------------
                                  0.43   slack (MET)


Startpoint: _440_ (rising edge-triggered flip-flop clocked by clk)
Endpoint: _440_ (rising edge-triggered flip-flop clocked by clk)
Path Group: clk
Path Type: min
Corner: Typical

Fanout     Cap    Slew   Delay    Time   Description
-----------------------------------------------------------------------------
                          0.00    0.00   clock clk (rise edge)
                          0.00    0.00   clock source latency
                  0.09    0.06    0.06 ^ clk (in)
     2    0.02                           clk (net)
                  0.09    0.00    0.06 ^ clkbuf_0_clk/A (sky130_fd_sc_hd__clkbuf_16)
                  0.07    0.16    0.22 ^ clkbuf_0_clk/X (sky130_fd_sc_hd__clkbuf_16)
     4    0.05                           clknet_0_clk (net)
                  0.07    0.00    0.22 ^ clkbuf_2_0__f_clk/A (sky130_fd_sc_hd__clkbuf_16)
                  0.06    0.14    0.36 ^ clkbuf_2_0__f_clk/X (sky130_fd_sc_hd__clkbuf_16)
    11    0.04                           clknet_2_0__leaf_clk (net)
                  0.06    0.00    0.36 ^ _440_/CLK (sky130_fd_sc_hd__dfrtp_4)
                  0.11    0.43    0.79 ^ _440_/Q (sky130_fd_sc_hd__dfrtp_4)
     9    0.03                           rx_inst.bit_index[0] (net)
                  0.11    0.00    0.79 ^ _254_/S (sky130_fd_sc_hd__mux2_1)
                  0.05    0.14    0.93 ^ _254_/X (sky130_fd_sc_hd__mux2_1)
     1    0.00                           _129_ (net)
                  0.05    0.00    0.93 ^ _255_/A (sky130_fd_sc_hd__clkbuf_1)
                  0.05    0.08    1.01 ^ _255_/X (sky130_fd_sc_hd__clkbuf_1)
     1    0.00                           _079_ (net)
                  0.05    0.00    1.01 ^ _440_/D (sky130_fd_sc_hd__dfrtp_4)
                                  1.01   data arrival time

                          0.00    0.00   clock clk (rise edge)
                          0.00    0.00   clock source latency
                  0.09    0.07    0.07 ^ clk (in)
     2    0.02                           clk (net)
                  0.09    0.00    0.07 ^ clkbuf_0_clk/A (sky130_fd_sc_hd__clkbuf_16)
                  0.07    0.17    0.24 ^ clkbuf_0_clk/X (sky130_fd_sc_hd__clkbuf_16)
     4    0.05                           clknet_0_clk (net)
                  0.07    0.00    0.24 ^ clkbuf_2_0__f_clk/A (sky130_fd_sc_hd__clkbuf_16)
                  0.06    0.15    0.39 ^ clkbuf_2_0__f_clk/X (sky130_fd_sc_hd__clkbuf_16)
    11    0.04                           clknet_2_0__leaf_clk (net)
                  0.06    0.00    0.40 ^ _440_/CLK (sky130_fd_sc_hd__dfrtp_4)
                          0.25    0.65   clock uncertainty
                         -0.04    0.61   clock reconvergence pessimism
                         -0.03    0.57   library hold time
                                  0.57   data required time
-----------------------------------------------------------------------------
                                  0.57   data required time
                                 -1.01   data arrival time
-----------------------------------------------------------------------------
                                  0.43   slack (MET)


Startpoint: _417_ (rising edge-triggered flip-flop clocked by clk)
Endpoint: _441_ (rising edge-triggered flip-flop clocked by clk)
Path Group: clk
Path Type: min
Corner: Typical

Fanout     Cap    Slew   Delay    Time   Description
-----------------------------------------------------------------------------
                          0.00    0.00   clock clk (rise edge)
                          0.00    0.00   clock source latency
                  0.09    0.06    0.06 ^ clk (in)
     2    0.02                           clk (net)
                  0.09    0.00    0.06 ^ clkbuf_0_clk/A (sky130_fd_sc_hd__clkbuf_16)
                  0.07    0.16    0.22 ^ clkbuf_0_clk/X (sky130_fd_sc_hd__clkbuf_16)
     4    0.05                           clknet_0_clk (net)
                  0.07    0.00    0.22 ^ clkbuf_2_2__f_clk/A (sky130_fd_sc_hd__clkbuf_16)
                  0.05    0.14    0.35 ^ clkbuf_2_2__f_clk/X (sky130_fd_sc_hd__clkbuf_16)
    11    0.03                           clknet_2_2__leaf_clk (net)
                  0.05    0.00    0.36 ^ _417_/CLK (sky130_fd_sc_hd__dfrtp_4)
                  0.10    0.42    0.78 ^ _417_/Q (sky130_fd_sc_hd__dfrtp_4)
     7    0.02                           rx_inst.state[0] (net)
                  0.10    0.00    0.78 ^ _241_/A (sky130_fd_sc_hd__inv_2)
                  0.05    0.07    0.85 v _241_/Y (sky130_fd_sc_hd__inv_2)
     7    0.02                           _118_ (net)
                  0.05    0.00    0.85 v _247_/A (sky130_fd_sc_hd__nand2_1)
                  0.06    0.07    0.92 ^ _247_/Y (sky130_fd_sc_hd__nand2_1)
     2    0.01                           _123_ (net)
                  0.06    0.00    0.92 ^ _252_/A2 (sky130_fd_sc_hd__a21bo_1)
                  0.04    0.11    1.02 ^ _252_/X (sky130_fd_sc_hd__a21bo_1)
     1    0.00                           _080_ (net)
                  0.04    0.00    1.02 ^ _441_/D (sky130_fd_sc_hd__dfrtp_2)
                                  1.02   data arrival time

                          0.00    0.00   clock clk (rise edge)
                          0.00    0.00   clock source latency
                  0.09    0.07    0.07 ^ clk (in)
     2    0.02                           clk (net)
                  0.09    0.00    0.07 ^ clkbuf_0_clk/A (sky130_fd_sc_hd__clkbuf_16)
                  0.07    0.17    0.24 ^ clkbuf_0_clk/X (sky130_fd_sc_hd__clkbuf_16)
     4    0.05                           clknet_0_clk (net)
                  0.07    0.00    0.24 ^ clkbuf_2_0__f_clk/A (sky130_fd_sc_hd__clkbuf_16)
                  0.06    0.15    0.39 ^ clkbuf_2_0__f_clk/X (sky130_fd_sc_hd__clkbuf_16)
    11    0.04                           clknet_2_0__leaf_clk (net)
                  0.06    0.00    0.40 ^ _441_/CLK (sky130_fd_sc_hd__dfrtp_2)
                          0.25    0.65   clock uncertainty
                         -0.02    0.62   clock reconvergence pessimism
                         -0.03    0.59   library hold time
                                  0.59   data required time
-----------------------------------------------------------------------------
                                  0.59   data required time
                                 -1.02   data arrival time
-----------------------------------------------------------------------------
                                  0.43   slack (MET)


Startpoint: _417_ (rising edge-triggered flip-flop clocked by clk)
Endpoint: _421_ (rising edge-triggered flip-flop clocked by clk)
Path Group: clk
Path Type: min
Corner: Typical

Fanout     Cap    Slew   Delay    Time   Description
-----------------------------------------------------------------------------
                          0.00    0.00   clock clk (rise edge)
                          0.00    0.00   clock source latency
                  0.09    0.06    0.06 ^ clk (in)
     2    0.02                           clk (net)
                  0.09    0.00    0.06 ^ clkbuf_0_clk/A (sky130_fd_sc_hd__clkbuf_16)
                  0.07    0.16    0.22 ^ clkbuf_0_clk/X (sky130_fd_sc_hd__clkbuf_16)
     4    0.05                           clknet_0_clk (net)
                  0.07    0.00    0.22 ^ clkbuf_2_2__f_clk/A (sky130_fd_sc_hd__clkbuf_16)
                  0.05    0.14    0.35 ^ clkbuf_2_2__f_clk/X (sky130_fd_sc_hd__clkbuf_16)
    11    0.03                           clknet_2_2__leaf_clk (net)
                  0.05    0.00    0.36 ^ _417_/CLK (sky130_fd_sc_hd__dfrtp_4)
                  0.08    0.48    0.83 v _417_/Q (sky130_fd_sc_hd__dfrtp_4)
     7    0.02                           rx_inst.state[0] (net)
                  0.08    0.00    0.84 v _241_/A (sky130_fd_sc_hd__inv_2)
                  0.10    0.11    0.94 ^ _241_/Y (sky130_fd_sc_hd__inv_2)
     7    0.02                           _118_ (net)
                  0.10    0.00    0.94 ^ _314_/A2 (sky130_fd_sc_hd__o31ai_1)
                  0.04    0.08    1.02 v _314_/Y (sky130_fd_sc_hd__o31ai_1)
     1    0.00                           _060_ (net)
                  0.04    0.00    1.02 v _421_/D (sky130_fd_sc_hd__dfrtp_1)
                                  1.02   data arrival time

                          0.00    0.00   clock clk (rise edge)
                          0.00    0.00   clock source latency
                  0.09    0.07    0.07 ^ clk (in)
     2    0.02                           clk (net)
                  0.09    0.00    0.07 ^ clkbuf_0_clk/A (sky130_fd_sc_hd__clkbuf_16)
                  0.07    0.17    0.24 ^ clkbuf_0_clk/X (sky130_fd_sc_hd__clkbuf_16)
     4    0.05                           clknet_0_clk (net)
                  0.07    0.00    0.24 ^ clkbuf_2_0__f_clk/A (sky130_fd_sc_hd__clkbuf_16)
                  0.06    0.15    0.39 ^ clkbuf_2_0__f_clk/X (sky130_fd_sc_hd__clkbuf_16)
    11    0.04                           clknet_2_0__leaf_clk (net)
                  0.06    0.00    0.40 ^ _421_/CLK (sky130_fd_sc_hd__dfrtp_1)
                          0.25    0.65   clock uncertainty
                         -0.02    0.62   clock reconvergence pessimism
                         -0.04    0.58   library hold time
                                  0.58   data required time
-----------------------------------------------------------------------------
                                  0.58   data required time
                                 -1.02   data arrival time
-----------------------------------------------------------------------------
                                  0.44   slack (MET)


Startpoint: _443_ (rising edge-triggered flip-flop clocked by clk)
Endpoint: _443_ (rising edge-triggered flip-flop clocked by clk)
Path Group: clk
Path Type: min
Corner: Typical

Fanout     Cap    Slew   Delay    Time   Description
-----------------------------------------------------------------------------
                          0.00    0.00   clock clk (rise edge)
                          0.00    0.00   clock source latency
                  0.09    0.06    0.06 ^ clk (in)
     2    0.02                           clk (net)
                  0.09    0.00    0.06 ^ clkbuf_0_clk/A (sky130_fd_sc_hd__clkbuf_16)
                  0.07    0.16    0.22 ^ clkbuf_0_clk/X (sky130_fd_sc_hd__clkbuf_16)
     4    0.05                           clknet_0_clk (net)
                  0.07    0.00    0.22 ^ clkbuf_2_1__f_clk/A (sky130_fd_sc_hd__clkbuf_16)
                  0.07    0.15    0.37 ^ clkbuf_2_1__f_clk/X (sky130_fd_sc_hd__clkbuf_16)
    15    0.05                           clknet_2_1__leaf_clk (net)
                  0.07    0.00    0.37 ^ _443_/CLK (sky130_fd_sc_hd__dfrtp_4)
                  0.08    0.49    0.85 v _443_/Q (sky130_fd_sc_hd__dfrtp_4)
     7    0.02                           rx_inst.clk_count[0] (net)
                  0.08    0.00    0.85 v _239_/A (sky130_fd_sc_hd__inv_2)
                  0.04    0.06    0.91 ^ _239_/Y (sky130_fd_sc_hd__inv_2)
     1    0.00                           _117_ (net)
                  0.04    0.00    0.91 ^ _240_/B2 (sky130_fd_sc_hd__a32o_1)
                  0.06    0.11    1.02 ^ _240_/X (sky130_fd_sc_hd__a32o_1)
     1    0.00                           _082_ (net)
                  0.06    0.00    1.02 ^ _443_/D (sky130_fd_sc_hd__dfrtp_4)
                                  1.02   data arrival time

                          0.00    0.00   clock clk (rise edge)
                          0.00    0.00   clock source latency
                  0.09    0.07    0.07 ^ clk (in)
     2    0.02                           clk (net)
                  0.09    0.00    0.07 ^ clkbuf_0_clk/A (sky130_fd_sc_hd__clkbuf_16)
                  0.07    0.17    0.24 ^ clkbuf_0_clk/X (sky130_fd_sc_hd__clkbuf_16)
     4    0.05                           clknet_0_clk (net)
                  0.07    0.00    0.24 ^ clkbuf_2_1__f_clk/A (sky130_fd_sc_hd__clkbuf_16)
                  0.07    0.16    0.40 ^ clkbuf_2_1__f_clk/X (sky130_fd_sc_hd__clkbuf_16)
    15    0.05                           clknet_2_1__leaf_clk (net)
                  0.07    0.00    0.40 ^ _443_/CLK (sky130_fd_sc_hd__dfrtp_4)
                          0.25    0.65   clock uncertainty
                         -0.04    0.62   clock reconvergence pessimism
                         -0.03    0.58   library hold time
                                  0.58   data required time
-----------------------------------------------------------------------------
                                  0.58   data required time
                                 -1.02   data arrival time
-----------------------------------------------------------------------------
                                  0.44   slack (MET)


Startpoint: _446_ (rising edge-triggered flip-flop clocked by clk)
Endpoint: _446_ (rising edge-triggered flip-flop clocked by clk)
Path Group: clk
Path Type: min
Corner: Typical

Fanout     Cap    Slew   Delay    Time   Description
-----------------------------------------------------------------------------
                          0.00    0.00   clock clk (rise edge)
                          0.00    0.00   clock source latency
                  0.09    0.06    0.06 ^ clk (in)
     2    0.02                           clk (net)
                  0.09    0.00    0.06 ^ clkbuf_0_clk/A (sky130_fd_sc_hd__clkbuf_16)
                  0.07    0.16    0.22 ^ clkbuf_0_clk/X (sky130_fd_sc_hd__clkbuf_16)
     4    0.05                           clknet_0_clk (net)
                  0.07    0.00    0.22 ^ clkbuf_2_1__f_clk/A (sky130_fd_sc_hd__clkbuf_16)
                  0.07    0.15    0.37 ^ clkbuf_2_1__f_clk/X (sky130_fd_sc_hd__clkbuf_16)
    15    0.05                           clknet_2_1__leaf_clk (net)
                  0.07    0.00    0.37 ^ _446_/CLK (sky130_fd_sc_hd__dfrtp_1)
                  0.12    0.36    0.73 ^ _446_/Q (sky130_fd_sc_hd__dfrtp_1)
     5    0.01                           rx_inst.clk_count[3] (net)
                  0.12    0.00    0.73 ^ _225_/B1 (sky130_fd_sc_hd__a31o_1)
                  0.04    0.10    0.83 ^ _225_/X (sky130_fd_sc_hd__a31o_1)
     1    0.00                           _106_ (net)
                  0.04    0.00    0.83 ^ _226_/C (sky130_fd_sc_hd__and3b_1)
                  0.05    0.14    0.97 ^ _226_/X (sky130_fd_sc_hd__and3b_1)
     1    0.00                           _107_ (net)
                  0.05    0.00    0.97 ^ _227_/A (sky130_fd_sc_hd__clkbuf_1)
                  0.04    0.08    1.04 ^ _227_/X (sky130_fd_sc_hd__clkbuf_1)
     1    0.00                           _085_ (net)
                  0.04    0.00    1.04 ^ _446_/D (sky130_fd_sc_hd__dfrtp_1)
                                  1.04   data arrival time

                          0.00    0.00   clock clk (rise edge)
                          0.00    0.00   clock source latency
                  0.09    0.07    0.07 ^ clk (in)
     2    0.02                           clk (net)
                  0.09    0.00    0.07 ^ clkbuf_0_clk/A (sky130_fd_sc_hd__clkbuf_16)
                  0.07    0.17    0.24 ^ clkbuf_0_clk/X (sky130_fd_sc_hd__clkbuf_16)
     4    0.05                           clknet_0_clk (net)
                  0.07    0.00    0.24 ^ clkbuf_2_1__f_clk/A (sky130_fd_sc_hd__clkbuf_16)
                  0.07    0.16    0.40 ^ clkbuf_2_1__f_clk/X (sky130_fd_sc_hd__clkbuf_16)
    15    0.05                           clknet_2_1__leaf_clk (net)
                  0.07    0.00    0.40 ^ _446_/CLK (sky130_fd_sc_hd__dfrtp_1)
                          0.25    0.65   clock uncertainty
                         -0.04    0.62   clock reconvergence pessimism
                         -0.03    0.59   library hold time
                                  0.59   data required time
-----------------------------------------------------------------------------
                                  0.59   data required time
                                 -1.04   data arrival time
-----------------------------------------------------------------------------
                                  0.46   slack (MET)


Startpoint: _415_ (rising edge-triggered flip-flop clocked by clk)
Endpoint: _431_ (rising edge-triggered flip-flop clocked by clk)
Path Group: clk
Path Type: min
Corner: Typical

Fanout     Cap    Slew   Delay    Time   Description
-----------------------------------------------------------------------------
                          0.00    0.00   clock clk (rise edge)
                          0.00    0.00   clock source latency
                  0.09    0.06    0.06 ^ clk (in)
     2    0.02                           clk (net)
                  0.09    0.00    0.06 ^ clkbuf_0_clk/A (sky130_fd_sc_hd__clkbuf_16)
                  0.07    0.16    0.22 ^ clkbuf_0_clk/X (sky130_fd_sc_hd__clkbuf_16)
     4    0.05                           clknet_0_clk (net)
                  0.07    0.00    0.22 ^ clkbuf_2_2__f_clk/A (sky130_fd_sc_hd__clkbuf_16)
                  0.05    0.14    0.35 ^ clkbuf_2_2__f_clk/X (sky130_fd_sc_hd__clkbuf_16)
    11    0.03                           clknet_2_2__leaf_clk (net)
                  0.05    0.00    0.36 ^ _415_/CLK (sky130_fd_sc_hd__dfrtp_1)
                  0.04    0.30    0.65 ^ _415_/Q (sky130_fd_sc_hd__dfrtp_1)
     1    0.00                           tx_inst.clk_count[6] (net)
                  0.04    0.00    0.65 ^ _285_/B (sky130_fd_sc_hd__or4_1)
                  0.10    0.14    0.79 ^ _285_/X (sky130_fd_sc_hd__or4_1)
     3    0.01                           _151_ (net)
                  0.10    0.00    0.79 ^ _286_/B (sky130_fd_sc_hd__nor2_1)
                  0.06    0.08    0.87 v _286_/Y (sky130_fd_sc_hd__nor2_1)
     4    0.01                           _152_ (net)
                  0.06    0.00    0.87 v _290_/A1 (sky130_fd_sc_hd__a21bo_1)
                  0.03    0.16    1.03 v _290_/X (sky130_fd_sc_hd__a21bo_1)
     1    0.00                           _070_ (net)
                  0.03    0.00    1.03 v _431_/D (sky130_fd_sc_hd__dfrtp_4)
                                  1.03   data arrival time

                          0.00    0.00   clock clk (rise edge)
                          0.00    0.00   clock source latency
                  0.09    0.07    0.07 ^ clk (in)
     2    0.02                           clk (net)
                  0.09    0.00    0.07 ^ clkbuf_0_clk/A (sky130_fd_sc_hd__clkbuf_16)
                  0.07    0.17    0.24 ^ clkbuf_0_clk/X (sky130_fd_sc_hd__clkbuf_16)
     4    0.05                           clknet_0_clk (net)
                  0.07    0.00    0.24 ^ clkbuf_2_2__f_clk/A (sky130_fd_sc_hd__clkbuf_16)
                  0.05    0.15    0.39 ^ clkbuf_2_2__f_clk/X (sky130_fd_sc_hd__clkbuf_16)
    11    0.03                           clknet_2_2__leaf_clk (net)
                  0.05    0.00    0.39 ^ _431_/CLK (sky130_fd_sc_hd__dfrtp_4)
                          0.25    0.64   clock uncertainty
                         -0.04    0.61   clock reconvergence pessimism
                         -0.03    0.57   library hold time
                                  0.57   data required time
-----------------------------------------------------------------------------
                                  0.57   data required time
                                 -1.03   data arrival time
-----------------------------------------------------------------------------
                                  0.46   slack (MET)


Startpoint: _409_ (rising edge-triggered flip-flop clocked by clk)
Endpoint: _410_ (rising edge-triggered flip-flop clocked by clk)
Path Group: clk
Path Type: min
Corner: Typical

Fanout     Cap    Slew   Delay    Time   Description
-----------------------------------------------------------------------------
                          0.00    0.00   clock clk (rise edge)
                          0.00    0.00   clock source latency
                  0.09    0.06    0.06 ^ clk (in)
     2    0.02                           clk (net)
                  0.09    0.00    0.06 ^ clkbuf_0_clk/A (sky130_fd_sc_hd__clkbuf_16)
                  0.07    0.16    0.22 ^ clkbuf_0_clk/X (sky130_fd_sc_hd__clkbuf_16)
     4    0.05                           clknet_0_clk (net)
                  0.07    0.00    0.22 ^ clkbuf_2_2__f_clk/A (sky130_fd_sc_hd__clkbuf_16)
                  0.05    0.14    0.35 ^ clkbuf_2_2__f_clk/X (sky130_fd_sc_hd__clkbuf_16)
    11    0.03                           clknet_2_2__leaf_clk (net)
                  0.05    0.00    0.36 ^ _409_/CLK (sky130_fd_sc_hd__dfrtp_2)
                  0.10    0.37    0.73 ^ _409_/Q (sky130_fd_sc_hd__dfrtp_2)
     6    0.02                           tx_inst.clk_count[0] (net)
                  0.10    0.00    0.73 ^ _340_/B (sky130_fd_sc_hd__nand2_1)
                  0.03    0.05    0.78 v _340_/Y (sky130_fd_sc_hd__nand2_1)
     1    0.00                           _189_ (net)
                  0.03    0.00    0.78 v _341_/C (sky130_fd_sc_hd__and3_1)
                  0.04    0.16    0.94 v _341_/X (sky130_fd_sc_hd__and3_1)
     1    0.00                           _190_ (net)
                  0.04    0.00    0.94 v _342_/A (sky130_fd_sc_hd__clkbuf_1)
                  0.03    0.08    1.03 v _342_/X (sky130_fd_sc_hd__clkbuf_1)
     1    0.00                           _049_ (net)
                  0.03    0.00    1.03 v _410_/D (sky130_fd_sc_hd__dfrtp_1)
                                  1.03   data arrival time

                          0.00    0.00   clock clk (rise edge)
                          0.00    0.00   clock source latency
                  0.09    0.07    0.07 ^ clk (in)
     2    0.02                           clk (net)
                  0.09    0.00    0.07 ^ clkbuf_0_clk/A (sky130_fd_sc_hd__clkbuf_16)
                  0.07    0.17    0.24 ^ clkbuf_0_clk/X (sky130_fd_sc_hd__clkbuf_16)
     4    0.05                           clknet_0_clk (net)
                  0.07    0.00    0.24 ^ clkbuf_2_2__f_clk/A (sky130_fd_sc_hd__clkbuf_16)
                  0.05    0.15    0.39 ^ clkbuf_2_2__f_clk/X (sky130_fd_sc_hd__clkbuf_16)
    11    0.03                           clknet_2_2__leaf_clk (net)
                  0.05    0.00    0.39 ^ _410_/CLK (sky130_fd_sc_hd__dfrtp_1)
                          0.25    0.64   clock uncertainty
                         -0.04    0.61   clock reconvergence pessimism
                         -0.04    0.57   library hold time
                                  0.57   data required time
-----------------------------------------------------------------------------
                                  0.57   data required time
                                 -1.03   data arrival time
-----------------------------------------------------------------------------
                                  0.46   slack (MET)


Startpoint: _444_ (rising edge-triggered flip-flop clocked by clk)
Endpoint: _444_ (rising edge-triggered flip-flop clocked by clk)
Path Group: clk
Path Type: min
Corner: Typical

Fanout     Cap    Slew   Delay    Time   Description
-----------------------------------------------------------------------------
                          0.00    0.00   clock clk (rise edge)
                          0.00    0.00   clock source latency
                  0.09    0.06    0.06 ^ clk (in)
     2    0.02                           clk (net)
                  0.09    0.00    0.06 ^ clkbuf_0_clk/A (sky130_fd_sc_hd__clkbuf_16)
                  0.07    0.16    0.22 ^ clkbuf_0_clk/X (sky130_fd_sc_hd__clkbuf_16)
     4    0.05                           clknet_0_clk (net)
                  0.07    0.00    0.22 ^ clkbuf_2_1__f_clk/A (sky130_fd_sc_hd__clkbuf_16)
                  0.07    0.15    0.37 ^ clkbuf_2_1__f_clk/X (sky130_fd_sc_hd__clkbuf_16)
    15    0.05                           clknet_2_1__leaf_clk (net)
                  0.07    0.00    0.37 ^ _444_/CLK (sky130_fd_sc_hd__dfrtp_2)
                  0.12    0.40    0.76 ^ _444_/Q (sky130_fd_sc_hd__dfrtp_2)
     7    0.02                           rx_inst.clk_count[1] (net)
                  0.12    0.00    0.76 ^ _236_/A (sky130_fd_sc_hd__xor2_1)
                  0.04    0.08    0.84 v _236_/X (sky130_fd_sc_hd__xor2_1)
     1    0.00                           _115_ (net)
                  0.04    0.00    0.84 v _237_/B (sky130_fd_sc_hd__and2_1)
                  0.03    0.14    0.97 v _237_/X (sky130_fd_sc_hd__and2_1)
     1    0.00                           _116_ (net)
                  0.03    0.00    0.97 v _238_/A (sky130_fd_sc_hd__clkbuf_1)
                  0.03    0.08    1.05 v _238_/X (sky130_fd_sc_hd__clkbuf_1)
     1    0.00                           _083_ (net)
                  0.03    0.00    1.06 v _444_/D (sky130_fd_sc_hd__dfrtp_2)
                                  1.06   data arrival time

                          0.00    0.00   clock clk (rise edge)
                          0.00    0.00   clock source latency
                  0.09    0.07    0.07 ^ clk (in)
     2    0.02                           clk (net)
                  0.09    0.00    0.07 ^ clkbuf_0_clk/A (sky130_fd_sc_hd__clkbuf_16)
                  0.07    0.17    0.24 ^ clkbuf_0_clk/X (sky130_fd_sc_hd__clkbuf_16)
     4    0.05                           clknet_0_clk (net)
                  0.07    0.00    0.24 ^ clkbuf_2_1__f_clk/A (sky130_fd_sc_hd__clkbuf_16)
                  0.07    0.16    0.40 ^ clkbuf_2_1__f_clk/X (sky130_fd_sc_hd__clkbuf_16)
    15    0.05                           clknet_2_1__leaf_clk (net)
                  0.07    0.00    0.40 ^ _444_/CLK (sky130_fd_sc_hd__dfrtp_2)
                          0.25    0.65   clock uncertainty
                         -0.04    0.62   clock reconvergence pessimism
                         -0.03    0.58   library hold time
                                  0.58   data required time
-----------------------------------------------------------------------------
                                  0.58   data required time
                                 -1.06   data arrival time
-----------------------------------------------------------------------------
                                  0.47   slack (MET)


Startpoint: _420_ (rising edge-triggered flip-flop clocked by clk)
Endpoint: _439_ (rising edge-triggered flip-flop clocked by clk)
Path Group: clk
Path Type: min
Corner: Typical

Fanout     Cap    Slew   Delay    Time   Description
-----------------------------------------------------------------------------
                          0.00    0.00   clock clk (rise edge)
                          0.00    0.00   clock source latency
                  0.09    0.06    0.06 ^ clk (in)
     2    0.02                           clk (net)
                  0.09    0.00    0.06 ^ clkbuf_0_clk/A (sky130_fd_sc_hd__clkbuf_16)
                  0.07    0.16    0.22 ^ clkbuf_0_clk/X (sky130_fd_sc_hd__clkbuf_16)
     4    0.05                           clknet_0_clk (net)
                  0.07    0.00    0.22 ^ clkbuf_2_2__f_clk/A (sky130_fd_sc_hd__clkbuf_16)
                  0.05    0.14    0.35 ^ clkbuf_2_2__f_clk/X (sky130_fd_sc_hd__clkbuf_16)
    11    0.03                           clknet_2_2__leaf_clk (net)
                  0.05    0.00    0.36 ^ _420_/CLK (sky130_fd_sc_hd__dfstp_1)
                  0.05    0.36    0.71 v _420_/Q (sky130_fd_sc_hd__dfstp_1)
     3    0.01                           rx_inst.rx (net)
                  0.05    0.00    0.71 v _228_/A (sky130_fd_sc_hd__buf_2)
                  0.09    0.17    0.88 v _228_/X (sky130_fd_sc_hd__buf_2)
    10    0.03                           _108_ (net)
                  0.09    0.00    0.89 v _261_/A1 (sky130_fd_sc_hd__a31o_1)
                  0.03    0.18    1.06 v _261_/X (sky130_fd_sc_hd__a31o_1)
     1    0.00                           _078_ (net)
                  0.03    0.00    1.06 v _439_/D (sky130_fd_sc_hd__dfrtp_1)
                                  1.06   data arrival time

                          0.00    0.00   clock clk (rise edge)
                          0.00    0.00   clock source latency
                  0.09    0.07    0.07 ^ clk (in)
     2    0.02                           clk (net)
                  0.09    0.00    0.07 ^ clkbuf_0_clk/A (sky130_fd_sc_hd__clkbuf_16)
                  0.07    0.17    0.24 ^ clkbuf_0_clk/X (sky130_fd_sc_hd__clkbuf_16)
     4    0.05                           clknet_0_clk (net)
                  0.07    0.00    0.24 ^ clkbuf_2_0__f_clk/A (sky130_fd_sc_hd__clkbuf_16)
                  0.06    0.15    0.39 ^ clkbuf_2_0__f_clk/X (sky130_fd_sc_hd__clkbuf_16)
    11    0.04                           clknet_2_0__leaf_clk (net)
                  0.06    0.00    0.40 ^ _439_/CLK (sky130_fd_sc_hd__dfrtp_1)
                          0.25    0.65   clock uncertainty
                         -0.02    0.62   clock reconvergence pessimism
                         -0.04    0.58   library hold time
                                  0.58   data required time
-----------------------------------------------------------------------------
                                  0.58   data required time
                                 -1.06   data arrival time
-----------------------------------------------------------------------------
                                  0.48   slack (MET)


Startpoint: _431_ (rising edge-triggered flip-flop clocked by clk)
Endpoint: _420_ (rising edge-triggered flip-flop clocked by clk)
Path Group: clk
Path Type: min
Corner: Typical

Fanout     Cap    Slew   Delay    Time   Description
-----------------------------------------------------------------------------
                          0.00    0.00   clock clk (rise edge)
                          0.00    0.00   clock source latency
                  0.09    0.06    0.06 ^ clk (in)
     2    0.02                           clk (net)
                  0.09    0.00    0.06 ^ clkbuf_0_clk/A (sky130_fd_sc_hd__clkbuf_16)
                  0.07    0.16    0.22 ^ clkbuf_0_clk/X (sky130_fd_sc_hd__clkbuf_16)
     4    0.05                           clknet_0_clk (net)
                  0.07    0.00    0.22 ^ clkbuf_2_2__f_clk/A (sky130_fd_sc_hd__clkbuf_16)
                  0.05    0.14    0.35 ^ clkbuf_2_2__f_clk/X (sky130_fd_sc_hd__clkbuf_16)
    11    0.03                           clknet_2_2__leaf_clk (net)
                  0.05    0.00    0.36 ^ _431_/CLK (sky130_fd_sc_hd__dfrtp_4)
                  0.10    0.42    0.78 ^ _431_/Q (sky130_fd_sc_hd__dfrtp_4)
     7    0.02                           tx_inst.state[1] (net)
                  0.10    0.00    0.78 ^ _318_/C (sky130_fd_sc_hd__and3b_1)
                  0.04    0.15    0.93 ^ _318_/X (sky130_fd_sc_hd__and3b_1)
     1    0.00                           _173_ (net)
                  0.04    0.00    0.93 ^ _319_/C (sky130_fd_sc_hd__or3_1)
                  0.04    0.09    1.02 ^ _319_/X (sky130_fd_sc_hd__or3_1)
     1    0.00                           _174_ (net)
                  0.04    0.00    1.02 ^ _320_/A (sky130_fd_sc_hd__clkbuf_1)
                  0.05    0.08    1.09 ^ _320_/X (sky130_fd_sc_hd__clkbuf_1)
     1    0.00                           _059_ (net)
                  0.05    0.00    1.09 ^ _420_/D (sky130_fd_sc_hd__dfstp_1)
                                  1.09   data arrival time

                          0.00    0.00   clock clk (rise edge)
                          0.00    0.00   clock source latency
                  0.09    0.07    0.07 ^ clk (in)
     2    0.02                           clk (net)
                  0.09    0.00    0.07 ^ clkbuf_0_clk/A (sky130_fd_sc_hd__clkbuf_16)
                  0.07    0.17    0.24 ^ clkbuf_0_clk/X (sky130_fd_sc_hd__clkbuf_16)
     4    0.05                           clknet_0_clk (net)
                  0.07    0.00    0.24 ^ clkbuf_2_2__f_clk/A (sky130_fd_sc_hd__clkbuf_16)
                  0.05    0.15    0.39 ^ clkbuf_2_2__f_clk/X (sky130_fd_sc_hd__clkbuf_16)
    11    0.03                           clknet_2_2__leaf_clk (net)
                  0.05    0.00    0.39 ^ _420_/CLK (sky130_fd_sc_hd__dfstp_1)
                          0.25    0.64   clock uncertainty
                         -0.04    0.61   clock reconvergence pessimism
                         -0.03    0.57   library hold time
                                  0.57   data required time
-----------------------------------------------------------------------------
                                  0.57   data required time
                                 -1.09   data arrival time
-----------------------------------------------------------------------------
                                  0.52   slack (MET)


Startpoint: _420_ (rising edge-triggered flip-flop clocked by clk)
Endpoint: _417_ (rising edge-triggered flip-flop clocked by clk)
Path Group: clk
Path Type: min
Corner: Typical

Fanout     Cap    Slew   Delay    Time   Description
-----------------------------------------------------------------------------
                          0.00    0.00   clock clk (rise edge)
                          0.00    0.00   clock source latency
                  0.09    0.06    0.06 ^ clk (in)
     2    0.02                           clk (net)
                  0.09    0.00    0.06 ^ clkbuf_0_clk/A (sky130_fd_sc_hd__clkbuf_16)
                  0.07    0.16    0.22 ^ clkbuf_0_clk/X (sky130_fd_sc_hd__clkbuf_16)
     4    0.05                           clknet_0_clk (net)
                  0.07    0.00    0.22 ^ clkbuf_2_2__f_clk/A (sky130_fd_sc_hd__clkbuf_16)
                  0.05    0.14    0.35 ^ clkbuf_2_2__f_clk/X (sky130_fd_sc_hd__clkbuf_16)
    11    0.03                           clknet_2_2__leaf_clk (net)
                  0.05    0.00    0.36 ^ _420_/CLK (sky130_fd_sc_hd__dfstp_1)
                  0.05    0.36    0.71 v _420_/Q (sky130_fd_sc_hd__dfstp_1)
     3    0.01                           rx_inst.rx (net)
                  0.05    0.00    0.71 v _327_/A1 (sky130_fd_sc_hd__a311o_1)
                  0.06    0.26    0.97 v _327_/X (sky130_fd_sc_hd__a311o_1)
     1    0.01                           _179_ (net)
                  0.06    0.00    0.97 v _328_/B (sky130_fd_sc_hd__xnor2_1)
                  0.04    0.12    1.09 v _328_/Y (sky130_fd_sc_hd__xnor2_1)
     1    0.00                           _056_ (net)
                  0.04    0.00    1.09 v _417_/D (sky130_fd_sc_hd__dfrtp_4)
                                  1.09   data arrival time

                          0.00    0.00   clock clk (rise edge)
                          0.00    0.00   clock source latency
                  0.09    0.07    0.07 ^ clk (in)
     2    0.02                           clk (net)
                  0.09    0.00    0.07 ^ clkbuf_0_clk/A (sky130_fd_sc_hd__clkbuf_16)
                  0.07    0.17    0.24 ^ clkbuf_0_clk/X (sky130_fd_sc_hd__clkbuf_16)
     4    0.05                           clknet_0_clk (net)
                  0.07    0.00    0.24 ^ clkbuf_2_2__f_clk/A (sky130_fd_sc_hd__clkbuf_16)
                  0.05    0.15    0.39 ^ clkbuf_2_2__f_clk/X (sky130_fd_sc_hd__clkbuf_16)
    11    0.03                           clknet_2_2__leaf_clk (net)
                  0.05    0.00    0.39 ^ _417_/CLK (sky130_fd_sc_hd__dfrtp_4)
                          0.25    0.64   clock uncertainty
                         -0.04    0.61   clock reconvergence pessimism
                         -0.04    0.57   library hold time
                                  0.57   data required time
-----------------------------------------------------------------------------
                                  0.57   data required time
                                 -1.09   data arrival time
-----------------------------------------------------------------------------
                                  0.53   slack (MET)


Startpoint: _441_ (rising edge-triggered flip-flop clocked by clk)
Endpoint: _434_ (rising edge-triggered flip-flop clocked by clk)
Path Group: clk
Path Type: min
Corner: Typical

Fanout     Cap    Slew   Delay    Time   Description
-----------------------------------------------------------------------------
                          0.00    0.00   clock clk (rise edge)
                          0.00    0.00   clock source latency
                  0.09    0.06    0.06 ^ clk (in)
     2    0.02                           clk (net)
                  0.09    0.00    0.06 ^ clkbuf_0_clk/A (sky130_fd_sc_hd__clkbuf_16)
                  0.07    0.16    0.22 ^ clkbuf_0_clk/X (sky130_fd_sc_hd__clkbuf_16)
     4    0.05                           clknet_0_clk (net)
                  0.07    0.00    0.22 ^ clkbuf_2_0__f_clk/A (sky130_fd_sc_hd__clkbuf_16)
                  0.06    0.14    0.36 ^ clkbuf_2_0__f_clk/X (sky130_fd_sc_hd__clkbuf_16)
    11    0.04                           clknet_2_0__leaf_clk (net)
                  0.06    0.00    0.36 ^ _441_/CLK (sky130_fd_sc_hd__dfrtp_2)
                  0.13    0.40    0.75 ^ _441_/Q (sky130_fd_sc_hd__dfrtp_2)
     9    0.02                           rx_inst.bit_index[1] (net)
                  0.13    0.00    0.76 ^ _275_/C (sky130_fd_sc_hd__and3b_1)
                  0.06    0.17    0.93 ^ _275_/X (sky130_fd_sc_hd__and3b_1)
     1    0.00                           _144_ (net)
                  0.06    0.00    0.93 ^ _276_/S (sky130_fd_sc_hd__mux2_1)
                  0.04    0.12    1.05 ^ _276_/X (sky130_fd_sc_hd__mux2_1)
     1    0.00                           _145_ (net)
                  0.04    0.00    1.05 ^ _277_/A (sky130_fd_sc_hd__clkbuf_1)
                  0.04    0.07    1.12 ^ _277_/X (sky130_fd_sc_hd__clkbuf_1)
     1    0.00                           _073_ (net)
                  0.04    0.00    1.12 ^ _434_/D (sky130_fd_sc_hd__dfrtp_1)
                                  1.12   data arrival time

                          0.00    0.00   clock clk (rise edge)
                          0.00    0.00   clock source latency
                  0.09    0.07    0.07 ^ clk (in)
     2    0.02                           clk (net)
                  0.09    0.00    0.07 ^ clkbuf_0_clk/A (sky130_fd_sc_hd__clkbuf_16)
                  0.07    0.17    0.24 ^ clkbuf_0_clk/X (sky130_fd_sc_hd__clkbuf_16)
     4    0.05                           clknet_0_clk (net)
                  0.07    0.00    0.24 ^ clkbuf_2_0__f_clk/A (sky130_fd_sc_hd__clkbuf_16)
                  0.06    0.15    0.39 ^ clkbuf_2_0__f_clk/X (sky130_fd_sc_hd__clkbuf_16)
    11    0.04                           clknet_2_0__leaf_clk (net)
                  0.06    0.00    0.40 ^ _434_/CLK (sky130_fd_sc_hd__dfrtp_1)
                          0.25    0.65   clock uncertainty
                         -0.04    0.61   clock reconvergence pessimism
                         -0.03    0.58   library hold time
                                  0.58   data required time
-----------------------------------------------------------------------------
                                  0.58   data required time
                                 -1.12   data arrival time
-----------------------------------------------------------------------------
                                  0.55   slack (MET)


Startpoint: _430_ (rising edge-triggered flip-flop clocked by clk)
Endpoint: _423_ (rising edge-triggered flip-flop clocked by clk)
Path Group: clk
Path Type: min
Corner: Typical

Fanout     Cap    Slew   Delay    Time   Description
-----------------------------------------------------------------------------
                          0.00    0.00   clock clk (rise edge)
                          0.00    0.00   clock source latency
                  0.09    0.06    0.06 ^ clk (in)
     2    0.02                           clk (net)
                  0.09    0.00    0.06 ^ clkbuf_0_clk/A (sky130_fd_sc_hd__clkbuf_16)
                  0.07    0.16    0.22 ^ clkbuf_0_clk/X (sky130_fd_sc_hd__clkbuf_16)
     4    0.05                           clknet_0_clk (net)
                  0.07    0.00    0.22 ^ clkbuf_2_2__f_clk/A (sky130_fd_sc_hd__clkbuf_16)
                  0.05    0.14    0.35 ^ clkbuf_2_2__f_clk/X (sky130_fd_sc_hd__clkbuf_16)
    11    0.03                           clknet_2_2__leaf_clk (net)
                  0.05    0.00    0.36 ^ _430_/CLK (sky130_fd_sc_hd__dfrtp_4)
                  0.09    0.42    0.78 ^ _430_/Q (sky130_fd_sc_hd__dfrtp_4)
     7    0.02                           tx_inst.state[0] (net)
                  0.09    0.00    0.78 ^ _288_/B (sky130_fd_sc_hd__nor2_2)
                  0.08    0.09    0.86 v _288_/Y (sky130_fd_sc_hd__nor2_2)
     7    0.03                           _154_ (net)
                  0.08    0.00    0.87 v _296_/B (sky130_fd_sc_hd__nand2_4)
                  0.13    0.14    1.01 ^ _296_/Y (sky130_fd_sc_hd__nand2_4)
     8    0.04                           _160_ (net)
                  0.13    0.00    1.01 ^ _309_/S (sky130_fd_sc_hd__mux2_1)
                  0.04    0.14    1.15 ^ _309_/X (sky130_fd_sc_hd__mux2_1)
     1    0.00                           _167_ (net)
                  0.04    0.00    1.15 ^ _310_/A (sky130_fd_sc_hd__clkbuf_1)
                  0.04    0.07    1.22 ^ _310_/X (sky130_fd_sc_hd__clkbuf_1)
     1    0.00                           _062_ (net)
                  0.04    0.00    1.22 ^ _423_/D (sky130_fd_sc_hd__dfrtp_1)
                                  1.22   data arrival time

                          0.00    0.00   clock clk (rise edge)
                          0.00    0.00   clock source latency
                  0.09    0.07    0.07 ^ clk (in)
     2    0.02                           clk (net)
                  0.09    0.00    0.07 ^ clkbuf_0_clk/A (sky130_fd_sc_hd__clkbuf_16)
                  0.07    0.17    0.24 ^ clkbuf_0_clk/X (sky130_fd_sc_hd__clkbuf_16)
     4    0.05                           clknet_0_clk (net)
                  0.07    0.00    0.24 ^ clkbuf_2_1__f_clk/A (sky130_fd_sc_hd__clkbuf_16)
                  0.07    0.16    0.40 ^ clkbuf_2_1__f_clk/X (sky130_fd_sc_hd__clkbuf_16)
    15    0.05                           clknet_2_1__leaf_clk (net)
                  0.07    0.00    0.40 ^ _423_/CLK (sky130_fd_sc_hd__dfrtp_1)
                          0.25    0.65   clock uncertainty
                         -0.02    0.63   clock reconvergence pessimism
                         -0.03    0.60   library hold time
                                  0.60   data required time
-----------------------------------------------------------------------------
                                  0.60   data required time
                                 -1.22   data arrival time
-----------------------------------------------------------------------------
                                  0.62   slack (MET)


Startpoint: _430_ (rising edge-triggered flip-flop clocked by clk)
Endpoint: _422_ (rising edge-triggered flip-flop clocked by clk)
Path Group: clk
Path Type: min
Corner: Typical

Fanout     Cap    Slew   Delay    Time   Description
-----------------------------------------------------------------------------
                          0.00    0.00   clock clk (rise edge)
                          0.00    0.00   clock source latency
                  0.09    0.06    0.06 ^ clk (in)
     2    0.02                           clk (net)
                  0.09    0.00    0.06 ^ clkbuf_0_clk/A (sky130_fd_sc_hd__clkbuf_16)
                  0.07    0.16    0.22 ^ clkbuf_0_clk/X (sky130_fd_sc_hd__clkbuf_16)
     4    0.05                           clknet_0_clk (net)
                  0.07    0.00    0.22 ^ clkbuf_2_2__f_clk/A (sky130_fd_sc_hd__clkbuf_16)
                  0.05    0.14    0.35 ^ clkbuf_2_2__f_clk/X (sky130_fd_sc_hd__clkbuf_16)
    11    0.03                           clknet_2_2__leaf_clk (net)
                  0.05    0.00    0.36 ^ _430_/CLK (sky130_fd_sc_hd__dfrtp_4)
                  0.09    0.42    0.78 ^ _430_/Q (sky130_fd_sc_hd__dfrtp_4)
     7    0.02                           tx_inst.state[0] (net)
                  0.09    0.00    0.78 ^ _288_/B (sky130_fd_sc_hd__nor2_2)
                  0.08    0.09    0.86 v _288_/Y (sky130_fd_sc_hd__nor2_2)
     7    0.03                           _154_ (net)
                  0.08    0.00    0.87 v _296_/B (sky130_fd_sc_hd__nand2_4)
                  0.13    0.14    1.01 ^ _296_/Y (sky130_fd_sc_hd__nand2_4)
     8    0.04                           _160_ (net)
                  0.13    0.00    1.01 ^ _311_/S (sky130_fd_sc_hd__mux2_1)
                  0.04    0.14    1.15 ^ _311_/X (sky130_fd_sc_hd__mux2_1)
     1    0.00                           _168_ (net)
                  0.04    0.00    1.15 ^ _312_/A (sky130_fd_sc_hd__clkbuf_1)
                  0.04    0.07    1.22 ^ _312_/X (sky130_fd_sc_hd__clkbuf_1)
     1    0.00                           _061_ (net)
                  0.04    0.00    1.22 ^ _422_/D (sky130_fd_sc_hd__dfrtp_1)
                                  1.22   data arrival time

                          0.00    0.00   clock clk (rise edge)
                          0.00    0.00   clock source latency
                  0.09    0.07    0.07 ^ clk (in)
     2    0.02                           clk (net)
                  0.09    0.00    0.07 ^ clkbuf_0_clk/A (sky130_fd_sc_hd__clkbuf_16)
                  0.07    0.17    0.24 ^ clkbuf_0_clk/X (sky130_fd_sc_hd__clkbuf_16)
     4    0.05                           clknet_0_clk (net)
                  0.07    0.00    0.24 ^ clkbuf_2_1__f_clk/A (sky130_fd_sc_hd__clkbuf_16)
                  0.07    0.16    0.40 ^ clkbuf_2_1__f_clk/X (sky130_fd_sc_hd__clkbuf_16)
    15    0.05                           clknet_2_1__leaf_clk (net)
                  0.07    0.00    0.40 ^ _422_/CLK (sky130_fd_sc_hd__dfrtp_1)
                          0.25    0.65   clock uncertainty
                         -0.02    0.63   clock reconvergence pessimism
                         -0.03    0.60   library hold time
                                  0.60   data required time
-----------------------------------------------------------------------------
                                  0.60   data required time
                                 -1.22   data arrival time
-----------------------------------------------------------------------------
                                  0.62   slack (MET)


Startpoint: _430_ (rising edge-triggered flip-flop clocked by clk)
Endpoint: _428_ (rising edge-triggered flip-flop clocked by clk)
Path Group: clk
Path Type: min
Corner: Typical

Fanout     Cap    Slew   Delay    Time   Description
-----------------------------------------------------------------------------
                          0.00    0.00   clock clk (rise edge)
                          0.00    0.00   clock source latency
                  0.09    0.06    0.06 ^ clk (in)
     2    0.02                           clk (net)
                  0.09    0.00    0.06 ^ clkbuf_0_clk/A (sky130_fd_sc_hd__clkbuf_16)
                  0.07    0.16    0.22 ^ clkbuf_0_clk/X (sky130_fd_sc_hd__clkbuf_16)
     4    0.05                           clknet_0_clk (net)
                  0.07    0.00    0.22 ^ clkbuf_2_2__f_clk/A (sky130_fd_sc_hd__clkbuf_16)
                  0.05    0.14    0.35 ^ clkbuf_2_2__f_clk/X (sky130_fd_sc_hd__clkbuf_16)
    11    0.03                           clknet_2_2__leaf_clk (net)
                  0.05    0.00    0.36 ^ _430_/CLK (sky130_fd_sc_hd__dfrtp_4)
                  0.09    0.42    0.78 ^ _430_/Q (sky130_fd_sc_hd__dfrtp_4)
     7    0.02                           tx_inst.state[0] (net)
                  0.09    0.00    0.78 ^ _288_/B (sky130_fd_sc_hd__nor2_2)
                  0.08    0.09    0.86 v _288_/Y (sky130_fd_sc_hd__nor2_2)
     7    0.03                           _154_ (net)
                  0.08    0.00    0.87 v _296_/B (sky130_fd_sc_hd__nand2_4)
                  0.13    0.14    1.01 ^ _296_/Y (sky130_fd_sc_hd__nand2_4)
     8    0.04                           _160_ (net)
                  0.13    0.00    1.01 ^ _299_/S (sky130_fd_sc_hd__mux2_1)
                  0.04    0.14    1.15 ^ _299_/X (sky130_fd_sc_hd__mux2_1)
     1    0.00                           _162_ (net)
                  0.04    0.00    1.15 ^ _300_/A (sky130_fd_sc_hd__clkbuf_1)
                  0.04    0.07    1.22 ^ _300_/X (sky130_fd_sc_hd__clkbuf_1)
     1    0.00                           _067_ (net)
                  0.04    0.00    1.22 ^ _428_/D (sky130_fd_sc_hd__dfrtp_1)
                                  1.22   data arrival time

                          0.00    0.00   clock clk (rise edge)
                          0.00    0.00   clock source latency
                  0.09    0.07    0.07 ^ clk (in)
     2    0.02                           clk (net)
                  0.09    0.00    0.07 ^ clkbuf_0_clk/A (sky130_fd_sc_hd__clkbuf_16)
                  0.07    0.17    0.24 ^ clkbuf_0_clk/X (sky130_fd_sc_hd__clkbuf_16)
     4    0.05                           clknet_0_clk (net)
                  0.07    0.00    0.24 ^ clkbuf_2_1__f_clk/A (sky130_fd_sc_hd__clkbuf_16)
                  0.07    0.16    0.40 ^ clkbuf_2_1__f_clk/X (sky130_fd_sc_hd__clkbuf_16)
    15    0.05                           clknet_2_1__leaf_clk (net)
                  0.07    0.00    0.40 ^ _428_/CLK (sky130_fd_sc_hd__dfrtp_1)
                          0.25    0.65   clock uncertainty
                         -0.02    0.63   clock reconvergence pessimism
                         -0.03    0.60   library hold time
                                  0.60   data required time
-----------------------------------------------------------------------------
                                  0.60   data required time
                                 -1.22   data arrival time
-----------------------------------------------------------------------------
                                  0.62   slack (MET)


Startpoint: _430_ (rising edge-triggered flip-flop clocked by clk)
Endpoint: _429_ (rising edge-triggered flip-flop clocked by clk)
Path Group: clk
Path Type: min
Corner: Typical

Fanout     Cap    Slew   Delay    Time   Description
-----------------------------------------------------------------------------
                          0.00    0.00   clock clk (rise edge)
                          0.00    0.00   clock source latency
                  0.09    0.06    0.06 ^ clk (in)
     2    0.02                           clk (net)
                  0.09    0.00    0.06 ^ clkbuf_0_clk/A (sky130_fd_sc_hd__clkbuf_16)
                  0.07    0.16    0.22 ^ clkbuf_0_clk/X (sky130_fd_sc_hd__clkbuf_16)
     4    0.05                           clknet_0_clk (net)
                  0.07    0.00    0.22 ^ clkbuf_2_2__f_clk/A (sky130_fd_sc_hd__clkbuf_16)
                  0.05    0.14    0.35 ^ clkbuf_2_2__f_clk/X (sky130_fd_sc_hd__clkbuf_16)
    11    0.03                           clknet_2_2__leaf_clk (net)
                  0.05    0.00    0.36 ^ _430_/CLK (sky130_fd_sc_hd__dfrtp_4)
                  0.09    0.42    0.78 ^ _430_/Q (sky130_fd_sc_hd__dfrtp_4)
     7    0.02                           tx_inst.state[0] (net)
                  0.09    0.00    0.78 ^ _288_/B (sky130_fd_sc_hd__nor2_2)
                  0.08    0.09    0.86 v _288_/Y (sky130_fd_sc_hd__nor2_2)
     7    0.03                           _154_ (net)
                  0.08    0.00    0.87 v _296_/B (sky130_fd_sc_hd__nand2_4)
                  0.13    0.14    1.01 ^ _296_/Y (sky130_fd_sc_hd__nand2_4)
     8    0.04                           _160_ (net)
                  0.13    0.00    1.01 ^ _297_/S (sky130_fd_sc_hd__mux2_1)
                  0.04    0.14    1.15 ^ _297_/X (sky130_fd_sc_hd__mux2_1)
     1    0.00                           _161_ (net)
                  0.04    0.00    1.15 ^ _298_/A (sky130_fd_sc_hd__clkbuf_1)
                  0.04    0.07    1.22 ^ _298_/X (sky130_fd_sc_hd__clkbuf_1)
     1    0.00                           _068_ (net)
                  0.04    0.00    1.22 ^ _429_/D (sky130_fd_sc_hd__dfrtp_1)
                                  1.22   data arrival time

                          0.00    0.00   clock clk (rise edge)
                          0.00    0.00   clock source latency
                  0.09    0.07    0.07 ^ clk (in)
     2    0.02                           clk (net)
                  0.09    0.00    0.07 ^ clkbuf_0_clk/A (sky130_fd_sc_hd__clkbuf_16)
                  0.07    0.17    0.24 ^ clkbuf_0_clk/X (sky130_fd_sc_hd__clkbuf_16)
     4    0.05                           clknet_0_clk (net)
                  0.07    0.00    0.24 ^ clkbuf_2_1__f_clk/A (sky130_fd_sc_hd__clkbuf_16)
                  0.07    0.16    0.40 ^ clkbuf_2_1__f_clk/X (sky130_fd_sc_hd__clkbuf_16)
    15    0.05                           clknet_2_1__leaf_clk (net)
                  0.07    0.00    0.40 ^ _429_/CLK (sky130_fd_sc_hd__dfrtp_1)
                          0.25    0.65   clock uncertainty
                         -0.02    0.63   clock reconvergence pessimism
                         -0.03    0.60   library hold time
                                  0.60   data required time
-----------------------------------------------------------------------------
                                  0.60   data required time
                                 -1.22   data arrival time
-----------------------------------------------------------------------------
                                  0.62   slack (MET)


Startpoint: _430_ (rising edge-triggered flip-flop clocked by clk)
Endpoint: _425_ (rising edge-triggered flip-flop clocked by clk)
Path Group: clk
Path Type: min
Corner: Typical

Fanout     Cap    Slew   Delay    Time   Description
-----------------------------------------------------------------------------
                          0.00    0.00   clock clk (rise edge)
                          0.00    0.00   clock source latency
                  0.09    0.06    0.06 ^ clk (in)
     2    0.02                           clk (net)
                  0.09    0.00    0.06 ^ clkbuf_0_clk/A (sky130_fd_sc_hd__clkbuf_16)
                  0.07    0.16    0.22 ^ clkbuf_0_clk/X (sky130_fd_sc_hd__clkbuf_16)
     4    0.05                           clknet_0_clk (net)
                  0.07    0.00    0.22 ^ clkbuf_2_2__f_clk/A (sky130_fd_sc_hd__clkbuf_16)
                  0.05    0.14    0.35 ^ clkbuf_2_2__f_clk/X (sky130_fd_sc_hd__clkbuf_16)
    11    0.03                           clknet_2_2__leaf_clk (net)
                  0.05    0.00    0.36 ^ _430_/CLK (sky130_fd_sc_hd__dfrtp_4)
                  0.09    0.42    0.78 ^ _430_/Q (sky130_fd_sc_hd__dfrtp_4)
     7    0.02                           tx_inst.state[0] (net)
                  0.09    0.00    0.78 ^ _288_/B (sky130_fd_sc_hd__nor2_2)
                  0.08    0.09    0.86 v _288_/Y (sky130_fd_sc_hd__nor2_2)
     7    0.03                           _154_ (net)
                  0.08    0.00    0.87 v _296_/B (sky130_fd_sc_hd__nand2_4)
                  0.13    0.14    1.01 ^ _296_/Y (sky130_fd_sc_hd__nand2_4)
     8    0.04                           _160_ (net)
                  0.13    0.00    1.01 ^ _305_/S (sky130_fd_sc_hd__mux2_1)
                  0.04    0.14    1.15 ^ _305_/X (sky130_fd_sc_hd__mux2_1)
     1    0.00                           _165_ (net)
                  0.04    0.00    1.15 ^ _306_/A (sky130_fd_sc_hd__clkbuf_1)
                  0.05    0.08    1.23 ^ _306_/X (sky130_fd_sc_hd__clkbuf_1)
     1    0.00                           _064_ (net)
                  0.05    0.00    1.23 ^ _425_/D (sky130_fd_sc_hd__dfrtp_1)
                                  1.23   data arrival time

                          0.00    0.00   clock clk (rise edge)
                          0.00    0.00   clock source latency
                  0.09    0.07    0.07 ^ clk (in)
     2    0.02                           clk (net)
                  0.09    0.00    0.07 ^ clkbuf_0_clk/A (sky130_fd_sc_hd__clkbuf_16)
                  0.07    0.17    0.24 ^ clkbuf_0_clk/X (sky130_fd_sc_hd__clkbuf_16)
     4    0.05                           clknet_0_clk (net)
                  0.07    0.00    0.24 ^ clkbuf_2_1__f_clk/A (sky130_fd_sc_hd__clkbuf_16)
                  0.07    0.16    0.40 ^ clkbuf_2_1__f_clk/X (sky130_fd_sc_hd__clkbuf_16)
    15    0.05                           clknet_2_1__leaf_clk (net)
                  0.07    0.00    0.40 ^ _425_/CLK (sky130_fd_sc_hd__dfrtp_1)
                          0.25    0.65   clock uncertainty
                         -0.02    0.63   clock reconvergence pessimism
                         -0.03    0.60   library hold time
                                  0.60   data required time
-----------------------------------------------------------------------------
                                  0.60   data required time
                                 -1.23   data arrival time
-----------------------------------------------------------------------------
                                  0.63   slack (MET)


Startpoint: _430_ (rising edge-triggered flip-flop clocked by clk)
Endpoint: _424_ (rising edge-triggered flip-flop clocked by clk)
Path Group: clk
Path Type: min
Corner: Typical

Fanout     Cap    Slew   Delay    Time   Description
-----------------------------------------------------------------------------
                          0.00    0.00   clock clk (rise edge)
                          0.00    0.00   clock source latency
                  0.09    0.06    0.06 ^ clk (in)
     2    0.02                           clk (net)
                  0.09    0.00    0.06 ^ clkbuf_0_clk/A (sky130_fd_sc_hd__clkbuf_16)
                  0.07    0.16    0.22 ^ clkbuf_0_clk/X (sky130_fd_sc_hd__clkbuf_16)
     4    0.05                           clknet_0_clk (net)
                  0.07    0.00    0.22 ^ clkbuf_2_2__f_clk/A (sky130_fd_sc_hd__clkbuf_16)
                  0.05    0.14    0.35 ^ clkbuf_2_2__f_clk/X (sky130_fd_sc_hd__clkbuf_16)
    11    0.03                           clknet_2_2__leaf_clk (net)
                  0.05    0.00    0.36 ^ _430_/CLK (sky130_fd_sc_hd__dfrtp_4)
                  0.09    0.42    0.78 ^ _430_/Q (sky130_fd_sc_hd__dfrtp_4)
     7    0.02                           tx_inst.state[0] (net)
                  0.09    0.00    0.78 ^ _288_/B (sky130_fd_sc_hd__nor2_2)
                  0.08    0.09    0.86 v _288_/Y (sky130_fd_sc_hd__nor2_2)
     7    0.03                           _154_ (net)
                  0.08    0.00    0.87 v _296_/B (sky130_fd_sc_hd__nand2_4)
                  0.13    0.14    1.01 ^ _296_/Y (sky130_fd_sc_hd__nand2_4)
     8    0.04                           _160_ (net)
                  0.13    0.00    1.01 ^ _307_/S (sky130_fd_sc_hd__mux2_1)
                  0.04    0.14    1.15 ^ _307_/X (sky130_fd_sc_hd__mux2_1)
     1    0.00                           _166_ (net)
                  0.04    0.00    1.15 ^ _308_/A (sky130_fd_sc_hd__clkbuf_1)
                  0.04    0.07    1.22 ^ _308_/X (sky130_fd_sc_hd__clkbuf_1)
     1    0.00                           _063_ (net)
                  0.04    0.00    1.22 ^ _424_/D (sky130_fd_sc_hd__dfrtp_1)
                                  1.22   data arrival time

                          0.00    0.00   clock clk (rise edge)
                          0.00    0.00   clock source latency
                  0.09    0.07    0.07 ^ clk (in)
     2    0.02                           clk (net)
                  0.09    0.00    0.07 ^ clkbuf_0_clk/A (sky130_fd_sc_hd__clkbuf_16)
                  0.07    0.17    0.24 ^ clkbuf_0_clk/X (sky130_fd_sc_hd__clkbuf_16)
     4    0.05                           clknet_0_clk (net)
                  0.07    0.00    0.24 ^ clkbuf_2_3__f_clk/A (sky130_fd_sc_hd__clkbuf_16)
                  0.05    0.15    0.39 ^ clkbuf_2_3__f_clk/X (sky130_fd_sc_hd__clkbuf_16)
     8    0.03                           clknet_2_3__leaf_clk (net)
                  0.05    0.00    0.39 ^ _424_/CLK (sky130_fd_sc_hd__dfrtp_1)
                          0.25    0.64   clock uncertainty
                         -0.02    0.62   clock reconvergence pessimism
                         -0.03    0.58   library hold time
                                  0.58   data required time
-----------------------------------------------------------------------------
                                  0.58   data required time
                                 -1.22   data arrival time
-----------------------------------------------------------------------------
                                  0.64   slack (MET)


Startpoint: _430_ (rising edge-triggered flip-flop clocked by clk)
Endpoint: _426_ (rising edge-triggered flip-flop clocked by clk)
Path Group: clk
Path Type: min
Corner: Typical

Fanout     Cap    Slew   Delay    Time   Description
-----------------------------------------------------------------------------
                          0.00    0.00   clock clk (rise edge)
                          0.00    0.00   clock source latency
                  0.09    0.06    0.06 ^ clk (in)
     2    0.02                           clk (net)
                  0.09    0.00    0.06 ^ clkbuf_0_clk/A (sky130_fd_sc_hd__clkbuf_16)
                  0.07    0.16    0.22 ^ clkbuf_0_clk/X (sky130_fd_sc_hd__clkbuf_16)
     4    0.05                           clknet_0_clk (net)
                  0.07    0.00    0.22 ^ clkbuf_2_2__f_clk/A (sky130_fd_sc_hd__clkbuf_16)
                  0.05    0.14    0.35 ^ clkbuf_2_2__f_clk/X (sky130_fd_sc_hd__clkbuf_16)
    11    0.03                           clknet_2_2__leaf_clk (net)
                  0.05    0.00    0.36 ^ _430_/CLK (sky130_fd_sc_hd__dfrtp_4)
                  0.09    0.42    0.78 ^ _430_/Q (sky130_fd_sc_hd__dfrtp_4)
     7    0.02                           tx_inst.state[0] (net)
                  0.09    0.00    0.78 ^ _288_/B (sky130_fd_sc_hd__nor2_2)
                  0.08    0.09    0.86 v _288_/Y (sky130_fd_sc_hd__nor2_2)
     7    0.03                           _154_ (net)
                  0.08    0.00    0.87 v _296_/B (sky130_fd_sc_hd__nand2_4)
                  0.13    0.14    1.01 ^ _296_/Y (sky130_fd_sc_hd__nand2_4)
     8    0.04                           _160_ (net)
                  0.13    0.00    1.01 ^ _303_/S (sky130_fd_sc_hd__mux2_1)
                  0.04    0.14    1.15 ^ _303_/X (sky130_fd_sc_hd__mux2_1)
     1    0.00                           _164_ (net)
                  0.04    0.00    1.15 ^ _304_/A (sky130_fd_sc_hd__clkbuf_1)
                  0.04    0.07    1.22 ^ _304_/X (sky130_fd_sc_hd__clkbuf_1)
     1    0.00                           _065_ (net)
                  0.04    0.00    1.22 ^ _426_/D (sky130_fd_sc_hd__dfrtp_1)
                                  1.22   data arrival time

                          0.00    0.00   clock clk (rise edge)
                          0.00    0.00   clock source latency
                  0.09    0.07    0.07 ^ clk (in)
     2    0.02                           clk (net)
                  0.09    0.00    0.07 ^ clkbuf_0_clk/A (sky130_fd_sc_hd__clkbuf_16)
                  0.07    0.17    0.24 ^ clkbuf_0_clk/X (sky130_fd_sc_hd__clkbuf_16)
     4    0.05                           clknet_0_clk (net)
                  0.07    0.00    0.24 ^ clkbuf_2_3__f_clk/A (sky130_fd_sc_hd__clkbuf_16)
                  0.05    0.15    0.39 ^ clkbuf_2_3__f_clk/X (sky130_fd_sc_hd__clkbuf_16)
     8    0.03                           clknet_2_3__leaf_clk (net)
                  0.05    0.00    0.39 ^ _426_/CLK (sky130_fd_sc_hd__dfrtp_1)
                          0.25    0.64   clock uncertainty
                         -0.02    0.62   clock reconvergence pessimism
                         -0.03    0.58   library hold time
                                  0.58   data required time
-----------------------------------------------------------------------------
                                  0.58   data required time
                                 -1.22   data arrival time
-----------------------------------------------------------------------------
                                  0.64   slack (MET)


Startpoint: _430_ (rising edge-triggered flip-flop clocked by clk)
Endpoint: _427_ (rising edge-triggered flip-flop clocked by clk)
Path Group: clk
Path Type: min
Corner: Typical

Fanout     Cap    Slew   Delay    Time   Description
-----------------------------------------------------------------------------
                          0.00    0.00   clock clk (rise edge)
                          0.00    0.00   clock source latency
                  0.09    0.06    0.06 ^ clk (in)
     2    0.02                           clk (net)
                  0.09    0.00    0.06 ^ clkbuf_0_clk/A (sky130_fd_sc_hd__clkbuf_16)
                  0.07    0.16    0.22 ^ clkbuf_0_clk/X (sky130_fd_sc_hd__clkbuf_16)
     4    0.05                           clknet_0_clk (net)
                  0.07    0.00    0.22 ^ clkbuf_2_2__f_clk/A (sky130_fd_sc_hd__clkbuf_16)
                  0.05    0.14    0.35 ^ clkbuf_2_2__f_clk/X (sky130_fd_sc_hd__clkbuf_16)
    11    0.03                           clknet_2_2__leaf_clk (net)
                  0.05    0.00    0.36 ^ _430_/CLK (sky130_fd_sc_hd__dfrtp_4)
                  0.09    0.42    0.78 ^ _430_/Q (sky130_fd_sc_hd__dfrtp_4)
     7    0.02                           tx_inst.state[0] (net)
                  0.09    0.00    0.78 ^ _288_/B (sky130_fd_sc_hd__nor2_2)
                  0.08    0.09    0.86 v _288_/Y (sky130_fd_sc_hd__nor2_2)
     7    0.03                           _154_ (net)
                  0.08    0.00    0.87 v _296_/B (sky130_fd_sc_hd__nand2_4)
                  0.13    0.14    1.01 ^ _296_/Y (sky130_fd_sc_hd__nand2_4)
     8    0.04                           _160_ (net)
                  0.13    0.00    1.01 ^ _301_/S (sky130_fd_sc_hd__mux2_1)
                  0.04    0.14    1.15 ^ _301_/X (sky130_fd_sc_hd__mux2_1)
     1    0.00                           _163_ (net)
                  0.04    0.00    1.15 ^ _302_/A (sky130_fd_sc_hd__clkbuf_1)
                  0.05    0.08    1.23 ^ _302_/X (sky130_fd_sc_hd__clkbuf_1)
     1    0.00                           _066_ (net)
                  0.05    0.00    1.23 ^ _427_/D (sky130_fd_sc_hd__dfrtp_1)
                                  1.23   data arrival time

                          0.00    0.00   clock clk (rise edge)
                          0.00    0.00   clock source latency
                  0.09    0.07    0.07 ^ clk (in)
     2    0.02                           clk (net)
                  0.09    0.00    0.07 ^ clkbuf_0_clk/A (sky130_fd_sc_hd__clkbuf_16)
                  0.07    0.17    0.24 ^ clkbuf_0_clk/X (sky130_fd_sc_hd__clkbuf_16)
     4    0.05                           clknet_0_clk (net)
                  0.07    0.00    0.24 ^ clkbuf_2_3__f_clk/A (sky130_fd_sc_hd__clkbuf_16)
                  0.05    0.15    0.39 ^ clkbuf_2_3__f_clk/X (sky130_fd_sc_hd__clkbuf_16)
     8    0.03                           clknet_2_3__leaf_clk (net)
                  0.05    0.00    0.39 ^ _427_/CLK (sky130_fd_sc_hd__dfrtp_1)
                          0.25    0.64   clock uncertainty
                         -0.02    0.62   clock reconvergence pessimism
                         -0.04    0.58   library hold time
                                  0.58   data required time
-----------------------------------------------------------------------------
                                  0.58   data required time
                                 -1.23   data arrival time
-----------------------------------------------------------------------------
                                  0.65   slack (MET)


Startpoint: _420_ (rising edge-triggered flip-flop clocked by clk)
Endpoint: _435_ (rising edge-triggered flip-flop clocked by clk)
Path Group: clk
Path Type: min
Corner: Typical

Fanout     Cap    Slew   Delay    Time   Description
-----------------------------------------------------------------------------
                          0.00    0.00   clock clk (rise edge)
                          0.00    0.00   clock source latency
                  0.09    0.06    0.06 ^ clk (in)
     2    0.02                           clk (net)
                  0.09    0.00    0.06 ^ clkbuf_0_clk/A (sky130_fd_sc_hd__clkbuf_16)
                  0.07    0.16    0.22 ^ clkbuf_0_clk/X (sky130_fd_sc_hd__clkbuf_16)
     4    0.05                           clknet_0_clk (net)
                  0.07    0.00    0.22 ^ clkbuf_2_2__f_clk/A (sky130_fd_sc_hd__clkbuf_16)
                  0.05    0.14    0.35 ^ clkbuf_2_2__f_clk/X (sky130_fd_sc_hd__clkbuf_16)
    11    0.03                           clknet_2_2__leaf_clk (net)
                  0.05    0.00    0.36 ^ _420_/CLK (sky130_fd_sc_hd__dfstp_1)
                  0.05    0.36    0.71 v _420_/Q (sky130_fd_sc_hd__dfstp_1)
     3    0.01                           rx_inst.rx (net)
                  0.05    0.00    0.71 v _228_/A (sky130_fd_sc_hd__buf_2)
                  0.09    0.17    0.88 v _228_/X (sky130_fd_sc_hd__buf_2)
    10    0.03                           _108_ (net)
                  0.09    0.00    0.89 v _273_/A0 (sky130_fd_sc_hd__mux2_1)
                  0.06    0.29    1.17 v _273_/X (sky130_fd_sc_hd__mux2_1)
     1    0.00                           _143_ (net)
                  0.06    0.00    1.17 v _274_/A (sky130_fd_sc_hd__clkbuf_1)
                  0.02    0.09    1.26 v _274_/X (sky130_fd_sc_hd__clkbuf_1)
     1    0.00                           _074_ (net)
                  0.02    0.00    1.26 v _435_/D (sky130_fd_sc_hd__dfrtp_1)
                                  1.26   data arrival time

                          0.00    0.00   clock clk (rise edge)
                          0.00    0.00   clock source latency
                  0.09    0.07    0.07 ^ clk (in)
     2    0.02                           clk (net)
                  0.09    0.00    0.07 ^ clkbuf_0_clk/A (sky130_fd_sc_hd__clkbuf_16)
                  0.07    0.17    0.24 ^ clkbuf_0_clk/X (sky130_fd_sc_hd__clkbuf_16)
     4    0.05                           clknet_0_clk (net)
                  0.07    0.00    0.24 ^ clkbuf_2_0__f_clk/A (sky130_fd_sc_hd__clkbuf_16)
                  0.06    0.15    0.39 ^ clkbuf_2_0__f_clk/X (sky130_fd_sc_hd__clkbuf_16)
    11    0.04                           clknet_2_0__leaf_clk (net)
                  0.06    0.00    0.40 ^ _435_/CLK (sky130_fd_sc_hd__dfrtp_1)
                          0.25    0.65   clock uncertainty
                         -0.02    0.62   clock reconvergence pessimism
                         -0.03    0.59   library hold time
                                  0.59   data required time
-----------------------------------------------------------------------------
                                  0.59   data required time
                                 -1.26   data arrival time
-----------------------------------------------------------------------------
                                  0.67   slack (MET)


Startpoint: rst (input port clocked by clk)
Endpoint: _447_ (removal check against rising-edge clock clk)
Path Group: asynchronous
Path Type: min
Corner: Typical

Fanout     Cap    Slew   Delay    Time   Description
-----------------------------------------------------------------------------
                          0.00    0.00   clock clk (rise edge)
                          0.00    0.00   clock network delay (propagated)
                          2.00    2.00 v input external delay
                  0.01    0.01    2.01 v rst (in)
     2    0.00                           rst (net)
                  0.01    0.00    2.01 v input1/A (sky130_fd_sc_hd__buf_1)
                  0.07    0.10    2.11 v input1/X (sky130_fd_sc_hd__buf_1)
     1    0.01                           net1 (net)
                  0.07    0.00    2.11 v _356_/A (sky130_fd_sc_hd__clkbuf_4)
                  0.10    0.20    2.31 v _356_/X (sky130_fd_sc_hd__clkbuf_4)
     9    0.05                           _200_ (net)
                  0.10    0.00    2.31 v _402_/A (sky130_fd_sc_hd__inv_2)
                  0.04    0.06    2.37 ^ _402_/Y (sky130_fd_sc_hd__inv_2)
     1    0.00                           _041_ (net)
                  0.04    0.00    2.37 ^ _447_/RESET_B (sky130_fd_sc_hd__dfrtp_1)
                                  2.37   data arrival time

                          0.00    0.00   clock clk (rise edge)
                          0.00    0.00   clock source latency
                  0.09    0.07    0.07 ^ clk (in)
     2    0.02                           clk (net)
                  0.09    0.00    0.07 ^ clkbuf_0_clk/A (sky130_fd_sc_hd__clkbuf_16)
                  0.07    0.17    0.24 ^ clkbuf_0_clk/X (sky130_fd_sc_hd__clkbuf_16)
     4    0.05                           clknet_0_clk (net)
                  0.07    0.00    0.24 ^ clkbuf_2_1__f_clk/A (sky130_fd_sc_hd__clkbuf_16)
                  0.07    0.16    0.40 ^ clkbuf_2_1__f_clk/X (sky130_fd_sc_hd__clkbuf_16)
    15    0.05                           clknet_2_1__leaf_clk (net)
                  0.07    0.00    0.40 ^ _447_/CLK (sky130_fd_sc_hd__dfrtp_1)
                          0.25    0.65   clock uncertainty
                          0.00    0.65   clock reconvergence pessimism
                          0.32    0.98   library removal time
                                  0.98   data required time
-----------------------------------------------------------------------------
                                  0.98   data required time
                                 -2.37   data arrival time
-----------------------------------------------------------------------------
                                  1.39   slack (MET)


Startpoint: rst (input port clocked by clk)
Endpoint: _448_ (removal check against rising-edge clock clk)
Path Group: asynchronous
Path Type: min
Corner: Typical

Fanout     Cap    Slew   Delay    Time   Description
-----------------------------------------------------------------------------
                          0.00    0.00   clock clk (rise edge)
                          0.00    0.00   clock network delay (propagated)
                          2.00    2.00 v input external delay
                  0.01    0.01    2.01 v rst (in)
     2    0.00                           rst (net)
                  0.01    0.00    2.01 v input1/A (sky130_fd_sc_hd__buf_1)
                  0.07    0.10    2.11 v input1/X (sky130_fd_sc_hd__buf_1)
     1    0.01                           net1 (net)
                  0.07    0.00    2.11 v _356_/A (sky130_fd_sc_hd__clkbuf_4)
                  0.10    0.20    2.31 v _356_/X (sky130_fd_sc_hd__clkbuf_4)
     9    0.05                           _200_ (net)
                  0.10    0.00    2.31 v _403_/A (sky130_fd_sc_hd__inv_2)
                  0.04    0.06    2.37 ^ _403_/Y (sky130_fd_sc_hd__inv_2)
     1    0.00                           _042_ (net)
                  0.04    0.00    2.37 ^ _448_/RESET_B (sky130_fd_sc_hd__dfrtp_1)
                                  2.37   data arrival time

                          0.00    0.00   clock clk (rise edge)
                          0.00    0.00   clock source latency
                  0.09    0.07    0.07 ^ clk (in)
     2    0.02                           clk (net)
                  0.09    0.00    0.07 ^ clkbuf_0_clk/A (sky130_fd_sc_hd__clkbuf_16)
                  0.07    0.17    0.24 ^ clkbuf_0_clk/X (sky130_fd_sc_hd__clkbuf_16)
     4    0.05                           clknet_0_clk (net)
                  0.07    0.00    0.24 ^ clkbuf_2_1__f_clk/A (sky130_fd_sc_hd__clkbuf_16)
                  0.07    0.16    0.40 ^ clkbuf_2_1__f_clk/X (sky130_fd_sc_hd__clkbuf_16)
    15    0.05                           clknet_2_1__leaf_clk (net)
                  0.07    0.00    0.40 ^ _448_/CLK (sky130_fd_sc_hd__dfrtp_1)
                          0.25    0.65   clock uncertainty
                          0.00    0.65   clock reconvergence pessimism
                          0.32    0.98   library removal time
                                  0.98   data required time
-----------------------------------------------------------------------------
                                  0.98   data required time
                                 -2.37   data arrival time
-----------------------------------------------------------------------------
                                  1.39   slack (MET)


Startpoint: rst (input port clocked by clk)
Endpoint: _446_ (removal check against rising-edge clock clk)
Path Group: asynchronous
Path Type: min
Corner: Typical

Fanout     Cap    Slew   Delay    Time   Description
-----------------------------------------------------------------------------
                          0.00    0.00   clock clk (rise edge)
                          0.00    0.00   clock network delay (propagated)
                          2.00    2.00 v input external delay
                  0.01    0.01    2.01 v rst (in)
     2    0.00                           rst (net)
                  0.01    0.00    2.01 v input1/A (sky130_fd_sc_hd__buf_1)
                  0.07    0.10    2.11 v input1/X (sky130_fd_sc_hd__buf_1)
     1    0.01                           net1 (net)
                  0.07    0.00    2.11 v _356_/A (sky130_fd_sc_hd__clkbuf_4)
                  0.10    0.20    2.31 v _356_/X (sky130_fd_sc_hd__clkbuf_4)
     9    0.05                           _200_ (net)
                  0.10    0.00    2.31 v _401_/A (sky130_fd_sc_hd__inv_2)
                  0.04    0.06    2.37 ^ _401_/Y (sky130_fd_sc_hd__inv_2)
     1    0.00                           _040_ (net)
                  0.04    0.00    2.37 ^ _446_/RESET_B (sky130_fd_sc_hd__dfrtp_1)
                                  2.37   data arrival time

                          0.00    0.00   clock clk (rise edge)
                          0.00    0.00   clock source latency
                  0.09    0.07    0.07 ^ clk (in)
     2    0.02                           clk (net)
                  0.09    0.00    0.07 ^ clkbuf_0_clk/A (sky130_fd_sc_hd__clkbuf_16)
                  0.07    0.17    0.24 ^ clkbuf_0_clk/X (sky130_fd_sc_hd__clkbuf_16)
     4    0.05                           clknet_0_clk (net)
                  0.07    0.00    0.24 ^ clkbuf_2_1__f_clk/A (sky130_fd_sc_hd__clkbuf_16)
                  0.07    0.16    0.40 ^ clkbuf_2_1__f_clk/X (sky130_fd_sc_hd__clkbuf_16)
    15    0.05                           clknet_2_1__leaf_clk (net)
                  0.07    0.00    0.40 ^ _446_/CLK (sky130_fd_sc_hd__dfrtp_1)
                          0.25    0.65   clock uncertainty
                          0.00    0.65   clock reconvergence pessimism
                          0.32    0.98   library removal time
                                  0.98   data required time
-----------------------------------------------------------------------------
                                  0.98   data required time
                                 -2.37   data arrival time
-----------------------------------------------------------------------------
                                  1.39   slack (MET)


Startpoint: rst (input port clocked by clk)
Endpoint: _450_ (removal check against rising-edge clock clk)
Path Group: asynchronous
Path Type: min
Corner: Typical

Fanout     Cap    Slew   Delay    Time   Description
-----------------------------------------------------------------------------
                          0.00    0.00   clock clk (rise edge)
                          0.00    0.00   clock network delay (propagated)
                          2.00    2.00 v input external delay
                  0.01    0.01    2.01 v rst (in)
     2    0.00                           rst (net)
                  0.01    0.00    2.01 v input1/A (sky130_fd_sc_hd__buf_1)
                  0.07    0.10    2.11 v input1/X (sky130_fd_sc_hd__buf_1)
     1    0.01                           net1 (net)
                  0.07    0.00    2.11 v _356_/A (sky130_fd_sc_hd__clkbuf_4)
                  0.10    0.20    2.31 v _356_/X (sky130_fd_sc_hd__clkbuf_4)
     9    0.05                           _200_ (net)
                  0.10    0.00    2.31 v _405_/A (sky130_fd_sc_hd__inv_2)
                  0.04    0.06    2.37 ^ _405_/Y (sky130_fd_sc_hd__inv_2)
     1    0.00                           _044_ (net)
                  0.04    0.00    2.37 ^ _450_/RESET_B (sky130_fd_sc_hd__dfrtp_1)
                                  2.37   data arrival time

                          0.00    0.00   clock clk (rise edge)
                          0.00    0.00   clock source latency
                  0.09    0.07    0.07 ^ clk (in)
     2    0.02                           clk (net)
                  0.09    0.00    0.07 ^ clkbuf_0_clk/A (sky130_fd_sc_hd__clkbuf_16)
                  0.07    0.17    0.24 ^ clkbuf_0_clk/X (sky130_fd_sc_hd__clkbuf_16)
     4    0.05                           clknet_0_clk (net)
                  0.07    0.00    0.24 ^ clkbuf_2_1__f_clk/A (sky130_fd_sc_hd__clkbuf_16)
                  0.07    0.16    0.40 ^ clkbuf_2_1__f_clk/X (sky130_fd_sc_hd__clkbuf_16)
    15    0.05                           clknet_2_1__leaf_clk (net)
                  0.07    0.00    0.40 ^ _450_/CLK (sky130_fd_sc_hd__dfrtp_1)
                          0.25    0.65   clock uncertainty
                          0.00    0.65   clock reconvergence pessimism
                          0.32    0.98   library removal time
                                  0.98   data required time
-----------------------------------------------------------------------------
                                  0.98   data required time
                                 -2.37   data arrival time
-----------------------------------------------------------------------------
                                  1.39   slack (MET)


Startpoint: rst (input port clocked by clk)
Endpoint: _449_ (removal check against rising-edge clock clk)
Path Group: asynchronous
Path Type: min
Corner: Typical

Fanout     Cap    Slew   Delay    Time   Description
-----------------------------------------------------------------------------
                          0.00    0.00   clock clk (rise edge)
                          0.00    0.00   clock network delay (propagated)
                          2.00    2.00 v input external delay
                  0.01    0.01    2.01 v rst (in)
     2    0.00                           rst (net)
                  0.01    0.00    2.01 v input1/A (sky130_fd_sc_hd__buf_1)
                  0.07    0.10    2.11 v input1/X (sky130_fd_sc_hd__buf_1)
     1    0.01                           net1 (net)
                  0.07    0.00    2.11 v _356_/A (sky130_fd_sc_hd__clkbuf_4)
                  0.10    0.20    2.31 v _356_/X (sky130_fd_sc_hd__clkbuf_4)
     9    0.05                           _200_ (net)
                  0.10    0.00    2.31 v _404_/A (sky130_fd_sc_hd__inv_2)
                  0.04    0.06    2.38 ^ _404_/Y (sky130_fd_sc_hd__inv_2)
     1    0.00                           _043_ (net)
                  0.04    0.00    2.38 ^ _449_/RESET_B (sky130_fd_sc_hd__dfrtp_1)
                                  2.38   data arrival time

                          0.00    0.00   clock clk (rise edge)
                          0.00    0.00   clock source latency
                  0.09    0.07    0.07 ^ clk (in)
     2    0.02                           clk (net)
                  0.09    0.00    0.07 ^ clkbuf_0_clk/A (sky130_fd_sc_hd__clkbuf_16)
                  0.07    0.17    0.24 ^ clkbuf_0_clk/X (sky130_fd_sc_hd__clkbuf_16)
     4    0.05                           clknet_0_clk (net)
                  0.07    0.00    0.24 ^ clkbuf_2_1__f_clk/A (sky130_fd_sc_hd__clkbuf_16)
                  0.07    0.16    0.40 ^ clkbuf_2_1__f_clk/X (sky130_fd_sc_hd__clkbuf_16)
    15    0.05                           clknet_2_1__leaf_clk (net)
                  0.07    0.00    0.40 ^ _449_/CLK (sky130_fd_sc_hd__dfrtp_1)
                          0.25    0.65   clock uncertainty
                          0.00    0.65   clock reconvergence pessimism
                          0.32    0.98   library removal time
                                  0.98   data required time
-----------------------------------------------------------------------------
                                  0.98   data required time
                                 -2.38   data arrival time
-----------------------------------------------------------------------------
                                  1.40   slack (MET)


Startpoint: rst (input port clocked by clk)
Endpoint: _423_ (removal check against rising-edge clock clk)
Path Group: asynchronous
Path Type: min
Corner: Typical

Fanout     Cap    Slew   Delay    Time   Description
-----------------------------------------------------------------------------
                          0.00    0.00   clock clk (rise edge)
                          0.00    0.00   clock network delay (propagated)
                          2.00    2.00 v input external delay
                  0.01    0.01    2.01 v rst (in)
     2    0.00                           rst (net)
                  0.01    0.00    2.01 v input1/A (sky130_fd_sc_hd__buf_1)
                  0.07    0.10    2.11 v input1/X (sky130_fd_sc_hd__buf_1)
     1    0.01                           net1 (net)
                  0.07    0.00    2.11 v _356_/A (sky130_fd_sc_hd__clkbuf_4)
                  0.10    0.20    2.31 v _356_/X (sky130_fd_sc_hd__clkbuf_4)
     9    0.05                           _200_ (net)
                  0.10    0.00    2.31 v _368_/A (sky130_fd_sc_hd__buf_4)
                  0.08    0.21    2.52 v _368_/X (sky130_fd_sc_hd__buf_4)
    10    0.06                           _202_ (net)
                  0.08    0.00    2.52 v _376_/A (sky130_fd_sc_hd__inv_2)
                  0.03    0.06    2.57 ^ _376_/Y (sky130_fd_sc_hd__inv_2)
     1    0.00                           _017_ (net)
                  0.03    0.00    2.57 ^ _423_/RESET_B (sky130_fd_sc_hd__dfrtp_1)
                                  2.57   data arrival time

                          0.00    0.00   clock clk (rise edge)
                          0.00    0.00   clock source latency
                  0.09    0.07    0.07 ^ clk (in)
     2    0.02                           clk (net)
                  0.09    0.00    0.07 ^ clkbuf_0_clk/A (sky130_fd_sc_hd__clkbuf_16)
                  0.07    0.17    0.24 ^ clkbuf_0_clk/X (sky130_fd_sc_hd__clkbuf_16)
     4    0.05                           clknet_0_clk (net)
                  0.07    0.00    0.24 ^ clkbuf_2_1__f_clk/A (sky130_fd_sc_hd__clkbuf_16)
                  0.07    0.16    0.40 ^ clkbuf_2_1__f_clk/X (sky130_fd_sc_hd__clkbuf_16)
    15    0.05                           clknet_2_1__leaf_clk (net)
                  0.07    0.00    0.40 ^ _423_/CLK (sky130_fd_sc_hd__dfrtp_1)
                          0.25    0.65   clock uncertainty
                          0.00    0.65   clock reconvergence pessimism
                          0.32    0.98   library removal time
                                  0.98   data required time
-----------------------------------------------------------------------------
                                  0.98   data required time
                                 -2.57   data arrival time
-----------------------------------------------------------------------------
                                  1.60   slack (MET)


Startpoint: rst (input port clocked by clk)
Endpoint: _422_ (removal check against rising-edge clock clk)
Path Group: asynchronous
Path Type: min
Corner: Typical

Fanout     Cap    Slew   Delay    Time   Description
-----------------------------------------------------------------------------
                          0.00    0.00   clock clk (rise edge)
                          0.00    0.00   clock network delay (propagated)
                          2.00    2.00 v input external delay
                  0.01    0.01    2.01 v rst (in)
     2    0.00                           rst (net)
                  0.01    0.00    2.01 v input1/A (sky130_fd_sc_hd__buf_1)
                  0.07    0.10    2.11 v input1/X (sky130_fd_sc_hd__buf_1)
     1    0.01                           net1 (net)
                  0.07    0.00    2.11 v _356_/A (sky130_fd_sc_hd__clkbuf_4)
                  0.10    0.20    2.31 v _356_/X (sky130_fd_sc_hd__clkbuf_4)
     9    0.05                           _200_ (net)
                  0.10    0.00    2.31 v _368_/A (sky130_fd_sc_hd__buf_4)
                  0.08    0.21    2.52 v _368_/X (sky130_fd_sc_hd__buf_4)
    10    0.06                           _202_ (net)
                  0.08    0.00    2.52 v _375_/A (sky130_fd_sc_hd__inv_2)
                  0.03    0.06    2.57 ^ _375_/Y (sky130_fd_sc_hd__inv_2)
     1    0.00                           _016_ (net)
                  0.03    0.00    2.57 ^ _422_/RESET_B (sky130_fd_sc_hd__dfrtp_1)
                                  2.57   data arrival time

                          0.00    0.00   clock clk (rise edge)
                          0.00    0.00   clock source latency
                  0.09    0.07    0.07 ^ clk (in)
     2    0.02                           clk (net)
                  0.09    0.00    0.07 ^ clkbuf_0_clk/A (sky130_fd_sc_hd__clkbuf_16)
                  0.07    0.17    0.24 ^ clkbuf_0_clk/X (sky130_fd_sc_hd__clkbuf_16)
     4    0.05                           clknet_0_clk (net)
                  0.07    0.00    0.24 ^ clkbuf_2_1__f_clk/A (sky130_fd_sc_hd__clkbuf_16)
                  0.07    0.16    0.40 ^ clkbuf_2_1__f_clk/X (sky130_fd_sc_hd__clkbuf_16)
    15    0.05                           clknet_2_1__leaf_clk (net)
                  0.07    0.00    0.40 ^ _422_/CLK (sky130_fd_sc_hd__dfrtp_1)
                          0.25    0.65   clock uncertainty
                          0.00    0.65   clock reconvergence pessimism
                          0.32    0.98   library removal time
                                  0.98   data required time
-----------------------------------------------------------------------------
                                  0.98   data required time
                                 -2.57   data arrival time
-----------------------------------------------------------------------------
                                  1.60   slack (MET)


Startpoint: rst (input port clocked by clk)
Endpoint: _438_ (removal check against rising-edge clock clk)
Path Group: asynchronous
Path Type: min
Corner: Typical

Fanout     Cap    Slew   Delay    Time   Description
-----------------------------------------------------------------------------
                          0.00    0.00   clock clk (rise edge)
                          0.00    0.00   clock network delay (propagated)
                          2.00    2.00 v input external delay
                  0.01    0.01    2.01 v rst (in)
     2    0.00                           rst (net)
                  0.01    0.00    2.01 v input1/A (sky130_fd_sc_hd__buf_1)
                  0.07    0.10    2.11 v input1/X (sky130_fd_sc_hd__buf_1)
     1    0.01                           net1 (net)
                  0.07    0.00    2.11 v _356_/A (sky130_fd_sc_hd__clkbuf_4)
                  0.10    0.20    2.31 v _356_/X (sky130_fd_sc_hd__clkbuf_4)
     9    0.05                           _200_ (net)
                  0.10    0.00    2.31 v _390_/A (sky130_fd_sc_hd__buf_4)
                  0.08    0.21    2.52 v _390_/X (sky130_fd_sc_hd__buf_4)
    10    0.06                           _204_ (net)
                  0.08    0.00    2.52 v _393_/A (sky130_fd_sc_hd__inv_2)
                  0.03    0.05    2.57 ^ _393_/Y (sky130_fd_sc_hd__inv_2)
     1    0.00                           _032_ (net)
                  0.03    0.00    2.57 ^ _438_/RESET_B (sky130_fd_sc_hd__dfrtp_2)
                                  2.57   data arrival time

                          0.00    0.00   clock clk (rise edge)
                          0.00    0.00   clock source latency
                  0.09    0.07    0.07 ^ clk (in)
     2    0.02                           clk (net)
                  0.09    0.00    0.07 ^ clkbuf_0_clk/A (sky130_fd_sc_hd__clkbuf_16)
                  0.07    0.17    0.24 ^ clkbuf_0_clk/X (sky130_fd_sc_hd__clkbuf_16)
     4    0.05                           clknet_0_clk (net)
                  0.07    0.00    0.24 ^ clkbuf_2_1__f_clk/A (sky130_fd_sc_hd__clkbuf_16)
                  0.07    0.16    0.40 ^ clkbuf_2_1__f_clk/X (sky130_fd_sc_hd__clkbuf_16)
    15    0.05                           clknet_2_1__leaf_clk (net)
                  0.07    0.00    0.40 ^ _438_/CLK (sky130_fd_sc_hd__dfrtp_2)
                          0.25    0.65   clock uncertainty
                          0.00    0.65   clock reconvergence pessimism
                          0.32    0.98   library removal time
                                  0.98   data required time
-----------------------------------------------------------------------------
                                  0.98   data required time
                                 -2.57   data arrival time
-----------------------------------------------------------------------------
                                  1.60   slack (MET)


Startpoint: rst (input port clocked by clk)
Endpoint: _444_ (removal check against rising-edge clock clk)
Path Group: asynchronous
Path Type: min
Corner: Typical

Fanout     Cap    Slew   Delay    Time   Description
-----------------------------------------------------------------------------
                          0.00    0.00   clock clk (rise edge)
                          0.00    0.00   clock network delay (propagated)
                          2.00    2.00 v input external delay
                  0.01    0.01    2.01 v rst (in)
     2    0.00                           rst (net)
                  0.01    0.00    2.01 v input1/A (sky130_fd_sc_hd__buf_1)
                  0.07    0.10    2.11 v input1/X (sky130_fd_sc_hd__buf_1)
     1    0.01                           net1 (net)
                  0.07    0.00    2.11 v _356_/A (sky130_fd_sc_hd__clkbuf_4)
                  0.10    0.20    2.31 v _356_/X (sky130_fd_sc_hd__clkbuf_4)
     9    0.05                           _200_ (net)
                  0.10    0.00    2.31 v _390_/A (sky130_fd_sc_hd__buf_4)
                  0.08    0.21    2.52 v _390_/X (sky130_fd_sc_hd__buf_4)
    10    0.06                           _204_ (net)
                  0.08    0.00    2.52 v _399_/A (sky130_fd_sc_hd__inv_2)
                  0.03    0.06    2.58 ^ _399_/Y (sky130_fd_sc_hd__inv_2)
     1    0.00                           _038_ (net)
                  0.03    0.00    2.58 ^ _444_/RESET_B (sky130_fd_sc_hd__dfrtp_2)
                                  2.58   data arrival time

                          0.00    0.00   clock clk (rise edge)
                          0.00    0.00   clock source latency
                  0.09    0.07    0.07 ^ clk (in)
     2    0.02                           clk (net)
                  0.09    0.00    0.07 ^ clkbuf_0_clk/A (sky130_fd_sc_hd__clkbuf_16)
                  0.07    0.17    0.24 ^ clkbuf_0_clk/X (sky130_fd_sc_hd__clkbuf_16)
     4    0.05                           clknet_0_clk (net)
                  0.07    0.00    0.24 ^ clkbuf_2_1__f_clk/A (sky130_fd_sc_hd__clkbuf_16)
                  0.07    0.16    0.40 ^ clkbuf_2_1__f_clk/X (sky130_fd_sc_hd__clkbuf_16)
    15    0.05                           clknet_2_1__leaf_clk (net)
                  0.07    0.00    0.40 ^ _444_/CLK (sky130_fd_sc_hd__dfrtp_2)
                          0.25    0.65   clock uncertainty
                          0.00    0.65   clock reconvergence pessimism
                          0.32    0.98   library removal time
                                  0.98   data required time
-----------------------------------------------------------------------------
                                  0.98   data required time
                                 -2.58   data arrival time
-----------------------------------------------------------------------------
                                  1.60   slack (MET)


Startpoint: rst (input port clocked by clk)
Endpoint: _425_ (removal check against rising-edge clock clk)
Path Group: asynchronous
Path Type: min
Corner: Typical

Fanout     Cap    Slew   Delay    Time   Description
-----------------------------------------------------------------------------
                          0.00    0.00   clock clk (rise edge)
                          0.00    0.00   clock network delay (propagated)
                          2.00    2.00 v input external delay
                  0.01    0.01    2.01 v rst (in)
     2    0.00                           rst (net)
                  0.01    0.00    2.01 v input1/A (sky130_fd_sc_hd__buf_1)
                  0.07    0.10    2.11 v input1/X (sky130_fd_sc_hd__buf_1)
     1    0.01                           net1 (net)
                  0.07    0.00    2.11 v _356_/A (sky130_fd_sc_hd__clkbuf_4)
                  0.10    0.20    2.31 v _356_/X (sky130_fd_sc_hd__clkbuf_4)
     9    0.05                           _200_ (net)
                  0.10    0.00    2.31 v _368_/A (sky130_fd_sc_hd__buf_4)
                  0.08    0.21    2.52 v _368_/X (sky130_fd_sc_hd__buf_4)
    10    0.06                           _202_ (net)
                  0.08    0.00    2.52 v _378_/A (sky130_fd_sc_hd__inv_2)
                  0.04    0.06    2.58 ^ _378_/Y (sky130_fd_sc_hd__inv_2)
     1    0.01                           _019_ (net)
                  0.04    0.00    2.58 ^ _425_/RESET_B (sky130_fd_sc_hd__dfrtp_1)
                                  2.58   data arrival time

                          0.00    0.00   clock clk (rise edge)
                          0.00    0.00   clock source latency
                  0.09    0.07    0.07 ^ clk (in)
     2    0.02                           clk (net)
                  0.09    0.00    0.07 ^ clkbuf_0_clk/A (sky130_fd_sc_hd__clkbuf_16)
                  0.07    0.17    0.24 ^ clkbuf_0_clk/X (sky130_fd_sc_hd__clkbuf_16)
     4    0.05                           clknet_0_clk (net)
                  0.07    0.00    0.24 ^ clkbuf_2_1__f_clk/A (sky130_fd_sc_hd__clkbuf_16)
                  0.07    0.16    0.40 ^ clkbuf_2_1__f_clk/X (sky130_fd_sc_hd__clkbuf_16)
    15    0.05                           clknet_2_1__leaf_clk (net)
                  0.07    0.00    0.40 ^ _425_/CLK (sky130_fd_sc_hd__dfrtp_1)
                          0.25    0.65   clock uncertainty
                          0.00    0.65   clock reconvergence pessimism
                          0.32    0.98   library removal time
                                  0.98   data required time
-----------------------------------------------------------------------------
                                  0.98   data required time
                                 -2.58   data arrival time
-----------------------------------------------------------------------------
                                  1.60   slack (MET)


Startpoint: rst (input port clocked by clk)
Endpoint: _443_ (removal check against rising-edge clock clk)
Path Group: asynchronous
Path Type: min
Corner: Typical

Fanout     Cap    Slew   Delay    Time   Description
-----------------------------------------------------------------------------
                          0.00    0.00   clock clk (rise edge)
                          0.00    0.00   clock network delay (propagated)
                          2.00    2.00 v input external delay
                  0.01    0.01    2.01 v rst (in)
     2    0.00                           rst (net)
                  0.01    0.00    2.01 v input1/A (sky130_fd_sc_hd__buf_1)
                  0.07    0.10    2.11 v input1/X (sky130_fd_sc_hd__buf_1)
     1    0.01                           net1 (net)
                  0.07    0.00    2.11 v _356_/A (sky130_fd_sc_hd__clkbuf_4)
                  0.10    0.20    2.31 v _356_/X (sky130_fd_sc_hd__clkbuf_4)
     9    0.05                           _200_ (net)
                  0.10    0.00    2.31 v _390_/A (sky130_fd_sc_hd__buf_4)
                  0.08    0.21    2.52 v _390_/X (sky130_fd_sc_hd__buf_4)
    10    0.06                           _204_ (net)
                  0.08    0.00    2.52 v _398_/A (sky130_fd_sc_hd__inv_2)
                  0.04    0.06    2.58 ^ _398_/Y (sky130_fd_sc_hd__inv_2)
     1    0.00                           _037_ (net)
                  0.04    0.00    2.58 ^ _443_/RESET_B (sky130_fd_sc_hd__dfrtp_4)
                                  2.58   data arrival time

                          0.00    0.00   clock clk (rise edge)
                          0.00    0.00   clock source latency
                  0.09    0.07    0.07 ^ clk (in)
     2    0.02                           clk (net)
                  0.09    0.00    0.07 ^ clkbuf_0_clk/A (sky130_fd_sc_hd__clkbuf_16)
                  0.07    0.17    0.24 ^ clkbuf_0_clk/X (sky130_fd_sc_hd__clkbuf_16)
     4    0.05                           clknet_0_clk (net)
                  0.07    0.00    0.24 ^ clkbuf_2_1__f_clk/A (sky130_fd_sc_hd__clkbuf_16)
                  0.07    0.16    0.40 ^ clkbuf_2_1__f_clk/X (sky130_fd_sc_hd__clkbuf_16)
    15    0.05                           clknet_2_1__leaf_clk (net)
                  0.07    0.00    0.40 ^ _443_/CLK (sky130_fd_sc_hd__dfrtp_4)
                          0.25    0.65   clock uncertainty
                          0.00    0.65   clock reconvergence pessimism
                          0.32    0.98   library removal time
                                  0.98   data required time
-----------------------------------------------------------------------------
                                  0.98   data required time
                                 -2.58   data arrival time
-----------------------------------------------------------------------------
                                  1.60   slack (MET)


Startpoint: rst (input port clocked by clk)
Endpoint: _418_ (removal check against rising-edge clock clk)
Path Group: asynchronous
Path Type: min
Corner: Typical

Fanout     Cap    Slew   Delay    Time   Description
-----------------------------------------------------------------------------
                          0.00    0.00   clock clk (rise edge)
                          0.00    0.00   clock network delay (propagated)
                          2.00    2.00 v input external delay
                  0.01    0.01    2.01 v rst (in)
     2    0.00                           rst (net)
                  0.01    0.00    2.01 v input1/A (sky130_fd_sc_hd__buf_1)
                  0.07    0.10    2.11 v input1/X (sky130_fd_sc_hd__buf_1)
     1    0.01                           net1 (net)
                  0.07    0.00    2.11 v _356_/A (sky130_fd_sc_hd__clkbuf_4)
                  0.10    0.20    2.31 v _356_/X (sky130_fd_sc_hd__clkbuf_4)
     9    0.05                           _200_ (net)
                  0.10    0.00    2.31 v _368_/A (sky130_fd_sc_hd__buf_4)
                  0.08    0.21    2.52 v _368_/X (sky130_fd_sc_hd__buf_4)
    10    0.06                           _202_ (net)
                  0.08    0.00    2.52 v _371_/A (sky130_fd_sc_hd__inv_2)
                  0.03    0.06    2.58 ^ _371_/Y (sky130_fd_sc_hd__inv_2)
     1    0.00                           _012_ (net)
                  0.03    0.00    2.58 ^ _418_/RESET_B (sky130_fd_sc_hd__dfrtp_1)
                                  2.58   data arrival time

                          0.00    0.00   clock clk (rise edge)
                          0.00    0.00   clock source latency
                  0.09    0.07    0.07 ^ clk (in)
     2    0.02                           clk (net)
                  0.09    0.00    0.07 ^ clkbuf_0_clk/A (sky130_fd_sc_hd__clkbuf_16)
                  0.07    0.17    0.24 ^ clkbuf_0_clk/X (sky130_fd_sc_hd__clkbuf_16)
     4    0.05                           clknet_0_clk (net)
                  0.07    0.00    0.24 ^ clkbuf_2_0__f_clk/A (sky130_fd_sc_hd__clkbuf_16)
                  0.06    0.15    0.39 ^ clkbuf_2_0__f_clk/X (sky130_fd_sc_hd__clkbuf_16)
    11    0.04                           clknet_2_0__leaf_clk (net)
                  0.06    0.00    0.40 ^ _418_/CLK (sky130_fd_sc_hd__dfrtp_1)
                          0.25    0.65   clock uncertainty
                          0.00    0.65   clock reconvergence pessimism
                          0.32    0.97   library removal time
                                  0.97   data required time
-----------------------------------------------------------------------------
                                  0.97   data required time
                                 -2.58   data arrival time
-----------------------------------------------------------------------------
                                  1.61   slack (MET)


Startpoint: rst (input port clocked by clk)
Endpoint: _409_ (removal check against rising-edge clock clk)
Path Group: asynchronous
Path Type: min
Corner: Typical

Fanout     Cap    Slew   Delay    Time   Description
-----------------------------------------------------------------------------
                          0.00    0.00   clock clk (rise edge)
                          0.00    0.00   clock network delay (propagated)
                          2.00    2.00 v input external delay
                  0.01    0.01    2.01 v rst (in)
     2    0.00                           rst (net)
                  0.01    0.00    2.01 v input1/A (sky130_fd_sc_hd__buf_1)
                  0.07    0.10    2.11 v input1/X (sky130_fd_sc_hd__buf_1)
     1    0.01                           net1 (net)
                  0.07    0.00    2.11 v _356_/A (sky130_fd_sc_hd__clkbuf_4)
                  0.10    0.20    2.31 v _356_/X (sky130_fd_sc_hd__clkbuf_4)
     9    0.05                           _200_ (net)
                  0.10    0.00    2.31 v _357_/A (sky130_fd_sc_hd__buf_4)
                  0.08    0.20    2.51 v _357_/X (sky130_fd_sc_hd__buf_4)
    10    0.06                           _201_ (net)
                  0.08    0.00    2.52 v _361_/A (sky130_fd_sc_hd__inv_2)
                  0.03    0.05    2.57 ^ _361_/Y (sky130_fd_sc_hd__inv_2)
     1    0.00                           _003_ (net)
                  0.03    0.00    2.57 ^ _409_/RESET_B (sky130_fd_sc_hd__dfrtp_2)
                                  2.57   data arrival time

                          0.00    0.00   clock clk (rise edge)
                          0.00    0.00   clock source latency
                  0.09    0.07    0.07 ^ clk (in)
     2    0.02                           clk (net)
                  0.09    0.00    0.07 ^ clkbuf_0_clk/A (sky130_fd_sc_hd__clkbuf_16)
                  0.07    0.17    0.24 ^ clkbuf_0_clk/X (sky130_fd_sc_hd__clkbuf_16)
     4    0.05                           clknet_0_clk (net)
                  0.07    0.00    0.24 ^ clkbuf_2_2__f_clk/A (sky130_fd_sc_hd__clkbuf_16)
                  0.05    0.15    0.39 ^ clkbuf_2_2__f_clk/X (sky130_fd_sc_hd__clkbuf_16)
    11    0.03                           clknet_2_2__leaf_clk (net)
                  0.05    0.00    0.39 ^ _409_/CLK (sky130_fd_sc_hd__dfrtp_2)
                          0.25    0.64   clock uncertainty
                          0.00    0.64   clock reconvergence pessimism
                          0.32    0.96   library removal time
                                  0.96   data required time
-----------------------------------------------------------------------------
                                  0.96   data required time
                                 -2.57   data arrival time
-----------------------------------------------------------------------------
                                  1.61   slack (MET)


Startpoint: rst (input port clocked by clk)
Endpoint: _410_ (removal check against rising-edge clock clk)
Path Group: asynchronous
Path Type: min
Corner: Typical

Fanout     Cap    Slew   Delay    Time   Description
-----------------------------------------------------------------------------
                          0.00    0.00   clock clk (rise edge)
                          0.00    0.00   clock network delay (propagated)
                          2.00    2.00 v input external delay
                  0.01    0.01    2.01 v rst (in)
     2    0.00                           rst (net)
                  0.01    0.00    2.01 v input1/A (sky130_fd_sc_hd__buf_1)
                  0.07    0.10    2.11 v input1/X (sky130_fd_sc_hd__buf_1)
     1    0.01                           net1 (net)
                  0.07    0.00    2.11 v _356_/A (sky130_fd_sc_hd__clkbuf_4)
                  0.10    0.20    2.31 v _356_/X (sky130_fd_sc_hd__clkbuf_4)
     9    0.05                           _200_ (net)
                  0.10    0.00    2.31 v _357_/A (sky130_fd_sc_hd__buf_4)
                  0.08    0.20    2.51 v _357_/X (sky130_fd_sc_hd__buf_4)
    10    0.06                           _201_ (net)
                  0.08    0.00    2.52 v _362_/A (sky130_fd_sc_hd__inv_2)
                  0.03    0.06    2.57 ^ _362_/Y (sky130_fd_sc_hd__inv_2)
     1    0.00                           _004_ (net)
                  0.03    0.00    2.57 ^ _410_/RESET_B (sky130_fd_sc_hd__dfrtp_1)
                                  2.57   data arrival time

                          0.00    0.00   clock clk (rise edge)
                          0.00    0.00   clock source latency
                  0.09    0.07    0.07 ^ clk (in)
     2    0.02                           clk (net)
                  0.09    0.00    0.07 ^ clkbuf_0_clk/A (sky130_fd_sc_hd__clkbuf_16)
                  0.07    0.17    0.24 ^ clkbuf_0_clk/X (sky130_fd_sc_hd__clkbuf_16)
     4    0.05                           clknet_0_clk (net)
                  0.07    0.00    0.24 ^ clkbuf_2_2__f_clk/A (sky130_fd_sc_hd__clkbuf_16)
                  0.05    0.15    0.39 ^ clkbuf_2_2__f_clk/X (sky130_fd_sc_hd__clkbuf_16)
    11    0.03                           clknet_2_2__leaf_clk (net)
                  0.05    0.00    0.39 ^ _410_/CLK (sky130_fd_sc_hd__dfrtp_1)
                          0.25    0.64   clock uncertainty
                          0.00    0.64   clock reconvergence pessimism
                          0.32    0.96   library removal time
                                  0.96   data required time
-----------------------------------------------------------------------------
                                  0.96   data required time
                                 -2.57   data arrival time
-----------------------------------------------------------------------------
                                  1.61   slack (MET)


Startpoint: rst (input port clocked by clk)
Endpoint: _415_ (removal check against rising-edge clock clk)
Path Group: asynchronous
Path Type: min
Corner: Typical

Fanout     Cap    Slew   Delay    Time   Description
-----------------------------------------------------------------------------
                          0.00    0.00   clock clk (rise edge)
                          0.00    0.00   clock network delay (propagated)
                          2.00    2.00 v input external delay
                  0.01    0.01    2.01 v rst (in)
     2    0.00                           rst (net)
                  0.01    0.00    2.01 v input1/A (sky130_fd_sc_hd__buf_1)
                  0.07    0.10    2.11 v input1/X (sky130_fd_sc_hd__buf_1)
     1    0.01                           net1 (net)
                  0.07    0.00    2.11 v _356_/A (sky130_fd_sc_hd__clkbuf_4)
                  0.10    0.20    2.31 v _356_/X (sky130_fd_sc_hd__clkbuf_4)
     9    0.05                           _200_ (net)
                  0.10    0.00    2.31 v _357_/A (sky130_fd_sc_hd__buf_4)
                  0.08    0.20    2.51 v _357_/X (sky130_fd_sc_hd__buf_4)
    10    0.06                           _201_ (net)
                  0.08    0.00    2.52 v _367_/A (sky130_fd_sc_hd__inv_2)
                  0.03    0.06    2.57 ^ _367_/Y (sky130_fd_sc_hd__inv_2)
     1    0.00                           _009_ (net)
                  0.03    0.00    2.57 ^ _415_/RESET_B (sky130_fd_sc_hd__dfrtp_1)
                                  2.57   data arrival time

                          0.00    0.00   clock clk (rise edge)
                          0.00    0.00   clock source latency
                  0.09    0.07    0.07 ^ clk (in)
     2    0.02                           clk (net)
                  0.09    0.00    0.07 ^ clkbuf_0_clk/A (sky130_fd_sc_hd__clkbuf_16)
                  0.07    0.17    0.24 ^ clkbuf_0_clk/X (sky130_fd_sc_hd__clkbuf_16)
     4    0.05                           clknet_0_clk (net)
                  0.07    0.00    0.24 ^ clkbuf_2_2__f_clk/A (sky130_fd_sc_hd__clkbuf_16)
                  0.05    0.15    0.39 ^ clkbuf_2_2__f_clk/X (sky130_fd_sc_hd__clkbuf_16)
    11    0.03                           clknet_2_2__leaf_clk (net)
                  0.05    0.00    0.39 ^ _415_/CLK (sky130_fd_sc_hd__dfrtp_1)
                          0.25    0.64   clock uncertainty
                          0.00    0.64   clock reconvergence pessimism
                          0.32    0.96   library removal time
                                  0.96   data required time
-----------------------------------------------------------------------------
                                  0.96   data required time
                                 -2.57   data arrival time
-----------------------------------------------------------------------------
                                  1.61   slack (MET)


Startpoint: rst (input port clocked by clk)
Endpoint: _414_ (removal check against rising-edge clock clk)
Path Group: asynchronous
Path Type: min
Corner: Typical

Fanout     Cap    Slew   Delay    Time   Description
-----------------------------------------------------------------------------
                          0.00    0.00   clock clk (rise edge)
                          0.00    0.00   clock network delay (propagated)
                          2.00    2.00 v input external delay
                  0.01    0.01    2.01 v rst (in)
     2    0.00                           rst (net)
                  0.01    0.00    2.01 v input1/A (sky130_fd_sc_hd__buf_1)
                  0.07    0.10    2.11 v input1/X (sky130_fd_sc_hd__buf_1)
     1    0.01                           net1 (net)
                  0.07    0.00    2.11 v _356_/A (sky130_fd_sc_hd__clkbuf_4)
                  0.10    0.20    2.31 v _356_/X (sky130_fd_sc_hd__clkbuf_4)
     9    0.05                           _200_ (net)
                  0.10    0.00    2.31 v _357_/A (sky130_fd_sc_hd__buf_4)
                  0.08    0.20    2.51 v _357_/X (sky130_fd_sc_hd__buf_4)
    10    0.06                           _201_ (net)
                  0.08    0.00    2.52 v _366_/A (sky130_fd_sc_hd__inv_2)
                  0.03    0.06    2.57 ^ _366_/Y (sky130_fd_sc_hd__inv_2)
     1    0.00                           _008_ (net)
                  0.03    0.00    2.57 ^ _414_/RESET_B (sky130_fd_sc_hd__dfrtp_1)
                                  2.57   data arrival time

                          0.00    0.00   clock clk (rise edge)
                          0.00    0.00   clock source latency
                  0.09    0.07    0.07 ^ clk (in)
     2    0.02                           clk (net)
                  0.09    0.00    0.07 ^ clkbuf_0_clk/A (sky130_fd_sc_hd__clkbuf_16)
                  0.07    0.17    0.24 ^ clkbuf_0_clk/X (sky130_fd_sc_hd__clkbuf_16)
     4    0.05                           clknet_0_clk (net)
                  0.07    0.00    0.24 ^ clkbuf_2_2__f_clk/A (sky130_fd_sc_hd__clkbuf_16)
                  0.05    0.15    0.39 ^ clkbuf_2_2__f_clk/X (sky130_fd_sc_hd__clkbuf_16)
    11    0.03                           clknet_2_2__leaf_clk (net)
                  0.05    0.00    0.39 ^ _414_/CLK (sky130_fd_sc_hd__dfrtp_1)
                          0.25    0.64   clock uncertainty
                          0.00    0.64   clock reconvergence pessimism
                          0.32    0.96   library removal time
                                  0.96   data required time
-----------------------------------------------------------------------------
                                  0.96   data required time
                                 -2.57   data arrival time
-----------------------------------------------------------------------------
                                  1.61   slack (MET)


Startpoint: rst (input port clocked by clk)
Endpoint: _421_ (removal check against rising-edge clock clk)
Path Group: asynchronous
Path Type: min
Corner: Typical

Fanout     Cap    Slew   Delay    Time   Description
-----------------------------------------------------------------------------
                          0.00    0.00   clock clk (rise edge)
                          0.00    0.00   clock network delay (propagated)
                          2.00    2.00 v input external delay
                  0.01    0.01    2.01 v rst (in)
     2    0.00                           rst (net)
                  0.01    0.00    2.01 v input1/A (sky130_fd_sc_hd__buf_1)
                  0.07    0.10    2.11 v input1/X (sky130_fd_sc_hd__buf_1)
     1    0.01                           net1 (net)
                  0.07    0.00    2.11 v _356_/A (sky130_fd_sc_hd__clkbuf_4)
                  0.10    0.20    2.31 v _356_/X (sky130_fd_sc_hd__clkbuf_4)
     9    0.05                           _200_ (net)
                  0.10    0.00    2.31 v _368_/A (sky130_fd_sc_hd__buf_4)
                  0.08    0.21    2.52 v _368_/X (sky130_fd_sc_hd__buf_4)
    10    0.06                           _202_ (net)
                  0.08    0.00    2.52 v _374_/A (sky130_fd_sc_hd__inv_2)
                  0.03    0.06    2.58 ^ _374_/Y (sky130_fd_sc_hd__inv_2)
     1    0.00                           _015_ (net)
                  0.03    0.00    2.58 ^ _421_/RESET_B (sky130_fd_sc_hd__dfrtp_1)
                                  2.58   data arrival time

                          0.00    0.00   clock clk (rise edge)
                          0.00    0.00   clock source latency
                  0.09    0.07    0.07 ^ clk (in)
     2    0.02                           clk (net)
                  0.09    0.00    0.07 ^ clkbuf_0_clk/A (sky130_fd_sc_hd__clkbuf_16)
                  0.07    0.17    0.24 ^ clkbuf_0_clk/X (sky130_fd_sc_hd__clkbuf_16)
     4    0.05                           clknet_0_clk (net)
                  0.07    0.00    0.24 ^ clkbuf_2_0__f_clk/A (sky130_fd_sc_hd__clkbuf_16)
                  0.06    0.15    0.39 ^ clkbuf_2_0__f_clk/X (sky130_fd_sc_hd__clkbuf_16)
    11    0.04                           clknet_2_0__leaf_clk (net)
                  0.06    0.00    0.40 ^ _421_/CLK (sky130_fd_sc_hd__dfrtp_1)
                          0.25    0.65   clock uncertainty
                          0.00    0.65   clock reconvergence pessimism
                          0.32    0.97   library removal time
                                  0.97   data required time
-----------------------------------------------------------------------------
                                  0.97   data required time
                                 -2.58   data arrival time
-----------------------------------------------------------------------------
                                  1.61   slack (MET)


Startpoint: rst (input port clocked by clk)
Endpoint: _437_ (removal check against rising-edge clock clk)
Path Group: asynchronous
Path Type: min
Corner: Typical

Fanout     Cap    Slew   Delay    Time   Description
-----------------------------------------------------------------------------
                          0.00    0.00   clock clk (rise edge)
                          0.00    0.00   clock network delay (propagated)
                          2.00    2.00 v input external delay
                  0.01    0.01    2.01 v rst (in)
     2    0.00                           rst (net)
                  0.01    0.00    2.01 v input1/A (sky130_fd_sc_hd__buf_1)
                  0.07    0.10    2.11 v input1/X (sky130_fd_sc_hd__buf_1)
     1    0.01                           net1 (net)
                  0.07    0.00    2.11 v _356_/A (sky130_fd_sc_hd__clkbuf_4)
                  0.10    0.20    2.31 v _356_/X (sky130_fd_sc_hd__clkbuf_4)
     9    0.05                           _200_ (net)
                  0.10    0.00    2.31 v _390_/A (sky130_fd_sc_hd__buf_4)
                  0.08    0.21    2.52 v _390_/X (sky130_fd_sc_hd__buf_4)
    10    0.06                           _204_ (net)
                  0.08    0.00    2.52 v _392_/A (sky130_fd_sc_hd__inv_2)
                  0.03    0.06    2.58 ^ _392_/Y (sky130_fd_sc_hd__inv_2)
     1    0.00                           _031_ (net)
                  0.03    0.00    2.58 ^ _437_/RESET_B (sky130_fd_sc_hd__dfrtp_1)
                                  2.58   data arrival time

                          0.00    0.00   clock clk (rise edge)
                          0.00    0.00   clock source latency
                  0.09    0.07    0.07 ^ clk (in)
     2    0.02                           clk (net)
                  0.09    0.00    0.07 ^ clkbuf_0_clk/A (sky130_fd_sc_hd__clkbuf_16)
                  0.07    0.17    0.24 ^ clkbuf_0_clk/X (sky130_fd_sc_hd__clkbuf_16)
     4    0.05                           clknet_0_clk (net)
                  0.07    0.00    0.24 ^ clkbuf_2_0__f_clk/A (sky130_fd_sc_hd__clkbuf_16)
                  0.06    0.15    0.39 ^ clkbuf_2_0__f_clk/X (sky130_fd_sc_hd__clkbuf_16)
    11    0.04                           clknet_2_0__leaf_clk (net)
                  0.06    0.00    0.40 ^ _437_/CLK (sky130_fd_sc_hd__dfrtp_1)
                          0.25    0.65   clock uncertainty
                          0.00    0.65   clock reconvergence pessimism
                          0.32    0.97   library removal time
                                  0.97   data required time
-----------------------------------------------------------------------------
                                  0.97   data required time
                                 -2.58   data arrival time
-----------------------------------------------------------------------------
                                  1.61   slack (MET)


Startpoint: rst (input port clocked by clk)
Endpoint: _436_ (removal check against rising-edge clock clk)
Path Group: asynchronous
Path Type: min
Corner: Typical

Fanout     Cap    Slew   Delay    Time   Description
-----------------------------------------------------------------------------
                          0.00    0.00   clock clk (rise edge)
                          0.00    0.00   clock network delay (propagated)
                          2.00    2.00 v input external delay
                  0.01    0.01    2.01 v rst (in)
     2    0.00                           rst (net)
                  0.01    0.00    2.01 v input1/A (sky130_fd_sc_hd__buf_1)
                  0.07    0.10    2.11 v input1/X (sky130_fd_sc_hd__buf_1)
     1    0.01                           net1 (net)
                  0.07    0.00    2.11 v _356_/A (sky130_fd_sc_hd__clkbuf_4)
                  0.10    0.20    2.31 v _356_/X (sky130_fd_sc_hd__clkbuf_4)
     9    0.05                           _200_ (net)
                  0.10    0.00    2.31 v _390_/A (sky130_fd_sc_hd__buf_4)
                  0.08    0.21    2.52 v _390_/X (sky130_fd_sc_hd__buf_4)
    10    0.06                           _204_ (net)
                  0.08    0.00    2.52 v _391_/A (sky130_fd_sc_hd__inv_2)
                  0.03    0.06    2.58 ^ _391_/Y (sky130_fd_sc_hd__inv_2)
     1    0.00                           _030_ (net)
                  0.03    0.00    2.58 ^ _436_/RESET_B (sky130_fd_sc_hd__dfrtp_1)
                                  2.58   data arrival time

                          0.00    0.00   clock clk (rise edge)
                          0.00    0.00   clock source latency
                  0.09    0.07    0.07 ^ clk (in)
     2    0.02                           clk (net)
                  0.09    0.00    0.07 ^ clkbuf_0_clk/A (sky130_fd_sc_hd__clkbuf_16)
                  0.07    0.17    0.24 ^ clkbuf_0_clk/X (sky130_fd_sc_hd__clkbuf_16)
     4    0.05                           clknet_0_clk (net)
                  0.07    0.00    0.24 ^ clkbuf_2_0__f_clk/A (sky130_fd_sc_hd__clkbuf_16)
                  0.06    0.15    0.39 ^ clkbuf_2_0__f_clk/X (sky130_fd_sc_hd__clkbuf_16)
    11    0.04                           clknet_2_0__leaf_clk (net)
                  0.06    0.00    0.40 ^ _436_/CLK (sky130_fd_sc_hd__dfrtp_1)
                          0.25    0.65   clock uncertainty
                          0.00    0.65   clock reconvergence pessimism
                          0.32    0.97   library removal time
                                  0.97   data required time
-----------------------------------------------------------------------------
                                  0.97   data required time
                                 -2.58   data arrival time
-----------------------------------------------------------------------------
                                  1.61   slack (MET)


Startpoint: rst (input port clocked by clk)
Endpoint: _439_ (removal check against rising-edge clock clk)
Path Group: asynchronous
Path Type: min
Corner: Typical

Fanout     Cap    Slew   Delay    Time   Description
-----------------------------------------------------------------------------
                          0.00    0.00   clock clk (rise edge)
                          0.00    0.00   clock network delay (propagated)
                          2.00    2.00 v input external delay
                  0.01    0.01    2.01 v rst (in)
     2    0.00                           rst (net)
                  0.01    0.00    2.01 v input1/A (sky130_fd_sc_hd__buf_1)
                  0.07    0.10    2.11 v input1/X (sky130_fd_sc_hd__buf_1)
     1    0.01                           net1 (net)
                  0.07    0.00    2.11 v _356_/A (sky130_fd_sc_hd__clkbuf_4)
                  0.10    0.20    2.31 v _356_/X (sky130_fd_sc_hd__clkbuf_4)
     9    0.05                           _200_ (net)
                  0.10    0.00    2.31 v _390_/A (sky130_fd_sc_hd__buf_4)
                  0.08    0.21    2.52 v _390_/X (sky130_fd_sc_hd__buf_4)
    10    0.06                           _204_ (net)
                  0.08    0.00    2.52 v _394_/A (sky130_fd_sc_hd__inv_2)
                  0.03    0.06    2.58 ^ _394_/Y (sky130_fd_sc_hd__inv_2)
     1    0.00                           _033_ (net)
                  0.03    0.00    2.58 ^ _439_/RESET_B (sky130_fd_sc_hd__dfrtp_1)
                                  2.58   data arrival time

                          0.00    0.00   clock clk (rise edge)
                          0.00    0.00   clock source latency
                  0.09    0.07    0.07 ^ clk (in)
     2    0.02                           clk (net)
                  0.09    0.00    0.07 ^ clkbuf_0_clk/A (sky130_fd_sc_hd__clkbuf_16)
                  0.07    0.17    0.24 ^ clkbuf_0_clk/X (sky130_fd_sc_hd__clkbuf_16)
     4    0.05                           clknet_0_clk (net)
                  0.07    0.00    0.24 ^ clkbuf_2_0__f_clk/A (sky130_fd_sc_hd__clkbuf_16)
                  0.06    0.15    0.39 ^ clkbuf_2_0__f_clk/X (sky130_fd_sc_hd__clkbuf_16)
    11    0.04                           clknet_2_0__leaf_clk (net)
                  0.06    0.00    0.40 ^ _439_/CLK (sky130_fd_sc_hd__dfrtp_1)
                          0.25    0.65   clock uncertainty
                          0.00    0.65   clock reconvergence pessimism
                          0.32    0.97   library removal time
                                  0.97   data required time
-----------------------------------------------------------------------------
                                  0.97   data required time
                                 -2.58   data arrival time
-----------------------------------------------------------------------------
                                  1.61   slack (MET)


Startpoint: rst (input port clocked by clk)
Endpoint: _445_ (removal check against rising-edge clock clk)
Path Group: asynchronous
Path Type: min
Corner: Typical

Fanout     Cap    Slew   Delay    Time   Description
-----------------------------------------------------------------------------
                          0.00    0.00   clock clk (rise edge)
                          0.00    0.00   clock network delay (propagated)
                          2.00    2.00 v input external delay
                  0.01    0.01    2.01 v rst (in)
     2    0.00                           rst (net)
                  0.01    0.00    2.01 v input1/A (sky130_fd_sc_hd__buf_1)
                  0.07    0.10    2.11 v input1/X (sky130_fd_sc_hd__buf_1)
     1    0.01                           net1 (net)
                  0.07    0.00    2.11 v _356_/A (sky130_fd_sc_hd__clkbuf_4)
                  0.10    0.20    2.31 v _356_/X (sky130_fd_sc_hd__clkbuf_4)
     9    0.05                           _200_ (net)
                  0.10    0.00    2.31 v _390_/A (sky130_fd_sc_hd__buf_4)
                  0.08    0.21    2.52 v _390_/X (sky130_fd_sc_hd__buf_4)
    10    0.06                           _204_ (net)
                  0.08    0.00    2.52 v _400_/A (sky130_fd_sc_hd__inv_2)
                  0.03    0.06    2.58 ^ _400_/Y (sky130_fd_sc_hd__inv_2)
     1    0.00                           _039_ (net)
                  0.03    0.00    2.58 ^ _445_/RESET_B (sky130_fd_sc_hd__dfrtp_2)
                                  2.58   data arrival time

                          0.00    0.00   clock clk (rise edge)
                          0.00    0.00   clock source latency
                  0.09    0.07    0.07 ^ clk (in)
     2    0.02                           clk (net)
                  0.09    0.00    0.07 ^ clkbuf_0_clk/A (sky130_fd_sc_hd__clkbuf_16)
                  0.07    0.17    0.24 ^ clkbuf_0_clk/X (sky130_fd_sc_hd__clkbuf_16)
     4    0.05                           clknet_0_clk (net)
                  0.07    0.00    0.24 ^ clkbuf_2_0__f_clk/A (sky130_fd_sc_hd__clkbuf_16)
                  0.06    0.15    0.39 ^ clkbuf_2_0__f_clk/X (sky130_fd_sc_hd__clkbuf_16)
    11    0.04                           clknet_2_0__leaf_clk (net)
                  0.06    0.00    0.40 ^ _445_/CLK (sky130_fd_sc_hd__dfrtp_2)
                          0.25    0.65   clock uncertainty
                          0.00    0.65   clock reconvergence pessimism
                          0.32    0.97   library removal time
                                  0.97   data required time
-----------------------------------------------------------------------------
                                  0.97   data required time
                                 -2.58   data arrival time
-----------------------------------------------------------------------------
                                  1.61   slack (MET)


Startpoint: rst (input port clocked by clk)
Endpoint: _413_ (removal check against rising-edge clock clk)
Path Group: asynchronous
Path Type: min
Corner: Typical

Fanout     Cap    Slew   Delay    Time   Description
-----------------------------------------------------------------------------
                          0.00    0.00   clock clk (rise edge)
                          0.00    0.00   clock network delay (propagated)
                          2.00    2.00 v input external delay
                  0.01    0.01    2.01 v rst (in)
     2    0.00                           rst (net)
                  0.01    0.00    2.01 v input1/A (sky130_fd_sc_hd__buf_1)
                  0.07    0.10    2.11 v input1/X (sky130_fd_sc_hd__buf_1)
     1    0.01                           net1 (net)
                  0.07    0.00    2.11 v _356_/A (sky130_fd_sc_hd__clkbuf_4)
                  0.10    0.20    2.31 v _356_/X (sky130_fd_sc_hd__clkbuf_4)
     9    0.05                           _200_ (net)
                  0.10    0.00    2.31 v _357_/A (sky130_fd_sc_hd__buf_4)
                  0.08    0.20    2.51 v _357_/X (sky130_fd_sc_hd__buf_4)
    10    0.06                           _201_ (net)
                  0.08    0.00    2.52 v _365_/A (sky130_fd_sc_hd__inv_2)
                  0.04    0.06    2.57 ^ _365_/Y (sky130_fd_sc_hd__inv_2)
     1    0.00                           _007_ (net)
                  0.04    0.00    2.57 ^ _413_/RESET_B (sky130_fd_sc_hd__dfrtp_1)
                                  2.57   data arrival time

                          0.00    0.00   clock clk (rise edge)
                          0.00    0.00   clock source latency
                  0.09    0.07    0.07 ^ clk (in)
     2    0.02                           clk (net)
                  0.09    0.00    0.07 ^ clkbuf_0_clk/A (sky130_fd_sc_hd__clkbuf_16)
                  0.07    0.17    0.24 ^ clkbuf_0_clk/X (sky130_fd_sc_hd__clkbuf_16)
     4    0.05                           clknet_0_clk (net)
                  0.07    0.00    0.24 ^ clkbuf_2_2__f_clk/A (sky130_fd_sc_hd__clkbuf_16)
                  0.05    0.15    0.39 ^ clkbuf_2_2__f_clk/X (sky130_fd_sc_hd__clkbuf_16)
    11    0.03                           clknet_2_2__leaf_clk (net)
                  0.05    0.00    0.39 ^ _413_/CLK (sky130_fd_sc_hd__dfrtp_1)
                          0.25    0.64   clock uncertainty
                          0.00    0.64   clock reconvergence pessimism
                          0.32    0.96   library removal time
                                  0.96   data required time
-----------------------------------------------------------------------------
                                  0.96   data required time
                                 -2.57   data arrival time
-----------------------------------------------------------------------------
                                  1.61   slack (MET)


Startpoint: rst (input port clocked by clk)
Endpoint: _442_ (removal check against rising-edge clock clk)
Path Group: asynchronous
Path Type: min
Corner: Typical

Fanout     Cap    Slew   Delay    Time   Description
-----------------------------------------------------------------------------
                          0.00    0.00   clock clk (rise edge)
                          0.00    0.00   clock network delay (propagated)
                          2.00    2.00 v input external delay
                  0.01    0.01    2.01 v rst (in)
     2    0.00                           rst (net)
                  0.01    0.00    2.01 v input1/A (sky130_fd_sc_hd__buf_1)
                  0.07    0.10    2.11 v input1/X (sky130_fd_sc_hd__buf_1)
     1    0.01                           net1 (net)
                  0.07    0.00    2.11 v _356_/A (sky130_fd_sc_hd__clkbuf_4)
                  0.10    0.20    2.31 v _356_/X (sky130_fd_sc_hd__clkbuf_4)
     9    0.05                           _200_ (net)
                  0.10    0.00    2.31 v _390_/A (sky130_fd_sc_hd__buf_4)
                  0.08    0.21    2.52 v _390_/X (sky130_fd_sc_hd__buf_4)
    10    0.06                           _204_ (net)
                  0.08    0.00    2.52 v _397_/A (sky130_fd_sc_hd__inv_2)
                  0.03    0.06    2.58 ^ _397_/Y (sky130_fd_sc_hd__inv_2)
     1    0.00                           _036_ (net)
                  0.03    0.00    2.58 ^ _442_/RESET_B (sky130_fd_sc_hd__dfrtp_2)
                                  2.58   data arrival time

                          0.00    0.00   clock clk (rise edge)
                          0.00    0.00   clock source latency
                  0.09    0.07    0.07 ^ clk (in)
     2    0.02                           clk (net)
                  0.09    0.00    0.07 ^ clkbuf_0_clk/A (sky130_fd_sc_hd__clkbuf_16)
                  0.07    0.17    0.24 ^ clkbuf_0_clk/X (sky130_fd_sc_hd__clkbuf_16)
     4    0.05                           clknet_0_clk (net)
                  0.07    0.00    0.24 ^ clkbuf_2_0__f_clk/A (sky130_fd_sc_hd__clkbuf_16)
                  0.06    0.15    0.39 ^ clkbuf_2_0__f_clk/X (sky130_fd_sc_hd__clkbuf_16)
    11    0.04                           clknet_2_0__leaf_clk (net)
                  0.06    0.00    0.40 ^ _442_/CLK (sky130_fd_sc_hd__dfrtp_2)
                          0.25    0.65   clock uncertainty
                          0.00    0.65   clock reconvergence pessimism
                          0.32    0.97   library removal time
                                  0.97   data required time
-----------------------------------------------------------------------------
                                  0.97   data required time
                                 -2.58   data arrival time
-----------------------------------------------------------------------------
                                  1.61   slack (MET)


Startpoint: rst (input port clocked by clk)
Endpoint: _440_ (removal check against rising-edge clock clk)
Path Group: asynchronous
Path Type: min
Corner: Typical

Fanout     Cap    Slew   Delay    Time   Description
-----------------------------------------------------------------------------
                          0.00    0.00   clock clk (rise edge)
                          0.00    0.00   clock network delay (propagated)
                          2.00    2.00 v input external delay
                  0.01    0.01    2.01 v rst (in)
     2    0.00                           rst (net)
                  0.01    0.00    2.01 v input1/A (sky130_fd_sc_hd__buf_1)
                  0.07    0.10    2.11 v input1/X (sky130_fd_sc_hd__buf_1)
     1    0.01                           net1 (net)
                  0.07    0.00    2.11 v _356_/A (sky130_fd_sc_hd__clkbuf_4)
                  0.10    0.20    2.31 v _356_/X (sky130_fd_sc_hd__clkbuf_4)
     9    0.05                           _200_ (net)
                  0.10    0.00    2.31 v _390_/A (sky130_fd_sc_hd__buf_4)
                  0.08    0.21    2.52 v _390_/X (sky130_fd_sc_hd__buf_4)
    10    0.06                           _204_ (net)
                  0.08    0.00    2.52 v _395_/A (sky130_fd_sc_hd__inv_2)
                  0.03    0.06    2.58 ^ _395_/Y (sky130_fd_sc_hd__inv_2)
     1    0.00                           _034_ (net)
                  0.03    0.00    2.58 ^ _440_/RESET_B (sky130_fd_sc_hd__dfrtp_4)
                                  2.58   data arrival time

                          0.00    0.00   clock clk (rise edge)
                          0.00    0.00   clock source latency
                  0.09    0.07    0.07 ^ clk (in)
     2    0.02                           clk (net)
                  0.09    0.00    0.07 ^ clkbuf_0_clk/A (sky130_fd_sc_hd__clkbuf_16)
                  0.07    0.17    0.24 ^ clkbuf_0_clk/X (sky130_fd_sc_hd__clkbuf_16)
     4    0.05                           clknet_0_clk (net)
                  0.07    0.00    0.24 ^ clkbuf_2_0__f_clk/A (sky130_fd_sc_hd__clkbuf_16)
                  0.06    0.15    0.39 ^ clkbuf_2_0__f_clk/X (sky130_fd_sc_hd__clkbuf_16)
    11    0.04                           clknet_2_0__leaf_clk (net)
                  0.06    0.00    0.40 ^ _440_/CLK (sky130_fd_sc_hd__dfrtp_4)
                          0.25    0.65   clock uncertainty
                          0.00    0.65   clock reconvergence pessimism
                          0.32    0.97   library removal time
                                  0.97   data required time
-----------------------------------------------------------------------------
                                  0.97   data required time
                                 -2.58   data arrival time
-----------------------------------------------------------------------------
                                  1.61   slack (MET)


Startpoint: rst (input port clocked by clk)
Endpoint: _441_ (removal check against rising-edge clock clk)
Path Group: asynchronous
Path Type: min
Corner: Typical

Fanout     Cap    Slew   Delay    Time   Description
-----------------------------------------------------------------------------
                          0.00    0.00   clock clk (rise edge)
                          0.00    0.00   clock network delay (propagated)
                          2.00    2.00 v input external delay
                  0.01    0.01    2.01 v rst (in)
     2    0.00                           rst (net)
                  0.01    0.00    2.01 v input1/A (sky130_fd_sc_hd__buf_1)
                  0.07    0.10    2.11 v input1/X (sky130_fd_sc_hd__buf_1)
     1    0.01                           net1 (net)
                  0.07    0.00    2.11 v _356_/A (sky130_fd_sc_hd__clkbuf_4)
                  0.10    0.20    2.31 v _356_/X (sky130_fd_sc_hd__clkbuf_4)
     9    0.05                           _200_ (net)
                  0.10    0.00    2.31 v _390_/A (sky130_fd_sc_hd__buf_4)
                  0.08    0.21    2.52 v _390_/X (sky130_fd_sc_hd__buf_4)
    10    0.06                           _204_ (net)
                  0.08    0.00    2.52 v _396_/A (sky130_fd_sc_hd__inv_2)
                  0.03    0.06    2.58 ^ _396_/Y (sky130_fd_sc_hd__inv_2)
     1    0.00                           _035_ (net)
                  0.03    0.00    2.58 ^ _441_/RESET_B (sky130_fd_sc_hd__dfrtp_2)
                                  2.58   data arrival time

                          0.00    0.00   clock clk (rise edge)
                          0.00    0.00   clock source latency
                  0.09    0.07    0.07 ^ clk (in)
     2    0.02                           clk (net)
                  0.09    0.00    0.07 ^ clkbuf_0_clk/A (sky130_fd_sc_hd__clkbuf_16)
                  0.07    0.17    0.24 ^ clkbuf_0_clk/X (sky130_fd_sc_hd__clkbuf_16)
     4    0.05                           clknet_0_clk (net)
                  0.07    0.00    0.24 ^ clkbuf_2_0__f_clk/A (sky130_fd_sc_hd__clkbuf_16)
                  0.06    0.15    0.39 ^ clkbuf_2_0__f_clk/X (sky130_fd_sc_hd__clkbuf_16)
    11    0.04                           clknet_2_0__leaf_clk (net)
                  0.06    0.00    0.40 ^ _441_/CLK (sky130_fd_sc_hd__dfrtp_2)
                          0.25    0.65   clock uncertainty
                          0.00    0.65   clock reconvergence pessimism
                          0.32    0.97   library removal time
                                  0.97   data required time
-----------------------------------------------------------------------------
                                  0.97   data required time
                                 -2.58   data arrival time
-----------------------------------------------------------------------------
                                  1.61   slack (MET)


Startpoint: rst (input port clocked by clk)
Endpoint: _412_ (removal check against rising-edge clock clk)
Path Group: asynchronous
Path Type: min
Corner: Typical

Fanout     Cap    Slew   Delay    Time   Description
-----------------------------------------------------------------------------
                          0.00    0.00   clock clk (rise edge)
                          0.00    0.00   clock network delay (propagated)
                          2.00    2.00 v input external delay
                  0.01    0.01    2.01 v rst (in)
     2    0.00                           rst (net)
                  0.01    0.00    2.01 v input1/A (sky130_fd_sc_hd__buf_1)
                  0.07    0.10    2.11 v input1/X (sky130_fd_sc_hd__buf_1)
     1    0.01                           net1 (net)
                  0.07    0.00    2.11 v _356_/A (sky130_fd_sc_hd__clkbuf_4)
                  0.10    0.20    2.31 v _356_/X (sky130_fd_sc_hd__clkbuf_4)
     9    0.05                           _200_ (net)
                  0.10    0.00    2.31 v _357_/A (sky130_fd_sc_hd__buf_4)
                  0.08    0.20    2.51 v _357_/X (sky130_fd_sc_hd__buf_4)
    10    0.06                           _201_ (net)
                  0.08    0.00    2.51 v _364_/A (sky130_fd_sc_hd__inv_2)
                  0.03    0.05    2.57 ^ _364_/Y (sky130_fd_sc_hd__inv_2)
     1    0.00                           _006_ (net)
                  0.03    0.00    2.57 ^ _412_/RESET_B (sky130_fd_sc_hd__dfrtp_1)
                                  2.57   data arrival time

                          0.00    0.00   clock clk (rise edge)
                          0.00    0.00   clock source latency
                  0.09    0.07    0.07 ^ clk (in)
     2    0.02                           clk (net)
                  0.09    0.00    0.07 ^ clkbuf_0_clk/A (sky130_fd_sc_hd__clkbuf_16)
                  0.07    0.17    0.24 ^ clkbuf_0_clk/X (sky130_fd_sc_hd__clkbuf_16)
     4    0.05                           clknet_0_clk (net)
                  0.07    0.00    0.24 ^ clkbuf_2_3__f_clk/A (sky130_fd_sc_hd__clkbuf_16)
                  0.05    0.15    0.39 ^ clkbuf_2_3__f_clk/X (sky130_fd_sc_hd__clkbuf_16)
     8    0.03                           clknet_2_3__leaf_clk (net)
                  0.05    0.00    0.39 ^ _412_/CLK (sky130_fd_sc_hd__dfrtp_1)
                          0.25    0.64   clock uncertainty
                          0.00    0.64   clock reconvergence pessimism
                          0.32    0.96   library removal time
                                  0.96   data required time
-----------------------------------------------------------------------------
                                  0.96   data required time
                                 -2.57   data arrival time
-----------------------------------------------------------------------------
                                  1.61   slack (MET)


Startpoint: rst (input port clocked by clk)
Endpoint: _406_ (removal check against rising-edge clock clk)
Path Group: asynchronous
Path Type: min
Corner: Typical

Fanout     Cap    Slew   Delay    Time   Description
-----------------------------------------------------------------------------
                          0.00    0.00   clock clk (rise edge)
                          0.00    0.00   clock network delay (propagated)
                          2.00    2.00 v input external delay
                  0.01    0.01    2.01 v rst (in)
     2    0.00                           rst (net)
                  0.01    0.00    2.01 v input1/A (sky130_fd_sc_hd__buf_1)
                  0.07    0.10    2.11 v input1/X (sky130_fd_sc_hd__buf_1)
     1    0.01                           net1 (net)
                  0.07    0.00    2.11 v _356_/A (sky130_fd_sc_hd__clkbuf_4)
                  0.10    0.20    2.31 v _356_/X (sky130_fd_sc_hd__clkbuf_4)
     9    0.05                           _200_ (net)
                  0.10    0.00    2.31 v _357_/A (sky130_fd_sc_hd__buf_4)
                  0.08    0.20    2.51 v _357_/X (sky130_fd_sc_hd__buf_4)
    10    0.06                           _201_ (net)
                  0.08    0.00    2.51 v _358_/A (sky130_fd_sc_hd__inv_2)
                  0.03    0.05    2.57 ^ _358_/Y (sky130_fd_sc_hd__inv_2)
     1    0.00                           _000_ (net)
                  0.03    0.00    2.57 ^ _406_/RESET_B (sky130_fd_sc_hd__dfrtp_2)
                                  2.57   data arrival time

                          0.00    0.00   clock clk (rise edge)
                          0.00    0.00   clock source latency
                  0.09    0.07    0.07 ^ clk (in)
     2    0.02                           clk (net)
                  0.09    0.00    0.07 ^ clkbuf_0_clk/A (sky130_fd_sc_hd__clkbuf_16)
                  0.07    0.17    0.24 ^ clkbuf_0_clk/X (sky130_fd_sc_hd__clkbuf_16)
     4    0.05                           clknet_0_clk (net)
                  0.07    0.00    0.24 ^ clkbuf_2_3__f_clk/A (sky130_fd_sc_hd__clkbuf_16)
                  0.05    0.15    0.39 ^ clkbuf_2_3__f_clk/X (sky130_fd_sc_hd__clkbuf_16)
     8    0.03                           clknet_2_3__leaf_clk (net)
                  0.05    0.00    0.39 ^ _406_/CLK (sky130_fd_sc_hd__dfrtp_2)
                          0.25    0.64   clock uncertainty
                          0.00    0.64   clock reconvergence pessimism
                          0.32    0.96   library removal time
                                  0.96   data required time
-----------------------------------------------------------------------------
                                  0.96   data required time
                                 -2.57   data arrival time
-----------------------------------------------------------------------------
                                  1.61   slack (MET)


Startpoint: rst (input port clocked by clk)
Endpoint: _408_ (removal check against rising-edge clock clk)
Path Group: asynchronous
Path Type: min
Corner: Typical

Fanout     Cap    Slew   Delay    Time   Description
-----------------------------------------------------------------------------
                          0.00    0.00   clock clk (rise edge)
                          0.00    0.00   clock network delay (propagated)
                          2.00    2.00 v input external delay
                  0.01    0.01    2.01 v rst (in)
     2    0.00                           rst (net)
                  0.01    0.00    2.01 v input1/A (sky130_fd_sc_hd__buf_1)
                  0.07    0.10    2.11 v input1/X (sky130_fd_sc_hd__buf_1)
     1    0.01                           net1 (net)
                  0.07    0.00    2.11 v _356_/A (sky130_fd_sc_hd__clkbuf_4)
                  0.10    0.20    2.31 v _356_/X (sky130_fd_sc_hd__clkbuf_4)
     9    0.05                           _200_ (net)
                  0.10    0.00    2.31 v _357_/A (sky130_fd_sc_hd__buf_4)
                  0.08    0.20    2.51 v _357_/X (sky130_fd_sc_hd__buf_4)
    10    0.06                           _201_ (net)
                  0.08    0.00    2.51 v _360_/A (sky130_fd_sc_hd__inv_2)
                  0.03    0.05    2.57 ^ _360_/Y (sky130_fd_sc_hd__inv_2)
     1    0.00                           _002_ (net)
                  0.03    0.00    2.57 ^ _408_/RESET_B (sky130_fd_sc_hd__dfrtp_1)
                                  2.57   data arrival time

                          0.00    0.00   clock clk (rise edge)
                          0.00    0.00   clock source latency
                  0.09    0.07    0.07 ^ clk (in)
     2    0.02                           clk (net)
                  0.09    0.00    0.07 ^ clkbuf_0_clk/A (sky130_fd_sc_hd__clkbuf_16)
                  0.07    0.17    0.24 ^ clkbuf_0_clk/X (sky130_fd_sc_hd__clkbuf_16)
     4    0.05                           clknet_0_clk (net)
                  0.07    0.00    0.24 ^ clkbuf_2_3__f_clk/A (sky130_fd_sc_hd__clkbuf_16)
                  0.05    0.15    0.39 ^ clkbuf_2_3__f_clk/X (sky130_fd_sc_hd__clkbuf_16)
     8    0.03                           clknet_2_3__leaf_clk (net)
                  0.05    0.00    0.39 ^ _408_/CLK (sky130_fd_sc_hd__dfrtp_1)
                          0.25    0.64   clock uncertainty
                          0.00    0.64   clock reconvergence pessimism
                          0.32    0.96   library removal time
                                  0.96   data required time
-----------------------------------------------------------------------------
                                  0.96   data required time
                                 -2.57   data arrival time
-----------------------------------------------------------------------------
                                  1.61   slack (MET)


Startpoint: rst (input port clocked by clk)
Endpoint: _417_ (removal check against rising-edge clock clk)
Path Group: asynchronous
Path Type: min
Corner: Typical

Fanout     Cap    Slew   Delay    Time   Description
-----------------------------------------------------------------------------
                          0.00    0.00   clock clk (rise edge)
                          0.00    0.00   clock network delay (propagated)
                          2.00    2.00 v input external delay
                  0.01    0.01    2.01 v rst (in)
     2    0.00                           rst (net)
                  0.01    0.00    2.01 v input1/A (sky130_fd_sc_hd__buf_1)
                  0.07    0.10    2.11 v input1/X (sky130_fd_sc_hd__buf_1)
     1    0.01                           net1 (net)
                  0.07    0.00    2.11 v _356_/A (sky130_fd_sc_hd__clkbuf_4)
                  0.10    0.20    2.31 v _356_/X (sky130_fd_sc_hd__clkbuf_4)
     9    0.05                           _200_ (net)
                  0.10    0.00    2.31 v _368_/A (sky130_fd_sc_hd__buf_4)
                  0.08    0.21    2.52 v _368_/X (sky130_fd_sc_hd__buf_4)
    10    0.06                           _202_ (net)
                  0.08    0.00    2.52 v _370_/A (sky130_fd_sc_hd__inv_2)
                  0.03    0.06    2.58 ^ _370_/Y (sky130_fd_sc_hd__inv_2)
     1    0.00                           _011_ (net)
                  0.03    0.00    2.58 ^ _417_/RESET_B (sky130_fd_sc_hd__dfrtp_4)
                                  2.58   data arrival time

                          0.00    0.00   clock clk (rise edge)
                          0.00    0.00   clock source latency
                  0.09    0.07    0.07 ^ clk (in)
     2    0.02                           clk (net)
                  0.09    0.00    0.07 ^ clkbuf_0_clk/A (sky130_fd_sc_hd__clkbuf_16)
                  0.07    0.17    0.24 ^ clkbuf_0_clk/X (sky130_fd_sc_hd__clkbuf_16)
     4    0.05                           clknet_0_clk (net)
                  0.07    0.00    0.24 ^ clkbuf_2_2__f_clk/A (sky130_fd_sc_hd__clkbuf_16)
                  0.05    0.15    0.39 ^ clkbuf_2_2__f_clk/X (sky130_fd_sc_hd__clkbuf_16)
    11    0.03                           clknet_2_2__leaf_clk (net)
                  0.05    0.00    0.39 ^ _417_/CLK (sky130_fd_sc_hd__dfrtp_4)
                          0.25    0.64   clock uncertainty
                          0.00    0.64   clock reconvergence pessimism
                          0.32    0.96   library removal time
                                  0.96   data required time
-----------------------------------------------------------------------------
                                  0.96   data required time
                                 -2.58   data arrival time
-----------------------------------------------------------------------------
                                  1.61   slack (MET)


Startpoint: rst (input port clocked by clk)
Endpoint: _419_ (removal check against rising-edge clock clk)
Path Group: asynchronous
Path Type: min
Corner: Typical

Fanout     Cap    Slew   Delay    Time   Description
-----------------------------------------------------------------------------
                          0.00    0.00   clock clk (rise edge)
                          0.00    0.00   clock network delay (propagated)
                          2.00    2.00 v input external delay
                  0.01    0.01    2.01 v rst (in)
     2    0.00                           rst (net)
                  0.01    0.00    2.01 v input1/A (sky130_fd_sc_hd__buf_1)
                  0.07    0.10    2.11 v input1/X (sky130_fd_sc_hd__buf_1)
     1    0.01                           net1 (net)
                  0.07    0.00    2.11 v _356_/A (sky130_fd_sc_hd__clkbuf_4)
                  0.10    0.20    2.31 v _356_/X (sky130_fd_sc_hd__clkbuf_4)
     9    0.05                           _200_ (net)
                  0.10    0.00    2.31 v _368_/A (sky130_fd_sc_hd__buf_4)
                  0.08    0.21    2.52 v _368_/X (sky130_fd_sc_hd__buf_4)
    10    0.06                           _202_ (net)
                  0.08    0.00    2.52 v _372_/A (sky130_fd_sc_hd__inv_2)
                  0.03    0.06    2.58 ^ _372_/Y (sky130_fd_sc_hd__inv_2)
     1    0.00                           _013_ (net)
                  0.03    0.00    2.58 ^ _419_/RESET_B (sky130_fd_sc_hd__dfrtp_1)
                                  2.58   data arrival time

                          0.00    0.00   clock clk (rise edge)
                          0.00    0.00   clock source latency
                  0.09    0.07    0.07 ^ clk (in)
     2    0.02                           clk (net)
                  0.09    0.00    0.07 ^ clkbuf_0_clk/A (sky130_fd_sc_hd__clkbuf_16)
                  0.07    0.17    0.24 ^ clkbuf_0_clk/X (sky130_fd_sc_hd__clkbuf_16)
     4    0.05                           clknet_0_clk (net)
                  0.07    0.00    0.24 ^ clkbuf_2_2__f_clk/A (sky130_fd_sc_hd__clkbuf_16)
                  0.05    0.15    0.39 ^ clkbuf_2_2__f_clk/X (sky130_fd_sc_hd__clkbuf_16)
    11    0.03                           clknet_2_2__leaf_clk (net)
                  0.05    0.00    0.39 ^ _419_/CLK (sky130_fd_sc_hd__dfrtp_1)
                          0.25    0.64   clock uncertainty
                          0.00    0.64   clock reconvergence pessimism
                          0.32    0.96   library removal time
                                  0.96   data required time
-----------------------------------------------------------------------------
                                  0.96   data required time
                                 -2.58   data arrival time
-----------------------------------------------------------------------------
                                  1.61   slack (MET)


Startpoint: rst (input port clocked by clk)
Endpoint: _411_ (removal check against rising-edge clock clk)
Path Group: asynchronous
Path Type: min
Corner: Typical

Fanout     Cap    Slew   Delay    Time   Description
-----------------------------------------------------------------------------
                          0.00    0.00   clock clk (rise edge)
                          0.00    0.00   clock network delay (propagated)
                          2.00    2.00 v input external delay
                  0.01    0.01    2.01 v rst (in)
     2    0.00                           rst (net)
                  0.01    0.00    2.01 v input1/A (sky130_fd_sc_hd__buf_1)
                  0.07    0.10    2.11 v input1/X (sky130_fd_sc_hd__buf_1)
     1    0.01                           net1 (net)
                  0.07    0.00    2.11 v _356_/A (sky130_fd_sc_hd__clkbuf_4)
                  0.10    0.20    2.31 v _356_/X (sky130_fd_sc_hd__clkbuf_4)
     9    0.05                           _200_ (net)
                  0.10    0.00    2.31 v _357_/A (sky130_fd_sc_hd__buf_4)
                  0.08    0.20    2.51 v _357_/X (sky130_fd_sc_hd__buf_4)
    10    0.06                           _201_ (net)
                  0.08    0.00    2.52 v _363_/A (sky130_fd_sc_hd__inv_2)
                  0.03    0.06    2.57 ^ _363_/Y (sky130_fd_sc_hd__inv_2)
     1    0.00                           _005_ (net)
                  0.03    0.00    2.57 ^ _411_/RESET_B (sky130_fd_sc_hd__dfrtp_1)
                                  2.57   data arrival time

                          0.00    0.00   clock clk (rise edge)
                          0.00    0.00   clock source latency
                  0.09    0.07    0.07 ^ clk (in)
     2    0.02                           clk (net)
                  0.09    0.00    0.07 ^ clkbuf_0_clk/A (sky130_fd_sc_hd__clkbuf_16)
                  0.07    0.17    0.24 ^ clkbuf_0_clk/X (sky130_fd_sc_hd__clkbuf_16)
     4    0.05                           clknet_0_clk (net)
                  0.07    0.00    0.24 ^ clkbuf_2_3__f_clk/A (sky130_fd_sc_hd__clkbuf_16)
                  0.05    0.15    0.39 ^ clkbuf_2_3__f_clk/X (sky130_fd_sc_hd__clkbuf_16)
     8    0.03                           clknet_2_3__leaf_clk (net)
                  0.05    0.00    0.39 ^ _411_/CLK (sky130_fd_sc_hd__dfrtp_1)
                          0.25    0.64   clock uncertainty
                          0.00    0.64   clock reconvergence pessimism
                          0.32    0.96   library removal time
                                  0.96   data required time
-----------------------------------------------------------------------------
                                  0.96   data required time
                                 -2.57   data arrival time
-----------------------------------------------------------------------------
                                  1.61   slack (MET)


Startpoint: rst (input port clocked by clk)
Endpoint: _429_ (removal check against rising-edge clock clk)
Path Group: asynchronous
Path Type: min
Corner: Typical

Fanout     Cap    Slew   Delay    Time   Description
-----------------------------------------------------------------------------
                          0.00    0.00   clock clk (rise edge)
                          0.00    0.00   clock network delay (propagated)
                          2.00    2.00 v input external delay
                  0.01    0.01    2.01 v rst (in)
     2    0.00                           rst (net)
                  0.01    0.00    2.01 v input1/A (sky130_fd_sc_hd__buf_1)
                  0.07    0.10    2.11 v input1/X (sky130_fd_sc_hd__buf_1)
     1    0.01                           net1 (net)
                  0.07    0.00    2.11 v _356_/A (sky130_fd_sc_hd__clkbuf_4)
                  0.10    0.20    2.31 v _356_/X (sky130_fd_sc_hd__clkbuf_4)
     9    0.05                           _200_ (net)
                  0.10    0.00    2.31 v _379_/A (sky130_fd_sc_hd__buf_4)
                  0.10    0.22    2.53 v _379_/X (sky130_fd_sc_hd__buf_4)
    20    0.07                           _203_ (net)
                  0.10    0.00    2.53 v _383_/A (sky130_fd_sc_hd__inv_2)
                  0.04    0.06    2.59 ^ _383_/Y (sky130_fd_sc_hd__inv_2)
     1    0.00                           _023_ (net)
                  0.04    0.00    2.59 ^ _429_/RESET_B (sky130_fd_sc_hd__dfrtp_1)
                                  2.59   data arrival time

                          0.00    0.00   clock clk (rise edge)
                          0.00    0.00   clock source latency
                  0.09    0.07    0.07 ^ clk (in)
     2    0.02                           clk (net)
                  0.09    0.00    0.07 ^ clkbuf_0_clk/A (sky130_fd_sc_hd__clkbuf_16)
                  0.07    0.17    0.24 ^ clkbuf_0_clk/X (sky130_fd_sc_hd__clkbuf_16)
     4    0.05                           clknet_0_clk (net)
                  0.07    0.00    0.24 ^ clkbuf_2_1__f_clk/A (sky130_fd_sc_hd__clkbuf_16)
                  0.07    0.16    0.40 ^ clkbuf_2_1__f_clk/X (sky130_fd_sc_hd__clkbuf_16)
    15    0.05                           clknet_2_1__leaf_clk (net)
                  0.07    0.00    0.40 ^ _429_/CLK (sky130_fd_sc_hd__dfrtp_1)
                          0.25    0.65   clock uncertainty
                          0.00    0.65   clock reconvergence pessimism
                          0.32    0.98   library removal time
                                  0.98   data required time
-----------------------------------------------------------------------------
                                  0.98   data required time
                                 -2.59   data arrival time
-----------------------------------------------------------------------------
                                  1.62   slack (MET)


Startpoint: rst (input port clocked by clk)
Endpoint: _433_ (removal check against rising-edge clock clk)
Path Group: asynchronous
Path Type: min
Corner: Typical

Fanout     Cap    Slew   Delay    Time   Description
-----------------------------------------------------------------------------
                          0.00    0.00   clock clk (rise edge)
                          0.00    0.00   clock network delay (propagated)
                          2.00    2.00 v input external delay
                  0.01    0.01    2.01 v rst (in)
     2    0.00                           rst (net)
                  0.01    0.00    2.01 v input1/A (sky130_fd_sc_hd__buf_1)
                  0.07    0.10    2.11 v input1/X (sky130_fd_sc_hd__buf_1)
     1    0.01                           net1 (net)
                  0.07    0.00    2.11 v _356_/A (sky130_fd_sc_hd__clkbuf_4)
                  0.10    0.20    2.31 v _356_/X (sky130_fd_sc_hd__clkbuf_4)
     9    0.05                           _200_ (net)
                  0.10    0.00    2.31 v _379_/A (sky130_fd_sc_hd__buf_4)
                  0.10    0.22    2.53 v _379_/X (sky130_fd_sc_hd__buf_4)
    20    0.07                           _203_ (net)
                  0.10    0.00    2.53 v _387_/A (sky130_fd_sc_hd__inv_2)
                  0.04    0.06    2.59 ^ _387_/Y (sky130_fd_sc_hd__inv_2)
     1    0.00                           _027_ (net)
                  0.04    0.00    2.59 ^ _433_/RESET_B (sky130_fd_sc_hd__dfrtp_1)
                                  2.59   data arrival time

                          0.00    0.00   clock clk (rise edge)
                          0.00    0.00   clock source latency
                  0.09    0.07    0.07 ^ clk (in)
     2    0.02                           clk (net)
                  0.09    0.00    0.07 ^ clkbuf_0_clk/A (sky130_fd_sc_hd__clkbuf_16)
                  0.07    0.17    0.24 ^ clkbuf_0_clk/X (sky130_fd_sc_hd__clkbuf_16)
     4    0.05                           clknet_0_clk (net)
                  0.07    0.00    0.24 ^ clkbuf_2_1__f_clk/A (sky130_fd_sc_hd__clkbuf_16)
                  0.07    0.16    0.40 ^ clkbuf_2_1__f_clk/X (sky130_fd_sc_hd__clkbuf_16)
    15    0.05                           clknet_2_1__leaf_clk (net)
                  0.07    0.00    0.40 ^ _433_/CLK (sky130_fd_sc_hd__dfrtp_1)
                          0.25    0.65   clock uncertainty
                          0.00    0.65   clock reconvergence pessimism
                          0.32    0.98   library removal time
                                  0.98   data required time
-----------------------------------------------------------------------------
                                  0.98   data required time
                                 -2.59   data arrival time
-----------------------------------------------------------------------------
                                  1.62   slack (MET)


Startpoint: rst (input port clocked by clk)
Endpoint: _407_ (removal check against rising-edge clock clk)
Path Group: asynchronous
Path Type: min
Corner: Typical

Fanout     Cap    Slew   Delay    Time   Description
-----------------------------------------------------------------------------
                          0.00    0.00   clock clk (rise edge)
                          0.00    0.00   clock network delay (propagated)
                          2.00    2.00 v input external delay
                  0.01    0.01    2.01 v rst (in)
     2    0.00                           rst (net)
                  0.01    0.00    2.01 v input1/A (sky130_fd_sc_hd__buf_1)
                  0.07    0.10    2.11 v input1/X (sky130_fd_sc_hd__buf_1)
     1    0.01                           net1 (net)
                  0.07    0.00    2.11 v _356_/A (sky130_fd_sc_hd__clkbuf_4)
                  0.10    0.20    2.31 v _356_/X (sky130_fd_sc_hd__clkbuf_4)
     9    0.05                           _200_ (net)
                  0.10    0.00    2.31 v _357_/A (sky130_fd_sc_hd__buf_4)
                  0.08    0.20    2.51 v _357_/X (sky130_fd_sc_hd__buf_4)
    10    0.06                           _201_ (net)
                  0.08    0.00    2.51 v _359_/A (sky130_fd_sc_hd__inv_2)
                  0.04    0.06    2.57 ^ _359_/Y (sky130_fd_sc_hd__inv_2)
     1    0.01                           _001_ (net)
                  0.04    0.00    2.57 ^ _407_/RESET_B (sky130_fd_sc_hd__dfrtp_1)
                                  2.57   data arrival time

                          0.00    0.00   clock clk (rise edge)
                          0.00    0.00   clock source latency
                  0.09    0.07    0.07 ^ clk (in)
     2    0.02                           clk (net)
                  0.09    0.00    0.07 ^ clkbuf_0_clk/A (sky130_fd_sc_hd__clkbuf_16)
                  0.07    0.17    0.24 ^ clkbuf_0_clk/X (sky130_fd_sc_hd__clkbuf_16)
     4    0.05                           clknet_0_clk (net)
                  0.07    0.00    0.24 ^ clkbuf_2_3__f_clk/A (sky130_fd_sc_hd__clkbuf_16)
                  0.05    0.15    0.39 ^ clkbuf_2_3__f_clk/X (sky130_fd_sc_hd__clkbuf_16)
     8    0.03                           clknet_2_3__leaf_clk (net)
                  0.05    0.00    0.39 ^ _407_/CLK (sky130_fd_sc_hd__dfrtp_1)
                          0.25    0.64   clock uncertainty
                          0.00    0.64   clock reconvergence pessimism
                          0.32    0.96   library removal time
                                  0.96   data required time
-----------------------------------------------------------------------------
                                  0.96   data required time
                                 -2.57   data arrival time
-----------------------------------------------------------------------------
                                  1.62   slack (MET)


Startpoint: rst (input port clocked by clk)
Endpoint: _428_ (removal check against rising-edge clock clk)
Path Group: asynchronous
Path Type: min
Corner: Typical

Fanout     Cap    Slew   Delay    Time   Description
-----------------------------------------------------------------------------
                          0.00    0.00   clock clk (rise edge)
                          0.00    0.00   clock network delay (propagated)
                          2.00    2.00 v input external delay
                  0.01    0.01    2.01 v rst (in)
     2    0.00                           rst (net)
                  0.01    0.00    2.01 v input1/A (sky130_fd_sc_hd__buf_1)
                  0.07    0.10    2.11 v input1/X (sky130_fd_sc_hd__buf_1)
     1    0.01                           net1 (net)
                  0.07    0.00    2.11 v _356_/A (sky130_fd_sc_hd__clkbuf_4)
                  0.10    0.20    2.31 v _356_/X (sky130_fd_sc_hd__clkbuf_4)
     9    0.05                           _200_ (net)
                  0.10    0.00    2.31 v _379_/A (sky130_fd_sc_hd__buf_4)
                  0.10    0.22    2.53 v _379_/X (sky130_fd_sc_hd__buf_4)
    20    0.07                           _203_ (net)
                  0.10    0.00    2.53 v _382_/A (sky130_fd_sc_hd__inv_2)
                  0.04    0.06    2.60 ^ _382_/Y (sky130_fd_sc_hd__inv_2)
     1    0.00                           _022_ (net)
                  0.04    0.00    2.60 ^ _428_/RESET_B (sky130_fd_sc_hd__dfrtp_1)
                                  2.60   data arrival time

                          0.00    0.00   clock clk (rise edge)
                          0.00    0.00   clock source latency
                  0.09    0.07    0.07 ^ clk (in)
     2    0.02                           clk (net)
                  0.09    0.00    0.07 ^ clkbuf_0_clk/A (sky130_fd_sc_hd__clkbuf_16)
                  0.07    0.17    0.24 ^ clkbuf_0_clk/X (sky130_fd_sc_hd__clkbuf_16)
     4    0.05                           clknet_0_clk (net)
                  0.07    0.00    0.24 ^ clkbuf_2_1__f_clk/A (sky130_fd_sc_hd__clkbuf_16)
                  0.07    0.16    0.40 ^ clkbuf_2_1__f_clk/X (sky130_fd_sc_hd__clkbuf_16)
    15    0.05                           clknet_2_1__leaf_clk (net)
                  0.07    0.00    0.40 ^ _428_/CLK (sky130_fd_sc_hd__dfrtp_1)
                          0.25    0.65   clock uncertainty
                          0.00    0.65   clock reconvergence pessimism
                          0.32    0.98   library removal time
                                  0.98   data required time
-----------------------------------------------------------------------------
                                  0.98   data required time
                                 -2.60   data arrival time
-----------------------------------------------------------------------------
                                  1.62   slack (MET)


Startpoint: rst (input port clocked by clk)
Endpoint: _432_ (removal check against rising-edge clock clk)
Path Group: asynchronous
Path Type: min
Corner: Typical

Fanout     Cap    Slew   Delay    Time   Description
-----------------------------------------------------------------------------
                          0.00    0.00   clock clk (rise edge)
                          0.00    0.00   clock network delay (propagated)
                          2.00    2.00 v input external delay
                  0.01    0.01    2.01 v rst (in)
     2    0.00                           rst (net)
                  0.01    0.00    2.01 v input1/A (sky130_fd_sc_hd__buf_1)
                  0.07    0.10    2.11 v input1/X (sky130_fd_sc_hd__buf_1)
     1    0.01                           net1 (net)
                  0.07    0.00    2.11 v _356_/A (sky130_fd_sc_hd__clkbuf_4)
                  0.10    0.20    2.31 v _356_/X (sky130_fd_sc_hd__clkbuf_4)
     9    0.05                           _200_ (net)
                  0.10    0.00    2.31 v _379_/A (sky130_fd_sc_hd__buf_4)
                  0.10    0.22    2.53 v _379_/X (sky130_fd_sc_hd__buf_4)
    20    0.07                           _203_ (net)
                  0.10    0.00    2.53 v _386_/A (sky130_fd_sc_hd__inv_2)
                  0.04    0.06    2.60 ^ _386_/Y (sky130_fd_sc_hd__inv_2)
     1    0.00                           _026_ (net)
                  0.04    0.00    2.60 ^ _432_/RESET_B (sky130_fd_sc_hd__dfrtp_2)
                                  2.60   data arrival time

                          0.00    0.00   clock clk (rise edge)
                          0.00    0.00   clock source latency
                  0.09    0.07    0.07 ^ clk (in)
     2    0.02                           clk (net)
                  0.09    0.00    0.07 ^ clkbuf_0_clk/A (sky130_fd_sc_hd__clkbuf_16)
                  0.07    0.17    0.24 ^ clkbuf_0_clk/X (sky130_fd_sc_hd__clkbuf_16)
     4    0.05                           clknet_0_clk (net)
                  0.07    0.00    0.24 ^ clkbuf_2_1__f_clk/A (sky130_fd_sc_hd__clkbuf_16)
                  0.07    0.16    0.40 ^ clkbuf_2_1__f_clk/X (sky130_fd_sc_hd__clkbuf_16)
    15    0.05                           clknet_2_1__leaf_clk (net)
                  0.07    0.00    0.40 ^ _432_/CLK (sky130_fd_sc_hd__dfrtp_2)
                          0.25    0.65   clock uncertainty
                          0.00    0.65   clock reconvergence pessimism
                          0.32    0.98   library removal time
                                  0.98   data required time
-----------------------------------------------------------------------------
                                  0.98   data required time
                                 -2.60   data arrival time
-----------------------------------------------------------------------------
                                  1.62   slack (MET)


Startpoint: rst (input port clocked by clk)
Endpoint: _416_ (removal check against rising-edge clock clk)
Path Group: asynchronous
Path Type: min
Corner: Typical

Fanout     Cap    Slew   Delay    Time   Description
-----------------------------------------------------------------------------
                          0.00    0.00   clock clk (rise edge)
                          0.00    0.00   clock network delay (propagated)
                          2.00    2.00 v input external delay
                  0.01    0.01    2.01 v rst (in)
     2    0.00                           rst (net)
                  0.01    0.00    2.01 v input1/A (sky130_fd_sc_hd__buf_1)
                  0.07    0.10    2.11 v input1/X (sky130_fd_sc_hd__buf_1)
     1    0.01                           net1 (net)
                  0.07    0.00    2.11 v _356_/A (sky130_fd_sc_hd__clkbuf_4)
                  0.10    0.20    2.31 v _356_/X (sky130_fd_sc_hd__clkbuf_4)
     9    0.05                           _200_ (net)
                  0.10    0.00    2.31 v _368_/A (sky130_fd_sc_hd__buf_4)
                  0.08    0.21    2.52 v _368_/X (sky130_fd_sc_hd__buf_4)
    10    0.06                           _202_ (net)
                  0.08    0.00    2.52 v _369_/A (sky130_fd_sc_hd__inv_2)
                  0.04    0.06    2.58 ^ _369_/Y (sky130_fd_sc_hd__inv_2)
     1    0.01                           _010_ (net)
                  0.04    0.00    2.58 ^ _416_/RESET_B (sky130_fd_sc_hd__dfrtp_1)
                                  2.58   data arrival time

                          0.00    0.00   clock clk (rise edge)
                          0.00    0.00   clock source latency
                  0.09    0.07    0.07 ^ clk (in)
     2    0.02                           clk (net)
                  0.09    0.00    0.07 ^ clkbuf_0_clk/A (sky130_fd_sc_hd__clkbuf_16)
                  0.07    0.17    0.24 ^ clkbuf_0_clk/X (sky130_fd_sc_hd__clkbuf_16)
     4    0.05                           clknet_0_clk (net)
                  0.07    0.00    0.24 ^ clkbuf_2_2__f_clk/A (sky130_fd_sc_hd__clkbuf_16)
                  0.05    0.15    0.39 ^ clkbuf_2_2__f_clk/X (sky130_fd_sc_hd__clkbuf_16)
    11    0.03                           clknet_2_2__leaf_clk (net)
                  0.05    0.00    0.39 ^ _416_/CLK (sky130_fd_sc_hd__dfrtp_1)
                          0.25    0.64   clock uncertainty
                          0.00    0.64   clock reconvergence pessimism
                          0.32    0.96   library removal time
                                  0.96   data required time
-----------------------------------------------------------------------------
                                  0.96   data required time
                                 -2.58   data arrival time
-----------------------------------------------------------------------------
                                  1.62   slack (MET)


Startpoint: rst (input port clocked by clk)
Endpoint: _424_ (removal check against rising-edge clock clk)
Path Group: asynchronous
Path Type: min
Corner: Typical

Fanout     Cap    Slew   Delay    Time   Description
-----------------------------------------------------------------------------
                          0.00    0.00   clock clk (rise edge)
                          0.00    0.00   clock network delay (propagated)
                          2.00    2.00 v input external delay
                  0.01    0.01    2.01 v rst (in)
     2    0.00                           rst (net)
                  0.01    0.00    2.01 v input1/A (sky130_fd_sc_hd__buf_1)
                  0.07    0.10    2.11 v input1/X (sky130_fd_sc_hd__buf_1)
     1    0.01                           net1 (net)
                  0.07    0.00    2.11 v _356_/A (sky130_fd_sc_hd__clkbuf_4)
                  0.10    0.20    2.31 v _356_/X (sky130_fd_sc_hd__clkbuf_4)
     9    0.05                           _200_ (net)
                  0.10    0.00    2.31 v _368_/A (sky130_fd_sc_hd__buf_4)
                  0.08    0.21    2.52 v _368_/X (sky130_fd_sc_hd__buf_4)
    10    0.06                           _202_ (net)
                  0.08    0.00    2.52 v _377_/A (sky130_fd_sc_hd__inv_2)
                  0.04    0.06    2.58 ^ _377_/Y (sky130_fd_sc_hd__inv_2)
     1    0.00                           _018_ (net)
                  0.04    0.00    2.58 ^ _424_/RESET_B (sky130_fd_sc_hd__dfrtp_1)
                                  2.58   data arrival time

                          0.00    0.00   clock clk (rise edge)
                          0.00    0.00   clock source latency
                  0.09    0.07    0.07 ^ clk (in)
     2    0.02                           clk (net)
                  0.09    0.00    0.07 ^ clkbuf_0_clk/A (sky130_fd_sc_hd__clkbuf_16)
                  0.07    0.17    0.24 ^ clkbuf_0_clk/X (sky130_fd_sc_hd__clkbuf_16)
     4    0.05                           clknet_0_clk (net)
                  0.07    0.00    0.24 ^ clkbuf_2_3__f_clk/A (sky130_fd_sc_hd__clkbuf_16)
                  0.05    0.15    0.39 ^ clkbuf_2_3__f_clk/X (sky130_fd_sc_hd__clkbuf_16)
     8    0.03                           clknet_2_3__leaf_clk (net)
                  0.05    0.00    0.39 ^ _424_/CLK (sky130_fd_sc_hd__dfrtp_1)
                          0.25    0.64   clock uncertainty
                          0.00    0.64   clock reconvergence pessimism
                          0.32    0.96   library removal time
                                  0.96   data required time
-----------------------------------------------------------------------------
                                  0.96   data required time
                                 -2.58   data arrival time
-----------------------------------------------------------------------------
                                  1.62   slack (MET)


Startpoint: rst (input port clocked by clk)
Endpoint: _434_ (removal check against rising-edge clock clk)
Path Group: asynchronous
Path Type: min
Corner: Typical

Fanout     Cap    Slew   Delay    Time   Description
-----------------------------------------------------------------------------
                          0.00    0.00   clock clk (rise edge)
                          0.00    0.00   clock network delay (propagated)
                          2.00    2.00 v input external delay
                  0.01    0.01    2.01 v rst (in)
     2    0.00                           rst (net)
                  0.01    0.00    2.01 v input1/A (sky130_fd_sc_hd__buf_1)
                  0.07    0.10    2.11 v input1/X (sky130_fd_sc_hd__buf_1)
     1    0.01                           net1 (net)
                  0.07    0.00    2.11 v _356_/A (sky130_fd_sc_hd__clkbuf_4)
                  0.10    0.20    2.31 v _356_/X (sky130_fd_sc_hd__clkbuf_4)
     9    0.05                           _200_ (net)
                  0.10    0.00    2.31 v _379_/A (sky130_fd_sc_hd__buf_4)
                  0.10    0.22    2.53 v _379_/X (sky130_fd_sc_hd__buf_4)
    20    0.07                           _203_ (net)
                  0.10    0.00    2.53 v _388_/A (sky130_fd_sc_hd__inv_2)
                  0.04    0.06    2.60 ^ _388_/Y (sky130_fd_sc_hd__inv_2)
     1    0.00                           _028_ (net)
                  0.04    0.00    2.60 ^ _434_/RESET_B (sky130_fd_sc_hd__dfrtp_1)
                                  2.60   data arrival time

                          0.00    0.00   clock clk (rise edge)
                          0.00    0.00   clock source latency
                  0.09    0.07    0.07 ^ clk (in)
     2    0.02                           clk (net)
                  0.09    0.00    0.07 ^ clkbuf_0_clk/A (sky130_fd_sc_hd__clkbuf_16)
                  0.07    0.17    0.24 ^ clkbuf_0_clk/X (sky130_fd_sc_hd__clkbuf_16)
     4    0.05                           clknet_0_clk (net)
                  0.07    0.00    0.24 ^ clkbuf_2_0__f_clk/A (sky130_fd_sc_hd__clkbuf_16)
                  0.06    0.15    0.39 ^ clkbuf_2_0__f_clk/X (sky130_fd_sc_hd__clkbuf_16)
    11    0.04                           clknet_2_0__leaf_clk (net)
                  0.06    0.00    0.40 ^ _434_/CLK (sky130_fd_sc_hd__dfrtp_1)
                          0.25    0.65   clock uncertainty
                          0.00    0.65   clock reconvergence pessimism
                          0.32    0.97   library removal time
                                  0.97   data required time
-----------------------------------------------------------------------------
                                  0.97   data required time
                                 -2.60   data arrival time
-----------------------------------------------------------------------------
                                  1.63   slack (MET)


Startpoint: rst (input port clocked by clk)
Endpoint: _430_ (removal check against rising-edge clock clk)
Path Group: asynchronous
Path Type: min
Corner: Typical

Fanout     Cap    Slew   Delay    Time   Description
-----------------------------------------------------------------------------
                          0.00    0.00   clock clk (rise edge)
                          0.00    0.00   clock network delay (propagated)
                          2.00    2.00 v input external delay
                  0.01    0.01    2.01 v rst (in)
     2    0.00                           rst (net)
                  0.01    0.00    2.01 v input1/A (sky130_fd_sc_hd__buf_1)
                  0.07    0.10    2.11 v input1/X (sky130_fd_sc_hd__buf_1)
     1    0.01                           net1 (net)
                  0.07    0.00    2.11 v _356_/A (sky130_fd_sc_hd__clkbuf_4)
                  0.10    0.20    2.31 v _356_/X (sky130_fd_sc_hd__clkbuf_4)
     9    0.05                           _200_ (net)
                  0.10    0.00    2.31 v _379_/A (sky130_fd_sc_hd__buf_4)
                  0.10    0.22    2.53 v _379_/X (sky130_fd_sc_hd__buf_4)
    20    0.07                           _203_ (net)
                  0.10    0.00    2.53 v _384_/A (sky130_fd_sc_hd__inv_2)
                  0.04    0.06    2.59 ^ _384_/Y (sky130_fd_sc_hd__inv_2)
     1    0.00                           _024_ (net)
                  0.04    0.00    2.60 ^ _430_/RESET_B (sky130_fd_sc_hd__dfrtp_4)
                                  2.60   data arrival time

                          0.00    0.00   clock clk (rise edge)
                          0.00    0.00   clock source latency
                  0.09    0.07    0.07 ^ clk (in)
     2    0.02                           clk (net)
                  0.09    0.00    0.07 ^ clkbuf_0_clk/A (sky130_fd_sc_hd__clkbuf_16)
                  0.07    0.17    0.24 ^ clkbuf_0_clk/X (sky130_fd_sc_hd__clkbuf_16)
     4    0.05                           clknet_0_clk (net)
                  0.07    0.00    0.24 ^ clkbuf_2_2__f_clk/A (sky130_fd_sc_hd__clkbuf_16)
                  0.05    0.15    0.39 ^ clkbuf_2_2__f_clk/X (sky130_fd_sc_hd__clkbuf_16)
    11    0.03                           clknet_2_2__leaf_clk (net)
                  0.05    0.00    0.39 ^ _430_/CLK (sky130_fd_sc_hd__dfrtp_4)
                          0.25    0.64   clock uncertainty
                          0.00    0.64   clock reconvergence pessimism
                          0.32    0.96   library removal time
                                  0.96   data required time
-----------------------------------------------------------------------------
                                  0.96   data required time
                                 -2.60   data arrival time
-----------------------------------------------------------------------------
                                  1.63   slack (MET)


Startpoint: rst (input port clocked by clk)
Endpoint: _435_ (removal check against rising-edge clock clk)
Path Group: asynchronous
Path Type: min
Corner: Typical

Fanout     Cap    Slew   Delay    Time   Description
-----------------------------------------------------------------------------
                          0.00    0.00   clock clk (rise edge)
                          0.00    0.00   clock network delay (propagated)
                          2.00    2.00 v input external delay
                  0.01    0.01    2.01 v rst (in)
     2    0.00                           rst (net)
                  0.01    0.00    2.01 v input1/A (sky130_fd_sc_hd__buf_1)
                  0.07    0.10    2.11 v input1/X (sky130_fd_sc_hd__buf_1)
     1    0.01                           net1 (net)
                  0.07    0.00    2.11 v _356_/A (sky130_fd_sc_hd__clkbuf_4)
                  0.10    0.20    2.31 v _356_/X (sky130_fd_sc_hd__clkbuf_4)
     9    0.05                           _200_ (net)
                  0.10    0.00    2.31 v _379_/A (sky130_fd_sc_hd__buf_4)
                  0.10    0.22    2.53 v _379_/X (sky130_fd_sc_hd__buf_4)
    20    0.07                           _203_ (net)
                  0.10    0.00    2.53 v _389_/A (sky130_fd_sc_hd__inv_2)
                  0.04    0.06    2.60 ^ _389_/Y (sky130_fd_sc_hd__inv_2)
     1    0.00                           _029_ (net)
                  0.04    0.00    2.60 ^ _435_/RESET_B (sky130_fd_sc_hd__dfrtp_1)
                                  2.60   data arrival time

                          0.00    0.00   clock clk (rise edge)
                          0.00    0.00   clock source latency
                  0.09    0.07    0.07 ^ clk (in)
     2    0.02                           clk (net)
                  0.09    0.00    0.07 ^ clkbuf_0_clk/A (sky130_fd_sc_hd__clkbuf_16)
                  0.07    0.17    0.24 ^ clkbuf_0_clk/X (sky130_fd_sc_hd__clkbuf_16)
     4    0.05                           clknet_0_clk (net)
                  0.07    0.00    0.24 ^ clkbuf_2_0__f_clk/A (sky130_fd_sc_hd__clkbuf_16)
                  0.06    0.15    0.39 ^ clkbuf_2_0__f_clk/X (sky130_fd_sc_hd__clkbuf_16)
    11    0.04                           clknet_2_0__leaf_clk (net)
                  0.06    0.00    0.40 ^ _435_/CLK (sky130_fd_sc_hd__dfrtp_1)
                          0.25    0.65   clock uncertainty
                          0.00    0.65   clock reconvergence pessimism
                          0.32    0.97   library removal time
                                  0.97   data required time
-----------------------------------------------------------------------------
                                  0.97   data required time
                                 -2.60   data arrival time
-----------------------------------------------------------------------------
                                  1.63   slack (MET)


Startpoint: rst (input port clocked by clk)
Endpoint: _431_ (removal check against rising-edge clock clk)
Path Group: asynchronous
Path Type: min
Corner: Typical

Fanout     Cap    Slew   Delay    Time   Description
-----------------------------------------------------------------------------
                          0.00    0.00   clock clk (rise edge)
                          0.00    0.00   clock network delay (propagated)
                          2.00    2.00 v input external delay
                  0.01    0.01    2.01 v rst (in)
     2    0.00                           rst (net)
                  0.01    0.00    2.01 v input1/A (sky130_fd_sc_hd__buf_1)
                  0.07    0.10    2.11 v input1/X (sky130_fd_sc_hd__buf_1)
     1    0.01                           net1 (net)
                  0.07    0.00    2.11 v _356_/A (sky130_fd_sc_hd__clkbuf_4)
                  0.10    0.20    2.31 v _356_/X (sky130_fd_sc_hd__clkbuf_4)
     9    0.05                           _200_ (net)
                  0.10    0.00    2.31 v _379_/A (sky130_fd_sc_hd__buf_4)
                  0.10    0.22    2.53 v _379_/X (sky130_fd_sc_hd__buf_4)
    20    0.07                           _203_ (net)
                  0.10    0.00    2.53 v _385_/A (sky130_fd_sc_hd__inv_2)
                  0.04    0.06    2.60 ^ _385_/Y (sky130_fd_sc_hd__inv_2)
     1    0.00                           _025_ (net)
                  0.04    0.00    2.60 ^ _431_/RESET_B (sky130_fd_sc_hd__dfrtp_4)
                                  2.60   data arrival time

                          0.00    0.00   clock clk (rise edge)
                          0.00    0.00   clock source latency
                  0.09    0.07    0.07 ^ clk (in)
     2    0.02                           clk (net)
                  0.09    0.00    0.07 ^ clkbuf_0_clk/A (sky130_fd_sc_hd__clkbuf_16)
                  0.07    0.17    0.24 ^ clkbuf_0_clk/X (sky130_fd_sc_hd__clkbuf_16)
     4    0.05                           clknet_0_clk (net)
                  0.07    0.00    0.24 ^ clkbuf_2_2__f_clk/A (sky130_fd_sc_hd__clkbuf_16)
                  0.05    0.15    0.39 ^ clkbuf_2_2__f_clk/X (sky130_fd_sc_hd__clkbuf_16)
    11    0.03                           clknet_2_2__leaf_clk (net)
                  0.05    0.00    0.39 ^ _431_/CLK (sky130_fd_sc_hd__dfrtp_4)
                          0.25    0.64   clock uncertainty
                          0.00    0.64   clock reconvergence pessimism
                          0.32    0.96   library removal time
                                  0.96   data required time
-----------------------------------------------------------------------------
                                  0.96   data required time
                                 -2.60   data arrival time
-----------------------------------------------------------------------------
                                  1.63   slack (MET)


Startpoint: rst (input port clocked by clk)
Endpoint: _427_ (removal check against rising-edge clock clk)
Path Group: asynchronous
Path Type: min
Corner: Typical

Fanout     Cap    Slew   Delay    Time   Description
-----------------------------------------------------------------------------
                          0.00    0.00   clock clk (rise edge)
                          0.00    0.00   clock network delay (propagated)
                          2.00    2.00 v input external delay
                  0.01    0.01    2.01 v rst (in)
     2    0.00                           rst (net)
                  0.01    0.00    2.01 v input1/A (sky130_fd_sc_hd__buf_1)
                  0.07    0.10    2.11 v input1/X (sky130_fd_sc_hd__buf_1)
     1    0.01                           net1 (net)
                  0.07    0.00    2.11 v _356_/A (sky130_fd_sc_hd__clkbuf_4)
                  0.10    0.20    2.31 v _356_/X (sky130_fd_sc_hd__clkbuf_4)
     9    0.05                           _200_ (net)
                  0.10    0.00    2.31 v _379_/A (sky130_fd_sc_hd__buf_4)
                  0.10    0.22    2.53 v _379_/X (sky130_fd_sc_hd__buf_4)
    20    0.07                           _203_ (net)
                  0.10    0.00    2.53 v _381_/A (sky130_fd_sc_hd__inv_2)
                  0.04    0.06    2.60 ^ _381_/Y (sky130_fd_sc_hd__inv_2)
     1    0.00                           _021_ (net)
                  0.04    0.00    2.60 ^ _427_/RESET_B (sky130_fd_sc_hd__dfrtp_1)
                                  2.60   data arrival time

                          0.00    0.00   clock clk (rise edge)
                          0.00    0.00   clock source latency
                  0.09    0.07    0.07 ^ clk (in)
     2    0.02                           clk (net)
                  0.09    0.00    0.07 ^ clkbuf_0_clk/A (sky130_fd_sc_hd__clkbuf_16)
                  0.07    0.17    0.24 ^ clkbuf_0_clk/X (sky130_fd_sc_hd__clkbuf_16)
     4    0.05                           clknet_0_clk (net)
                  0.07    0.00    0.24 ^ clkbuf_2_3__f_clk/A (sky130_fd_sc_hd__clkbuf_16)
                  0.05    0.15    0.39 ^ clkbuf_2_3__f_clk/X (sky130_fd_sc_hd__clkbuf_16)
     8    0.03                           clknet_2_3__leaf_clk (net)
                  0.05    0.00    0.39 ^ _427_/CLK (sky130_fd_sc_hd__dfrtp_1)
                          0.25    0.64   clock uncertainty
                          0.00    0.64   clock reconvergence pessimism
                          0.32    0.96   library removal time
                                  0.96   data required time
-----------------------------------------------------------------------------
                                  0.96   data required time
                                 -2.60   data arrival time
-----------------------------------------------------------------------------
                                  1.64   slack (MET)


Startpoint: rst (input port clocked by clk)
Endpoint: _426_ (removal check against rising-edge clock clk)
Path Group: asynchronous
Path Type: min
Corner: Typical

Fanout     Cap    Slew   Delay    Time   Description
-----------------------------------------------------------------------------
                          0.00    0.00   clock clk (rise edge)
                          0.00    0.00   clock network delay (propagated)
                          2.00    2.00 v input external delay
                  0.01    0.01    2.01 v rst (in)
     2    0.00                           rst (net)
                  0.01    0.00    2.01 v input1/A (sky130_fd_sc_hd__buf_1)
                  0.07    0.10    2.11 v input1/X (sky130_fd_sc_hd__buf_1)
     1    0.01                           net1 (net)
                  0.07    0.00    2.11 v _356_/A (sky130_fd_sc_hd__clkbuf_4)
                  0.10    0.20    2.31 v _356_/X (sky130_fd_sc_hd__clkbuf_4)
     9    0.05                           _200_ (net)
                  0.10    0.00    2.31 v _379_/A (sky130_fd_sc_hd__buf_4)
                  0.10    0.22    2.53 v _379_/X (sky130_fd_sc_hd__buf_4)
    20    0.07                           _203_ (net)
                  0.10    0.00    2.53 v _380_/A (sky130_fd_sc_hd__inv_2)
                  0.04    0.07    2.60 ^ _380_/Y (sky130_fd_sc_hd__inv_2)
     1    0.01                           _020_ (net)
                  0.04    0.00    2.60 ^ _426_/RESET_B (sky130_fd_sc_hd__dfrtp_1)
                                  2.60   data arrival time

                          0.00    0.00   clock clk (rise edge)
                          0.00    0.00   clock source latency
                  0.09    0.07    0.07 ^ clk (in)
     2    0.02                           clk (net)
                  0.09    0.00    0.07 ^ clkbuf_0_clk/A (sky130_fd_sc_hd__clkbuf_16)
                  0.07    0.17    0.24 ^ clkbuf_0_clk/X (sky130_fd_sc_hd__clkbuf_16)
     4    0.05                           clknet_0_clk (net)
                  0.07    0.00    0.24 ^ clkbuf_2_3__f_clk/A (sky130_fd_sc_hd__clkbuf_16)
                  0.05    0.15    0.39 ^ clkbuf_2_3__f_clk/X (sky130_fd_sc_hd__clkbuf_16)
     8    0.03                           clknet_2_3__leaf_clk (net)
                  0.05    0.00    0.39 ^ _426_/CLK (sky130_fd_sc_hd__dfrtp_1)
                          0.25    0.64   clock uncertainty
                          0.00    0.64   clock reconvergence pessimism
                          0.32    0.96   library removal time
                                  0.96   data required time
-----------------------------------------------------------------------------
                                  0.96   data required time
                                 -2.60   data arrival time
-----------------------------------------------------------------------------
                                  1.64   slack (MET)


Startpoint: rst (input port clocked by clk)
Endpoint: _420_ (removal check against rising-edge clock clk)
Path Group: asynchronous
Path Type: min
Corner: Typical

Fanout     Cap    Slew   Delay    Time   Description
-----------------------------------------------------------------------------
                          0.00    0.00   clock clk (rise edge)
                          0.00    0.00   clock network delay (propagated)
                          2.00    2.00 v input external delay
                  0.01    0.01    2.01 v rst (in)
     2    0.00                           rst (net)
                  0.01    0.00    2.01 v input1/A (sky130_fd_sc_hd__buf_1)
                  0.07    0.10    2.11 v input1/X (sky130_fd_sc_hd__buf_1)
     1    0.01                           net1 (net)
                  0.07    0.00    2.11 v _356_/A (sky130_fd_sc_hd__clkbuf_4)
                  0.10    0.20    2.31 v _356_/X (sky130_fd_sc_hd__clkbuf_4)
     9    0.05                           _200_ (net)
                  0.10    0.00    2.31 v _368_/A (sky130_fd_sc_hd__buf_4)
                  0.08    0.21    2.52 v _368_/X (sky130_fd_sc_hd__buf_4)
    10    0.06                           _202_ (net)
                  0.08    0.00    2.52 v _373_/A (sky130_fd_sc_hd__inv_2)
                  0.03    0.05    2.57 ^ _373_/Y (sky130_fd_sc_hd__inv_2)
     1    0.00                           _014_ (net)
                  0.03    0.00    2.57 ^ _420_/SET_B (sky130_fd_sc_hd__dfstp_1)
                                  2.57   data arrival time

                          0.00    0.00   clock clk (rise edge)
                          0.00    0.00   clock source latency
                  0.09    0.07    0.07 ^ clk (in)
     2    0.02                           clk (net)
                  0.09    0.00    0.07 ^ clkbuf_0_clk/A (sky130_fd_sc_hd__clkbuf_16)
                  0.07    0.17    0.24 ^ clkbuf_0_clk/X (sky130_fd_sc_hd__clkbuf_16)
     4    0.05                           clknet_0_clk (net)
                  0.07    0.00    0.24 ^ clkbuf_2_2__f_clk/A (sky130_fd_sc_hd__clkbuf_16)
                  0.05    0.15    0.39 ^ clkbuf_2_2__f_clk/X (sky130_fd_sc_hd__clkbuf_16)
    11    0.03                           clknet_2_2__leaf_clk (net)
                  0.05    0.00    0.39 ^ _420_/CLK (sky130_fd_sc_hd__dfstp_1)
                          0.25    0.64   clock uncertainty
                          0.00    0.64   clock reconvergence pessimism
                          0.16    0.80   library removal time
                                  0.80   data required time
-----------------------------------------------------------------------------
                                  0.80   data required time
                                 -2.57   data arrival time
-----------------------------------------------------------------------------
                                  1.77   slack (MET)


Startpoint: _434_ (rising edge-triggered flip-flop clocked by clk)
Endpoint: rx_data[2] (output port clocked by clk)
Path Group: clk
Path Type: min
Corner: Typical

Fanout     Cap    Slew   Delay    Time   Description
-----------------------------------------------------------------------------
                          0.00    0.00   clock clk (rise edge)
                          0.00    0.00   clock source latency
                  0.09    0.06    0.06 ^ clk (in)
     2    0.02                           clk (net)
                  0.09    0.00    0.06 ^ clkbuf_0_clk/A (sky130_fd_sc_hd__clkbuf_16)
                  0.07    0.16    0.22 ^ clkbuf_0_clk/X (sky130_fd_sc_hd__clkbuf_16)
     4    0.05                           clknet_0_clk (net)
                  0.07    0.00    0.22 ^ clkbuf_2_0__f_clk/A (sky130_fd_sc_hd__clkbuf_16)
                  0.06    0.14    0.36 ^ clkbuf_2_0__f_clk/X (sky130_fd_sc_hd__clkbuf_16)
    11    0.04                           clknet_2_0__leaf_clk (net)
                  0.06    0.00    0.36 ^ _434_/CLK (sky130_fd_sc_hd__dfrtp_1)
                  0.08    0.34    0.69 ^ _434_/Q (sky130_fd_sc_hd__dfrtp_1)
     2    0.01                           net13 (net)
                  0.08    0.00    0.69 ^ output13/A (sky130_fd_sc_hd__clkbuf_4)
                  0.11    0.19    0.88 ^ output13/X (sky130_fd_sc_hd__clkbuf_4)
     1    0.03                           rx_data[2] (net)
                  0.11    0.00    0.88 ^ rx_data[2] (out)
                                  0.88   data arrival time

                          0.00    0.00   clock clk (rise edge)
                          0.00    0.00   clock network delay (propagated)
                          0.25    0.25   clock uncertainty
                          0.00    0.25   clock reconvergence pessimism
                         -2.00   -1.75   output external delay
                                 -1.75   data required time
-----------------------------------------------------------------------------
                                 -1.75   data required time
                                 -0.88   data arrival time
-----------------------------------------------------------------------------
                                  2.63   slack (MET)


Startpoint: _435_ (rising edge-triggered flip-flop clocked by clk)
Endpoint: rx_data[3] (output port clocked by clk)
Path Group: clk
Path Type: min
Corner: Typical

Fanout     Cap    Slew   Delay    Time   Description
-----------------------------------------------------------------------------
                          0.00    0.00   clock clk (rise edge)
                          0.00    0.00   clock source latency
                  0.09    0.06    0.06 ^ clk (in)
     2    0.02                           clk (net)
                  0.09    0.00    0.06 ^ clkbuf_0_clk/A (sky130_fd_sc_hd__clkbuf_16)
                  0.07    0.16    0.22 ^ clkbuf_0_clk/X (sky130_fd_sc_hd__clkbuf_16)
     4    0.05                           clknet_0_clk (net)
                  0.07    0.00    0.22 ^ clkbuf_2_0__f_clk/A (sky130_fd_sc_hd__clkbuf_16)
                  0.06    0.14    0.36 ^ clkbuf_2_0__f_clk/X (sky130_fd_sc_hd__clkbuf_16)
    11    0.04                           clknet_2_0__leaf_clk (net)
                  0.06    0.00    0.36 ^ _435_/CLK (sky130_fd_sc_hd__dfrtp_1)
                  0.09    0.34    0.70 ^ _435_/Q (sky130_fd_sc_hd__dfrtp_1)
     2    0.01                           net14 (net)
                  0.09    0.00    0.70 ^ output14/A (sky130_fd_sc_hd__clkbuf_4)
                  0.11    0.19    0.89 ^ output14/X (sky130_fd_sc_hd__clkbuf_4)
     1    0.03                           rx_data[3] (net)
                  0.11    0.00    0.89 ^ rx_data[3] (out)
                                  0.89   data arrival time

                          0.00    0.00   clock clk (rise edge)
                          0.00    0.00   clock network delay (propagated)
                          0.25    0.25   clock uncertainty
                          0.00    0.25   clock reconvergence pessimism
                         -2.00   -1.75   output external delay
                                 -1.75   data required time
-----------------------------------------------------------------------------
                                 -1.75   data required time
                                 -0.89   data arrival time
-----------------------------------------------------------------------------
                                  2.64   slack (MET)


Startpoint: _439_ (rising edge-triggered flip-flop clocked by clk)
Endpoint: rx_data[7] (output port clocked by clk)
Path Group: clk
Path Type: min
Corner: Typical

Fanout     Cap    Slew   Delay    Time   Description
-----------------------------------------------------------------------------
                          0.00    0.00   clock clk (rise edge)
                          0.00    0.00   clock source latency
                  0.09    0.06    0.06 ^ clk (in)
     2    0.02                           clk (net)
                  0.09    0.00    0.06 ^ clkbuf_0_clk/A (sky130_fd_sc_hd__clkbuf_16)
                  0.07    0.16    0.22 ^ clkbuf_0_clk/X (sky130_fd_sc_hd__clkbuf_16)
     4    0.05                           clknet_0_clk (net)
                  0.07    0.00    0.22 ^ clkbuf_2_0__f_clk/A (sky130_fd_sc_hd__clkbuf_16)
                  0.06    0.14    0.36 ^ clkbuf_2_0__f_clk/X (sky130_fd_sc_hd__clkbuf_16)
    11    0.04                           clknet_2_0__leaf_clk (net)
                  0.06    0.00    0.36 ^ _439_/CLK (sky130_fd_sc_hd__dfrtp_1)
                  0.10    0.35    0.71 ^ _439_/Q (sky130_fd_sc_hd__dfrtp_1)
     2    0.01                           net18 (net)
                  0.10    0.00    0.71 ^ output18/A (sky130_fd_sc_hd__clkbuf_4)
                  0.11    0.20    0.90 ^ output18/X (sky130_fd_sc_hd__clkbuf_4)
     1    0.03                           rx_data[7] (net)
                  0.11    0.00    0.91 ^ rx_data[7] (out)
                                  0.91   data arrival time

                          0.00    0.00   clock clk (rise edge)
                          0.00    0.00   clock network delay (propagated)
                          0.25    0.25   clock uncertainty
                          0.00    0.25   clock reconvergence pessimism
                         -2.00   -1.75   output external delay
                                 -1.75   data required time
-----------------------------------------------------------------------------
                                 -1.75   data required time
                                 -0.91   data arrival time
-----------------------------------------------------------------------------
                                  2.66   slack (MET)


Startpoint: _421_ (rising edge-triggered flip-flop clocked by clk)
Endpoint: rx_done (output port clocked by clk)
Path Group: clk
Path Type: min
Corner: Typical

Fanout     Cap    Slew   Delay    Time   Description
-----------------------------------------------------------------------------
                          0.00    0.00   clock clk (rise edge)
                          0.00    0.00   clock source latency
                  0.09    0.06    0.06 ^ clk (in)
     2    0.02                           clk (net)
                  0.09    0.00    0.06 ^ clkbuf_0_clk/A (sky130_fd_sc_hd__clkbuf_16)
                  0.07    0.16    0.22 ^ clkbuf_0_clk/X (sky130_fd_sc_hd__clkbuf_16)
     4    0.05                           clknet_0_clk (net)
                  0.07    0.00    0.22 ^ clkbuf_2_0__f_clk/A (sky130_fd_sc_hd__clkbuf_16)
                  0.06    0.14    0.36 ^ clkbuf_2_0__f_clk/X (sky130_fd_sc_hd__clkbuf_16)
    11    0.04                           clknet_2_0__leaf_clk (net)
                  0.06    0.00    0.36 ^ _421_/CLK (sky130_fd_sc_hd__dfrtp_1)
                  0.11    0.36    0.71 ^ _421_/Q (sky130_fd_sc_hd__dfrtp_1)
     2    0.01                           net19 (net)
                  0.11    0.00    0.72 ^ output19/A (sky130_fd_sc_hd__clkbuf_4)
                  0.11    0.20    0.91 ^ output19/X (sky130_fd_sc_hd__clkbuf_4)
     1    0.03                           rx_done (net)
                  0.11    0.00    0.91 ^ rx_done (out)
                                  0.91   data arrival time

                          0.00    0.00   clock clk (rise edge)
                          0.00    0.00   clock network delay (propagated)
                          0.25    0.25   clock uncertainty
                          0.00    0.25   clock reconvergence pessimism
                         -2.00   -1.75   output external delay
                                 -1.75   data required time
-----------------------------------------------------------------------------
                                 -1.75   data required time
                                 -0.91   data arrival time
-----------------------------------------------------------------------------
                                  2.66   slack (MET)


Startpoint: _419_ (rising edge-triggered flip-flop clocked by clk)
Endpoint: tx_busy (output port clocked by clk)
Path Group: clk
Path Type: min
Corner: Typical

Fanout     Cap    Slew   Delay    Time   Description
-----------------------------------------------------------------------------
                          0.00    0.00   clock clk (rise edge)
                          0.00    0.00   clock source latency
                  0.09    0.06    0.06 ^ clk (in)
     2    0.02                           clk (net)
                  0.09    0.00    0.06 ^ clkbuf_0_clk/A (sky130_fd_sc_hd__clkbuf_16)
                  0.07    0.16    0.22 ^ clkbuf_0_clk/X (sky130_fd_sc_hd__clkbuf_16)
     4    0.05                           clknet_0_clk (net)
                  0.07    0.00    0.22 ^ clkbuf_2_2__f_clk/A (sky130_fd_sc_hd__clkbuf_16)
                  0.05    0.14    0.35 ^ clkbuf_2_2__f_clk/X (sky130_fd_sc_hd__clkbuf_16)
    11    0.03                           clknet_2_2__leaf_clk (net)
                  0.05    0.00    0.36 ^ _419_/CLK (sky130_fd_sc_hd__dfrtp_1)
                  0.13    0.37    0.72 ^ _419_/Q (sky130_fd_sc_hd__dfrtp_1)
     2    0.01                           net20 (net)
                  0.13    0.00    0.72 ^ output20/A (sky130_fd_sc_hd__clkbuf_4)
                  0.11    0.20    0.93 ^ output20/X (sky130_fd_sc_hd__clkbuf_4)
     1    0.03                           tx_busy (net)
                  0.11    0.00    0.93 ^ tx_busy (out)
                                  0.93   data arrival time

                          0.00    0.00   clock clk (rise edge)
                          0.00    0.00   clock network delay (propagated)
                          0.25    0.25   clock uncertainty
                          0.00    0.25   clock reconvergence pessimism
                         -2.00   -1.75   output external delay
                                 -1.75   data required time
-----------------------------------------------------------------------------
                                 -1.75   data required time
                                 -0.93   data arrival time
-----------------------------------------------------------------------------
                                  2.68   slack (MET)


Startpoint: _437_ (rising edge-triggered flip-flop clocked by clk)
Endpoint: rx_data[5] (output port clocked by clk)
Path Group: clk
Path Type: min
Corner: Typical

Fanout     Cap    Slew   Delay    Time   Description
-----------------------------------------------------------------------------
                          0.00    0.00   clock clk (rise edge)
                          0.00    0.00   clock source latency
                  0.09    0.06    0.06 ^ clk (in)
     2    0.02                           clk (net)
                  0.09    0.00    0.06 ^ clkbuf_0_clk/A (sky130_fd_sc_hd__clkbuf_16)
                  0.07    0.16    0.22 ^ clkbuf_0_clk/X (sky130_fd_sc_hd__clkbuf_16)
     4    0.05                           clknet_0_clk (net)
                  0.07    0.00    0.22 ^ clkbuf_2_0__f_clk/A (sky130_fd_sc_hd__clkbuf_16)
                  0.06    0.14    0.36 ^ clkbuf_2_0__f_clk/X (sky130_fd_sc_hd__clkbuf_16)
    11    0.04                           clknet_2_0__leaf_clk (net)
                  0.06    0.00    0.36 ^ _437_/CLK (sky130_fd_sc_hd__dfrtp_1)
                  0.13    0.37    0.73 ^ _437_/Q (sky130_fd_sc_hd__dfrtp_1)
     2    0.01                           net16 (net)
                  0.13    0.00    0.73 ^ output16/A (sky130_fd_sc_hd__clkbuf_4)
                  0.11    0.21    0.94 ^ output16/X (sky130_fd_sc_hd__clkbuf_4)
     1    0.03                           rx_data[5] (net)
                  0.11    0.00    0.94 ^ rx_data[5] (out)
                                  0.94   data arrival time

                          0.00    0.00   clock clk (rise edge)
                          0.00    0.00   clock network delay (propagated)
                          0.25    0.25   clock uncertainty
                          0.00    0.25   clock reconvergence pessimism
                         -2.00   -1.75   output external delay
                                 -1.75   data required time
-----------------------------------------------------------------------------
                                 -1.75   data required time
                                 -0.94   data arrival time
-----------------------------------------------------------------------------
                                  2.69   slack (MET)


Startpoint: _433_ (rising edge-triggered flip-flop clocked by clk)
Endpoint: rx_data[1] (output port clocked by clk)
Path Group: clk
Path Type: min
Corner: Typical

Fanout     Cap    Slew   Delay    Time   Description
-----------------------------------------------------------------------------
                          0.00    0.00   clock clk (rise edge)
                          0.00    0.00   clock source latency
                  0.09    0.06    0.06 ^ clk (in)
     2    0.02                           clk (net)
                  0.09    0.00    0.06 ^ clkbuf_0_clk/A (sky130_fd_sc_hd__clkbuf_16)
                  0.07    0.16    0.22 ^ clkbuf_0_clk/X (sky130_fd_sc_hd__clkbuf_16)
     4    0.05                           clknet_0_clk (net)
                  0.07    0.00    0.22 ^ clkbuf_2_1__f_clk/A (sky130_fd_sc_hd__clkbuf_16)
                  0.07    0.15    0.37 ^ clkbuf_2_1__f_clk/X (sky130_fd_sc_hd__clkbuf_16)
    15    0.05                           clknet_2_1__leaf_clk (net)
                  0.07    0.00    0.37 ^ _433_/CLK (sky130_fd_sc_hd__dfrtp_1)
                  0.10    0.41    0.77 v _433_/Q (sky130_fd_sc_hd__dfrtp_1)
     4    0.02                           net12 (net)
                  0.10    0.00    0.77 v output12/A (sky130_fd_sc_hd__clkbuf_4)
                  0.08    0.20    0.97 v output12/X (sky130_fd_sc_hd__clkbuf_4)
     1    0.03                           rx_data[1] (net)
                  0.08    0.00    0.97 v rx_data[1] (out)
                                  0.97   data arrival time

                          0.00    0.00   clock clk (rise edge)
                          0.00    0.00   clock network delay (propagated)
                          0.25    0.25   clock uncertainty
                          0.00    0.25   clock reconvergence pessimism
                         -2.00   -1.75   output external delay
                                 -1.75   data required time
-----------------------------------------------------------------------------
                                 -1.75   data required time
                                 -0.97   data arrival time
-----------------------------------------------------------------------------
                                  2.72   slack (MET)


Startpoint: _436_ (rising edge-triggered flip-flop clocked by clk)
Endpoint: rx_data[4] (output port clocked by clk)
Path Group: clk
Path Type: min
Corner: Typical

Fanout     Cap    Slew   Delay    Time   Description
-----------------------------------------------------------------------------
                          0.00    0.00   clock clk (rise edge)
                          0.00    0.00   clock source latency
                  0.09    0.06    0.06 ^ clk (in)
     2    0.02                           clk (net)
                  0.09    0.00    0.06 ^ clkbuf_0_clk/A (sky130_fd_sc_hd__clkbuf_16)
                  0.07    0.16    0.22 ^ clkbuf_0_clk/X (sky130_fd_sc_hd__clkbuf_16)
     4    0.05                           clknet_0_clk (net)
                  0.07    0.00    0.22 ^ clkbuf_2_0__f_clk/A (sky130_fd_sc_hd__clkbuf_16)
                  0.06    0.14    0.36 ^ clkbuf_2_0__f_clk/X (sky130_fd_sc_hd__clkbuf_16)
    11    0.04                           clknet_2_0__leaf_clk (net)
                  0.06    0.00    0.36 ^ _436_/CLK (sky130_fd_sc_hd__dfrtp_1)
                  0.12    0.42    0.78 v _436_/Q (sky130_fd_sc_hd__dfrtp_1)
     4    0.02                           net15 (net)
                  0.12    0.00    0.78 v output15/A (sky130_fd_sc_hd__buf_2)
                  0.09    0.20    0.98 v output15/X (sky130_fd_sc_hd__buf_2)
     1    0.03                           rx_data[4] (net)
                  0.09    0.00    0.98 v rx_data[4] (out)
                                  0.98   data arrival time

                          0.00    0.00   clock clk (rise edge)
                          0.00    0.00   clock network delay (propagated)
                          0.25    0.25   clock uncertainty
                          0.00    0.25   clock reconvergence pessimism
                         -2.00   -1.75   output external delay
                                 -1.75   data required time
-----------------------------------------------------------------------------
                                 -1.75   data required time
                                 -0.98   data arrival time
-----------------------------------------------------------------------------
                                  2.73   slack (MET)


Startpoint: _432_ (rising edge-triggered flip-flop clocked by clk)
Endpoint: rx_data[0] (output port clocked by clk)
Path Group: clk
Path Type: min
Corner: Typical

Fanout     Cap    Slew   Delay    Time   Description
-----------------------------------------------------------------------------
                          0.00    0.00   clock clk (rise edge)
                          0.00    0.00   clock source latency
                  0.09    0.06    0.06 ^ clk (in)
     2    0.02                           clk (net)
                  0.09    0.00    0.06 ^ clkbuf_0_clk/A (sky130_fd_sc_hd__clkbuf_16)
                  0.07    0.16    0.22 ^ clkbuf_0_clk/X (sky130_fd_sc_hd__clkbuf_16)
     4    0.05                           clknet_0_clk (net)
                  0.07    0.00    0.22 ^ clkbuf_2_1__f_clk/A (sky130_fd_sc_hd__clkbuf_16)
                  0.07    0.15    0.37 ^ clkbuf_2_1__f_clk/X (sky130_fd_sc_hd__clkbuf_16)
    15    0.05                           clknet_2_1__leaf_clk (net)
                  0.07    0.00    0.37 ^ _432_/CLK (sky130_fd_sc_hd__dfrtp_2)
                  0.14    0.41    0.77 ^ _432_/Q (sky130_fd_sc_hd__dfrtp_2)
     4    0.03                           net11 (net)
                  0.14    0.00    0.77 ^ output11/A (sky130_fd_sc_hd__clkbuf_4)
                  0.11    0.21    0.98 ^ output11/X (sky130_fd_sc_hd__clkbuf_4)
     1    0.03                           rx_data[0] (net)
                  0.11    0.00    0.98 ^ rx_data[0] (out)
                                  0.98   data arrival time

                          0.00    0.00   clock clk (rise edge)
                          0.00    0.00   clock network delay (propagated)
                          0.25    0.25   clock uncertainty
                          0.00    0.25   clock reconvergence pessimism
                         -2.00   -1.75   output external delay
                                 -1.75   data required time
-----------------------------------------------------------------------------
                                 -1.75   data required time
                                 -0.98   data arrival time
-----------------------------------------------------------------------------
                                  2.73   slack (MET)


Startpoint: _438_ (rising edge-triggered flip-flop clocked by clk)
Endpoint: rx_data[6] (output port clocked by clk)
Path Group: clk
Path Type: min
Corner: Typical

Fanout     Cap    Slew   Delay    Time   Description
-----------------------------------------------------------------------------
                          0.00    0.00   clock clk (rise edge)
                          0.00    0.00   clock source latency
                  0.09    0.06    0.06 ^ clk (in)
     2    0.02                           clk (net)
                  0.09    0.00    0.06 ^ clkbuf_0_clk/A (sky130_fd_sc_hd__clkbuf_16)
                  0.07    0.16    0.22 ^ clkbuf_0_clk/X (sky130_fd_sc_hd__clkbuf_16)
     4    0.05                           clknet_0_clk (net)
                  0.07    0.00    0.22 ^ clkbuf_2_1__f_clk/A (sky130_fd_sc_hd__clkbuf_16)
                  0.07    0.15    0.37 ^ clkbuf_2_1__f_clk/X (sky130_fd_sc_hd__clkbuf_16)
    15    0.05                           clknet_2_1__leaf_clk (net)
                  0.07    0.00    0.37 ^ _438_/CLK (sky130_fd_sc_hd__dfrtp_2)
                  0.09    0.43    0.80 v _438_/Q (sky130_fd_sc_hd__dfrtp_2)
     4    0.03                           net17 (net)
                  0.09    0.00    0.80 v output17/A (sky130_fd_sc_hd__buf_2)
                  0.09    0.19    0.99 v output17/X (sky130_fd_sc_hd__buf_2)
     1    0.03                           rx_data[6] (net)
                  0.09    0.00    0.99 v rx_data[6] (out)
                                  0.99   data arrival time

                          0.00    0.00   clock clk (rise edge)
                          0.00    0.00   clock network delay (propagated)
                          0.25    0.25   clock uncertainty
                          0.00    0.25   clock reconvergence pessimism
                         -2.00   -1.75   output external delay
                                 -1.75   data required time
-----------------------------------------------------------------------------
                                 -1.75   data required time
                                 -0.99   data arrival time
-----------------------------------------------------------------------------
                                  2.74   slack (MET)



