
===========================================================================
report_checks -path_delay max (Setup)
============================================================================
======================= Fastest Corner ===================================

Startpoint: _436_ (rising edge-triggered flip-flop clocked by clk)
Endpoint: rx_data[4] (output port clocked by clk)
Path Group: clk
Path Type: max
Corner: Fastest

Fanout     Cap    Slew   Delay    Time   Description
-----------------------------------------------------------------------------
                          0.00    0.00   clock clk (rise edge)
                          0.00    0.00   clock source latency
                  0.07    0.05    0.05 ^ clk (in)
     2    0.02                           clk (net)
                  0.07    0.00    0.05 ^ clkbuf_0_clk/A (sky130_fd_sc_hd__clkbuf_16)
                  0.05    0.12    0.17 ^ clkbuf_0_clk/X (sky130_fd_sc_hd__clkbuf_16)
     4    0.05                           clknet_0_clk (net)
                  0.05    0.00    0.17 ^ clkbuf_2_0__f_clk/A (sky130_fd_sc_hd__clkbuf_16)
                  0.04    0.11    0.27 ^ clkbuf_2_0__f_clk/X (sky130_fd_sc_hd__clkbuf_16)
    11    0.04                           clknet_2_0__leaf_clk (net)
                  0.04    0.00    0.28 ^ _436_/CLK (sky130_fd_sc_hd__dfrtp_1)
                  0.14    0.30    0.58 ^ _436_/Q (sky130_fd_sc_hd__dfrtp_1)
     4    0.02                           net15 (net)
                  0.14    0.00    0.58 ^ output15/A (sky130_fd_sc_hd__buf_2)
                  0.13    0.17    0.75 ^ output15/X (sky130_fd_sc_hd__buf_2)
     1    0.03                           rx_data[4] (net)
                  0.13    0.00    0.75 ^ rx_data[4] (out)
                                  0.75   data arrival time

                         10.00   10.00   clock clk (rise edge)
                          0.00   10.00   clock network delay (propagated)
                         -0.25    9.75   clock uncertainty
                          0.00    9.75   clock reconvergence pessimism
                         -2.00    7.75   output external delay
                                  7.75   data required time
-----------------------------------------------------------------------------
                                  7.75   data required time
                                 -0.75   data arrival time
-----------------------------------------------------------------------------
                                  7.00   slack (MET)


Startpoint: _438_ (rising edge-triggered flip-flop clocked by clk)
Endpoint: rx_data[6] (output port clocked by clk)
Path Group: clk
Path Type: max
Corner: Fastest

Fanout     Cap    Slew   Delay    Time   Description
-----------------------------------------------------------------------------
                          0.00    0.00   clock clk (rise edge)
                          0.00    0.00   clock source latency
                  0.07    0.05    0.05 ^ clk (in)
     2    0.02                           clk (net)
                  0.07    0.00    0.05 ^ clkbuf_0_clk/A (sky130_fd_sc_hd__clkbuf_16)
                  0.05    0.12    0.17 ^ clkbuf_0_clk/X (sky130_fd_sc_hd__clkbuf_16)
     4    0.05                           clknet_0_clk (net)
                  0.05    0.00    0.17 ^ clkbuf_2_1__f_clk/A (sky130_fd_sc_hd__clkbuf_16)
                  0.05    0.11    0.28 ^ clkbuf_2_1__f_clk/X (sky130_fd_sc_hd__clkbuf_16)
    15    0.05                           clknet_2_1__leaf_clk (net)
                  0.05    0.00    0.28 ^ _438_/CLK (sky130_fd_sc_hd__dfrtp_2)
                  0.10    0.29    0.57 ^ _438_/Q (sky130_fd_sc_hd__dfrtp_2)
     4    0.03                           net17 (net)
                  0.10    0.00    0.57 ^ output17/A (sky130_fd_sc_hd__buf_2)
                  0.13    0.16    0.73 ^ output17/X (sky130_fd_sc_hd__buf_2)
     1    0.03                           rx_data[6] (net)
                  0.13    0.00    0.73 ^ rx_data[6] (out)
                                  0.73   data arrival time

                         10.00   10.00   clock clk (rise edge)
                          0.00   10.00   clock network delay (propagated)
                         -0.25    9.75   clock uncertainty
                          0.00    9.75   clock reconvergence pessimism
                         -2.00    7.75   output external delay
                                  7.75   data required time
-----------------------------------------------------------------------------
                                  7.75   data required time
                                 -0.73   data arrival time
-----------------------------------------------------------------------------
                                  7.02   slack (MET)


Startpoint: _432_ (rising edge-triggered flip-flop clocked by clk)
Endpoint: rx_data[0] (output port clocked by clk)
Path Group: clk
Path Type: max
Corner: Fastest

Fanout     Cap    Slew   Delay    Time   Description
-----------------------------------------------------------------------------
                          0.00    0.00   clock clk (rise edge)
                          0.00    0.00   clock source latency
                  0.07    0.05    0.05 ^ clk (in)
     2    0.02                           clk (net)
                  0.07    0.00    0.05 ^ clkbuf_0_clk/A (sky130_fd_sc_hd__clkbuf_16)
                  0.05    0.12    0.17 ^ clkbuf_0_clk/X (sky130_fd_sc_hd__clkbuf_16)
     4    0.05                           clknet_0_clk (net)
                  0.05    0.00    0.17 ^ clkbuf_2_1__f_clk/A (sky130_fd_sc_hd__clkbuf_16)
                  0.05    0.11    0.28 ^ clkbuf_2_1__f_clk/X (sky130_fd_sc_hd__clkbuf_16)
    15    0.05                           clknet_2_1__leaf_clk (net)
                  0.05    0.00    0.28 ^ _432_/CLK (sky130_fd_sc_hd__dfrtp_2)
                  0.06    0.30    0.59 v _432_/Q (sky130_fd_sc_hd__dfrtp_2)
     4    0.03                           net11 (net)
                  0.06    0.00    0.59 v output11/A (sky130_fd_sc_hd__clkbuf_4)
                  0.06    0.14    0.73 v output11/X (sky130_fd_sc_hd__clkbuf_4)
     1    0.03                           rx_data[0] (net)
                  0.06    0.00    0.73 v rx_data[0] (out)
                                  0.73   data arrival time

                         10.00   10.00   clock clk (rise edge)
                          0.00   10.00   clock network delay (propagated)
                         -0.25    9.75   clock uncertainty
                          0.00    9.75   clock reconvergence pessimism
                         -2.00    7.75   output external delay
                                  7.75   data required time
-----------------------------------------------------------------------------
                                  7.75   data required time
                                 -0.73   data arrival time
-----------------------------------------------------------------------------
                                  7.02   slack (MET)


Startpoint: _433_ (rising edge-triggered flip-flop clocked by clk)
Endpoint: rx_data[1] (output port clocked by clk)
Path Group: clk
Path Type: max
Corner: Fastest

Fanout     Cap    Slew   Delay    Time   Description
-----------------------------------------------------------------------------
                          0.00    0.00   clock clk (rise edge)
                          0.00    0.00   clock source latency
                  0.07    0.05    0.05 ^ clk (in)
     2    0.02                           clk (net)
                  0.07    0.00    0.05 ^ clkbuf_0_clk/A (sky130_fd_sc_hd__clkbuf_16)
                  0.05    0.12    0.17 ^ clkbuf_0_clk/X (sky130_fd_sc_hd__clkbuf_16)
     4    0.05                           clknet_0_clk (net)
                  0.05    0.00    0.17 ^ clkbuf_2_1__f_clk/A (sky130_fd_sc_hd__clkbuf_16)
                  0.05    0.11    0.28 ^ clkbuf_2_1__f_clk/X (sky130_fd_sc_hd__clkbuf_16)
    15    0.05                           clknet_2_1__leaf_clk (net)
                  0.05    0.00    0.28 ^ _433_/CLK (sky130_fd_sc_hd__dfrtp_1)
                  0.12    0.29    0.57 ^ _433_/Q (sky130_fd_sc_hd__dfrtp_1)
     4    0.02                           net12 (net)
                  0.12    0.00    0.57 ^ output12/A (sky130_fd_sc_hd__clkbuf_4)
                  0.09    0.16    0.73 ^ output12/X (sky130_fd_sc_hd__clkbuf_4)
     1    0.03                           rx_data[1] (net)
                  0.09    0.00    0.73 ^ rx_data[1] (out)
                                  0.73   data arrival time

                         10.00   10.00   clock clk (rise edge)
                          0.00   10.00   clock network delay (propagated)
                         -0.25    9.75   clock uncertainty
                          0.00    9.75   clock reconvergence pessimism
                         -2.00    7.75   output external delay
                                  7.75   data required time
-----------------------------------------------------------------------------
                                  7.75   data required time
                                 -0.73   data arrival time
-----------------------------------------------------------------------------
                                  7.02   slack (MET)


Startpoint: _437_ (rising edge-triggered flip-flop clocked by clk)
Endpoint: rx_data[5] (output port clocked by clk)
Path Group: clk
Path Type: max
Corner: Fastest

Fanout     Cap    Slew   Delay    Time   Description
-----------------------------------------------------------------------------
                          0.00    0.00   clock clk (rise edge)
                          0.00    0.00   clock source latency
                  0.07    0.05    0.05 ^ clk (in)
     2    0.02                           clk (net)
                  0.07    0.00    0.05 ^ clkbuf_0_clk/A (sky130_fd_sc_hd__clkbuf_16)
                  0.05    0.12    0.17 ^ clkbuf_0_clk/X (sky130_fd_sc_hd__clkbuf_16)
     4    0.05                           clknet_0_clk (net)
                  0.05    0.00    0.17 ^ clkbuf_2_0__f_clk/A (sky130_fd_sc_hd__clkbuf_16)
                  0.04    0.11    0.27 ^ clkbuf_2_0__f_clk/X (sky130_fd_sc_hd__clkbuf_16)
    11    0.04                           clknet_2_0__leaf_clk (net)
                  0.04    0.00    0.27 ^ _437_/CLK (sky130_fd_sc_hd__dfrtp_1)
                  0.10    0.27    0.54 ^ _437_/Q (sky130_fd_sc_hd__dfrtp_1)
     2    0.01                           net16 (net)
                  0.10    0.00    0.54 ^ output16/A (sky130_fd_sc_hd__clkbuf_4)
                  0.08    0.15    0.70 ^ output16/X (sky130_fd_sc_hd__clkbuf_4)
     1    0.03                           rx_data[5] (net)
                  0.08    0.00    0.70 ^ rx_data[5] (out)
                                  0.70   data arrival time

                         10.00   10.00   clock clk (rise edge)
                          0.00   10.00   clock network delay (propagated)
                         -0.25    9.75   clock uncertainty
                          0.00    9.75   clock reconvergence pessimism
                         -2.00    7.75   output external delay
                                  7.75   data required time
-----------------------------------------------------------------------------
                                  7.75   data required time
                                 -0.70   data arrival time
-----------------------------------------------------------------------------
                                  7.05   slack (MET)


Startpoint: _419_ (rising edge-triggered flip-flop clocked by clk)
Endpoint: tx_busy (output port clocked by clk)
Path Group: clk
Path Type: max
Corner: Fastest

Fanout     Cap    Slew   Delay    Time   Description
-----------------------------------------------------------------------------
                          0.00    0.00   clock clk (rise edge)
                          0.00    0.00   clock source latency
                  0.07    0.05    0.05 ^ clk (in)
     2    0.02                           clk (net)
                  0.07    0.00    0.05 ^ clkbuf_0_clk/A (sky130_fd_sc_hd__clkbuf_16)
                  0.05    0.12    0.17 ^ clkbuf_0_clk/X (sky130_fd_sc_hd__clkbuf_16)
     4    0.05                           clknet_0_clk (net)
                  0.05    0.00    0.17 ^ clkbuf_2_2__f_clk/A (sky130_fd_sc_hd__clkbuf_16)
                  0.04    0.10    0.27 ^ clkbuf_2_2__f_clk/X (sky130_fd_sc_hd__clkbuf_16)
    11    0.03                           clknet_2_2__leaf_clk (net)
                  0.04    0.00    0.27 ^ _419_/CLK (sky130_fd_sc_hd__dfrtp_1)
                  0.10    0.26    0.54 ^ _419_/Q (sky130_fd_sc_hd__dfrtp_1)
     2    0.01                           net20 (net)
                  0.10    0.00    0.54 ^ output20/A (sky130_fd_sc_hd__clkbuf_4)
                  0.08    0.15    0.69 ^ output20/X (sky130_fd_sc_hd__clkbuf_4)
     1    0.03                           tx_busy (net)
                  0.08    0.00    0.69 ^ tx_busy (out)
                                  0.69   data arrival time

                         10.00   10.00   clock clk (rise edge)
                          0.00   10.00   clock network delay (propagated)
                         -0.25    9.75   clock uncertainty
                          0.00    9.75   clock reconvergence pessimism
                         -2.00    7.75   output external delay
                                  7.75   data required time
-----------------------------------------------------------------------------
                                  7.75   data required time
                                 -0.69   data arrival time
-----------------------------------------------------------------------------
                                  7.06   slack (MET)


Startpoint: _421_ (rising edge-triggered flip-flop clocked by clk)
Endpoint: rx_done (output port clocked by clk)
Path Group: clk
Path Type: max
Corner: Fastest

Fanout     Cap    Slew   Delay    Time   Description
-----------------------------------------------------------------------------
                          0.00    0.00   clock clk (rise edge)
                          0.00    0.00   clock source latency
                  0.07    0.05    0.05 ^ clk (in)
     2    0.02                           clk (net)
                  0.07    0.00    0.05 ^ clkbuf_0_clk/A (sky130_fd_sc_hd__clkbuf_16)
                  0.05    0.12    0.17 ^ clkbuf_0_clk/X (sky130_fd_sc_hd__clkbuf_16)
     4    0.05                           clknet_0_clk (net)
                  0.05    0.00    0.17 ^ clkbuf_2_0__f_clk/A (sky130_fd_sc_hd__clkbuf_16)
                  0.04    0.11    0.27 ^ clkbuf_2_0__f_clk/X (sky130_fd_sc_hd__clkbuf_16)
    11    0.04                           clknet_2_0__leaf_clk (net)
                  0.04    0.00    0.28 ^ _421_/CLK (sky130_fd_sc_hd__dfrtp_1)
                  0.05    0.27    0.54 v _421_/Q (sky130_fd_sc_hd__dfrtp_1)
     2    0.01                           net19 (net)
                  0.05    0.00    0.54 v output19/A (sky130_fd_sc_hd__clkbuf_4)
                  0.06    0.14    0.68 v output19/X (sky130_fd_sc_hd__clkbuf_4)
     1    0.03                           rx_done (net)
                  0.06    0.00    0.68 v rx_done (out)
                                  0.68   data arrival time

                         10.00   10.00   clock clk (rise edge)
                          0.00   10.00   clock network delay (propagated)
                         -0.25    9.75   clock uncertainty
                          0.00    9.75   clock reconvergence pessimism
                         -2.00    7.75   output external delay
                                  7.75   data required time
-----------------------------------------------------------------------------
                                  7.75   data required time
                                 -0.68   data arrival time
-----------------------------------------------------------------------------
                                  7.07   slack (MET)


Startpoint: _439_ (rising edge-triggered flip-flop clocked by clk)
Endpoint: rx_data[7] (output port clocked by clk)
Path Group: clk
Path Type: max
Corner: Fastest

Fanout     Cap    Slew   Delay    Time   Description
-----------------------------------------------------------------------------
                          0.00    0.00   clock clk (rise edge)
                          0.00    0.00   clock source latency
                  0.07    0.05    0.05 ^ clk (in)
     2    0.02                           clk (net)
                  0.07    0.00    0.05 ^ clkbuf_0_clk/A (sky130_fd_sc_hd__clkbuf_16)
                  0.05    0.12    0.17 ^ clkbuf_0_clk/X (sky130_fd_sc_hd__clkbuf_16)
     4    0.05                           clknet_0_clk (net)
                  0.05    0.00    0.17 ^ clkbuf_2_0__f_clk/A (sky130_fd_sc_hd__clkbuf_16)
                  0.04    0.11    0.27 ^ clkbuf_2_0__f_clk/X (sky130_fd_sc_hd__clkbuf_16)
    11    0.04                           clknet_2_0__leaf_clk (net)
                  0.04    0.00    0.28 ^ _439_/CLK (sky130_fd_sc_hd__dfrtp_1)
                  0.05    0.26    0.54 v _439_/Q (sky130_fd_sc_hd__dfrtp_1)
     2    0.01                           net18 (net)
                  0.05    0.00    0.54 v output18/A (sky130_fd_sc_hd__clkbuf_4)
                  0.06    0.14    0.68 v output18/X (sky130_fd_sc_hd__clkbuf_4)
     1    0.03                           rx_data[7] (net)
                  0.06    0.00    0.68 v rx_data[7] (out)
                                  0.68   data arrival time

                         10.00   10.00   clock clk (rise edge)
                          0.00   10.00   clock network delay (propagated)
                         -0.25    9.75   clock uncertainty
                          0.00    9.75   clock reconvergence pessimism
                         -2.00    7.75   output external delay
                                  7.75   data required time
-----------------------------------------------------------------------------
                                  7.75   data required time
                                 -0.68   data arrival time
-----------------------------------------------------------------------------
                                  7.07   slack (MET)


Startpoint: _435_ (rising edge-triggered flip-flop clocked by clk)
Endpoint: rx_data[3] (output port clocked by clk)
Path Group: clk
Path Type: max
Corner: Fastest

Fanout     Cap    Slew   Delay    Time   Description
-----------------------------------------------------------------------------
                          0.00    0.00   clock clk (rise edge)
                          0.00    0.00   clock source latency
                  0.07    0.05    0.05 ^ clk (in)
     2    0.02                           clk (net)
                  0.07    0.00    0.05 ^ clkbuf_0_clk/A (sky130_fd_sc_hd__clkbuf_16)
                  0.05    0.12    0.17 ^ clkbuf_0_clk/X (sky130_fd_sc_hd__clkbuf_16)
     4    0.05                           clknet_0_clk (net)
                  0.05    0.00    0.17 ^ clkbuf_2_0__f_clk/A (sky130_fd_sc_hd__clkbuf_16)
                  0.04    0.11    0.27 ^ clkbuf_2_0__f_clk/X (sky130_fd_sc_hd__clkbuf_16)
    11    0.04                           clknet_2_0__leaf_clk (net)
                  0.04    0.00    0.27 ^ _435_/CLK (sky130_fd_sc_hd__dfrtp_1)
                  0.05    0.26    0.53 v _435_/Q (sky130_fd_sc_hd__dfrtp_1)
     2    0.01                           net14 (net)
                  0.05    0.00    0.53 v output14/A (sky130_fd_sc_hd__clkbuf_4)
                  0.06    0.14    0.67 v output14/X (sky130_fd_sc_hd__clkbuf_4)
     1    0.03                           rx_data[3] (net)
                  0.06    0.00    0.67 v rx_data[3] (out)
                                  0.67   data arrival time

                         10.00   10.00   clock clk (rise edge)
                          0.00   10.00   clock network delay (propagated)
                         -0.25    9.75   clock uncertainty
                          0.00    9.75   clock reconvergence pessimism
                         -2.00    7.75   output external delay
                                  7.75   data required time
-----------------------------------------------------------------------------
                                  7.75   data required time
                                 -0.67   data arrival time
-----------------------------------------------------------------------------
                                  7.08   slack (MET)


Startpoint: _434_ (rising edge-triggered flip-flop clocked by clk)
Endpoint: rx_data[2] (output port clocked by clk)
Path Group: clk
Path Type: max
Corner: Fastest

Fanout     Cap    Slew   Delay    Time   Description
-----------------------------------------------------------------------------
                          0.00    0.00   clock clk (rise edge)
                          0.00    0.00   clock source latency
                  0.07    0.05    0.05 ^ clk (in)
     2    0.02                           clk (net)
                  0.07    0.00    0.05 ^ clkbuf_0_clk/A (sky130_fd_sc_hd__clkbuf_16)
                  0.05    0.12    0.17 ^ clkbuf_0_clk/X (sky130_fd_sc_hd__clkbuf_16)
     4    0.05                           clknet_0_clk (net)
                  0.05    0.00    0.17 ^ clkbuf_2_0__f_clk/A (sky130_fd_sc_hd__clkbuf_16)
                  0.04    0.11    0.27 ^ clkbuf_2_0__f_clk/X (sky130_fd_sc_hd__clkbuf_16)
    11    0.04                           clknet_2_0__leaf_clk (net)
                  0.04    0.00    0.27 ^ _434_/CLK (sky130_fd_sc_hd__dfrtp_1)
                  0.04    0.25    0.53 v _434_/Q (sky130_fd_sc_hd__dfrtp_1)
     2    0.01                           net13 (net)
                  0.04    0.00    0.53 v output13/A (sky130_fd_sc_hd__clkbuf_4)
                  0.06    0.13    0.66 v output13/X (sky130_fd_sc_hd__clkbuf_4)
     1    0.03                           rx_data[2] (net)
                  0.06    0.00    0.66 v rx_data[2] (out)
                                  0.66   data arrival time

                         10.00   10.00   clock clk (rise edge)
                          0.00   10.00   clock network delay (propagated)
                         -0.25    9.75   clock uncertainty
                          0.00    9.75   clock reconvergence pessimism
                         -2.00    7.75   output external delay
                                  7.75   data required time
-----------------------------------------------------------------------------
                                  7.75   data required time
                                 -0.66   data arrival time
-----------------------------------------------------------------------------
                                  7.09   slack (MET)


Startpoint: tx_start (input port clocked by clk)
Endpoint: _427_ (rising edge-triggered flip-flop clocked by clk)
Path Group: clk
Path Type: max
Corner: Fastest

Fanout     Cap    Slew   Delay    Time   Description
-----------------------------------------------------------------------------
                          0.00    0.00   clock clk (rise edge)
                          0.00    0.00   clock network delay (propagated)
                          2.00    2.00 ^ input external delay
                  0.02    0.01    2.01 ^ tx_start (in)
     2    0.00                           tx_start (net)
                  0.02    0.00    2.01 ^ input10/A (sky130_fd_sc_hd__clkbuf_2)
                  0.11    0.12    2.13 ^ input10/X (sky130_fd_sc_hd__clkbuf_2)
     3    0.02                           net10 (net)
                  0.11    0.00    2.13 ^ _296_/A (sky130_fd_sc_hd__nand2_4)
                  0.10    0.08    2.21 v _296_/Y (sky130_fd_sc_hd__nand2_4)
     8    0.04                           _160_ (net)
                  0.10    0.00    2.21 v _301_/S (sky130_fd_sc_hd__mux2_1)
                  0.04    0.21    2.42 v _301_/X (sky130_fd_sc_hd__mux2_1)
     1    0.00                           _163_ (net)
                  0.04    0.00    2.42 v _302_/A (sky130_fd_sc_hd__clkbuf_1)
                  0.02    0.06    2.49 v _302_/X (sky130_fd_sc_hd__clkbuf_1)
     1    0.00                           _066_ (net)
                  0.02    0.00    2.49 v _427_/D (sky130_fd_sc_hd__dfrtp_1)
                                  2.49   data arrival time

                         10.00   10.00   clock clk (rise edge)
                          0.00   10.00   clock source latency
                  0.07    0.05   10.05 ^ clk (in)
     2    0.02                           clk (net)
                  0.07    0.00   10.05 ^ clkbuf_0_clk/A (sky130_fd_sc_hd__clkbuf_16)
                  0.05    0.11   10.15 ^ clkbuf_0_clk/X (sky130_fd_sc_hd__clkbuf_16)
     4    0.05                           clknet_0_clk (net)
                  0.05    0.00   10.15 ^ clkbuf_2_3__f_clk/A (sky130_fd_sc_hd__clkbuf_16)
                  0.04    0.09   10.24 ^ clkbuf_2_3__f_clk/X (sky130_fd_sc_hd__clkbuf_16)
     8    0.03                           clknet_2_3__leaf_clk (net)
                  0.04    0.00   10.24 ^ _427_/CLK (sky130_fd_sc_hd__dfrtp_1)
                         -0.25    9.99   clock uncertainty
                          0.00    9.99   clock reconvergence pessimism
                         -0.07    9.93   library setup time
                                  9.93   data required time
-----------------------------------------------------------------------------
                                  9.93   data required time
                                 -2.49   data arrival time
-----------------------------------------------------------------------------
                                  7.44   slack (MET)


Startpoint: tx_start (input port clocked by clk)
Endpoint: _424_ (rising edge-triggered flip-flop clocked by clk)
Path Group: clk
Path Type: max
Corner: Fastest

Fanout     Cap    Slew   Delay    Time   Description
-----------------------------------------------------------------------------
                          0.00    0.00   clock clk (rise edge)
                          0.00    0.00   clock network delay (propagated)
                          2.00    2.00 ^ input external delay
                  0.02    0.01    2.01 ^ tx_start (in)
     2    0.00                           tx_start (net)
                  0.02    0.00    2.01 ^ input10/A (sky130_fd_sc_hd__clkbuf_2)
                  0.11    0.12    2.13 ^ input10/X (sky130_fd_sc_hd__clkbuf_2)
     3    0.02                           net10 (net)
                  0.11    0.00    2.13 ^ _296_/A (sky130_fd_sc_hd__nand2_4)
                  0.10    0.08    2.21 v _296_/Y (sky130_fd_sc_hd__nand2_4)
     8    0.04                           _160_ (net)
                  0.10    0.00    2.21 v _307_/S (sky130_fd_sc_hd__mux2_1)
                  0.04    0.21    2.42 v _307_/X (sky130_fd_sc_hd__mux2_1)
     1    0.00                           _166_ (net)
                  0.04    0.00    2.42 v _308_/A (sky130_fd_sc_hd__clkbuf_1)
                  0.02    0.06    2.48 v _308_/X (sky130_fd_sc_hd__clkbuf_1)
     1    0.00                           _063_ (net)
                  0.02    0.00    2.48 v _424_/D (sky130_fd_sc_hd__dfrtp_1)
                                  2.48   data arrival time

                         10.00   10.00   clock clk (rise edge)
                          0.00   10.00   clock source latency
                  0.07    0.05   10.05 ^ clk (in)
     2    0.02                           clk (net)
                  0.07    0.00   10.05 ^ clkbuf_0_clk/A (sky130_fd_sc_hd__clkbuf_16)
                  0.05    0.11   10.15 ^ clkbuf_0_clk/X (sky130_fd_sc_hd__clkbuf_16)
     4    0.05                           clknet_0_clk (net)
                  0.05    0.00   10.15 ^ clkbuf_2_3__f_clk/A (sky130_fd_sc_hd__clkbuf_16)
                  0.04    0.09   10.24 ^ clkbuf_2_3__f_clk/X (sky130_fd_sc_hd__clkbuf_16)
     8    0.03                           clknet_2_3__leaf_clk (net)
                  0.04    0.00   10.24 ^ _424_/CLK (sky130_fd_sc_hd__dfrtp_1)
                         -0.25    9.99   clock uncertainty
                          0.00    9.99   clock reconvergence pessimism
                         -0.07    9.93   library setup time
                                  9.93   data required time
-----------------------------------------------------------------------------
                                  9.93   data required time
                                 -2.48   data arrival time
-----------------------------------------------------------------------------
                                  7.45   slack (MET)


Startpoint: tx_start (input port clocked by clk)
Endpoint: _426_ (rising edge-triggered flip-flop clocked by clk)
Path Group: clk
Path Type: max
Corner: Fastest

Fanout     Cap    Slew   Delay    Time   Description
-----------------------------------------------------------------------------
                          0.00    0.00   clock clk (rise edge)
                          0.00    0.00   clock network delay (propagated)
                          2.00    2.00 ^ input external delay
                  0.02    0.01    2.01 ^ tx_start (in)
     2    0.00                           tx_start (net)
                  0.02    0.00    2.01 ^ input10/A (sky130_fd_sc_hd__clkbuf_2)
                  0.11    0.12    2.13 ^ input10/X (sky130_fd_sc_hd__clkbuf_2)
     3    0.02                           net10 (net)
                  0.11    0.00    2.13 ^ _296_/A (sky130_fd_sc_hd__nand2_4)
                  0.10    0.08    2.21 v _296_/Y (sky130_fd_sc_hd__nand2_4)
     8    0.04                           _160_ (net)
                  0.10    0.00    2.21 v _303_/S (sky130_fd_sc_hd__mux2_1)
                  0.04    0.21    2.42 v _303_/X (sky130_fd_sc_hd__mux2_1)
     1    0.00                           _164_ (net)
                  0.04    0.00    2.42 v _304_/A (sky130_fd_sc_hd__clkbuf_1)
                  0.02    0.06    2.48 v _304_/X (sky130_fd_sc_hd__clkbuf_1)
     1    0.00                           _065_ (net)
                  0.02    0.00    2.48 v _426_/D (sky130_fd_sc_hd__dfrtp_1)
                                  2.48   data arrival time

                         10.00   10.00   clock clk (rise edge)
                          0.00   10.00   clock source latency
                  0.07    0.05   10.05 ^ clk (in)
     2    0.02                           clk (net)
                  0.07    0.00   10.05 ^ clkbuf_0_clk/A (sky130_fd_sc_hd__clkbuf_16)
                  0.05    0.11   10.15 ^ clkbuf_0_clk/X (sky130_fd_sc_hd__clkbuf_16)
     4    0.05                           clknet_0_clk (net)
                  0.05    0.00   10.15 ^ clkbuf_2_3__f_clk/A (sky130_fd_sc_hd__clkbuf_16)
                  0.04    0.09   10.24 ^ clkbuf_2_3__f_clk/X (sky130_fd_sc_hd__clkbuf_16)
     8    0.03                           clknet_2_3__leaf_clk (net)
                  0.04    0.00   10.24 ^ _426_/CLK (sky130_fd_sc_hd__dfrtp_1)
                         -0.25    9.99   clock uncertainty
                          0.00    9.99   clock reconvergence pessimism
                         -0.07    9.93   library setup time
                                  9.93   data required time
-----------------------------------------------------------------------------
                                  9.93   data required time
                                 -2.48   data arrival time
-----------------------------------------------------------------------------
                                  7.45   slack (MET)


Startpoint: tx_start (input port clocked by clk)
Endpoint: _425_ (rising edge-triggered flip-flop clocked by clk)
Path Group: clk
Path Type: max
Corner: Fastest

Fanout     Cap    Slew   Delay    Time   Description
-----------------------------------------------------------------------------
                          0.00    0.00   clock clk (rise edge)
                          0.00    0.00   clock network delay (propagated)
                          2.00    2.00 ^ input external delay
                  0.02    0.01    2.01 ^ tx_start (in)
     2    0.00                           tx_start (net)
                  0.02    0.00    2.01 ^ input10/A (sky130_fd_sc_hd__clkbuf_2)
                  0.11    0.12    2.13 ^ input10/X (sky130_fd_sc_hd__clkbuf_2)
     3    0.02                           net10 (net)
                  0.11    0.00    2.13 ^ _296_/A (sky130_fd_sc_hd__nand2_4)
                  0.10    0.08    2.21 v _296_/Y (sky130_fd_sc_hd__nand2_4)
     8    0.04                           _160_ (net)
                  0.10    0.00    2.21 v _305_/S (sky130_fd_sc_hd__mux2_1)
                  0.04    0.21    2.43 v _305_/X (sky130_fd_sc_hd__mux2_1)
     1    0.00                           _165_ (net)
                  0.04    0.00    2.43 v _306_/A (sky130_fd_sc_hd__clkbuf_1)
                  0.02    0.06    2.49 v _306_/X (sky130_fd_sc_hd__clkbuf_1)
     1    0.00                           _064_ (net)
                  0.02    0.00    2.49 v _425_/D (sky130_fd_sc_hd__dfrtp_1)
                                  2.49   data arrival time

                         10.00   10.00   clock clk (rise edge)
                          0.00   10.00   clock source latency
                  0.07    0.05   10.05 ^ clk (in)
     2    0.02                           clk (net)
                  0.07    0.00   10.05 ^ clkbuf_0_clk/A (sky130_fd_sc_hd__clkbuf_16)
                  0.05    0.11   10.15 ^ clkbuf_0_clk/X (sky130_fd_sc_hd__clkbuf_16)
     4    0.05                           clknet_0_clk (net)
                  0.05    0.00   10.15 ^ clkbuf_2_1__f_clk/A (sky130_fd_sc_hd__clkbuf_16)
                  0.05    0.10   10.25 ^ clkbuf_2_1__f_clk/X (sky130_fd_sc_hd__clkbuf_16)
    15    0.05                           clknet_2_1__leaf_clk (net)
                  0.05    0.00   10.26 ^ _425_/CLK (sky130_fd_sc_hd__dfrtp_1)
                         -0.25   10.01   clock uncertainty
                          0.00   10.01   clock reconvergence pessimism
                         -0.07    9.94   library setup time
                                  9.94   data required time
-----------------------------------------------------------------------------
                                  9.94   data required time
                                 -2.49   data arrival time
-----------------------------------------------------------------------------
                                  7.45   slack (MET)


Startpoint: tx_start (input port clocked by clk)
Endpoint: _429_ (rising edge-triggered flip-flop clocked by clk)
Path Group: clk
Path Type: max
Corner: Fastest

Fanout     Cap    Slew   Delay    Time   Description
-----------------------------------------------------------------------------
                          0.00    0.00   clock clk (rise edge)
                          0.00    0.00   clock network delay (propagated)
                          2.00    2.00 ^ input external delay
                  0.02    0.01    2.01 ^ tx_start (in)
     2    0.00                           tx_start (net)
                  0.02    0.00    2.01 ^ input10/A (sky130_fd_sc_hd__clkbuf_2)
                  0.11    0.12    2.13 ^ input10/X (sky130_fd_sc_hd__clkbuf_2)
     3    0.02                           net10 (net)
                  0.11    0.00    2.13 ^ _296_/A (sky130_fd_sc_hd__nand2_4)
                  0.10    0.08    2.21 v _296_/Y (sky130_fd_sc_hd__nand2_4)
     8    0.04                           _160_ (net)
                  0.10    0.00    2.22 v _297_/S (sky130_fd_sc_hd__mux2_1)
                  0.04    0.21    2.42 v _297_/X (sky130_fd_sc_hd__mux2_1)
     1    0.00                           _161_ (net)
                  0.04    0.00    2.42 v _298_/A (sky130_fd_sc_hd__clkbuf_1)
                  0.02    0.06    2.48 v _298_/X (sky130_fd_sc_hd__clkbuf_1)
     1    0.00                           _068_ (net)
                  0.02    0.00    2.48 v _429_/D (sky130_fd_sc_hd__dfrtp_1)
                                  2.48   data arrival time

                         10.00   10.00   clock clk (rise edge)
                          0.00   10.00   clock source latency
                  0.07    0.05   10.05 ^ clk (in)
     2    0.02                           clk (net)
                  0.07    0.00   10.05 ^ clkbuf_0_clk/A (sky130_fd_sc_hd__clkbuf_16)
                  0.05    0.11   10.15 ^ clkbuf_0_clk/X (sky130_fd_sc_hd__clkbuf_16)
     4    0.05                           clknet_0_clk (net)
                  0.05    0.00   10.15 ^ clkbuf_2_1__f_clk/A (sky130_fd_sc_hd__clkbuf_16)
                  0.05    0.10   10.25 ^ clkbuf_2_1__f_clk/X (sky130_fd_sc_hd__clkbuf_16)
    15    0.05                           clknet_2_1__leaf_clk (net)
                  0.05    0.00   10.26 ^ _429_/CLK (sky130_fd_sc_hd__dfrtp_1)
                         -0.25   10.01   clock uncertainty
                          0.00   10.01   clock reconvergence pessimism
                         -0.07    9.94   library setup time
                                  9.94   data required time
-----------------------------------------------------------------------------
                                  9.94   data required time
                                 -2.48   data arrival time
-----------------------------------------------------------------------------
                                  7.46   slack (MET)


Startpoint: tx_start (input port clocked by clk)
Endpoint: _428_ (rising edge-triggered flip-flop clocked by clk)
Path Group: clk
Path Type: max
Corner: Fastest

Fanout     Cap    Slew   Delay    Time   Description
-----------------------------------------------------------------------------
                          0.00    0.00   clock clk (rise edge)
                          0.00    0.00   clock network delay (propagated)
                          2.00    2.00 ^ input external delay
                  0.02    0.01    2.01 ^ tx_start (in)
     2    0.00                           tx_start (net)
                  0.02    0.00    2.01 ^ input10/A (sky130_fd_sc_hd__clkbuf_2)
                  0.11    0.12    2.13 ^ input10/X (sky130_fd_sc_hd__clkbuf_2)
     3    0.02                           net10 (net)
                  0.11    0.00    2.13 ^ _296_/A (sky130_fd_sc_hd__nand2_4)
                  0.10    0.08    2.21 v _296_/Y (sky130_fd_sc_hd__nand2_4)
     8    0.04                           _160_ (net)
                  0.10    0.00    2.22 v _299_/S (sky130_fd_sc_hd__mux2_1)
                  0.04    0.21    2.42 v _299_/X (sky130_fd_sc_hd__mux2_1)
     1    0.00                           _162_ (net)
                  0.04    0.00    2.42 v _300_/A (sky130_fd_sc_hd__clkbuf_1)
                  0.02    0.06    2.48 v _300_/X (sky130_fd_sc_hd__clkbuf_1)
     1    0.00                           _067_ (net)
                  0.02    0.00    2.48 v _428_/D (sky130_fd_sc_hd__dfrtp_1)
                                  2.48   data arrival time

                         10.00   10.00   clock clk (rise edge)
                          0.00   10.00   clock source latency
                  0.07    0.05   10.05 ^ clk (in)
     2    0.02                           clk (net)
                  0.07    0.00   10.05 ^ clkbuf_0_clk/A (sky130_fd_sc_hd__clkbuf_16)
                  0.05    0.11   10.15 ^ clkbuf_0_clk/X (sky130_fd_sc_hd__clkbuf_16)
     4    0.05                           clknet_0_clk (net)
                  0.05    0.00   10.15 ^ clkbuf_2_1__f_clk/A (sky130_fd_sc_hd__clkbuf_16)
                  0.05    0.10   10.25 ^ clkbuf_2_1__f_clk/X (sky130_fd_sc_hd__clkbuf_16)
    15    0.05                           clknet_2_1__leaf_clk (net)
                  0.05    0.00   10.26 ^ _428_/CLK (sky130_fd_sc_hd__dfrtp_1)
                         -0.25   10.01   clock uncertainty
                          0.00   10.01   clock reconvergence pessimism
                         -0.07    9.94   library setup time
                                  9.94   data required time
-----------------------------------------------------------------------------
                                  9.94   data required time
                                 -2.48   data arrival time
-----------------------------------------------------------------------------
                                  7.46   slack (MET)


Startpoint: tx_start (input port clocked by clk)
Endpoint: _422_ (rising edge-triggered flip-flop clocked by clk)
Path Group: clk
Path Type: max
Corner: Fastest

Fanout     Cap    Slew   Delay    Time   Description
-----------------------------------------------------------------------------
                          0.00    0.00   clock clk (rise edge)
                          0.00    0.00   clock network delay (propagated)
                          2.00    2.00 ^ input external delay
                  0.02    0.01    2.01 ^ tx_start (in)
     2    0.00                           tx_start (net)
                  0.02    0.00    2.01 ^ input10/A (sky130_fd_sc_hd__clkbuf_2)
                  0.11    0.12    2.13 ^ input10/X (sky130_fd_sc_hd__clkbuf_2)
     3    0.02                           net10 (net)
                  0.11    0.00    2.13 ^ _296_/A (sky130_fd_sc_hd__nand2_4)
                  0.10    0.08    2.21 v _296_/Y (sky130_fd_sc_hd__nand2_4)
     8    0.04                           _160_ (net)
                  0.10    0.00    2.22 v _311_/S (sky130_fd_sc_hd__mux2_1)
                  0.04    0.21    2.42 v _311_/X (sky130_fd_sc_hd__mux2_1)
     1    0.00                           _168_ (net)
                  0.04    0.00    2.42 v _312_/A (sky130_fd_sc_hd__clkbuf_1)
                  0.02    0.06    2.48 v _312_/X (sky130_fd_sc_hd__clkbuf_1)
     1    0.00                           _061_ (net)
                  0.02    0.00    2.48 v _422_/D (sky130_fd_sc_hd__dfrtp_1)
                                  2.48   data arrival time

                         10.00   10.00   clock clk (rise edge)
                          0.00   10.00   clock source latency
                  0.07    0.05   10.05 ^ clk (in)
     2    0.02                           clk (net)
                  0.07    0.00   10.05 ^ clkbuf_0_clk/A (sky130_fd_sc_hd__clkbuf_16)
                  0.05    0.11   10.15 ^ clkbuf_0_clk/X (sky130_fd_sc_hd__clkbuf_16)
     4    0.05                           clknet_0_clk (net)
                  0.05    0.00   10.15 ^ clkbuf_2_1__f_clk/A (sky130_fd_sc_hd__clkbuf_16)
                  0.05    0.10   10.25 ^ clkbuf_2_1__f_clk/X (sky130_fd_sc_hd__clkbuf_16)
    15    0.05                           clknet_2_1__leaf_clk (net)
                  0.05    0.00   10.26 ^ _422_/CLK (sky130_fd_sc_hd__dfrtp_1)
                         -0.25   10.01   clock uncertainty
                          0.00   10.01   clock reconvergence pessimism
                         -0.07    9.94   library setup time
                                  9.94   data required time
-----------------------------------------------------------------------------
                                  9.94   data required time
                                 -2.48   data arrival time
-----------------------------------------------------------------------------
                                  7.46   slack (MET)


Startpoint: tx_start (input port clocked by clk)
Endpoint: _423_ (rising edge-triggered flip-flop clocked by clk)
Path Group: clk
Path Type: max
Corner: Fastest

Fanout     Cap    Slew   Delay    Time   Description
-----------------------------------------------------------------------------
                          0.00    0.00   clock clk (rise edge)
                          0.00    0.00   clock network delay (propagated)
                          2.00    2.00 ^ input external delay
                  0.02    0.01    2.01 ^ tx_start (in)
     2    0.00                           tx_start (net)
                  0.02    0.00    2.01 ^ input10/A (sky130_fd_sc_hd__clkbuf_2)
                  0.11    0.12    2.13 ^ input10/X (sky130_fd_sc_hd__clkbuf_2)
     3    0.02                           net10 (net)
                  0.11    0.00    2.13 ^ _296_/A (sky130_fd_sc_hd__nand2_4)
                  0.10    0.08    2.21 v _296_/Y (sky130_fd_sc_hd__nand2_4)
     8    0.04                           _160_ (net)
                  0.10    0.00    2.22 v _309_/S (sky130_fd_sc_hd__mux2_1)
                  0.04    0.21    2.42 v _309_/X (sky130_fd_sc_hd__mux2_1)
     1    0.00                           _167_ (net)
                  0.04    0.00    2.42 v _310_/A (sky130_fd_sc_hd__clkbuf_1)
                  0.02    0.06    2.48 v _310_/X (sky130_fd_sc_hd__clkbuf_1)
     1    0.00                           _062_ (net)
                  0.02    0.00    2.48 v _423_/D (sky130_fd_sc_hd__dfrtp_1)
                                  2.48   data arrival time

                         10.00   10.00   clock clk (rise edge)
                          0.00   10.00   clock source latency
                  0.07    0.05   10.05 ^ clk (in)
     2    0.02                           clk (net)
                  0.07    0.00   10.05 ^ clkbuf_0_clk/A (sky130_fd_sc_hd__clkbuf_16)
                  0.05    0.11   10.15 ^ clkbuf_0_clk/X (sky130_fd_sc_hd__clkbuf_16)
     4    0.05                           clknet_0_clk (net)
                  0.05    0.00   10.15 ^ clkbuf_2_1__f_clk/A (sky130_fd_sc_hd__clkbuf_16)
                  0.05    0.10   10.25 ^ clkbuf_2_1__f_clk/X (sky130_fd_sc_hd__clkbuf_16)
    15    0.05                           clknet_2_1__leaf_clk (net)
                  0.05    0.00   10.26 ^ _423_/CLK (sky130_fd_sc_hd__dfrtp_1)
                         -0.25   10.01   clock uncertainty
                          0.00   10.01   clock reconvergence pessimism
                         -0.07    9.94   library setup time
                                  9.94   data required time
-----------------------------------------------------------------------------
                                  9.94   data required time
                                 -2.48   data arrival time
-----------------------------------------------------------------------------
                                  7.46   slack (MET)


Startpoint: tx_start (input port clocked by clk)
Endpoint: _430_ (rising edge-triggered flip-flop clocked by clk)
Path Group: clk
Path Type: max
Corner: Fastest

Fanout     Cap    Slew   Delay    Time   Description
-----------------------------------------------------------------------------
                          0.00    0.00   clock clk (rise edge)
                          0.00    0.00   clock network delay (propagated)
                          2.00    2.00 v input external delay
                  0.01    0.00    2.00 v tx_start (in)
     2    0.00                           tx_start (net)
                  0.01    0.00    2.00 v input10/A (sky130_fd_sc_hd__clkbuf_2)
                  0.07    0.10    2.11 v input10/X (sky130_fd_sc_hd__clkbuf_2)
     3    0.02                           net10 (net)
                  0.07    0.00    2.11 v _293_/B2 (sky130_fd_sc_hd__a32o_1)
                  0.02    0.10    2.21 v _293_/X (sky130_fd_sc_hd__a32o_1)
     1    0.00                           _158_ (net)
                  0.02    0.00    2.21 v _294_/A0 (sky130_fd_sc_hd__mux2_1)
                  0.04    0.15    2.36 v _294_/X (sky130_fd_sc_hd__mux2_1)
     1    0.00                           _159_ (net)
                  0.04    0.00    2.36 v _295_/A (sky130_fd_sc_hd__clkbuf_1)
                  0.02    0.07    2.42 v _295_/X (sky130_fd_sc_hd__clkbuf_1)
     1    0.00                           _069_ (net)
                  0.02    0.00    2.42 v _430_/D (sky130_fd_sc_hd__dfrtp_4)
                                  2.42   data arrival time

                         10.00   10.00   clock clk (rise edge)
                          0.00   10.00   clock source latency
                  0.07    0.05   10.05 ^ clk (in)
     2    0.02                           clk (net)
                  0.07    0.00   10.05 ^ clkbuf_0_clk/A (sky130_fd_sc_hd__clkbuf_16)
                  0.05    0.11   10.15 ^ clkbuf_0_clk/X (sky130_fd_sc_hd__clkbuf_16)
     4    0.05                           clknet_0_clk (net)
                  0.05    0.00   10.15 ^ clkbuf_2_2__f_clk/A (sky130_fd_sc_hd__clkbuf_16)
                  0.04    0.09   10.25 ^ clkbuf_2_2__f_clk/X (sky130_fd_sc_hd__clkbuf_16)
    11    0.03                           clknet_2_2__leaf_clk (net)
                  0.04    0.00   10.25 ^ _430_/CLK (sky130_fd_sc_hd__dfrtp_4)
                         -0.25   10.00   clock uncertainty
                          0.00   10.00   clock reconvergence pessimism
                         -0.07    9.93   library setup time
                                  9.93   data required time
-----------------------------------------------------------------------------
                                  9.93   data required time
                                 -2.42   data arrival time
-----------------------------------------------------------------------------
                                  7.51   slack (MET)


Startpoint: tx_start (input port clocked by clk)
Endpoint: _419_ (rising edge-triggered flip-flop clocked by clk)
Path Group: clk
Path Type: max
Corner: Fastest

Fanout     Cap    Slew   Delay    Time   Description
-----------------------------------------------------------------------------
                          0.00    0.00   clock clk (rise edge)
                          0.00    0.00   clock network delay (propagated)
                          2.00    2.00 v input external delay
                  0.01    0.00    2.00 v tx_start (in)
     2    0.00                           tx_start (net)
                  0.01    0.00    2.00 v input10/A (sky130_fd_sc_hd__clkbuf_2)
                  0.07    0.10    2.11 v input10/X (sky130_fd_sc_hd__clkbuf_2)
     3    0.02                           net10 (net)
                  0.07    0.00    2.11 v _321_/A1 (sky130_fd_sc_hd__mux2_1)
                  0.04    0.16    2.27 v _321_/X (sky130_fd_sc_hd__mux2_1)
     1    0.00                           _175_ (net)
                  0.04    0.00    2.27 v _322_/A (sky130_fd_sc_hd__clkbuf_1)
                  0.02    0.06    2.33 v _322_/X (sky130_fd_sc_hd__clkbuf_1)
     1    0.00                           _058_ (net)
                  0.02    0.00    2.33 v _419_/D (sky130_fd_sc_hd__dfrtp_1)
                                  2.33   data arrival time

                         10.00   10.00   clock clk (rise edge)
                          0.00   10.00   clock source latency
                  0.07    0.05   10.05 ^ clk (in)
     2    0.02                           clk (net)
                  0.07    0.00   10.05 ^ clkbuf_0_clk/A (sky130_fd_sc_hd__clkbuf_16)
                  0.05    0.11   10.15 ^ clkbuf_0_clk/X (sky130_fd_sc_hd__clkbuf_16)
     4    0.05                           clknet_0_clk (net)
                  0.05    0.00   10.15 ^ clkbuf_2_2__f_clk/A (sky130_fd_sc_hd__clkbuf_16)
                  0.04    0.09   10.25 ^ clkbuf_2_2__f_clk/X (sky130_fd_sc_hd__clkbuf_16)
    11    0.03                           clknet_2_2__leaf_clk (net)
                  0.04    0.00   10.25 ^ _419_/CLK (sky130_fd_sc_hd__dfrtp_1)
                         -0.25   10.00   clock uncertainty
                          0.00   10.00   clock reconvergence pessimism
                         -0.07    9.93   library setup time
                                  9.93   data required time
-----------------------------------------------------------------------------
                                  9.93   data required time
                                 -2.33   data arrival time
-----------------------------------------------------------------------------
                                  7.60   slack (MET)


Startpoint: rst (input port clocked by clk)
Endpoint: _420_ (recovery check against rising-edge clock clk)
Path Group: asynchronous
Path Type: max
Corner: Fastest

Fanout     Cap    Slew   Delay    Time   Description
-----------------------------------------------------------------------------
                          0.00    0.00   clock clk (rise edge)
                          0.00    0.00   clock network delay (propagated)
                          2.00    2.00 v input external delay
                  0.01    0.00    2.00 v rst (in)
     2    0.00                           rst (net)
                  0.01    0.00    2.00 v input1/A (sky130_fd_sc_hd__buf_1)
                  0.05    0.07    2.08 v input1/X (sky130_fd_sc_hd__buf_1)
     1    0.01                           net1 (net)
                  0.05    0.00    2.08 v _356_/A (sky130_fd_sc_hd__clkbuf_4)
                  0.07    0.15    2.23 v _356_/X (sky130_fd_sc_hd__clkbuf_4)
     9    0.05                           _200_ (net)
                  0.07    0.00    2.23 v _368_/A (sky130_fd_sc_hd__buf_4)
                  0.06    0.15    2.38 v _368_/X (sky130_fd_sc_hd__buf_4)
    10    0.06                           _202_ (net)
                  0.06    0.00    2.38 v _373_/A (sky130_fd_sc_hd__inv_2)
                  0.03    0.04    2.43 ^ _373_/Y (sky130_fd_sc_hd__inv_2)
     1    0.00                           _014_ (net)
                  0.03    0.00    2.43 ^ _420_/SET_B (sky130_fd_sc_hd__dfstp_1)
                                  2.43   data arrival time

                         10.00   10.00   clock clk (rise edge)
                          0.00   10.00   clock source latency
                  0.07    0.05   10.05 ^ clk (in)
     2    0.02                           clk (net)
                  0.07    0.00   10.05 ^ clkbuf_0_clk/A (sky130_fd_sc_hd__clkbuf_16)
                  0.05    0.11   10.15 ^ clkbuf_0_clk/X (sky130_fd_sc_hd__clkbuf_16)
     4    0.05                           clknet_0_clk (net)
                  0.05    0.00   10.15 ^ clkbuf_2_2__f_clk/A (sky130_fd_sc_hd__clkbuf_16)
                  0.04    0.09   10.25 ^ clkbuf_2_2__f_clk/X (sky130_fd_sc_hd__clkbuf_16)
    11    0.03                           clknet_2_2__leaf_clk (net)
                  0.04    0.00   10.25 ^ _420_/CLK (sky130_fd_sc_hd__dfstp_1)
                         -0.25   10.00   clock uncertainty
                          0.00   10.00   clock reconvergence pessimism
                          0.09   10.08   library recovery time
                                 10.08   data required time
-----------------------------------------------------------------------------
                                 10.08   data required time
                                 -2.43   data arrival time
-----------------------------------------------------------------------------
                                  7.66   slack (MET)


Startpoint: rst (input port clocked by clk)
Endpoint: _431_ (recovery check against rising-edge clock clk)
Path Group: asynchronous
Path Type: max
Corner: Fastest

Fanout     Cap    Slew   Delay    Time   Description
-----------------------------------------------------------------------------
                          0.00    0.00   clock clk (rise edge)
                          0.00    0.00   clock network delay (propagated)
                          2.00    2.00 v input external delay
                  0.01    0.00    2.00 v rst (in)
     2    0.00                           rst (net)
                  0.01    0.00    2.00 v input1/A (sky130_fd_sc_hd__buf_1)
                  0.05    0.07    2.08 v input1/X (sky130_fd_sc_hd__buf_1)
     1    0.01                           net1 (net)
                  0.05    0.00    2.08 v _356_/A (sky130_fd_sc_hd__clkbuf_4)
                  0.07    0.15    2.23 v _356_/X (sky130_fd_sc_hd__clkbuf_4)
     9    0.05                           _200_ (net)
                  0.07    0.00    2.23 v _379_/A (sky130_fd_sc_hd__buf_4)
                  0.07    0.16    2.39 v _379_/X (sky130_fd_sc_hd__buf_4)
    20    0.07                           _203_ (net)
                  0.07    0.00    2.40 v _385_/A (sky130_fd_sc_hd__inv_2)
                  0.03    0.05    2.44 ^ _385_/Y (sky130_fd_sc_hd__inv_2)
     1    0.00                           _025_ (net)
                  0.03    0.00    2.44 ^ _431_/RESET_B (sky130_fd_sc_hd__dfrtp_4)
                                  2.44   data arrival time

                         10.00   10.00   clock clk (rise edge)
                          0.00   10.00   clock source latency
                  0.07    0.05   10.05 ^ clk (in)
     2    0.02                           clk (net)
                  0.07    0.00   10.05 ^ clkbuf_0_clk/A (sky130_fd_sc_hd__clkbuf_16)
                  0.05    0.11   10.15 ^ clkbuf_0_clk/X (sky130_fd_sc_hd__clkbuf_16)
     4    0.05                           clknet_0_clk (net)
                  0.05    0.00   10.15 ^ clkbuf_2_2__f_clk/A (sky130_fd_sc_hd__clkbuf_16)
                  0.04    0.09   10.25 ^ clkbuf_2_2__f_clk/X (sky130_fd_sc_hd__clkbuf_16)
    11    0.03                           clknet_2_2__leaf_clk (net)
                  0.04    0.00   10.25 ^ _431_/CLK (sky130_fd_sc_hd__dfrtp_4)
                         -0.25   10.00   clock uncertainty
                          0.00   10.00   clock reconvergence pessimism
                          0.13   10.13   library recovery time
                                 10.13   data required time
-----------------------------------------------------------------------------
                                 10.13   data required time
                                 -2.44   data arrival time
-----------------------------------------------------------------------------
                                  7.69   slack (MET)


Startpoint: rst (input port clocked by clk)
Endpoint: _430_ (recovery check against rising-edge clock clk)
Path Group: asynchronous
Path Type: max
Corner: Fastest

Fanout     Cap    Slew   Delay    Time   Description
-----------------------------------------------------------------------------
                          0.00    0.00   clock clk (rise edge)
                          0.00    0.00   clock network delay (propagated)
                          2.00    2.00 v input external delay
                  0.01    0.00    2.00 v rst (in)
     2    0.00                           rst (net)
                  0.01    0.00    2.00 v input1/A (sky130_fd_sc_hd__buf_1)
                  0.05    0.07    2.08 v input1/X (sky130_fd_sc_hd__buf_1)
     1    0.01                           net1 (net)
                  0.05    0.00    2.08 v _356_/A (sky130_fd_sc_hd__clkbuf_4)
                  0.07    0.15    2.23 v _356_/X (sky130_fd_sc_hd__clkbuf_4)
     9    0.05                           _200_ (net)
                  0.07    0.00    2.23 v _379_/A (sky130_fd_sc_hd__buf_4)
                  0.07    0.16    2.39 v _379_/X (sky130_fd_sc_hd__buf_4)
    20    0.07                           _203_ (net)
                  0.07    0.00    2.40 v _384_/A (sky130_fd_sc_hd__inv_2)
                  0.03    0.05    2.44 ^ _384_/Y (sky130_fd_sc_hd__inv_2)
     1    0.00                           _024_ (net)
                  0.03    0.00    2.44 ^ _430_/RESET_B (sky130_fd_sc_hd__dfrtp_4)
                                  2.44   data arrival time

                         10.00   10.00   clock clk (rise edge)
                          0.00   10.00   clock source latency
                  0.07    0.05   10.05 ^ clk (in)
     2    0.02                           clk (net)
                  0.07    0.00   10.05 ^ clkbuf_0_clk/A (sky130_fd_sc_hd__clkbuf_16)
                  0.05    0.11   10.15 ^ clkbuf_0_clk/X (sky130_fd_sc_hd__clkbuf_16)
     4    0.05                           clknet_0_clk (net)
                  0.05    0.00   10.15 ^ clkbuf_2_2__f_clk/A (sky130_fd_sc_hd__clkbuf_16)
                  0.04    0.09   10.25 ^ clkbuf_2_2__f_clk/X (sky130_fd_sc_hd__clkbuf_16)
    11    0.03                           clknet_2_2__leaf_clk (net)
                  0.04    0.00   10.25 ^ _430_/CLK (sky130_fd_sc_hd__dfrtp_4)
                         -0.25   10.00   clock uncertainty
                          0.00   10.00   clock reconvergence pessimism
                          0.13   10.13   library recovery time
                                 10.13   data required time
-----------------------------------------------------------------------------
                                 10.13   data required time
                                 -2.44   data arrival time
-----------------------------------------------------------------------------
                                  7.69   slack (MET)


Startpoint: rst (input port clocked by clk)
Endpoint: _426_ (recovery check against rising-edge clock clk)
Path Group: asynchronous
Path Type: max
Corner: Fastest

Fanout     Cap    Slew   Delay    Time   Description
-----------------------------------------------------------------------------
                          0.00    0.00   clock clk (rise edge)
                          0.00    0.00   clock network delay (propagated)
                          2.00    2.00 v input external delay
                  0.01    0.00    2.00 v rst (in)
     2    0.00                           rst (net)
                  0.01    0.00    2.00 v input1/A (sky130_fd_sc_hd__buf_1)
                  0.05    0.07    2.08 v input1/X (sky130_fd_sc_hd__buf_1)
     1    0.01                           net1 (net)
                  0.05    0.00    2.08 v _356_/A (sky130_fd_sc_hd__clkbuf_4)
                  0.07    0.15    2.23 v _356_/X (sky130_fd_sc_hd__clkbuf_4)
     9    0.05                           _200_ (net)
                  0.07    0.00    2.23 v _379_/A (sky130_fd_sc_hd__buf_4)
                  0.07    0.16    2.39 v _379_/X (sky130_fd_sc_hd__buf_4)
    20    0.07                           _203_ (net)
                  0.07    0.00    2.40 v _380_/A (sky130_fd_sc_hd__inv_2)
                  0.03    0.05    2.45 ^ _380_/Y (sky130_fd_sc_hd__inv_2)
     1    0.01                           _020_ (net)
                  0.03    0.00    2.45 ^ _426_/RESET_B (sky130_fd_sc_hd__dfrtp_1)
                                  2.45   data arrival time

                         10.00   10.00   clock clk (rise edge)
                          0.00   10.00   clock source latency
                  0.07    0.05   10.05 ^ clk (in)
     2    0.02                           clk (net)
                  0.07    0.00   10.05 ^ clkbuf_0_clk/A (sky130_fd_sc_hd__clkbuf_16)
                  0.05    0.11   10.15 ^ clkbuf_0_clk/X (sky130_fd_sc_hd__clkbuf_16)
     4    0.05                           clknet_0_clk (net)
                  0.05    0.00   10.15 ^ clkbuf_2_3__f_clk/A (sky130_fd_sc_hd__clkbuf_16)
                  0.04    0.09   10.24 ^ clkbuf_2_3__f_clk/X (sky130_fd_sc_hd__clkbuf_16)
     8    0.03                           clknet_2_3__leaf_clk (net)
                  0.04    0.00   10.24 ^ _426_/CLK (sky130_fd_sc_hd__dfrtp_1)
                         -0.25    9.99   clock uncertainty
                          0.00    9.99   clock reconvergence pessimism
                          0.14   10.14   library recovery time
                                 10.14   data required time
-----------------------------------------------------------------------------
                                 10.14   data required time
                                 -2.45   data arrival time
-----------------------------------------------------------------------------
                                  7.69   slack (MET)


Startpoint: rst (input port clocked by clk)
Endpoint: _427_ (recovery check against rising-edge clock clk)
Path Group: asynchronous
Path Type: max
Corner: Fastest

Fanout     Cap    Slew   Delay    Time   Description
-----------------------------------------------------------------------------
                          0.00    0.00   clock clk (rise edge)
                          0.00    0.00   clock network delay (propagated)
                          2.00    2.00 v input external delay
                  0.01    0.00    2.00 v rst (in)
     2    0.00                           rst (net)
                  0.01    0.00    2.00 v input1/A (sky130_fd_sc_hd__buf_1)
                  0.05    0.07    2.08 v input1/X (sky130_fd_sc_hd__buf_1)
     1    0.01                           net1 (net)
                  0.05    0.00    2.08 v _356_/A (sky130_fd_sc_hd__clkbuf_4)
                  0.07    0.15    2.23 v _356_/X (sky130_fd_sc_hd__clkbuf_4)
     9    0.05                           _200_ (net)
                  0.07    0.00    2.23 v _379_/A (sky130_fd_sc_hd__buf_4)
                  0.07    0.16    2.39 v _379_/X (sky130_fd_sc_hd__buf_4)
    20    0.07                           _203_ (net)
                  0.07    0.00    2.40 v _381_/A (sky130_fd_sc_hd__inv_2)
                  0.03    0.05    2.44 ^ _381_/Y (sky130_fd_sc_hd__inv_2)
     1    0.00                           _021_ (net)
                  0.03    0.00    2.44 ^ _427_/RESET_B (sky130_fd_sc_hd__dfrtp_1)
                                  2.44   data arrival time

                         10.00   10.00   clock clk (rise edge)
                          0.00   10.00   clock source latency
                  0.07    0.05   10.05 ^ clk (in)
     2    0.02                           clk (net)
                  0.07    0.00   10.05 ^ clkbuf_0_clk/A (sky130_fd_sc_hd__clkbuf_16)
                  0.05    0.11   10.15 ^ clkbuf_0_clk/X (sky130_fd_sc_hd__clkbuf_16)
     4    0.05                           clknet_0_clk (net)
                  0.05    0.00   10.15 ^ clkbuf_2_3__f_clk/A (sky130_fd_sc_hd__clkbuf_16)
                  0.04    0.09   10.24 ^ clkbuf_2_3__f_clk/X (sky130_fd_sc_hd__clkbuf_16)
     8    0.03                           clknet_2_3__leaf_clk (net)
                  0.04    0.00   10.24 ^ _427_/CLK (sky130_fd_sc_hd__dfrtp_1)
                         -0.25    9.99   clock uncertainty
                          0.00    9.99   clock reconvergence pessimism
                          0.15   10.14   library recovery time
                                 10.14   data required time
-----------------------------------------------------------------------------
                                 10.14   data required time
                                 -2.44   data arrival time
-----------------------------------------------------------------------------
                                  7.70   slack (MET)


Startpoint: rst (input port clocked by clk)
Endpoint: _432_ (recovery check against rising-edge clock clk)
Path Group: asynchronous
Path Type: max
Corner: Fastest

Fanout     Cap    Slew   Delay    Time   Description
-----------------------------------------------------------------------------
                          0.00    0.00   clock clk (rise edge)
                          0.00    0.00   clock network delay (propagated)
                          2.00    2.00 v input external delay
                  0.01    0.00    2.00 v rst (in)
     2    0.00                           rst (net)
                  0.01    0.00    2.00 v input1/A (sky130_fd_sc_hd__buf_1)
                  0.05    0.07    2.08 v input1/X (sky130_fd_sc_hd__buf_1)
     1    0.01                           net1 (net)
                  0.05    0.00    2.08 v _356_/A (sky130_fd_sc_hd__clkbuf_4)
                  0.07    0.15    2.23 v _356_/X (sky130_fd_sc_hd__clkbuf_4)
     9    0.05                           _200_ (net)
                  0.07    0.00    2.23 v _379_/A (sky130_fd_sc_hd__buf_4)
                  0.07    0.16    2.39 v _379_/X (sky130_fd_sc_hd__buf_4)
    20    0.07                           _203_ (net)
                  0.07    0.00    2.40 v _386_/A (sky130_fd_sc_hd__inv_2)
                  0.03    0.05    2.45 ^ _386_/Y (sky130_fd_sc_hd__inv_2)
     1    0.00                           _026_ (net)
                  0.03    0.00    2.45 ^ _432_/RESET_B (sky130_fd_sc_hd__dfrtp_2)
                                  2.45   data arrival time

                         10.00   10.00   clock clk (rise edge)
                          0.00   10.00   clock source latency
                  0.07    0.05   10.05 ^ clk (in)
     2    0.02                           clk (net)
                  0.07    0.00   10.05 ^ clkbuf_0_clk/A (sky130_fd_sc_hd__clkbuf_16)
                  0.05    0.11   10.15 ^ clkbuf_0_clk/X (sky130_fd_sc_hd__clkbuf_16)
     4    0.05                           clknet_0_clk (net)
                  0.05    0.00   10.15 ^ clkbuf_2_1__f_clk/A (sky130_fd_sc_hd__clkbuf_16)
                  0.05    0.10   10.25 ^ clkbuf_2_1__f_clk/X (sky130_fd_sc_hd__clkbuf_16)
    15    0.05                           clknet_2_1__leaf_clk (net)
                  0.05    0.00   10.26 ^ _432_/CLK (sky130_fd_sc_hd__dfrtp_2)
                         -0.25   10.01   clock uncertainty
                          0.00   10.01   clock reconvergence pessimism
                          0.14   10.14   library recovery time
                                 10.14   data required time
-----------------------------------------------------------------------------
                                 10.14   data required time
                                 -2.45   data arrival time
-----------------------------------------------------------------------------
                                  7.70   slack (MET)


Startpoint: rst (input port clocked by clk)
Endpoint: _435_ (recovery check against rising-edge clock clk)
Path Group: asynchronous
Path Type: max
Corner: Fastest

Fanout     Cap    Slew   Delay    Time   Description
-----------------------------------------------------------------------------
                          0.00    0.00   clock clk (rise edge)
                          0.00    0.00   clock network delay (propagated)
                          2.00    2.00 v input external delay
                  0.01    0.00    2.00 v rst (in)
     2    0.00                           rst (net)
                  0.01    0.00    2.00 v input1/A (sky130_fd_sc_hd__buf_1)
                  0.05    0.07    2.08 v input1/X (sky130_fd_sc_hd__buf_1)
     1    0.01                           net1 (net)
                  0.05    0.00    2.08 v _356_/A (sky130_fd_sc_hd__clkbuf_4)
                  0.07    0.15    2.23 v _356_/X (sky130_fd_sc_hd__clkbuf_4)
     9    0.05                           _200_ (net)
                  0.07    0.00    2.23 v _379_/A (sky130_fd_sc_hd__buf_4)
                  0.07    0.16    2.39 v _379_/X (sky130_fd_sc_hd__buf_4)
    20    0.07                           _203_ (net)
                  0.07    0.00    2.40 v _389_/A (sky130_fd_sc_hd__inv_2)
                  0.03    0.05    2.45 ^ _389_/Y (sky130_fd_sc_hd__inv_2)
     1    0.00                           _029_ (net)
                  0.03    0.00    2.45 ^ _435_/RESET_B (sky130_fd_sc_hd__dfrtp_1)
                                  2.45   data arrival time

                         10.00   10.00   clock clk (rise edge)
                          0.00   10.00   clock source latency
                  0.07    0.05   10.05 ^ clk (in)
     2    0.02                           clk (net)
                  0.07    0.00   10.05 ^ clkbuf_0_clk/A (sky130_fd_sc_hd__clkbuf_16)
                  0.05    0.11   10.15 ^ clkbuf_0_clk/X (sky130_fd_sc_hd__clkbuf_16)
     4    0.05                           clknet_0_clk (net)
                  0.05    0.00   10.15 ^ clkbuf_2_0__f_clk/A (sky130_fd_sc_hd__clkbuf_16)
                  0.04    0.10   10.25 ^ clkbuf_2_0__f_clk/X (sky130_fd_sc_hd__clkbuf_16)
    11    0.04                           clknet_2_0__leaf_clk (net)
                  0.04    0.00   10.25 ^ _435_/CLK (sky130_fd_sc_hd__dfrtp_1)
                         -0.25   10.00   clock uncertainty
                          0.00   10.00   clock reconvergence pessimism
                          0.15   10.14   library recovery time
                                 10.14   data required time
-----------------------------------------------------------------------------
                                 10.14   data required time
                                 -2.45   data arrival time
-----------------------------------------------------------------------------
                                  7.70   slack (MET)


Startpoint: rst (input port clocked by clk)
Endpoint: _434_ (recovery check against rising-edge clock clk)
Path Group: asynchronous
Path Type: max
Corner: Fastest

Fanout     Cap    Slew   Delay    Time   Description
-----------------------------------------------------------------------------
                          0.00    0.00   clock clk (rise edge)
                          0.00    0.00   clock network delay (propagated)
                          2.00    2.00 v input external delay
                  0.01    0.00    2.00 v rst (in)
     2    0.00                           rst (net)
                  0.01    0.00    2.00 v input1/A (sky130_fd_sc_hd__buf_1)
                  0.05    0.07    2.08 v input1/X (sky130_fd_sc_hd__buf_1)
     1    0.01                           net1 (net)
                  0.05    0.00    2.08 v _356_/A (sky130_fd_sc_hd__clkbuf_4)
                  0.07    0.15    2.23 v _356_/X (sky130_fd_sc_hd__clkbuf_4)
     9    0.05                           _200_ (net)
                  0.07    0.00    2.23 v _379_/A (sky130_fd_sc_hd__buf_4)
                  0.07    0.16    2.39 v _379_/X (sky130_fd_sc_hd__buf_4)
    20    0.07                           _203_ (net)
                  0.07    0.00    2.40 v _388_/A (sky130_fd_sc_hd__inv_2)
                  0.03    0.05    2.44 ^ _388_/Y (sky130_fd_sc_hd__inv_2)
     1    0.00                           _028_ (net)
                  0.03    0.00    2.44 ^ _434_/RESET_B (sky130_fd_sc_hd__dfrtp_1)
                                  2.44   data arrival time

                         10.00   10.00   clock clk (rise edge)
                          0.00   10.00   clock source latency
                  0.07    0.05   10.05 ^ clk (in)
     2    0.02                           clk (net)
                  0.07    0.00   10.05 ^ clkbuf_0_clk/A (sky130_fd_sc_hd__clkbuf_16)
                  0.05    0.11   10.15 ^ clkbuf_0_clk/X (sky130_fd_sc_hd__clkbuf_16)
     4    0.05                           clknet_0_clk (net)
                  0.05    0.00   10.15 ^ clkbuf_2_0__f_clk/A (sky130_fd_sc_hd__clkbuf_16)
                  0.04    0.10   10.25 ^ clkbuf_2_0__f_clk/X (sky130_fd_sc_hd__clkbuf_16)
    11    0.04                           clknet_2_0__leaf_clk (net)
                  0.04    0.00   10.25 ^ _434_/CLK (sky130_fd_sc_hd__dfrtp_1)
                         -0.25   10.00   clock uncertainty
                          0.00   10.00   clock reconvergence pessimism
                          0.15   10.14   library recovery time
                                 10.14   data required time
-----------------------------------------------------------------------------
                                 10.14   data required time
                                 -2.44   data arrival time
-----------------------------------------------------------------------------
                                  7.70   slack (MET)


Startpoint: rst (input port clocked by clk)
Endpoint: _417_ (recovery check against rising-edge clock clk)
Path Group: asynchronous
Path Type: max
Corner: Fastest

Fanout     Cap    Slew   Delay    Time   Description
-----------------------------------------------------------------------------
                          0.00    0.00   clock clk (rise edge)
                          0.00    0.00   clock network delay (propagated)
                          2.00    2.00 v input external delay
                  0.01    0.00    2.00 v rst (in)
     2    0.00                           rst (net)
                  0.01    0.00    2.00 v input1/A (sky130_fd_sc_hd__buf_1)
                  0.05    0.07    2.08 v input1/X (sky130_fd_sc_hd__buf_1)
     1    0.01                           net1 (net)
                  0.05    0.00    2.08 v _356_/A (sky130_fd_sc_hd__clkbuf_4)
                  0.07    0.15    2.23 v _356_/X (sky130_fd_sc_hd__clkbuf_4)
     9    0.05                           _200_ (net)
                  0.07    0.00    2.23 v _368_/A (sky130_fd_sc_hd__buf_4)
                  0.06    0.15    2.38 v _368_/X (sky130_fd_sc_hd__buf_4)
    10    0.06                           _202_ (net)
                  0.06    0.00    2.38 v _370_/A (sky130_fd_sc_hd__inv_2)
                  0.03    0.04    2.43 ^ _370_/Y (sky130_fd_sc_hd__inv_2)
     1    0.00                           _011_ (net)
                  0.03    0.00    2.43 ^ _417_/RESET_B (sky130_fd_sc_hd__dfrtp_4)
                                  2.43   data arrival time

                         10.00   10.00   clock clk (rise edge)
                          0.00   10.00   clock source latency
                  0.07    0.05   10.05 ^ clk (in)
     2    0.02                           clk (net)
                  0.07    0.00   10.05 ^ clkbuf_0_clk/A (sky130_fd_sc_hd__clkbuf_16)
                  0.05    0.11   10.15 ^ clkbuf_0_clk/X (sky130_fd_sc_hd__clkbuf_16)
     4    0.05                           clknet_0_clk (net)
                  0.05    0.00   10.15 ^ clkbuf_2_2__f_clk/A (sky130_fd_sc_hd__clkbuf_16)
                  0.04    0.09   10.25 ^ clkbuf_2_2__f_clk/X (sky130_fd_sc_hd__clkbuf_16)
    11    0.03                           clknet_2_2__leaf_clk (net)
                  0.04    0.00   10.25 ^ _417_/CLK (sky130_fd_sc_hd__dfrtp_4)
                         -0.25   10.00   clock uncertainty
                          0.00   10.00   clock reconvergence pessimism
                          0.13   10.13   library recovery time
                                 10.13   data required time
-----------------------------------------------------------------------------
                                 10.13   data required time
                                 -2.43   data arrival time
-----------------------------------------------------------------------------
                                  7.70   slack (MET)


Startpoint: rst (input port clocked by clk)
Endpoint: _440_ (recovery check against rising-edge clock clk)
Path Group: asynchronous
Path Type: max
Corner: Fastest

Fanout     Cap    Slew   Delay    Time   Description
-----------------------------------------------------------------------------
                          0.00    0.00   clock clk (rise edge)
                          0.00    0.00   clock network delay (propagated)
                          2.00    2.00 v input external delay
                  0.01    0.00    2.00 v rst (in)
     2    0.00                           rst (net)
                  0.01    0.00    2.00 v input1/A (sky130_fd_sc_hd__buf_1)
                  0.05    0.07    2.08 v input1/X (sky130_fd_sc_hd__buf_1)
     1    0.01                           net1 (net)
                  0.05    0.00    2.08 v _356_/A (sky130_fd_sc_hd__clkbuf_4)
                  0.07    0.15    2.23 v _356_/X (sky130_fd_sc_hd__clkbuf_4)
     9    0.05                           _200_ (net)
                  0.07    0.00    2.23 v _390_/A (sky130_fd_sc_hd__buf_4)
                  0.06    0.15    2.38 v _390_/X (sky130_fd_sc_hd__buf_4)
    10    0.06                           _204_ (net)
                  0.06    0.00    2.39 v _395_/A (sky130_fd_sc_hd__inv_2)
                  0.03    0.04    2.43 ^ _395_/Y (sky130_fd_sc_hd__inv_2)
     1    0.00                           _034_ (net)
                  0.03    0.00    2.43 ^ _440_/RESET_B (sky130_fd_sc_hd__dfrtp_4)
                                  2.43   data arrival time

                         10.00   10.00   clock clk (rise edge)
                          0.00   10.00   clock source latency
                  0.07    0.05   10.05 ^ clk (in)
     2    0.02                           clk (net)
                  0.07    0.00   10.05 ^ clkbuf_0_clk/A (sky130_fd_sc_hd__clkbuf_16)
                  0.05    0.11   10.15 ^ clkbuf_0_clk/X (sky130_fd_sc_hd__clkbuf_16)
     4    0.05                           clknet_0_clk (net)
                  0.05    0.00   10.15 ^ clkbuf_2_0__f_clk/A (sky130_fd_sc_hd__clkbuf_16)
                  0.04    0.10   10.25 ^ clkbuf_2_0__f_clk/X (sky130_fd_sc_hd__clkbuf_16)
    11    0.04                           clknet_2_0__leaf_clk (net)
                  0.04    0.00   10.25 ^ _440_/CLK (sky130_fd_sc_hd__dfrtp_4)
                         -0.25   10.00   clock uncertainty
                          0.00   10.00   clock reconvergence pessimism
                          0.13   10.13   library recovery time
                                 10.13   data required time
-----------------------------------------------------------------------------
                                 10.13   data required time
                                 -2.43   data arrival time
-----------------------------------------------------------------------------
                                  7.70   slack (MET)


Startpoint: rst (input port clocked by clk)
Endpoint: _441_ (recovery check against rising-edge clock clk)
Path Group: asynchronous
Path Type: max
Corner: Fastest

Fanout     Cap    Slew   Delay    Time   Description
-----------------------------------------------------------------------------
                          0.00    0.00   clock clk (rise edge)
                          0.00    0.00   clock network delay (propagated)
                          2.00    2.00 v input external delay
                  0.01    0.00    2.00 v rst (in)
     2    0.00                           rst (net)
                  0.01    0.00    2.00 v input1/A (sky130_fd_sc_hd__buf_1)
                  0.05    0.07    2.08 v input1/X (sky130_fd_sc_hd__buf_1)
     1    0.01                           net1 (net)
                  0.05    0.00    2.08 v _356_/A (sky130_fd_sc_hd__clkbuf_4)
                  0.07    0.15    2.23 v _356_/X (sky130_fd_sc_hd__clkbuf_4)
     9    0.05                           _200_ (net)
                  0.07    0.00    2.23 v _390_/A (sky130_fd_sc_hd__buf_4)
                  0.06    0.15    2.38 v _390_/X (sky130_fd_sc_hd__buf_4)
    10    0.06                           _204_ (net)
                  0.06    0.00    2.39 v _396_/A (sky130_fd_sc_hd__inv_2)
                  0.03    0.04    2.43 ^ _396_/Y (sky130_fd_sc_hd__inv_2)
     1    0.00                           _035_ (net)
                  0.03    0.00    2.43 ^ _441_/RESET_B (sky130_fd_sc_hd__dfrtp_2)
                                  2.43   data arrival time

                         10.00   10.00   clock clk (rise edge)
                          0.00   10.00   clock source latency
                  0.07    0.05   10.05 ^ clk (in)
     2    0.02                           clk (net)
                  0.07    0.00   10.05 ^ clkbuf_0_clk/A (sky130_fd_sc_hd__clkbuf_16)
                  0.05    0.11   10.15 ^ clkbuf_0_clk/X (sky130_fd_sc_hd__clkbuf_16)
     4    0.05                           clknet_0_clk (net)
                  0.05    0.00   10.15 ^ clkbuf_2_0__f_clk/A (sky130_fd_sc_hd__clkbuf_16)
                  0.04    0.10   10.25 ^ clkbuf_2_0__f_clk/X (sky130_fd_sc_hd__clkbuf_16)
    11    0.04                           clknet_2_0__leaf_clk (net)
                  0.04    0.00   10.25 ^ _441_/CLK (sky130_fd_sc_hd__dfrtp_2)
                         -0.25   10.00   clock uncertainty
                          0.00   10.00   clock reconvergence pessimism
                          0.14   10.14   library recovery time
                                 10.14   data required time
-----------------------------------------------------------------------------
                                 10.14   data required time
                                 -2.43   data arrival time
-----------------------------------------------------------------------------
                                  7.71   slack (MET)


Startpoint: rst (input port clocked by clk)
Endpoint: _442_ (recovery check against rising-edge clock clk)
Path Group: asynchronous
Path Type: max
Corner: Fastest

Fanout     Cap    Slew   Delay    Time   Description
-----------------------------------------------------------------------------
                          0.00    0.00   clock clk (rise edge)
                          0.00    0.00   clock network delay (propagated)
                          2.00    2.00 v input external delay
                  0.01    0.00    2.00 v rst (in)
     2    0.00                           rst (net)
                  0.01    0.00    2.00 v input1/A (sky130_fd_sc_hd__buf_1)
                  0.05    0.07    2.08 v input1/X (sky130_fd_sc_hd__buf_1)
     1    0.01                           net1 (net)
                  0.05    0.00    2.08 v _356_/A (sky130_fd_sc_hd__clkbuf_4)
                  0.07    0.15    2.23 v _356_/X (sky130_fd_sc_hd__clkbuf_4)
     9    0.05                           _200_ (net)
                  0.07    0.00    2.23 v _390_/A (sky130_fd_sc_hd__buf_4)
                  0.06    0.15    2.38 v _390_/X (sky130_fd_sc_hd__buf_4)
    10    0.06                           _204_ (net)
                  0.06    0.00    2.39 v _397_/A (sky130_fd_sc_hd__inv_2)
                  0.03    0.04    2.43 ^ _397_/Y (sky130_fd_sc_hd__inv_2)
     1    0.00                           _036_ (net)
                  0.03    0.00    2.43 ^ _442_/RESET_B (sky130_fd_sc_hd__dfrtp_2)
                                  2.43   data arrival time

                         10.00   10.00   clock clk (rise edge)
                          0.00   10.00   clock source latency
                  0.07    0.05   10.05 ^ clk (in)
     2    0.02                           clk (net)
                  0.07    0.00   10.05 ^ clkbuf_0_clk/A (sky130_fd_sc_hd__clkbuf_16)
                  0.05    0.11   10.15 ^ clkbuf_0_clk/X (sky130_fd_sc_hd__clkbuf_16)
     4    0.05                           clknet_0_clk (net)
                  0.05    0.00   10.15 ^ clkbuf_2_0__f_clk/A (sky130_fd_sc_hd__clkbuf_16)
                  0.04    0.10   10.25 ^ clkbuf_2_0__f_clk/X (sky130_fd_sc_hd__clkbuf_16)
    11    0.04                           clknet_2_0__leaf_clk (net)
                  0.04    0.00   10.25 ^ _442_/CLK (sky130_fd_sc_hd__dfrtp_2)
                         -0.25   10.00   clock uncertainty
                          0.00   10.00   clock reconvergence pessimism
                          0.14   10.14   library recovery time
                                 10.14   data required time
-----------------------------------------------------------------------------
                                 10.14   data required time
                                 -2.43   data arrival time
-----------------------------------------------------------------------------
                                  7.71   slack (MET)


Startpoint: rst (input port clocked by clk)
Endpoint: _445_ (recovery check against rising-edge clock clk)
Path Group: asynchronous
Path Type: max
Corner: Fastest

Fanout     Cap    Slew   Delay    Time   Description
-----------------------------------------------------------------------------
                          0.00    0.00   clock clk (rise edge)
                          0.00    0.00   clock network delay (propagated)
                          2.00    2.00 v input external delay
                  0.01    0.00    2.00 v rst (in)
     2    0.00                           rst (net)
                  0.01    0.00    2.00 v input1/A (sky130_fd_sc_hd__buf_1)
                  0.05    0.07    2.08 v input1/X (sky130_fd_sc_hd__buf_1)
     1    0.01                           net1 (net)
                  0.05    0.00    2.08 v _356_/A (sky130_fd_sc_hd__clkbuf_4)
                  0.07    0.15    2.23 v _356_/X (sky130_fd_sc_hd__clkbuf_4)
     9    0.05                           _200_ (net)
                  0.07    0.00    2.23 v _390_/A (sky130_fd_sc_hd__buf_4)
                  0.06    0.15    2.38 v _390_/X (sky130_fd_sc_hd__buf_4)
    10    0.06                           _204_ (net)
                  0.06    0.00    2.38 v _400_/A (sky130_fd_sc_hd__inv_2)
                  0.03    0.04    2.43 ^ _400_/Y (sky130_fd_sc_hd__inv_2)
     1    0.00                           _039_ (net)
                  0.03    0.00    2.43 ^ _445_/RESET_B (sky130_fd_sc_hd__dfrtp_2)
                                  2.43   data arrival time

                         10.00   10.00   clock clk (rise edge)
                          0.00   10.00   clock source latency
                  0.07    0.05   10.05 ^ clk (in)
     2    0.02                           clk (net)
                  0.07    0.00   10.05 ^ clkbuf_0_clk/A (sky130_fd_sc_hd__clkbuf_16)
                  0.05    0.11   10.15 ^ clkbuf_0_clk/X (sky130_fd_sc_hd__clkbuf_16)
     4    0.05                           clknet_0_clk (net)
                  0.05    0.00   10.15 ^ clkbuf_2_0__f_clk/A (sky130_fd_sc_hd__clkbuf_16)
                  0.04    0.10   10.25 ^ clkbuf_2_0__f_clk/X (sky130_fd_sc_hd__clkbuf_16)
    11    0.04                           clknet_2_0__leaf_clk (net)
                  0.04    0.00   10.25 ^ _445_/CLK (sky130_fd_sc_hd__dfrtp_2)
                         -0.25   10.00   clock uncertainty
                          0.00   10.00   clock reconvergence pessimism
                          0.14   10.14   library recovery time
                                 10.14   data required time
-----------------------------------------------------------------------------
                                 10.14   data required time
                                 -2.43   data arrival time
-----------------------------------------------------------------------------
                                  7.71   slack (MET)


Startpoint: rst (input port clocked by clk)
Endpoint: _416_ (recovery check against rising-edge clock clk)
Path Group: asynchronous
Path Type: max
Corner: Fastest

Fanout     Cap    Slew   Delay    Time   Description
-----------------------------------------------------------------------------
                          0.00    0.00   clock clk (rise edge)
                          0.00    0.00   clock network delay (propagated)
                          2.00    2.00 v input external delay
                  0.01    0.00    2.00 v rst (in)
     2    0.00                           rst (net)
                  0.01    0.00    2.00 v input1/A (sky130_fd_sc_hd__buf_1)
                  0.05    0.07    2.08 v input1/X (sky130_fd_sc_hd__buf_1)
     1    0.01                           net1 (net)
                  0.05    0.00    2.08 v _356_/A (sky130_fd_sc_hd__clkbuf_4)
                  0.07    0.15    2.23 v _356_/X (sky130_fd_sc_hd__clkbuf_4)
     9    0.05                           _200_ (net)
                  0.07    0.00    2.23 v _368_/A (sky130_fd_sc_hd__buf_4)
                  0.06    0.15    2.38 v _368_/X (sky130_fd_sc_hd__buf_4)
    10    0.06                           _202_ (net)
                  0.06    0.00    2.38 v _369_/A (sky130_fd_sc_hd__inv_2)
                  0.03    0.05    2.43 ^ _369_/Y (sky130_fd_sc_hd__inv_2)
     1    0.01                           _010_ (net)
                  0.03    0.00    2.43 ^ _416_/RESET_B (sky130_fd_sc_hd__dfrtp_1)
                                  2.43   data arrival time

                         10.00   10.00   clock clk (rise edge)
                          0.00   10.00   clock source latency
                  0.07    0.05   10.05 ^ clk (in)
     2    0.02                           clk (net)
                  0.07    0.00   10.05 ^ clkbuf_0_clk/A (sky130_fd_sc_hd__clkbuf_16)
                  0.05    0.11   10.15 ^ clkbuf_0_clk/X (sky130_fd_sc_hd__clkbuf_16)
     4    0.05                           clknet_0_clk (net)
                  0.05    0.00   10.15 ^ clkbuf_2_2__f_clk/A (sky130_fd_sc_hd__clkbuf_16)
                  0.04    0.09   10.25 ^ clkbuf_2_2__f_clk/X (sky130_fd_sc_hd__clkbuf_16)
    11    0.03                           clknet_2_2__leaf_clk (net)
                  0.04    0.00   10.25 ^ _416_/CLK (sky130_fd_sc_hd__dfrtp_1)
                         -0.25   10.00   clock uncertainty
                          0.00   10.00   clock reconvergence pessimism
                          0.15   10.14   library recovery time
                                 10.14   data required time
-----------------------------------------------------------------------------
                                 10.14   data required time
                                 -2.43   data arrival time
-----------------------------------------------------------------------------
                                  7.71   slack (MET)


Startpoint: rst (input port clocked by clk)
Endpoint: _406_ (recovery check against rising-edge clock clk)
Path Group: asynchronous
Path Type: max
Corner: Fastest

Fanout     Cap    Slew   Delay    Time   Description
-----------------------------------------------------------------------------
                          0.00    0.00   clock clk (rise edge)
                          0.00    0.00   clock network delay (propagated)
                          2.00    2.00 v input external delay
                  0.01    0.00    2.00 v rst (in)
     2    0.00                           rst (net)
                  0.01    0.00    2.00 v input1/A (sky130_fd_sc_hd__buf_1)
                  0.05    0.07    2.08 v input1/X (sky130_fd_sc_hd__buf_1)
     1    0.01                           net1 (net)
                  0.05    0.00    2.08 v _356_/A (sky130_fd_sc_hd__clkbuf_4)
                  0.07    0.15    2.23 v _356_/X (sky130_fd_sc_hd__clkbuf_4)
     9    0.05                           _200_ (net)
                  0.07    0.00    2.23 v _357_/A (sky130_fd_sc_hd__buf_4)
                  0.06    0.15    2.38 v _357_/X (sky130_fd_sc_hd__buf_4)
    10    0.06                           _201_ (net)
                  0.06    0.00    2.38 v _358_/A (sky130_fd_sc_hd__inv_2)
                  0.03    0.04    2.42 ^ _358_/Y (sky130_fd_sc_hd__inv_2)
     1    0.00                           _000_ (net)
                  0.03    0.00    2.42 ^ _406_/RESET_B (sky130_fd_sc_hd__dfrtp_2)
                                  2.42   data arrival time

                         10.00   10.00   clock clk (rise edge)
                          0.00   10.00   clock source latency
                  0.07    0.05   10.05 ^ clk (in)
     2    0.02                           clk (net)
                  0.07    0.00   10.05 ^ clkbuf_0_clk/A (sky130_fd_sc_hd__clkbuf_16)
                  0.05    0.11   10.15 ^ clkbuf_0_clk/X (sky130_fd_sc_hd__clkbuf_16)
     4    0.05                           clknet_0_clk (net)
                  0.05    0.00   10.15 ^ clkbuf_2_3__f_clk/A (sky130_fd_sc_hd__clkbuf_16)
                  0.04    0.09   10.24 ^ clkbuf_2_3__f_clk/X (sky130_fd_sc_hd__clkbuf_16)
     8    0.03                           clknet_2_3__leaf_clk (net)
                  0.04    0.00   10.24 ^ _406_/CLK (sky130_fd_sc_hd__dfrtp_2)
                         -0.25    9.99   clock uncertainty
                          0.00    9.99   clock reconvergence pessimism
                          0.14   10.13   library recovery time
                                 10.13   data required time
-----------------------------------------------------------------------------
                                 10.13   data required time
                                 -2.42   data arrival time
-----------------------------------------------------------------------------
                                  7.71   slack (MET)


Startpoint: rst (input port clocked by clk)
Endpoint: _428_ (recovery check against rising-edge clock clk)
Path Group: asynchronous
Path Type: max
Corner: Fastest

Fanout     Cap    Slew   Delay    Time   Description
-----------------------------------------------------------------------------
                          0.00    0.00   clock clk (rise edge)
                          0.00    0.00   clock network delay (propagated)
                          2.00    2.00 v input external delay
                  0.01    0.00    2.00 v rst (in)
     2    0.00                           rst (net)
                  0.01    0.00    2.00 v input1/A (sky130_fd_sc_hd__buf_1)
                  0.05    0.07    2.08 v input1/X (sky130_fd_sc_hd__buf_1)
     1    0.01                           net1 (net)
                  0.05    0.00    2.08 v _356_/A (sky130_fd_sc_hd__clkbuf_4)
                  0.07    0.15    2.23 v _356_/X (sky130_fd_sc_hd__clkbuf_4)
     9    0.05                           _200_ (net)
                  0.07    0.00    2.23 v _379_/A (sky130_fd_sc_hd__buf_4)
                  0.07    0.16    2.39 v _379_/X (sky130_fd_sc_hd__buf_4)
    20    0.07                           _203_ (net)
                  0.07    0.00    2.39 v _382_/A (sky130_fd_sc_hd__inv_2)
                  0.03    0.05    2.44 ^ _382_/Y (sky130_fd_sc_hd__inv_2)
     1    0.00                           _022_ (net)
                  0.03    0.00    2.44 ^ _428_/RESET_B (sky130_fd_sc_hd__dfrtp_1)
                                  2.44   data arrival time

                         10.00   10.00   clock clk (rise edge)
                          0.00   10.00   clock source latency
                  0.07    0.05   10.05 ^ clk (in)
     2    0.02                           clk (net)
                  0.07    0.00   10.05 ^ clkbuf_0_clk/A (sky130_fd_sc_hd__clkbuf_16)
                  0.05    0.11   10.15 ^ clkbuf_0_clk/X (sky130_fd_sc_hd__clkbuf_16)
     4    0.05                           clknet_0_clk (net)
                  0.05    0.00   10.15 ^ clkbuf_2_1__f_clk/A (sky130_fd_sc_hd__clkbuf_16)
                  0.05    0.10   10.25 ^ clkbuf_2_1__f_clk/X (sky130_fd_sc_hd__clkbuf_16)
    15    0.05                           clknet_2_1__leaf_clk (net)
                  0.05    0.00   10.26 ^ _428_/CLK (sky130_fd_sc_hd__dfrtp_1)
                         -0.25   10.01   clock uncertainty
                          0.00   10.01   clock reconvergence pessimism
                          0.15   10.15   library recovery time
                                 10.15   data required time
-----------------------------------------------------------------------------
                                 10.15   data required time
                                 -2.44   data arrival time
-----------------------------------------------------------------------------
                                  7.71   slack (MET)


Startpoint: rst (input port clocked by clk)
Endpoint: _443_ (recovery check against rising-edge clock clk)
Path Group: asynchronous
Path Type: max
Corner: Fastest

Fanout     Cap    Slew   Delay    Time   Description
-----------------------------------------------------------------------------
                          0.00    0.00   clock clk (rise edge)
                          0.00    0.00   clock network delay (propagated)
                          2.00    2.00 v input external delay
                  0.01    0.00    2.00 v rst (in)
     2    0.00                           rst (net)
                  0.01    0.00    2.00 v input1/A (sky130_fd_sc_hd__buf_1)
                  0.05    0.07    2.08 v input1/X (sky130_fd_sc_hd__buf_1)
     1    0.01                           net1 (net)
                  0.05    0.00    2.08 v _356_/A (sky130_fd_sc_hd__clkbuf_4)
                  0.07    0.15    2.23 v _356_/X (sky130_fd_sc_hd__clkbuf_4)
     9    0.05                           _200_ (net)
                  0.07    0.00    2.23 v _390_/A (sky130_fd_sc_hd__buf_4)
                  0.06    0.15    2.38 v _390_/X (sky130_fd_sc_hd__buf_4)
    10    0.06                           _204_ (net)
                  0.06    0.00    2.38 v _398_/A (sky130_fd_sc_hd__inv_2)
                  0.03    0.05    2.43 ^ _398_/Y (sky130_fd_sc_hd__inv_2)
     1    0.00                           _037_ (net)
                  0.03    0.00    2.43 ^ _443_/RESET_B (sky130_fd_sc_hd__dfrtp_4)
                                  2.43   data arrival time

                         10.00   10.00   clock clk (rise edge)
                          0.00   10.00   clock source latency
                  0.07    0.05   10.05 ^ clk (in)
     2    0.02                           clk (net)
                  0.07    0.00   10.05 ^ clkbuf_0_clk/A (sky130_fd_sc_hd__clkbuf_16)
                  0.05    0.11   10.15 ^ clkbuf_0_clk/X (sky130_fd_sc_hd__clkbuf_16)
     4    0.05                           clknet_0_clk (net)
                  0.05    0.00   10.15 ^ clkbuf_2_1__f_clk/A (sky130_fd_sc_hd__clkbuf_16)
                  0.05    0.10   10.25 ^ clkbuf_2_1__f_clk/X (sky130_fd_sc_hd__clkbuf_16)
    15    0.05                           clknet_2_1__leaf_clk (net)
                  0.05    0.00   10.25 ^ _443_/CLK (sky130_fd_sc_hd__dfrtp_4)
                         -0.25   10.00   clock uncertainty
                          0.00   10.00   clock reconvergence pessimism
                          0.14   10.14   library recovery time
                                 10.14   data required time
-----------------------------------------------------------------------------
                                 10.14   data required time
                                 -2.43   data arrival time
-----------------------------------------------------------------------------
                                  7.71   slack (MET)


Startpoint: rst (input port clocked by clk)
Endpoint: _409_ (recovery check against rising-edge clock clk)
Path Group: asynchronous
Path Type: max
Corner: Fastest

Fanout     Cap    Slew   Delay    Time   Description
-----------------------------------------------------------------------------
                          0.00    0.00   clock clk (rise edge)
                          0.00    0.00   clock network delay (propagated)
                          2.00    2.00 v input external delay
                  0.01    0.00    2.00 v rst (in)
     2    0.00                           rst (net)
                  0.01    0.00    2.00 v input1/A (sky130_fd_sc_hd__buf_1)
                  0.05    0.07    2.08 v input1/X (sky130_fd_sc_hd__buf_1)
     1    0.01                           net1 (net)
                  0.05    0.00    2.08 v _356_/A (sky130_fd_sc_hd__clkbuf_4)
                  0.07    0.15    2.23 v _356_/X (sky130_fd_sc_hd__clkbuf_4)
     9    0.05                           _200_ (net)
                  0.07    0.00    2.23 v _357_/A (sky130_fd_sc_hd__buf_4)
                  0.06    0.15    2.38 v _357_/X (sky130_fd_sc_hd__buf_4)
    10    0.06                           _201_ (net)
                  0.06    0.00    2.38 v _361_/A (sky130_fd_sc_hd__inv_2)
                  0.03    0.04    2.42 ^ _361_/Y (sky130_fd_sc_hd__inv_2)
     1    0.00                           _003_ (net)
                  0.03    0.00    2.42 ^ _409_/RESET_B (sky130_fd_sc_hd__dfrtp_2)
                                  2.42   data arrival time

                         10.00   10.00   clock clk (rise edge)
                          0.00   10.00   clock source latency
                  0.07    0.05   10.05 ^ clk (in)
     2    0.02                           clk (net)
                  0.07    0.00   10.05 ^ clkbuf_0_clk/A (sky130_fd_sc_hd__clkbuf_16)
                  0.05    0.11   10.15 ^ clkbuf_0_clk/X (sky130_fd_sc_hd__clkbuf_16)
     4    0.05                           clknet_0_clk (net)
                  0.05    0.00   10.15 ^ clkbuf_2_2__f_clk/A (sky130_fd_sc_hd__clkbuf_16)
                  0.04    0.09   10.25 ^ clkbuf_2_2__f_clk/X (sky130_fd_sc_hd__clkbuf_16)
    11    0.03                           clknet_2_2__leaf_clk (net)
                  0.04    0.00   10.25 ^ _409_/CLK (sky130_fd_sc_hd__dfrtp_2)
                         -0.25   10.00   clock uncertainty
                          0.00   10.00   clock reconvergence pessimism
                          0.14   10.13   library recovery time
                                 10.13   data required time
-----------------------------------------------------------------------------
                                 10.13   data required time
                                 -2.42   data arrival time
-----------------------------------------------------------------------------
                                  7.71   slack (MET)


Startpoint: rst (input port clocked by clk)
Endpoint: _424_ (recovery check against rising-edge clock clk)
Path Group: asynchronous
Path Type: max
Corner: Fastest

Fanout     Cap    Slew   Delay    Time   Description
-----------------------------------------------------------------------------
                          0.00    0.00   clock clk (rise edge)
                          0.00    0.00   clock network delay (propagated)
                          2.00    2.00 v input external delay
                  0.01    0.00    2.00 v rst (in)
     2    0.00                           rst (net)
                  0.01    0.00    2.00 v input1/A (sky130_fd_sc_hd__buf_1)
                  0.05    0.07    2.08 v input1/X (sky130_fd_sc_hd__buf_1)
     1    0.01                           net1 (net)
                  0.05    0.00    2.08 v _356_/A (sky130_fd_sc_hd__clkbuf_4)
                  0.07    0.15    2.23 v _356_/X (sky130_fd_sc_hd__clkbuf_4)
     9    0.05                           _200_ (net)
                  0.07    0.00    2.23 v _368_/A (sky130_fd_sc_hd__buf_4)
                  0.06    0.15    2.38 v _368_/X (sky130_fd_sc_hd__buf_4)
    10    0.06                           _202_ (net)
                  0.06    0.00    2.38 v _377_/A (sky130_fd_sc_hd__inv_2)
                  0.03    0.05    2.43 ^ _377_/Y (sky130_fd_sc_hd__inv_2)
     1    0.00                           _018_ (net)
                  0.03    0.00    2.43 ^ _424_/RESET_B (sky130_fd_sc_hd__dfrtp_1)
                                  2.43   data arrival time

                         10.00   10.00   clock clk (rise edge)
                          0.00   10.00   clock source latency
                  0.07    0.05   10.05 ^ clk (in)
     2    0.02                           clk (net)
                  0.07    0.00   10.05 ^ clkbuf_0_clk/A (sky130_fd_sc_hd__clkbuf_16)
                  0.05    0.11   10.15 ^ clkbuf_0_clk/X (sky130_fd_sc_hd__clkbuf_16)
     4    0.05                           clknet_0_clk (net)
                  0.05    0.00   10.15 ^ clkbuf_2_3__f_clk/A (sky130_fd_sc_hd__clkbuf_16)
                  0.04    0.09   10.24 ^ clkbuf_2_3__f_clk/X (sky130_fd_sc_hd__clkbuf_16)
     8    0.03                           clknet_2_3__leaf_clk (net)
                  0.04    0.00   10.24 ^ _424_/CLK (sky130_fd_sc_hd__dfrtp_1)
                         -0.25    9.99   clock uncertainty
                          0.00    9.99   clock reconvergence pessimism
                          0.15   10.14   library recovery time
                                 10.14   data required time
-----------------------------------------------------------------------------
                                 10.14   data required time
                                 -2.43   data arrival time
-----------------------------------------------------------------------------
                                  7.71   slack (MET)


Startpoint: rst (input port clocked by clk)
Endpoint: _433_ (recovery check against rising-edge clock clk)
Path Group: asynchronous
Path Type: max
Corner: Fastest

Fanout     Cap    Slew   Delay    Time   Description
-----------------------------------------------------------------------------
                          0.00    0.00   clock clk (rise edge)
                          0.00    0.00   clock network delay (propagated)
                          2.00    2.00 v input external delay
                  0.01    0.00    2.00 v rst (in)
     2    0.00                           rst (net)
                  0.01    0.00    2.00 v input1/A (sky130_fd_sc_hd__buf_1)
                  0.05    0.07    2.08 v input1/X (sky130_fd_sc_hd__buf_1)
     1    0.01                           net1 (net)
                  0.05    0.00    2.08 v _356_/A (sky130_fd_sc_hd__clkbuf_4)
                  0.07    0.15    2.23 v _356_/X (sky130_fd_sc_hd__clkbuf_4)
     9    0.05                           _200_ (net)
                  0.07    0.00    2.23 v _379_/A (sky130_fd_sc_hd__buf_4)
                  0.07    0.16    2.39 v _379_/X (sky130_fd_sc_hd__buf_4)
    20    0.07                           _203_ (net)
                  0.07    0.00    2.40 v _387_/A (sky130_fd_sc_hd__inv_2)
                  0.03    0.05    2.44 ^ _387_/Y (sky130_fd_sc_hd__inv_2)
     1    0.00                           _027_ (net)
                  0.03    0.00    2.44 ^ _433_/RESET_B (sky130_fd_sc_hd__dfrtp_1)
                                  2.44   data arrival time

                         10.00   10.00   clock clk (rise edge)
                          0.00   10.00   clock source latency
                  0.07    0.05   10.05 ^ clk (in)
     2    0.02                           clk (net)
                  0.07    0.00   10.05 ^ clkbuf_0_clk/A (sky130_fd_sc_hd__clkbuf_16)
                  0.05    0.11   10.15 ^ clkbuf_0_clk/X (sky130_fd_sc_hd__clkbuf_16)
     4    0.05                           clknet_0_clk (net)
                  0.05    0.00   10.15 ^ clkbuf_2_1__f_clk/A (sky130_fd_sc_hd__clkbuf_16)
                  0.05    0.10   10.25 ^ clkbuf_2_1__f_clk/X (sky130_fd_sc_hd__clkbuf_16)
    15    0.05                           clknet_2_1__leaf_clk (net)
                  0.05    0.00   10.26 ^ _433_/CLK (sky130_fd_sc_hd__dfrtp_1)
                         -0.25   10.01   clock uncertainty
                          0.00   10.01   clock reconvergence pessimism
                          0.15   10.15   library recovery time
                                 10.15   data required time
-----------------------------------------------------------------------------
                                 10.15   data required time
                                 -2.44   data arrival time
-----------------------------------------------------------------------------
                                  7.71   slack (MET)


Startpoint: rst (input port clocked by clk)
Endpoint: _429_ (recovery check against rising-edge clock clk)
Path Group: asynchronous
Path Type: max
Corner: Fastest

Fanout     Cap    Slew   Delay    Time   Description
-----------------------------------------------------------------------------
                          0.00    0.00   clock clk (rise edge)
                          0.00    0.00   clock network delay (propagated)
                          2.00    2.00 v input external delay
                  0.01    0.00    2.00 v rst (in)
     2    0.00                           rst (net)
                  0.01    0.00    2.00 v input1/A (sky130_fd_sc_hd__buf_1)
                  0.05    0.07    2.08 v input1/X (sky130_fd_sc_hd__buf_1)
     1    0.01                           net1 (net)
                  0.05    0.00    2.08 v _356_/A (sky130_fd_sc_hd__clkbuf_4)
                  0.07    0.15    2.23 v _356_/X (sky130_fd_sc_hd__clkbuf_4)
     9    0.05                           _200_ (net)
                  0.07    0.00    2.23 v _379_/A (sky130_fd_sc_hd__buf_4)
                  0.07    0.16    2.39 v _379_/X (sky130_fd_sc_hd__buf_4)
    20    0.07                           _203_ (net)
                  0.07    0.00    2.39 v _383_/A (sky130_fd_sc_hd__inv_2)
                  0.03    0.05    2.44 ^ _383_/Y (sky130_fd_sc_hd__inv_2)
     1    0.00                           _023_ (net)
                  0.03    0.00    2.44 ^ _429_/RESET_B (sky130_fd_sc_hd__dfrtp_1)
                                  2.44   data arrival time

                         10.00   10.00   clock clk (rise edge)
                          0.00   10.00   clock source latency
                  0.07    0.05   10.05 ^ clk (in)
     2    0.02                           clk (net)
                  0.07    0.00   10.05 ^ clkbuf_0_clk/A (sky130_fd_sc_hd__clkbuf_16)
                  0.05    0.11   10.15 ^ clkbuf_0_clk/X (sky130_fd_sc_hd__clkbuf_16)
     4    0.05                           clknet_0_clk (net)
                  0.05    0.00   10.15 ^ clkbuf_2_1__f_clk/A (sky130_fd_sc_hd__clkbuf_16)
                  0.05    0.10   10.25 ^ clkbuf_2_1__f_clk/X (sky130_fd_sc_hd__clkbuf_16)
    15    0.05                           clknet_2_1__leaf_clk (net)
                  0.05    0.00   10.26 ^ _429_/CLK (sky130_fd_sc_hd__dfrtp_1)
                         -0.25   10.01   clock uncertainty
                          0.00   10.01   clock reconvergence pessimism
                          0.15   10.15   library recovery time
                                 10.15   data required time
-----------------------------------------------------------------------------
                                 10.15   data required time
                                 -2.44   data arrival time
-----------------------------------------------------------------------------
                                  7.71   slack (MET)


Startpoint: rst (input port clocked by clk)
Endpoint: _407_ (recovery check against rising-edge clock clk)
Path Group: asynchronous
Path Type: max
Corner: Fastest

Fanout     Cap    Slew   Delay    Time   Description
-----------------------------------------------------------------------------
                          0.00    0.00   clock clk (rise edge)
                          0.00    0.00   clock network delay (propagated)
                          2.00    2.00 v input external delay
                  0.01    0.00    2.00 v rst (in)
     2    0.00                           rst (net)
                  0.01    0.00    2.00 v input1/A (sky130_fd_sc_hd__buf_1)
                  0.05    0.07    2.08 v input1/X (sky130_fd_sc_hd__buf_1)
     1    0.01                           net1 (net)
                  0.05    0.00    2.08 v _356_/A (sky130_fd_sc_hd__clkbuf_4)
                  0.07    0.15    2.23 v _356_/X (sky130_fd_sc_hd__clkbuf_4)
     9    0.05                           _200_ (net)
                  0.07    0.00    2.23 v _357_/A (sky130_fd_sc_hd__buf_4)
                  0.06    0.15    2.38 v _357_/X (sky130_fd_sc_hd__buf_4)
    10    0.06                           _201_ (net)
                  0.06    0.00    2.38 v _359_/A (sky130_fd_sc_hd__inv_2)
                  0.03    0.05    2.43 ^ _359_/Y (sky130_fd_sc_hd__inv_2)
     1    0.01                           _001_ (net)
                  0.03    0.00    2.43 ^ _407_/RESET_B (sky130_fd_sc_hd__dfrtp_1)
                                  2.43   data arrival time

                         10.00   10.00   clock clk (rise edge)
                          0.00   10.00   clock source latency
                  0.07    0.05   10.05 ^ clk (in)
     2    0.02                           clk (net)
                  0.07    0.00   10.05 ^ clkbuf_0_clk/A (sky130_fd_sc_hd__clkbuf_16)
                  0.05    0.11   10.15 ^ clkbuf_0_clk/X (sky130_fd_sc_hd__clkbuf_16)
     4    0.05                           clknet_0_clk (net)
                  0.05    0.00   10.15 ^ clkbuf_2_3__f_clk/A (sky130_fd_sc_hd__clkbuf_16)
                  0.04    0.09   10.24 ^ clkbuf_2_3__f_clk/X (sky130_fd_sc_hd__clkbuf_16)
     8    0.03                           clknet_2_3__leaf_clk (net)
                  0.04    0.00   10.24 ^ _407_/CLK (sky130_fd_sc_hd__dfrtp_1)
                         -0.25    9.99   clock uncertainty
                          0.00    9.99   clock reconvergence pessimism
                          0.14   10.14   library recovery time
                                 10.14   data required time
-----------------------------------------------------------------------------
                                 10.14   data required time
                                 -2.43   data arrival time
-----------------------------------------------------------------------------
                                  7.71   slack (MET)


Startpoint: rst (input port clocked by clk)
Endpoint: _444_ (recovery check against rising-edge clock clk)
Path Group: asynchronous
Path Type: max
Corner: Fastest

Fanout     Cap    Slew   Delay    Time   Description
-----------------------------------------------------------------------------
                          0.00    0.00   clock clk (rise edge)
                          0.00    0.00   clock network delay (propagated)
                          2.00    2.00 v input external delay
                  0.01    0.00    2.00 v rst (in)
     2    0.00                           rst (net)
                  0.01    0.00    2.00 v input1/A (sky130_fd_sc_hd__buf_1)
                  0.05    0.07    2.08 v input1/X (sky130_fd_sc_hd__buf_1)
     1    0.01                           net1 (net)
                  0.05    0.00    2.08 v _356_/A (sky130_fd_sc_hd__clkbuf_4)
                  0.07    0.15    2.23 v _356_/X (sky130_fd_sc_hd__clkbuf_4)
     9    0.05                           _200_ (net)
                  0.07    0.00    2.23 v _390_/A (sky130_fd_sc_hd__buf_4)
                  0.06    0.15    2.38 v _390_/X (sky130_fd_sc_hd__buf_4)
    10    0.06                           _204_ (net)
                  0.06    0.00    2.38 v _399_/A (sky130_fd_sc_hd__inv_2)
                  0.03    0.04    2.43 ^ _399_/Y (sky130_fd_sc_hd__inv_2)
     1    0.00                           _038_ (net)
                  0.03    0.00    2.43 ^ _444_/RESET_B (sky130_fd_sc_hd__dfrtp_2)
                                  2.43   data arrival time

                         10.00   10.00   clock clk (rise edge)
                          0.00   10.00   clock source latency
                  0.07    0.05   10.05 ^ clk (in)
     2    0.02                           clk (net)
                  0.07    0.00   10.05 ^ clkbuf_0_clk/A (sky130_fd_sc_hd__clkbuf_16)
                  0.05    0.11   10.15 ^ clkbuf_0_clk/X (sky130_fd_sc_hd__clkbuf_16)
     4    0.05                           clknet_0_clk (net)
                  0.05    0.00   10.15 ^ clkbuf_2_1__f_clk/A (sky130_fd_sc_hd__clkbuf_16)
                  0.05    0.10   10.25 ^ clkbuf_2_1__f_clk/X (sky130_fd_sc_hd__clkbuf_16)
    15    0.05                           clknet_2_1__leaf_clk (net)
                  0.05    0.00   10.25 ^ _444_/CLK (sky130_fd_sc_hd__dfrtp_2)
                         -0.25   10.00   clock uncertainty
                          0.00   10.00   clock reconvergence pessimism
                          0.14   10.14   library recovery time
                                 10.14   data required time
-----------------------------------------------------------------------------
                                 10.14   data required time
                                 -2.43   data arrival time
-----------------------------------------------------------------------------
                                  7.71   slack (MET)


Startpoint: rst (input port clocked by clk)
Endpoint: _419_ (recovery check against rising-edge clock clk)
Path Group: asynchronous
Path Type: max
Corner: Fastest

Fanout     Cap    Slew   Delay    Time   Description
-----------------------------------------------------------------------------
                          0.00    0.00   clock clk (rise edge)
                          0.00    0.00   clock network delay (propagated)
                          2.00    2.00 v input external delay
                  0.01    0.00    2.00 v rst (in)
     2    0.00                           rst (net)
                  0.01    0.00    2.00 v input1/A (sky130_fd_sc_hd__buf_1)
                  0.05    0.07    2.08 v input1/X (sky130_fd_sc_hd__buf_1)
     1    0.01                           net1 (net)
                  0.05    0.00    2.08 v _356_/A (sky130_fd_sc_hd__clkbuf_4)
                  0.07    0.15    2.23 v _356_/X (sky130_fd_sc_hd__clkbuf_4)
     9    0.05                           _200_ (net)
                  0.07    0.00    2.23 v _368_/A (sky130_fd_sc_hd__buf_4)
                  0.06    0.15    2.38 v _368_/X (sky130_fd_sc_hd__buf_4)
    10    0.06                           _202_ (net)
                  0.06    0.00    2.38 v _372_/A (sky130_fd_sc_hd__inv_2)
                  0.03    0.04    2.43 ^ _372_/Y (sky130_fd_sc_hd__inv_2)
     1    0.00                           _013_ (net)
                  0.03    0.00    2.43 ^ _419_/RESET_B (sky130_fd_sc_hd__dfrtp_1)
                                  2.43   data arrival time

                         10.00   10.00   clock clk (rise edge)
                          0.00   10.00   clock source latency
                  0.07    0.05   10.05 ^ clk (in)
     2    0.02                           clk (net)
                  0.07    0.00   10.05 ^ clkbuf_0_clk/A (sky130_fd_sc_hd__clkbuf_16)
                  0.05    0.11   10.15 ^ clkbuf_0_clk/X (sky130_fd_sc_hd__clkbuf_16)
     4    0.05                           clknet_0_clk (net)
                  0.05    0.00   10.15 ^ clkbuf_2_2__f_clk/A (sky130_fd_sc_hd__clkbuf_16)
                  0.04    0.09   10.25 ^ clkbuf_2_2__f_clk/X (sky130_fd_sc_hd__clkbuf_16)
    11    0.03                           clknet_2_2__leaf_clk (net)
                  0.04    0.00   10.25 ^ _419_/CLK (sky130_fd_sc_hd__dfrtp_1)
                         -0.25   10.00   clock uncertainty
                          0.00   10.00   clock reconvergence pessimism
                          0.15   10.14   library recovery time
                                 10.14   data required time
-----------------------------------------------------------------------------
                                 10.14   data required time
                                 -2.43   data arrival time
-----------------------------------------------------------------------------
                                  7.71   slack (MET)


Startpoint: rst (input port clocked by clk)
Endpoint: _411_ (recovery check against rising-edge clock clk)
Path Group: asynchronous
Path Type: max
Corner: Fastest

Fanout     Cap    Slew   Delay    Time   Description
-----------------------------------------------------------------------------
                          0.00    0.00   clock clk (rise edge)
                          0.00    0.00   clock network delay (propagated)
                          2.00    2.00 v input external delay
                  0.01    0.00    2.00 v rst (in)
     2    0.00                           rst (net)
                  0.01    0.00    2.00 v input1/A (sky130_fd_sc_hd__buf_1)
                  0.05    0.07    2.08 v input1/X (sky130_fd_sc_hd__buf_1)
     1    0.01                           net1 (net)
                  0.05    0.00    2.08 v _356_/A (sky130_fd_sc_hd__clkbuf_4)
                  0.07    0.15    2.23 v _356_/X (sky130_fd_sc_hd__clkbuf_4)
     9    0.05                           _200_ (net)
                  0.07    0.00    2.23 v _357_/A (sky130_fd_sc_hd__buf_4)
                  0.06    0.15    2.38 v _357_/X (sky130_fd_sc_hd__buf_4)
    10    0.06                           _201_ (net)
                  0.06    0.00    2.38 v _363_/A (sky130_fd_sc_hd__inv_2)
                  0.03    0.04    2.42 ^ _363_/Y (sky130_fd_sc_hd__inv_2)
     1    0.00                           _005_ (net)
                  0.03    0.00    2.42 ^ _411_/RESET_B (sky130_fd_sc_hd__dfrtp_1)
                                  2.42   data arrival time

                         10.00   10.00   clock clk (rise edge)
                          0.00   10.00   clock source latency
                  0.07    0.05   10.05 ^ clk (in)
     2    0.02                           clk (net)
                  0.07    0.00   10.05 ^ clkbuf_0_clk/A (sky130_fd_sc_hd__clkbuf_16)
                  0.05    0.11   10.15 ^ clkbuf_0_clk/X (sky130_fd_sc_hd__clkbuf_16)
     4    0.05                           clknet_0_clk (net)
                  0.05    0.00   10.15 ^ clkbuf_2_3__f_clk/A (sky130_fd_sc_hd__clkbuf_16)
                  0.04    0.09   10.24 ^ clkbuf_2_3__f_clk/X (sky130_fd_sc_hd__clkbuf_16)
     8    0.03                           clknet_2_3__leaf_clk (net)
                  0.04    0.00   10.24 ^ _411_/CLK (sky130_fd_sc_hd__dfrtp_1)
                         -0.25    9.99   clock uncertainty
                          0.00    9.99   clock reconvergence pessimism
                          0.15   10.14   library recovery time
                                 10.14   data required time
-----------------------------------------------------------------------------
                                 10.14   data required time
                                 -2.42   data arrival time
-----------------------------------------------------------------------------
                                  7.72   slack (MET)


Startpoint: rst (input port clocked by clk)
Endpoint: _438_ (recovery check against rising-edge clock clk)
Path Group: asynchronous
Path Type: max
Corner: Fastest

Fanout     Cap    Slew   Delay    Time   Description
-----------------------------------------------------------------------------
                          0.00    0.00   clock clk (rise edge)
                          0.00    0.00   clock network delay (propagated)
                          2.00    2.00 v input external delay
                  0.01    0.00    2.00 v rst (in)
     2    0.00                           rst (net)
                  0.01    0.00    2.00 v input1/A (sky130_fd_sc_hd__buf_1)
                  0.05    0.07    2.08 v input1/X (sky130_fd_sc_hd__buf_1)
     1    0.01                           net1 (net)
                  0.05    0.00    2.08 v _356_/A (sky130_fd_sc_hd__clkbuf_4)
                  0.07    0.15    2.23 v _356_/X (sky130_fd_sc_hd__clkbuf_4)
     9    0.05                           _200_ (net)
                  0.07    0.00    2.23 v _390_/A (sky130_fd_sc_hd__buf_4)
                  0.06    0.15    2.38 v _390_/X (sky130_fd_sc_hd__buf_4)
    10    0.06                           _204_ (net)
                  0.06    0.00    2.38 v _393_/A (sky130_fd_sc_hd__inv_2)
                  0.03    0.04    2.43 ^ _393_/Y (sky130_fd_sc_hd__inv_2)
     1    0.00                           _032_ (net)
                  0.03    0.00    2.43 ^ _438_/RESET_B (sky130_fd_sc_hd__dfrtp_2)
                                  2.43   data arrival time

                         10.00   10.00   clock clk (rise edge)
                          0.00   10.00   clock source latency
                  0.07    0.05   10.05 ^ clk (in)
     2    0.02                           clk (net)
                  0.07    0.00   10.05 ^ clkbuf_0_clk/A (sky130_fd_sc_hd__clkbuf_16)
                  0.05    0.11   10.15 ^ clkbuf_0_clk/X (sky130_fd_sc_hd__clkbuf_16)
     4    0.05                           clknet_0_clk (net)
                  0.05    0.00   10.15 ^ clkbuf_2_1__f_clk/A (sky130_fd_sc_hd__clkbuf_16)
                  0.05    0.10   10.25 ^ clkbuf_2_1__f_clk/X (sky130_fd_sc_hd__clkbuf_16)
    15    0.05                           clknet_2_1__leaf_clk (net)
                  0.05    0.00   10.25 ^ _438_/CLK (sky130_fd_sc_hd__dfrtp_2)
                         -0.25   10.00   clock uncertainty
                          0.00   10.00   clock reconvergence pessimism
                          0.14   10.14   library recovery time
                                 10.14   data required time
-----------------------------------------------------------------------------
                                 10.14   data required time
                                 -2.43   data arrival time
-----------------------------------------------------------------------------
                                  7.72   slack (MET)


Startpoint: rst (input port clocked by clk)
Endpoint: _436_ (recovery check against rising-edge clock clk)
Path Group: asynchronous
Path Type: max
Corner: Fastest

Fanout     Cap    Slew   Delay    Time   Description
-----------------------------------------------------------------------------
                          0.00    0.00   clock clk (rise edge)
                          0.00    0.00   clock network delay (propagated)
                          2.00    2.00 v input external delay
                  0.01    0.00    2.00 v rst (in)
     2    0.00                           rst (net)
                  0.01    0.00    2.00 v input1/A (sky130_fd_sc_hd__buf_1)
                  0.05    0.07    2.08 v input1/X (sky130_fd_sc_hd__buf_1)
     1    0.01                           net1 (net)
                  0.05    0.00    2.08 v _356_/A (sky130_fd_sc_hd__clkbuf_4)
                  0.07    0.15    2.23 v _356_/X (sky130_fd_sc_hd__clkbuf_4)
     9    0.05                           _200_ (net)
                  0.07    0.00    2.23 v _390_/A (sky130_fd_sc_hd__buf_4)
                  0.06    0.15    2.38 v _390_/X (sky130_fd_sc_hd__buf_4)
    10    0.06                           _204_ (net)
                  0.06    0.00    2.39 v _391_/A (sky130_fd_sc_hd__inv_2)
                  0.03    0.04    2.43 ^ _391_/Y (sky130_fd_sc_hd__inv_2)
     1    0.00                           _030_ (net)
                  0.03    0.00    2.43 ^ _436_/RESET_B (sky130_fd_sc_hd__dfrtp_1)
                                  2.43   data arrival time

                         10.00   10.00   clock clk (rise edge)
                          0.00   10.00   clock source latency
                  0.07    0.05   10.05 ^ clk (in)
     2    0.02                           clk (net)
                  0.07    0.00   10.05 ^ clkbuf_0_clk/A (sky130_fd_sc_hd__clkbuf_16)
                  0.05    0.11   10.15 ^ clkbuf_0_clk/X (sky130_fd_sc_hd__clkbuf_16)
     4    0.05                           clknet_0_clk (net)
                  0.05    0.00   10.15 ^ clkbuf_2_0__f_clk/A (sky130_fd_sc_hd__clkbuf_16)
                  0.04    0.10   10.25 ^ clkbuf_2_0__f_clk/X (sky130_fd_sc_hd__clkbuf_16)
    11    0.04                           clknet_2_0__leaf_clk (net)
                  0.04    0.00   10.25 ^ _436_/CLK (sky130_fd_sc_hd__dfrtp_1)
                         -0.25   10.00   clock uncertainty
                          0.00   10.00   clock reconvergence pessimism
                          0.15   10.15   library recovery time
                                 10.15   data required time
-----------------------------------------------------------------------------
                                 10.15   data required time
                                 -2.43   data arrival time
-----------------------------------------------------------------------------
                                  7.72   slack (MET)


Startpoint: rst (input port clocked by clk)
Endpoint: _439_ (recovery check against rising-edge clock clk)
Path Group: asynchronous
Path Type: max
Corner: Fastest

Fanout     Cap    Slew   Delay    Time   Description
-----------------------------------------------------------------------------
                          0.00    0.00   clock clk (rise edge)
                          0.00    0.00   clock network delay (propagated)
                          2.00    2.00 v input external delay
                  0.01    0.00    2.00 v rst (in)
     2    0.00                           rst (net)
                  0.01    0.00    2.00 v input1/A (sky130_fd_sc_hd__buf_1)
                  0.05    0.07    2.08 v input1/X (sky130_fd_sc_hd__buf_1)
     1    0.01                           net1 (net)
                  0.05    0.00    2.08 v _356_/A (sky130_fd_sc_hd__clkbuf_4)
                  0.07    0.15    2.23 v _356_/X (sky130_fd_sc_hd__clkbuf_4)
     9    0.05                           _200_ (net)
                  0.07    0.00    2.23 v _390_/A (sky130_fd_sc_hd__buf_4)
                  0.06    0.15    2.38 v _390_/X (sky130_fd_sc_hd__buf_4)
    10    0.06                           _204_ (net)
                  0.06    0.00    2.39 v _394_/A (sky130_fd_sc_hd__inv_2)
                  0.03    0.04    2.43 ^ _394_/Y (sky130_fd_sc_hd__inv_2)
     1    0.00                           _033_ (net)
                  0.03    0.00    2.43 ^ _439_/RESET_B (sky130_fd_sc_hd__dfrtp_1)
                                  2.43   data arrival time

                         10.00   10.00   clock clk (rise edge)
                          0.00   10.00   clock source latency
                  0.07    0.05   10.05 ^ clk (in)
     2    0.02                           clk (net)
                  0.07    0.00   10.05 ^ clkbuf_0_clk/A (sky130_fd_sc_hd__clkbuf_16)
                  0.05    0.11   10.15 ^ clkbuf_0_clk/X (sky130_fd_sc_hd__clkbuf_16)
     4    0.05                           clknet_0_clk (net)
                  0.05    0.00   10.15 ^ clkbuf_2_0__f_clk/A (sky130_fd_sc_hd__clkbuf_16)
                  0.04    0.10   10.25 ^ clkbuf_2_0__f_clk/X (sky130_fd_sc_hd__clkbuf_16)
    11    0.04                           clknet_2_0__leaf_clk (net)
                  0.04    0.00   10.25 ^ _439_/CLK (sky130_fd_sc_hd__dfrtp_1)
                         -0.25   10.00   clock uncertainty
                          0.00   10.00   clock reconvergence pessimism
                          0.15   10.15   library recovery time
                                 10.15   data required time
-----------------------------------------------------------------------------
                                 10.15   data required time
                                 -2.43   data arrival time
-----------------------------------------------------------------------------
                                  7.72   slack (MET)


Startpoint: rst (input port clocked by clk)
Endpoint: _437_ (recovery check against rising-edge clock clk)
Path Group: asynchronous
Path Type: max
Corner: Fastest

Fanout     Cap    Slew   Delay    Time   Description
-----------------------------------------------------------------------------
                          0.00    0.00   clock clk (rise edge)
                          0.00    0.00   clock network delay (propagated)
                          2.00    2.00 v input external delay
                  0.01    0.00    2.00 v rst (in)
     2    0.00                           rst (net)
                  0.01    0.00    2.00 v input1/A (sky130_fd_sc_hd__buf_1)
                  0.05    0.07    2.08 v input1/X (sky130_fd_sc_hd__buf_1)
     1    0.01                           net1 (net)
                  0.05    0.00    2.08 v _356_/A (sky130_fd_sc_hd__clkbuf_4)
                  0.07    0.15    2.23 v _356_/X (sky130_fd_sc_hd__clkbuf_4)
     9    0.05                           _200_ (net)
                  0.07    0.00    2.23 v _390_/A (sky130_fd_sc_hd__buf_4)
                  0.06    0.15    2.38 v _390_/X (sky130_fd_sc_hd__buf_4)
    10    0.06                           _204_ (net)
                  0.06    0.00    2.38 v _392_/A (sky130_fd_sc_hd__inv_2)
                  0.03    0.04    2.43 ^ _392_/Y (sky130_fd_sc_hd__inv_2)
     1    0.00                           _031_ (net)
                  0.03    0.00    2.43 ^ _437_/RESET_B (sky130_fd_sc_hd__dfrtp_1)
                                  2.43   data arrival time

                         10.00   10.00   clock clk (rise edge)
                          0.00   10.00   clock source latency
                  0.07    0.05   10.05 ^ clk (in)
     2    0.02                           clk (net)
                  0.07    0.00   10.05 ^ clkbuf_0_clk/A (sky130_fd_sc_hd__clkbuf_16)
                  0.05    0.11   10.15 ^ clkbuf_0_clk/X (sky130_fd_sc_hd__clkbuf_16)
     4    0.05                           clknet_0_clk (net)
                  0.05    0.00   10.15 ^ clkbuf_2_0__f_clk/A (sky130_fd_sc_hd__clkbuf_16)
                  0.04    0.10   10.25 ^ clkbuf_2_0__f_clk/X (sky130_fd_sc_hd__clkbuf_16)
    11    0.04                           clknet_2_0__leaf_clk (net)
                  0.04    0.00   10.25 ^ _437_/CLK (sky130_fd_sc_hd__dfrtp_1)
                         -0.25   10.00   clock uncertainty
                          0.00   10.00   clock reconvergence pessimism
                          0.15   10.15   library recovery time
                                 10.15   data required time
-----------------------------------------------------------------------------
                                 10.15   data required time
                                 -2.43   data arrival time
-----------------------------------------------------------------------------
                                  7.72   slack (MET)


Startpoint: rst (input port clocked by clk)
Endpoint: _413_ (recovery check against rising-edge clock clk)
Path Group: asynchronous
Path Type: max
Corner: Fastest

Fanout     Cap    Slew   Delay    Time   Description
-----------------------------------------------------------------------------
                          0.00    0.00   clock clk (rise edge)
                          0.00    0.00   clock network delay (propagated)
                          2.00    2.00 v input external delay
                  0.01    0.00    2.00 v rst (in)
     2    0.00                           rst (net)
                  0.01    0.00    2.00 v input1/A (sky130_fd_sc_hd__buf_1)
                  0.05    0.07    2.08 v input1/X (sky130_fd_sc_hd__buf_1)
     1    0.01                           net1 (net)
                  0.05    0.00    2.08 v _356_/A (sky130_fd_sc_hd__clkbuf_4)
                  0.07    0.15    2.23 v _356_/X (sky130_fd_sc_hd__clkbuf_4)
     9    0.05                           _200_ (net)
                  0.07    0.00    2.23 v _357_/A (sky130_fd_sc_hd__buf_4)
                  0.06    0.15    2.38 v _357_/X (sky130_fd_sc_hd__buf_4)
    10    0.06                           _201_ (net)
                  0.06    0.00    2.38 v _365_/A (sky130_fd_sc_hd__inv_2)
                  0.03    0.05    2.43 ^ _365_/Y (sky130_fd_sc_hd__inv_2)
     1    0.00                           _007_ (net)
                  0.03    0.00    2.43 ^ _413_/RESET_B (sky130_fd_sc_hd__dfrtp_1)
                                  2.43   data arrival time

                         10.00   10.00   clock clk (rise edge)
                          0.00   10.00   clock source latency
                  0.07    0.05   10.05 ^ clk (in)
     2    0.02                           clk (net)
                  0.07    0.00   10.05 ^ clkbuf_0_clk/A (sky130_fd_sc_hd__clkbuf_16)
                  0.05    0.11   10.15 ^ clkbuf_0_clk/X (sky130_fd_sc_hd__clkbuf_16)
     4    0.05                           clknet_0_clk (net)
                  0.05    0.00   10.15 ^ clkbuf_2_2__f_clk/A (sky130_fd_sc_hd__clkbuf_16)
                  0.04    0.09   10.25 ^ clkbuf_2_2__f_clk/X (sky130_fd_sc_hd__clkbuf_16)
    11    0.03                           clknet_2_2__leaf_clk (net)
                  0.04    0.00   10.25 ^ _413_/CLK (sky130_fd_sc_hd__dfrtp_1)
                         -0.25   10.00   clock uncertainty
                          0.00   10.00   clock reconvergence pessimism
                          0.15   10.14   library recovery time
                                 10.14   data required time
-----------------------------------------------------------------------------
                                 10.14   data required time
                                 -2.43   data arrival time
-----------------------------------------------------------------------------
                                  7.72   slack (MET)


Startpoint: rst (input port clocked by clk)
Endpoint: _408_ (recovery check against rising-edge clock clk)
Path Group: asynchronous
Path Type: max
Corner: Fastest

Fanout     Cap    Slew   Delay    Time   Description
-----------------------------------------------------------------------------
                          0.00    0.00   clock clk (rise edge)
                          0.00    0.00   clock network delay (propagated)
                          2.00    2.00 v input external delay
                  0.01    0.00    2.00 v rst (in)
     2    0.00                           rst (net)
                  0.01    0.00    2.00 v input1/A (sky130_fd_sc_hd__buf_1)
                  0.05    0.07    2.08 v input1/X (sky130_fd_sc_hd__buf_1)
     1    0.01                           net1 (net)
                  0.05    0.00    2.08 v _356_/A (sky130_fd_sc_hd__clkbuf_4)
                  0.07    0.15    2.23 v _356_/X (sky130_fd_sc_hd__clkbuf_4)
     9    0.05                           _200_ (net)
                  0.07    0.00    2.23 v _357_/A (sky130_fd_sc_hd__buf_4)
                  0.06    0.15    2.38 v _357_/X (sky130_fd_sc_hd__buf_4)
    10    0.06                           _201_ (net)
                  0.06    0.00    2.38 v _360_/A (sky130_fd_sc_hd__inv_2)
                  0.03    0.04    2.42 ^ _360_/Y (sky130_fd_sc_hd__inv_2)
     1    0.00                           _002_ (net)
                  0.03    0.00    2.42 ^ _408_/RESET_B (sky130_fd_sc_hd__dfrtp_1)
                                  2.42   data arrival time

                         10.00   10.00   clock clk (rise edge)
                          0.00   10.00   clock source latency
                  0.07    0.05   10.05 ^ clk (in)
     2    0.02                           clk (net)
                  0.07    0.00   10.05 ^ clkbuf_0_clk/A (sky130_fd_sc_hd__clkbuf_16)
                  0.05    0.11   10.15 ^ clkbuf_0_clk/X (sky130_fd_sc_hd__clkbuf_16)
     4    0.05                           clknet_0_clk (net)
                  0.05    0.00   10.15 ^ clkbuf_2_3__f_clk/A (sky130_fd_sc_hd__clkbuf_16)
                  0.04    0.09   10.24 ^ clkbuf_2_3__f_clk/X (sky130_fd_sc_hd__clkbuf_16)
     8    0.03                           clknet_2_3__leaf_clk (net)
                  0.04    0.00   10.24 ^ _408_/CLK (sky130_fd_sc_hd__dfrtp_1)
                         -0.25    9.99   clock uncertainty
                          0.00    9.99   clock reconvergence pessimism
                          0.15   10.14   library recovery time
                                 10.14   data required time
-----------------------------------------------------------------------------
                                 10.14   data required time
                                 -2.42   data arrival time
-----------------------------------------------------------------------------
                                  7.72   slack (MET)


Startpoint: rst (input port clocked by clk)
Endpoint: _421_ (recovery check against rising-edge clock clk)
Path Group: asynchronous
Path Type: max
Corner: Fastest

Fanout     Cap    Slew   Delay    Time   Description
-----------------------------------------------------------------------------
                          0.00    0.00   clock clk (rise edge)
                          0.00    0.00   clock network delay (propagated)
                          2.00    2.00 v input external delay
                  0.01    0.00    2.00 v rst (in)
     2    0.00                           rst (net)
                  0.01    0.00    2.00 v input1/A (sky130_fd_sc_hd__buf_1)
                  0.05    0.07    2.08 v input1/X (sky130_fd_sc_hd__buf_1)
     1    0.01                           net1 (net)
                  0.05    0.00    2.08 v _356_/A (sky130_fd_sc_hd__clkbuf_4)
                  0.07    0.15    2.23 v _356_/X (sky130_fd_sc_hd__clkbuf_4)
     9    0.05                           _200_ (net)
                  0.07    0.00    2.23 v _368_/A (sky130_fd_sc_hd__buf_4)
                  0.06    0.15    2.38 v _368_/X (sky130_fd_sc_hd__buf_4)
    10    0.06                           _202_ (net)
                  0.06    0.00    2.38 v _374_/A (sky130_fd_sc_hd__inv_2)
                  0.03    0.04    2.43 ^ _374_/Y (sky130_fd_sc_hd__inv_2)
     1    0.00                           _015_ (net)
                  0.03    0.00    2.43 ^ _421_/RESET_B (sky130_fd_sc_hd__dfrtp_1)
                                  2.43   data arrival time

                         10.00   10.00   clock clk (rise edge)
                          0.00   10.00   clock source latency
                  0.07    0.05   10.05 ^ clk (in)
     2    0.02                           clk (net)
                  0.07    0.00   10.05 ^ clkbuf_0_clk/A (sky130_fd_sc_hd__clkbuf_16)
                  0.05    0.11   10.15 ^ clkbuf_0_clk/X (sky130_fd_sc_hd__clkbuf_16)
     4    0.05                           clknet_0_clk (net)
                  0.05    0.00   10.15 ^ clkbuf_2_0__f_clk/A (sky130_fd_sc_hd__clkbuf_16)
                  0.04    0.10   10.25 ^ clkbuf_2_0__f_clk/X (sky130_fd_sc_hd__clkbuf_16)
    11    0.04                           clknet_2_0__leaf_clk (net)
                  0.04    0.00   10.25 ^ _421_/CLK (sky130_fd_sc_hd__dfrtp_1)
                         -0.25   10.00   clock uncertainty
                          0.00   10.00   clock reconvergence pessimism
                          0.15   10.15   library recovery time
                                 10.15   data required time
-----------------------------------------------------------------------------
                                 10.15   data required time
                                 -2.43   data arrival time
-----------------------------------------------------------------------------
                                  7.72   slack (MET)


Startpoint: rst (input port clocked by clk)
Endpoint: _412_ (recovery check against rising-edge clock clk)
Path Group: asynchronous
Path Type: max
Corner: Fastest

Fanout     Cap    Slew   Delay    Time   Description
-----------------------------------------------------------------------------
                          0.00    0.00   clock clk (rise edge)
                          0.00    0.00   clock network delay (propagated)
                          2.00    2.00 v input external delay
                  0.01    0.00    2.00 v rst (in)
     2    0.00                           rst (net)
                  0.01    0.00    2.00 v input1/A (sky130_fd_sc_hd__buf_1)
                  0.05    0.07    2.08 v input1/X (sky130_fd_sc_hd__buf_1)
     1    0.01                           net1 (net)
                  0.05    0.00    2.08 v _356_/A (sky130_fd_sc_hd__clkbuf_4)
                  0.07    0.15    2.23 v _356_/X (sky130_fd_sc_hd__clkbuf_4)
     9    0.05                           _200_ (net)
                  0.07    0.00    2.23 v _357_/A (sky130_fd_sc_hd__buf_4)
                  0.06    0.15    2.38 v _357_/X (sky130_fd_sc_hd__buf_4)
    10    0.06                           _201_ (net)
                  0.06    0.00    2.38 v _364_/A (sky130_fd_sc_hd__inv_2)
                  0.02    0.04    2.42 ^ _364_/Y (sky130_fd_sc_hd__inv_2)
     1    0.00                           _006_ (net)
                  0.02    0.00    2.42 ^ _412_/RESET_B (sky130_fd_sc_hd__dfrtp_1)
                                  2.42   data arrival time

                         10.00   10.00   clock clk (rise edge)
                          0.00   10.00   clock source latency
                  0.07    0.05   10.05 ^ clk (in)
     2    0.02                           clk (net)
                  0.07    0.00   10.05 ^ clkbuf_0_clk/A (sky130_fd_sc_hd__clkbuf_16)
                  0.05    0.11   10.15 ^ clkbuf_0_clk/X (sky130_fd_sc_hd__clkbuf_16)
     4    0.05                           clknet_0_clk (net)
                  0.05    0.00   10.15 ^ clkbuf_2_3__f_clk/A (sky130_fd_sc_hd__clkbuf_16)
                  0.04    0.09   10.24 ^ clkbuf_2_3__f_clk/X (sky130_fd_sc_hd__clkbuf_16)
     8    0.03                           clknet_2_3__leaf_clk (net)
                  0.04    0.00   10.24 ^ _412_/CLK (sky130_fd_sc_hd__dfrtp_1)
                         -0.25    9.99   clock uncertainty
                          0.00    9.99   clock reconvergence pessimism
                          0.15   10.14   library recovery time
                                 10.14   data required time
-----------------------------------------------------------------------------
                                 10.14   data required time
                                 -2.42   data arrival time
-----------------------------------------------------------------------------
                                  7.72   slack (MET)


Startpoint: rst (input port clocked by clk)
Endpoint: _418_ (recovery check against rising-edge clock clk)
Path Group: asynchronous
Path Type: max
Corner: Fastest

Fanout     Cap    Slew   Delay    Time   Description
-----------------------------------------------------------------------------
                          0.00    0.00   clock clk (rise edge)
                          0.00    0.00   clock network delay (propagated)
                          2.00    2.00 v input external delay
                  0.01    0.00    2.00 v rst (in)
     2    0.00                           rst (net)
                  0.01    0.00    2.00 v input1/A (sky130_fd_sc_hd__buf_1)
                  0.05    0.07    2.08 v input1/X (sky130_fd_sc_hd__buf_1)
     1    0.01                           net1 (net)
                  0.05    0.00    2.08 v _356_/A (sky130_fd_sc_hd__clkbuf_4)
                  0.07    0.15    2.23 v _356_/X (sky130_fd_sc_hd__clkbuf_4)
     9    0.05                           _200_ (net)
                  0.07    0.00    2.23 v _368_/A (sky130_fd_sc_hd__buf_4)
                  0.06    0.15    2.38 v _368_/X (sky130_fd_sc_hd__buf_4)
    10    0.06                           _202_ (net)
                  0.06    0.00    2.38 v _371_/A (sky130_fd_sc_hd__inv_2)
                  0.03    0.04    2.43 ^ _371_/Y (sky130_fd_sc_hd__inv_2)
     1    0.00                           _012_ (net)
                  0.03    0.00    2.43 ^ _418_/RESET_B (sky130_fd_sc_hd__dfrtp_1)
                                  2.43   data arrival time

                         10.00   10.00   clock clk (rise edge)
                          0.00   10.00   clock source latency
                  0.07    0.05   10.05 ^ clk (in)
     2    0.02                           clk (net)
                  0.07    0.00   10.05 ^ clkbuf_0_clk/A (sky130_fd_sc_hd__clkbuf_16)
                  0.05    0.11   10.15 ^ clkbuf_0_clk/X (sky130_fd_sc_hd__clkbuf_16)
     4    0.05                           clknet_0_clk (net)
                  0.05    0.00   10.15 ^ clkbuf_2_0__f_clk/A (sky130_fd_sc_hd__clkbuf_16)
                  0.04    0.10   10.25 ^ clkbuf_2_0__f_clk/X (sky130_fd_sc_hd__clkbuf_16)
    11    0.04                           clknet_2_0__leaf_clk (net)
                  0.04    0.00   10.25 ^ _418_/CLK (sky130_fd_sc_hd__dfrtp_1)
                         -0.25   10.00   clock uncertainty
                          0.00   10.00   clock reconvergence pessimism
                          0.15   10.15   library recovery time
                                 10.15   data required time
-----------------------------------------------------------------------------
                                 10.15   data required time
                                 -2.43   data arrival time
-----------------------------------------------------------------------------
                                  7.72   slack (MET)


Startpoint: rst (input port clocked by clk)
Endpoint: _414_ (recovery check against rising-edge clock clk)
Path Group: asynchronous
Path Type: max
Corner: Fastest

Fanout     Cap    Slew   Delay    Time   Description
-----------------------------------------------------------------------------
                          0.00    0.00   clock clk (rise edge)
                          0.00    0.00   clock network delay (propagated)
                          2.00    2.00 v input external delay
                  0.01    0.00    2.00 v rst (in)
     2    0.00                           rst (net)
                  0.01    0.00    2.00 v input1/A (sky130_fd_sc_hd__buf_1)
                  0.05    0.07    2.08 v input1/X (sky130_fd_sc_hd__buf_1)
     1    0.01                           net1 (net)
                  0.05    0.00    2.08 v _356_/A (sky130_fd_sc_hd__clkbuf_4)
                  0.07    0.15    2.23 v _356_/X (sky130_fd_sc_hd__clkbuf_4)
     9    0.05                           _200_ (net)
                  0.07    0.00    2.23 v _357_/A (sky130_fd_sc_hd__buf_4)
                  0.06    0.15    2.38 v _357_/X (sky130_fd_sc_hd__buf_4)
    10    0.06                           _201_ (net)
                  0.06    0.00    2.38 v _366_/A (sky130_fd_sc_hd__inv_2)
                  0.03    0.04    2.42 ^ _366_/Y (sky130_fd_sc_hd__inv_2)
     1    0.00                           _008_ (net)
                  0.03    0.00    2.42 ^ _414_/RESET_B (sky130_fd_sc_hd__dfrtp_1)
                                  2.42   data arrival time

                         10.00   10.00   clock clk (rise edge)
                          0.00   10.00   clock source latency
                  0.07    0.05   10.05 ^ clk (in)
     2    0.02                           clk (net)
                  0.07    0.00   10.05 ^ clkbuf_0_clk/A (sky130_fd_sc_hd__clkbuf_16)
                  0.05    0.11   10.15 ^ clkbuf_0_clk/X (sky130_fd_sc_hd__clkbuf_16)
     4    0.05                           clknet_0_clk (net)
                  0.05    0.00   10.15 ^ clkbuf_2_2__f_clk/A (sky130_fd_sc_hd__clkbuf_16)
                  0.04    0.09   10.25 ^ clkbuf_2_2__f_clk/X (sky130_fd_sc_hd__clkbuf_16)
    11    0.03                           clknet_2_2__leaf_clk (net)
                  0.04    0.00   10.25 ^ _414_/CLK (sky130_fd_sc_hd__dfrtp_1)
                         -0.25   10.00   clock uncertainty
                          0.00   10.00   clock reconvergence pessimism
                          0.15   10.14   library recovery time
                                 10.14   data required time
-----------------------------------------------------------------------------
                                 10.14   data required time
                                 -2.42   data arrival time
-----------------------------------------------------------------------------
                                  7.72   slack (MET)


Startpoint: rst (input port clocked by clk)
Endpoint: _415_ (recovery check against rising-edge clock clk)
Path Group: asynchronous
Path Type: max
Corner: Fastest

Fanout     Cap    Slew   Delay    Time   Description
-----------------------------------------------------------------------------
                          0.00    0.00   clock clk (rise edge)
                          0.00    0.00   clock network delay (propagated)
                          2.00    2.00 v input external delay
                  0.01    0.00    2.00 v rst (in)
     2    0.00                           rst (net)
                  0.01    0.00    2.00 v input1/A (sky130_fd_sc_hd__buf_1)
                  0.05    0.07    2.08 v input1/X (sky130_fd_sc_hd__buf_1)
     1    0.01                           net1 (net)
                  0.05    0.00    2.08 v _356_/A (sky130_fd_sc_hd__clkbuf_4)
                  0.07    0.15    2.23 v _356_/X (sky130_fd_sc_hd__clkbuf_4)
     9    0.05                           _200_ (net)
                  0.07    0.00    2.23 v _357_/A (sky130_fd_sc_hd__buf_4)
                  0.06    0.15    2.38 v _357_/X (sky130_fd_sc_hd__buf_4)
    10    0.06                           _201_ (net)
                  0.06    0.00    2.38 v _367_/A (sky130_fd_sc_hd__inv_2)
                  0.03    0.04    2.42 ^ _367_/Y (sky130_fd_sc_hd__inv_2)
     1    0.00                           _009_ (net)
                  0.03    0.00    2.42 ^ _415_/RESET_B (sky130_fd_sc_hd__dfrtp_1)
                                  2.42   data arrival time

                         10.00   10.00   clock clk (rise edge)
                          0.00   10.00   clock source latency
                  0.07    0.05   10.05 ^ clk (in)
     2    0.02                           clk (net)
                  0.07    0.00   10.05 ^ clkbuf_0_clk/A (sky130_fd_sc_hd__clkbuf_16)
                  0.05    0.11   10.15 ^ clkbuf_0_clk/X (sky130_fd_sc_hd__clkbuf_16)
     4    0.05                           clknet_0_clk (net)
                  0.05    0.00   10.15 ^ clkbuf_2_2__f_clk/A (sky130_fd_sc_hd__clkbuf_16)
                  0.04    0.09   10.25 ^ clkbuf_2_2__f_clk/X (sky130_fd_sc_hd__clkbuf_16)
    11    0.03                           clknet_2_2__leaf_clk (net)
                  0.04    0.00   10.25 ^ _415_/CLK (sky130_fd_sc_hd__dfrtp_1)
                         -0.25   10.00   clock uncertainty
                          0.00   10.00   clock reconvergence pessimism
                          0.15   10.14   library recovery time
                                 10.14   data required time
-----------------------------------------------------------------------------
                                 10.14   data required time
                                 -2.42   data arrival time
-----------------------------------------------------------------------------
                                  7.72   slack (MET)


Startpoint: rst (input port clocked by clk)
Endpoint: _410_ (recovery check against rising-edge clock clk)
Path Group: asynchronous
Path Type: max
Corner: Fastest

Fanout     Cap    Slew   Delay    Time   Description
-----------------------------------------------------------------------------
                          0.00    0.00   clock clk (rise edge)
                          0.00    0.00   clock network delay (propagated)
                          2.00    2.00 v input external delay
                  0.01    0.00    2.00 v rst (in)
     2    0.00                           rst (net)
                  0.01    0.00    2.00 v input1/A (sky130_fd_sc_hd__buf_1)
                  0.05    0.07    2.08 v input1/X (sky130_fd_sc_hd__buf_1)
     1    0.01                           net1 (net)
                  0.05    0.00    2.08 v _356_/A (sky130_fd_sc_hd__clkbuf_4)
                  0.07    0.15    2.23 v _356_/X (sky130_fd_sc_hd__clkbuf_4)
     9    0.05                           _200_ (net)
                  0.07    0.00    2.23 v _357_/A (sky130_fd_sc_hd__buf_4)
                  0.06    0.15    2.38 v _357_/X (sky130_fd_sc_hd__buf_4)
    10    0.06                           _201_ (net)
                  0.06    0.00    2.38 v _362_/A (sky130_fd_sc_hd__inv_2)
                  0.03    0.04    2.42 ^ _362_/Y (sky130_fd_sc_hd__inv_2)
     1    0.00                           _004_ (net)
                  0.03    0.00    2.42 ^ _410_/RESET_B (sky130_fd_sc_hd__dfrtp_1)
                                  2.42   data arrival time

                         10.00   10.00   clock clk (rise edge)
                          0.00   10.00   clock source latency
                  0.07    0.05   10.05 ^ clk (in)
     2    0.02                           clk (net)
                  0.07    0.00   10.05 ^ clkbuf_0_clk/A (sky130_fd_sc_hd__clkbuf_16)
                  0.05    0.11   10.15 ^ clkbuf_0_clk/X (sky130_fd_sc_hd__clkbuf_16)
     4    0.05                           clknet_0_clk (net)
                  0.05    0.00   10.15 ^ clkbuf_2_2__f_clk/A (sky130_fd_sc_hd__clkbuf_16)
                  0.04    0.09   10.25 ^ clkbuf_2_2__f_clk/X (sky130_fd_sc_hd__clkbuf_16)
    11    0.03                           clknet_2_2__leaf_clk (net)
                  0.04    0.00   10.25 ^ _410_/CLK (sky130_fd_sc_hd__dfrtp_1)
                         -0.25   10.00   clock uncertainty
                          0.00   10.00   clock reconvergence pessimism
                          0.15   10.14   library recovery time
                                 10.14   data required time
-----------------------------------------------------------------------------
                                 10.14   data required time
                                 -2.42   data arrival time
-----------------------------------------------------------------------------
                                  7.72   slack (MET)


Startpoint: rst (input port clocked by clk)
Endpoint: _425_ (recovery check against rising-edge clock clk)
Path Group: asynchronous
Path Type: max
Corner: Fastest

Fanout     Cap    Slew   Delay    Time   Description
-----------------------------------------------------------------------------
                          0.00    0.00   clock clk (rise edge)
                          0.00    0.00   clock network delay (propagated)
                          2.00    2.00 v input external delay
                  0.01    0.00    2.00 v rst (in)
     2    0.00                           rst (net)
                  0.01    0.00    2.00 v input1/A (sky130_fd_sc_hd__buf_1)
                  0.05    0.07    2.08 v input1/X (sky130_fd_sc_hd__buf_1)
     1    0.01                           net1 (net)
                  0.05    0.00    2.08 v _356_/A (sky130_fd_sc_hd__clkbuf_4)
                  0.07    0.15    2.23 v _356_/X (sky130_fd_sc_hd__clkbuf_4)
     9    0.05                           _200_ (net)
                  0.07    0.00    2.23 v _368_/A (sky130_fd_sc_hd__buf_4)
                  0.06    0.15    2.38 v _368_/X (sky130_fd_sc_hd__buf_4)
    10    0.06                           _202_ (net)
                  0.06    0.00    2.38 v _378_/A (sky130_fd_sc_hd__inv_2)
                  0.03    0.05    2.43 ^ _378_/Y (sky130_fd_sc_hd__inv_2)
     1    0.01                           _019_ (net)
                  0.03    0.00    2.43 ^ _425_/RESET_B (sky130_fd_sc_hd__dfrtp_1)
                                  2.43   data arrival time

                         10.00   10.00   clock clk (rise edge)
                          0.00   10.00   clock source latency
                  0.07    0.05   10.05 ^ clk (in)
     2    0.02                           clk (net)
                  0.07    0.00   10.05 ^ clkbuf_0_clk/A (sky130_fd_sc_hd__clkbuf_16)
                  0.05    0.11   10.15 ^ clkbuf_0_clk/X (sky130_fd_sc_hd__clkbuf_16)
     4    0.05                           clknet_0_clk (net)
                  0.05    0.00   10.15 ^ clkbuf_2_1__f_clk/A (sky130_fd_sc_hd__clkbuf_16)
                  0.05    0.10   10.25 ^ clkbuf_2_1__f_clk/X (sky130_fd_sc_hd__clkbuf_16)
    15    0.05                           clknet_2_1__leaf_clk (net)
                  0.05    0.00   10.26 ^ _425_/CLK (sky130_fd_sc_hd__dfrtp_1)
                         -0.25   10.01   clock uncertainty
                          0.00   10.01   clock reconvergence pessimism
                          0.15   10.15   library recovery time
                                 10.15   data required time
-----------------------------------------------------------------------------
                                 10.15   data required time
                                 -2.43   data arrival time
-----------------------------------------------------------------------------
                                  7.72   slack (MET)


Startpoint: rst (input port clocked by clk)
Endpoint: _422_ (recovery check against rising-edge clock clk)
Path Group: asynchronous
Path Type: max
Corner: Fastest

Fanout     Cap    Slew   Delay    Time   Description
-----------------------------------------------------------------------------
                          0.00    0.00   clock clk (rise edge)
                          0.00    0.00   clock network delay (propagated)
                          2.00    2.00 v input external delay
                  0.01    0.00    2.00 v rst (in)
     2    0.00                           rst (net)
                  0.01    0.00    2.00 v input1/A (sky130_fd_sc_hd__buf_1)
                  0.05    0.07    2.08 v input1/X (sky130_fd_sc_hd__buf_1)
     1    0.01                           net1 (net)
                  0.05    0.00    2.08 v _356_/A (sky130_fd_sc_hd__clkbuf_4)
                  0.07    0.15    2.23 v _356_/X (sky130_fd_sc_hd__clkbuf_4)
     9    0.05                           _200_ (net)
                  0.07    0.00    2.23 v _368_/A (sky130_fd_sc_hd__buf_4)
                  0.06    0.15    2.38 v _368_/X (sky130_fd_sc_hd__buf_4)
    10    0.06                           _202_ (net)
                  0.06    0.00    2.38 v _375_/A (sky130_fd_sc_hd__inv_2)
                  0.03    0.04    2.43 ^ _375_/Y (sky130_fd_sc_hd__inv_2)
     1    0.00                           _016_ (net)
                  0.03    0.00    2.43 ^ _422_/RESET_B (sky130_fd_sc_hd__dfrtp_1)
                                  2.43   data arrival time

                         10.00   10.00   clock clk (rise edge)
                          0.00   10.00   clock source latency
                  0.07    0.05   10.05 ^ clk (in)
     2    0.02                           clk (net)
                  0.07    0.00   10.05 ^ clkbuf_0_clk/A (sky130_fd_sc_hd__clkbuf_16)
                  0.05    0.11   10.15 ^ clkbuf_0_clk/X (sky130_fd_sc_hd__clkbuf_16)
     4    0.05                           clknet_0_clk (net)
                  0.05    0.00   10.15 ^ clkbuf_2_1__f_clk/A (sky130_fd_sc_hd__clkbuf_16)
                  0.05    0.10   10.25 ^ clkbuf_2_1__f_clk/X (sky130_fd_sc_hd__clkbuf_16)
    15    0.05                           clknet_2_1__leaf_clk (net)
                  0.05    0.00   10.26 ^ _422_/CLK (sky130_fd_sc_hd__dfrtp_1)
                         -0.25   10.01   clock uncertainty
                          0.00   10.01   clock reconvergence pessimism
                          0.15   10.15   library recovery time
                                 10.15   data required time
-----------------------------------------------------------------------------
                                 10.15   data required time
                                 -2.43   data arrival time
-----------------------------------------------------------------------------
                                  7.73   slack (MET)


Startpoint: rst (input port clocked by clk)
Endpoint: _423_ (recovery check against rising-edge clock clk)
Path Group: asynchronous
Path Type: max
Corner: Fastest

Fanout     Cap    Slew   Delay    Time   Description
-----------------------------------------------------------------------------
                          0.00    0.00   clock clk (rise edge)
                          0.00    0.00   clock network delay (propagated)
                          2.00    2.00 v input external delay
                  0.01    0.00    2.00 v rst (in)
     2    0.00                           rst (net)
                  0.01    0.00    2.00 v input1/A (sky130_fd_sc_hd__buf_1)
                  0.05    0.07    2.08 v input1/X (sky130_fd_sc_hd__buf_1)
     1    0.01                           net1 (net)
                  0.05    0.00    2.08 v _356_/A (sky130_fd_sc_hd__clkbuf_4)
                  0.07    0.15    2.23 v _356_/X (sky130_fd_sc_hd__clkbuf_4)
     9    0.05                           _200_ (net)
                  0.07    0.00    2.23 v _368_/A (sky130_fd_sc_hd__buf_4)
                  0.06    0.15    2.38 v _368_/X (sky130_fd_sc_hd__buf_4)
    10    0.06                           _202_ (net)
                  0.06    0.00    2.38 v _376_/A (sky130_fd_sc_hd__inv_2)
                  0.03    0.04    2.43 ^ _376_/Y (sky130_fd_sc_hd__inv_2)
     1    0.00                           _017_ (net)
                  0.03    0.00    2.43 ^ _423_/RESET_B (sky130_fd_sc_hd__dfrtp_1)
                                  2.43   data arrival time

                         10.00   10.00   clock clk (rise edge)
                          0.00   10.00   clock source latency
                  0.07    0.05   10.05 ^ clk (in)
     2    0.02                           clk (net)
                  0.07    0.00   10.05 ^ clkbuf_0_clk/A (sky130_fd_sc_hd__clkbuf_16)
                  0.05    0.11   10.15 ^ clkbuf_0_clk/X (sky130_fd_sc_hd__clkbuf_16)
     4    0.05                           clknet_0_clk (net)
                  0.05    0.00   10.15 ^ clkbuf_2_1__f_clk/A (sky130_fd_sc_hd__clkbuf_16)
                  0.05    0.10   10.25 ^ clkbuf_2_1__f_clk/X (sky130_fd_sc_hd__clkbuf_16)
    15    0.05                           clknet_2_1__leaf_clk (net)
                  0.05    0.00   10.26 ^ _423_/CLK (sky130_fd_sc_hd__dfrtp_1)
                         -0.25   10.01   clock uncertainty
                          0.00   10.01   clock reconvergence pessimism
                          0.15   10.15   library recovery time
                                 10.15   data required time
-----------------------------------------------------------------------------
                                 10.15   data required time
                                 -2.43   data arrival time
-----------------------------------------------------------------------------
                                  7.73   slack (MET)


Startpoint: rst (input port clocked by clk)
Endpoint: _449_ (recovery check against rising-edge clock clk)
Path Group: asynchronous
Path Type: max
Corner: Fastest

Fanout     Cap    Slew   Delay    Time   Description
-----------------------------------------------------------------------------
                          0.00    0.00   clock clk (rise edge)
                          0.00    0.00   clock network delay (propagated)
                          2.00    2.00 v input external delay
                  0.01    0.00    2.00 v rst (in)
     2    0.00                           rst (net)
                  0.01    0.00    2.00 v input1/A (sky130_fd_sc_hd__buf_1)
                  0.05    0.07    2.08 v input1/X (sky130_fd_sc_hd__buf_1)
     1    0.01                           net1 (net)
                  0.05    0.00    2.08 v _356_/A (sky130_fd_sc_hd__clkbuf_4)
                  0.07    0.15    2.23 v _356_/X (sky130_fd_sc_hd__clkbuf_4)
     9    0.05                           _200_ (net)
                  0.07    0.00    2.23 v _404_/A (sky130_fd_sc_hd__inv_2)
                  0.03    0.05    2.28 ^ _404_/Y (sky130_fd_sc_hd__inv_2)
     1    0.00                           _043_ (net)
                  0.03    0.00    2.28 ^ _449_/RESET_B (sky130_fd_sc_hd__dfrtp_1)
                                  2.28   data arrival time

                         10.00   10.00   clock clk (rise edge)
                          0.00   10.00   clock source latency
                  0.07    0.05   10.05 ^ clk (in)
     2    0.02                           clk (net)
                  0.07    0.00   10.05 ^ clkbuf_0_clk/A (sky130_fd_sc_hd__clkbuf_16)
                  0.05    0.11   10.15 ^ clkbuf_0_clk/X (sky130_fd_sc_hd__clkbuf_16)
     4    0.05                           clknet_0_clk (net)
                  0.05    0.00   10.15 ^ clkbuf_2_1__f_clk/A (sky130_fd_sc_hd__clkbuf_16)
                  0.05    0.10   10.25 ^ clkbuf_2_1__f_clk/X (sky130_fd_sc_hd__clkbuf_16)
    15    0.05                           clknet_2_1__leaf_clk (net)
                  0.05    0.00   10.25 ^ _449_/CLK (sky130_fd_sc_hd__dfrtp_1)
                         -0.25   10.00   clock uncertainty
                          0.00   10.00   clock reconvergence pessimism
                          0.15   10.15   library recovery time
                                 10.15   data required time
-----------------------------------------------------------------------------
                                 10.15   data required time
                                 -2.28   data arrival time
-----------------------------------------------------------------------------
                                  7.87   slack (MET)


Startpoint: rst (input port clocked by clk)
Endpoint: _446_ (recovery check against rising-edge clock clk)
Path Group: asynchronous
Path Type: max
Corner: Fastest

Fanout     Cap    Slew   Delay    Time   Description
-----------------------------------------------------------------------------
                          0.00    0.00   clock clk (rise edge)
                          0.00    0.00   clock network delay (propagated)
                          2.00    2.00 v input external delay
                  0.01    0.00    2.00 v rst (in)
     2    0.00                           rst (net)
                  0.01    0.00    2.00 v input1/A (sky130_fd_sc_hd__buf_1)
                  0.05    0.07    2.08 v input1/X (sky130_fd_sc_hd__buf_1)
     1    0.01                           net1 (net)
                  0.05    0.00    2.08 v _356_/A (sky130_fd_sc_hd__clkbuf_4)
                  0.07    0.15    2.23 v _356_/X (sky130_fd_sc_hd__clkbuf_4)
     9    0.05                           _200_ (net)
                  0.07    0.00    2.23 v _401_/A (sky130_fd_sc_hd__inv_2)
                  0.03    0.05    2.28 ^ _401_/Y (sky130_fd_sc_hd__inv_2)
     1    0.00                           _040_ (net)
                  0.03    0.00    2.28 ^ _446_/RESET_B (sky130_fd_sc_hd__dfrtp_1)
                                  2.28   data arrival time

                         10.00   10.00   clock clk (rise edge)
                          0.00   10.00   clock source latency
                  0.07    0.05   10.05 ^ clk (in)
     2    0.02                           clk (net)
                  0.07    0.00   10.05 ^ clkbuf_0_clk/A (sky130_fd_sc_hd__clkbuf_16)
                  0.05    0.11   10.15 ^ clkbuf_0_clk/X (sky130_fd_sc_hd__clkbuf_16)
     4    0.05                           clknet_0_clk (net)
                  0.05    0.00   10.15 ^ clkbuf_2_1__f_clk/A (sky130_fd_sc_hd__clkbuf_16)
                  0.05    0.10   10.25 ^ clkbuf_2_1__f_clk/X (sky130_fd_sc_hd__clkbuf_16)
    15    0.05                           clknet_2_1__leaf_clk (net)
                  0.05    0.00   10.26 ^ _446_/CLK (sky130_fd_sc_hd__dfrtp_1)
                         -0.25   10.01   clock uncertainty
                          0.00   10.01   clock reconvergence pessimism
                          0.15   10.15   library recovery time
                                 10.15   data required time
-----------------------------------------------------------------------------
                                 10.15   data required time
                                 -2.28   data arrival time
-----------------------------------------------------------------------------
                                  7.88   slack (MET)


Startpoint: rst (input port clocked by clk)
Endpoint: _450_ (recovery check against rising-edge clock clk)
Path Group: asynchronous
Path Type: max
Corner: Fastest

Fanout     Cap    Slew   Delay    Time   Description
-----------------------------------------------------------------------------
                          0.00    0.00   clock clk (rise edge)
                          0.00    0.00   clock network delay (propagated)
                          2.00    2.00 v input external delay
                  0.01    0.00    2.00 v rst (in)
     2    0.00                           rst (net)
                  0.01    0.00    2.00 v input1/A (sky130_fd_sc_hd__buf_1)
                  0.05    0.07    2.08 v input1/X (sky130_fd_sc_hd__buf_1)
     1    0.01                           net1 (net)
                  0.05    0.00    2.08 v _356_/A (sky130_fd_sc_hd__clkbuf_4)
                  0.07    0.15    2.23 v _356_/X (sky130_fd_sc_hd__clkbuf_4)
     9    0.05                           _200_ (net)
                  0.07    0.00    2.23 v _405_/A (sky130_fd_sc_hd__inv_2)
                  0.03    0.05    2.28 ^ _405_/Y (sky130_fd_sc_hd__inv_2)
     1    0.00                           _044_ (net)
                  0.03    0.00    2.28 ^ _450_/RESET_B (sky130_fd_sc_hd__dfrtp_1)
                                  2.28   data arrival time

                         10.00   10.00   clock clk (rise edge)
                          0.00   10.00   clock source latency
                  0.07    0.05   10.05 ^ clk (in)
     2    0.02                           clk (net)
                  0.07    0.00   10.05 ^ clkbuf_0_clk/A (sky130_fd_sc_hd__clkbuf_16)
                  0.05    0.11   10.15 ^ clkbuf_0_clk/X (sky130_fd_sc_hd__clkbuf_16)
     4    0.05                           clknet_0_clk (net)
                  0.05    0.00   10.15 ^ clkbuf_2_1__f_clk/A (sky130_fd_sc_hd__clkbuf_16)
                  0.05    0.10   10.25 ^ clkbuf_2_1__f_clk/X (sky130_fd_sc_hd__clkbuf_16)
    15    0.05                           clknet_2_1__leaf_clk (net)
                  0.05    0.00   10.25 ^ _450_/CLK (sky130_fd_sc_hd__dfrtp_1)
                         -0.25   10.00   clock uncertainty
                          0.00   10.00   clock reconvergence pessimism
                          0.15   10.15   library recovery time
                                 10.15   data required time
-----------------------------------------------------------------------------
                                 10.15   data required time
                                 -2.28   data arrival time
-----------------------------------------------------------------------------
                                  7.88   slack (MET)


Startpoint: rst (input port clocked by clk)
Endpoint: _448_ (recovery check against rising-edge clock clk)
Path Group: asynchronous
Path Type: max
Corner: Fastest

Fanout     Cap    Slew   Delay    Time   Description
-----------------------------------------------------------------------------
                          0.00    0.00   clock clk (rise edge)
                          0.00    0.00   clock network delay (propagated)
                          2.00    2.00 v input external delay
                  0.01    0.00    2.00 v rst (in)
     2    0.00                           rst (net)
                  0.01    0.00    2.00 v input1/A (sky130_fd_sc_hd__buf_1)
                  0.05    0.07    2.08 v input1/X (sky130_fd_sc_hd__buf_1)
     1    0.01                           net1 (net)
                  0.05    0.00    2.08 v _356_/A (sky130_fd_sc_hd__clkbuf_4)
                  0.07    0.15    2.23 v _356_/X (sky130_fd_sc_hd__clkbuf_4)
     9    0.05                           _200_ (net)
                  0.07    0.00    2.23 v _403_/A (sky130_fd_sc_hd__inv_2)
                  0.03    0.05    2.28 ^ _403_/Y (sky130_fd_sc_hd__inv_2)
     1    0.00                           _042_ (net)
                  0.03    0.00    2.28 ^ _448_/RESET_B (sky130_fd_sc_hd__dfrtp_1)
                                  2.28   data arrival time

                         10.00   10.00   clock clk (rise edge)
                          0.00   10.00   clock source latency
                  0.07    0.05   10.05 ^ clk (in)
     2    0.02                           clk (net)
                  0.07    0.00   10.05 ^ clkbuf_0_clk/A (sky130_fd_sc_hd__clkbuf_16)
                  0.05    0.11   10.15 ^ clkbuf_0_clk/X (sky130_fd_sc_hd__clkbuf_16)
     4    0.05                           clknet_0_clk (net)
                  0.05    0.00   10.15 ^ clkbuf_2_1__f_clk/A (sky130_fd_sc_hd__clkbuf_16)
                  0.05    0.10   10.25 ^ clkbuf_2_1__f_clk/X (sky130_fd_sc_hd__clkbuf_16)
    15    0.05                           clknet_2_1__leaf_clk (net)
                  0.05    0.00   10.26 ^ _448_/CLK (sky130_fd_sc_hd__dfrtp_1)
                         -0.25   10.01   clock uncertainty
                          0.00   10.01   clock reconvergence pessimism
                          0.15   10.15   library recovery time
                                 10.15   data required time
-----------------------------------------------------------------------------
                                 10.15   data required time
                                 -2.28   data arrival time
-----------------------------------------------------------------------------
                                  7.88   slack (MET)


Startpoint: rst (input port clocked by clk)
Endpoint: _447_ (recovery check against rising-edge clock clk)
Path Group: asynchronous
Path Type: max
Corner: Fastest

Fanout     Cap    Slew   Delay    Time   Description
-----------------------------------------------------------------------------
                          0.00    0.00   clock clk (rise edge)
                          0.00    0.00   clock network delay (propagated)
                          2.00    2.00 v input external delay
                  0.01    0.00    2.00 v rst (in)
     2    0.00                           rst (net)
                  0.01    0.00    2.00 v input1/A (sky130_fd_sc_hd__buf_1)
                  0.05    0.07    2.08 v input1/X (sky130_fd_sc_hd__buf_1)
     1    0.01                           net1 (net)
                  0.05    0.00    2.08 v _356_/A (sky130_fd_sc_hd__clkbuf_4)
                  0.07    0.15    2.23 v _356_/X (sky130_fd_sc_hd__clkbuf_4)
     9    0.05                           _200_ (net)
                  0.07    0.00    2.23 v _402_/A (sky130_fd_sc_hd__inv_2)
                  0.03    0.05    2.28 ^ _402_/Y (sky130_fd_sc_hd__inv_2)
     1    0.00                           _041_ (net)
                  0.03    0.00    2.28 ^ _447_/RESET_B (sky130_fd_sc_hd__dfrtp_1)
                                  2.28   data arrival time

                         10.00   10.00   clock clk (rise edge)
                          0.00   10.00   clock source latency
                  0.07    0.05   10.05 ^ clk (in)
     2    0.02                           clk (net)
                  0.07    0.00   10.05 ^ clkbuf_0_clk/A (sky130_fd_sc_hd__clkbuf_16)
                  0.05    0.11   10.15 ^ clkbuf_0_clk/X (sky130_fd_sc_hd__clkbuf_16)
     4    0.05                           clknet_0_clk (net)
                  0.05    0.00   10.15 ^ clkbuf_2_1__f_clk/A (sky130_fd_sc_hd__clkbuf_16)
                  0.05    0.10   10.25 ^ clkbuf_2_1__f_clk/X (sky130_fd_sc_hd__clkbuf_16)
    15    0.05                           clknet_2_1__leaf_clk (net)
                  0.05    0.00   10.26 ^ _447_/CLK (sky130_fd_sc_hd__dfrtp_1)
                         -0.25   10.01   clock uncertainty
                          0.00   10.01   clock reconvergence pessimism
                          0.15   10.15   library recovery time
                                 10.15   data required time
-----------------------------------------------------------------------------
                                 10.15   data required time
                                 -2.28   data arrival time
-----------------------------------------------------------------------------
                                  7.88   slack (MET)


Startpoint: _444_ (rising edge-triggered flip-flop clocked by clk)
Endpoint: _437_ (rising edge-triggered flip-flop clocked by clk)
Path Group: clk
Path Type: max
Corner: Fastest

Fanout     Cap    Slew   Delay    Time   Description
-----------------------------------------------------------------------------
                          0.00    0.00   clock clk (rise edge)
                          0.00    0.00   clock source latency
                  0.07    0.05    0.05 ^ clk (in)
     2    0.02                           clk (net)
                  0.07    0.00    0.05 ^ clkbuf_0_clk/A (sky130_fd_sc_hd__clkbuf_16)
                  0.05    0.12    0.17 ^ clkbuf_0_clk/X (sky130_fd_sc_hd__clkbuf_16)
     4    0.05                           clknet_0_clk (net)
                  0.05    0.00    0.17 ^ clkbuf_2_1__f_clk/A (sky130_fd_sc_hd__clkbuf_16)
                  0.05    0.11    0.28 ^ clkbuf_2_1__f_clk/X (sky130_fd_sc_hd__clkbuf_16)
    15    0.05                           clknet_2_1__leaf_clk (net)
                  0.05    0.00    0.28 ^ _444_/CLK (sky130_fd_sc_hd__dfrtp_2)
                  0.06    0.30    0.58 v _444_/Q (sky130_fd_sc_hd__dfrtp_2)
     7    0.02                           rx_inst.clk_count[1] (net)
                  0.06    0.00    0.58 v _220_/B (sky130_fd_sc_hd__or4bb_1)
                  0.06    0.30    0.88 v _220_/X (sky130_fd_sc_hd__or4bb_1)
     1    0.00                           _101_ (net)
                  0.06    0.00    0.88 v _223_/A2 (sky130_fd_sc_hd__o211a_2)
                  0.06    0.20    1.08 v _223_/X (sky130_fd_sc_hd__o211a_2)
     7    0.02                           _104_ (net)
                  0.06    0.00    1.08 v _257_/C (sky130_fd_sc_hd__or4_2)
                  0.09    0.40    1.48 v _257_/X (sky130_fd_sc_hd__or4_2)
     3    0.01                           _131_ (net)
                  0.09    0.00    1.48 v _265_/A (sky130_fd_sc_hd__or3b_1)
                  0.05    0.25    1.72 v _265_/X (sky130_fd_sc_hd__or3b_1)
     1    0.00                           _137_ (net)
                  0.05    0.00    1.72 v _266_/S (sky130_fd_sc_hd__mux2_1)
                  0.04    0.20    1.92 v _266_/X (sky130_fd_sc_hd__mux2_1)
     1    0.00                           _138_ (net)
                  0.04    0.00    1.92 v _267_/A (sky130_fd_sc_hd__clkbuf_1)
                  0.02    0.06    1.98 v _267_/X (sky130_fd_sc_hd__clkbuf_1)
     1    0.00                           _076_ (net)
                  0.02    0.00    1.98 v _437_/D (sky130_fd_sc_hd__dfrtp_1)
                                  1.98   data arrival time

                         10.00   10.00   clock clk (rise edge)
                          0.00   10.00   clock source latency
                  0.07    0.05   10.05 ^ clk (in)
     2    0.02                           clk (net)
                  0.07    0.00   10.05 ^ clkbuf_0_clk/A (sky130_fd_sc_hd__clkbuf_16)
                  0.05    0.11   10.15 ^ clkbuf_0_clk/X (sky130_fd_sc_hd__clkbuf_16)
     4    0.05                           clknet_0_clk (net)
                  0.05    0.00   10.15 ^ clkbuf_2_0__f_clk/A (sky130_fd_sc_hd__clkbuf_16)
                  0.04    0.10   10.25 ^ clkbuf_2_0__f_clk/X (sky130_fd_sc_hd__clkbuf_16)
    11    0.04                           clknet_2_0__leaf_clk (net)
                  0.04    0.00   10.25 ^ _437_/CLK (sky130_fd_sc_hd__dfrtp_1)
                         -0.25   10.00   clock uncertainty
                          0.02   10.01   clock reconvergence pessimism
                         -0.07    9.95   library setup time
                                  9.95   data required time
-----------------------------------------------------------------------------
                                  9.95   data required time
                                 -1.98   data arrival time
-----------------------------------------------------------------------------
                                  7.97   slack (MET)


Startpoint: _444_ (rising edge-triggered flip-flop clocked by clk)
Endpoint: _438_ (rising edge-triggered flip-flop clocked by clk)
Path Group: clk
Path Type: max
Corner: Fastest

Fanout     Cap    Slew   Delay    Time   Description
-----------------------------------------------------------------------------
                          0.00    0.00   clock clk (rise edge)
                          0.00    0.00   clock source latency
                  0.07    0.05    0.05 ^ clk (in)
     2    0.02                           clk (net)
                  0.07    0.00    0.05 ^ clkbuf_0_clk/A (sky130_fd_sc_hd__clkbuf_16)
                  0.05    0.12    0.17 ^ clkbuf_0_clk/X (sky130_fd_sc_hd__clkbuf_16)
     4    0.05                           clknet_0_clk (net)
                  0.05    0.00    0.17 ^ clkbuf_2_1__f_clk/A (sky130_fd_sc_hd__clkbuf_16)
                  0.05    0.11    0.28 ^ clkbuf_2_1__f_clk/X (sky130_fd_sc_hd__clkbuf_16)
    15    0.05                           clknet_2_1__leaf_clk (net)
                  0.05    0.00    0.28 ^ _444_/CLK (sky130_fd_sc_hd__dfrtp_2)
                  0.06    0.30    0.58 v _444_/Q (sky130_fd_sc_hd__dfrtp_2)
     7    0.02                           rx_inst.clk_count[1] (net)
                  0.06    0.00    0.58 v _220_/B (sky130_fd_sc_hd__or4bb_1)
                  0.06    0.30    0.88 v _220_/X (sky130_fd_sc_hd__or4bb_1)
     1    0.00                           _101_ (net)
                  0.06    0.00    0.88 v _223_/A2 (sky130_fd_sc_hd__o211a_2)
                  0.06    0.20    1.08 v _223_/X (sky130_fd_sc_hd__o211a_2)
     7    0.02                           _104_ (net)
                  0.06    0.00    1.08 v _257_/C (sky130_fd_sc_hd__or4_2)
                  0.09    0.40    1.48 v _257_/X (sky130_fd_sc_hd__or4_2)
     3    0.01                           _131_ (net)
                  0.09    0.00    1.48 v _262_/B (sky130_fd_sc_hd__or3b_1)
                  0.05    0.23    1.71 v _262_/X (sky130_fd_sc_hd__or3b_1)
     1    0.00                           _135_ (net)
                  0.05    0.00    1.71 v _263_/S (sky130_fd_sc_hd__mux2_1)
                  0.04    0.19    1.90 v _263_/X (sky130_fd_sc_hd__mux2_1)
     1    0.00                           _136_ (net)
                  0.04    0.00    1.90 v _264_/A (sky130_fd_sc_hd__clkbuf_1)
                  0.02    0.06    1.97 v _264_/X (sky130_fd_sc_hd__clkbuf_1)
     1    0.00                           _077_ (net)
                  0.02    0.00    1.97 v _438_/D (sky130_fd_sc_hd__dfrtp_2)
                                  1.97   data arrival time

                         10.00   10.00   clock clk (rise edge)
                          0.00   10.00   clock source latency
                  0.07    0.05   10.05 ^ clk (in)
     2    0.02                           clk (net)
                  0.07    0.00   10.05 ^ clkbuf_0_clk/A (sky130_fd_sc_hd__clkbuf_16)
                  0.05    0.11   10.15 ^ clkbuf_0_clk/X (sky130_fd_sc_hd__clkbuf_16)
     4    0.05                           clknet_0_clk (net)
                  0.05    0.00   10.15 ^ clkbuf_2_1__f_clk/A (sky130_fd_sc_hd__clkbuf_16)
                  0.05    0.10   10.25 ^ clkbuf_2_1__f_clk/X (sky130_fd_sc_hd__clkbuf_16)
    15    0.05                           clknet_2_1__leaf_clk (net)
                  0.05    0.00   10.25 ^ _438_/CLK (sky130_fd_sc_hd__dfrtp_2)
                         -0.25   10.00   clock uncertainty
                          0.03   10.03   clock reconvergence pessimism
                         -0.07    9.97   library setup time
                                  9.97   data required time
-----------------------------------------------------------------------------
                                  9.97   data required time
                                 -1.97   data arrival time
-----------------------------------------------------------------------------
                                  8.00   slack (MET)


Startpoint: _444_ (rising edge-triggered flip-flop clocked by clk)
Endpoint: _436_ (rising edge-triggered flip-flop clocked by clk)
Path Group: clk
Path Type: max
Corner: Fastest

Fanout     Cap    Slew   Delay    Time   Description
-----------------------------------------------------------------------------
                          0.00    0.00   clock clk (rise edge)
                          0.00    0.00   clock source latency
                  0.07    0.05    0.05 ^ clk (in)
     2    0.02                           clk (net)
                  0.07    0.00    0.05 ^ clkbuf_0_clk/A (sky130_fd_sc_hd__clkbuf_16)
                  0.05    0.12    0.17 ^ clkbuf_0_clk/X (sky130_fd_sc_hd__clkbuf_16)
     4    0.05                           clknet_0_clk (net)
                  0.05    0.00    0.17 ^ clkbuf_2_1__f_clk/A (sky130_fd_sc_hd__clkbuf_16)
                  0.05    0.11    0.28 ^ clkbuf_2_1__f_clk/X (sky130_fd_sc_hd__clkbuf_16)
    15    0.05                           clknet_2_1__leaf_clk (net)
                  0.05    0.00    0.28 ^ _444_/CLK (sky130_fd_sc_hd__dfrtp_2)
                  0.06    0.30    0.58 v _444_/Q (sky130_fd_sc_hd__dfrtp_2)
     7    0.02                           rx_inst.clk_count[1] (net)
                  0.06    0.00    0.58 v _220_/B (sky130_fd_sc_hd__or4bb_1)
                  0.06    0.30    0.88 v _220_/X (sky130_fd_sc_hd__or4bb_1)
     1    0.00                           _101_ (net)
                  0.06    0.00    0.88 v _223_/A2 (sky130_fd_sc_hd__o211a_2)
                  0.06    0.20    1.08 v _223_/X (sky130_fd_sc_hd__o211a_2)
     7    0.02                           _104_ (net)
                  0.06    0.00    1.08 v _250_/C (sky130_fd_sc_hd__or3_2)
                  0.08    0.29    1.37 v _250_/X (sky130_fd_sc_hd__or3_2)
     5    0.02                           _126_ (net)
                  0.08    0.00    1.37 v _268_/C (sky130_fd_sc_hd__or4b_1)
                  0.06    0.29    1.66 v _268_/X (sky130_fd_sc_hd__or4b_1)
     1    0.00                           _139_ (net)
                  0.06    0.00    1.66 v _269_/S (sky130_fd_sc_hd__mux2_1)
                  0.04    0.20    1.86 v _269_/X (sky130_fd_sc_hd__mux2_1)
     1    0.00                           _140_ (net)
                  0.04    0.00    1.86 v _270_/A (sky130_fd_sc_hd__clkbuf_1)
                  0.02    0.06    1.92 v _270_/X (sky130_fd_sc_hd__clkbuf_1)
     1    0.00                           _075_ (net)
                  0.02    0.00    1.92 v _436_/D (sky130_fd_sc_hd__dfrtp_1)
                                  1.92   data arrival time

                         10.00   10.00   clock clk (rise edge)
                          0.00   10.00   clock source latency
                  0.07    0.05   10.05 ^ clk (in)
     2    0.02                           clk (net)
                  0.07    0.00   10.05 ^ clkbuf_0_clk/A (sky130_fd_sc_hd__clkbuf_16)
                  0.05    0.11   10.15 ^ clkbuf_0_clk/X (sky130_fd_sc_hd__clkbuf_16)
     4    0.05                           clknet_0_clk (net)
                  0.05    0.00   10.15 ^ clkbuf_2_0__f_clk/A (sky130_fd_sc_hd__clkbuf_16)
                  0.04    0.10   10.25 ^ clkbuf_2_0__f_clk/X (sky130_fd_sc_hd__clkbuf_16)
    11    0.04                           clknet_2_0__leaf_clk (net)
                  0.04    0.00   10.25 ^ _436_/CLK (sky130_fd_sc_hd__dfrtp_1)
                         -0.25   10.00   clock uncertainty
                          0.02   10.02   clock reconvergence pessimism
                         -0.07    9.95   library setup time
                                  9.95   data required time
-----------------------------------------------------------------------------
                                  9.95   data required time
                                 -1.92   data arrival time
-----------------------------------------------------------------------------
                                  8.03   slack (MET)


Startpoint: _444_ (rising edge-triggered flip-flop clocked by clk)
Endpoint: _432_ (rising edge-triggered flip-flop clocked by clk)
Path Group: clk
Path Type: max
Corner: Fastest

Fanout     Cap    Slew   Delay    Time   Description
-----------------------------------------------------------------------------
                          0.00    0.00   clock clk (rise edge)
                          0.00    0.00   clock source latency
                  0.07    0.05    0.05 ^ clk (in)
     2    0.02                           clk (net)
                  0.07    0.00    0.05 ^ clkbuf_0_clk/A (sky130_fd_sc_hd__clkbuf_16)
                  0.05    0.12    0.17 ^ clkbuf_0_clk/X (sky130_fd_sc_hd__clkbuf_16)
     4    0.05                           clknet_0_clk (net)
                  0.05    0.00    0.17 ^ clkbuf_2_1__f_clk/A (sky130_fd_sc_hd__clkbuf_16)
                  0.05    0.11    0.28 ^ clkbuf_2_1__f_clk/X (sky130_fd_sc_hd__clkbuf_16)
    15    0.05                           clknet_2_1__leaf_clk (net)
                  0.05    0.00    0.28 ^ _444_/CLK (sky130_fd_sc_hd__dfrtp_2)
                  0.06    0.30    0.58 v _444_/Q (sky130_fd_sc_hd__dfrtp_2)
     7    0.02                           rx_inst.clk_count[1] (net)
                  0.06    0.00    0.58 v _220_/B (sky130_fd_sc_hd__or4bb_1)
                  0.06    0.30    0.88 v _220_/X (sky130_fd_sc_hd__or4bb_1)
     1    0.00                           _101_ (net)
                  0.06    0.00    0.88 v _223_/A2 (sky130_fd_sc_hd__o211a_2)
                  0.06    0.20    1.08 v _223_/X (sky130_fd_sc_hd__o211a_2)
     7    0.02                           _104_ (net)
                  0.06    0.00    1.08 v _250_/C (sky130_fd_sc_hd__or3_2)
                  0.08    0.29    1.37 v _250_/X (sky130_fd_sc_hd__or3_2)
     5    0.02                           _126_ (net)
                  0.08    0.00    1.37 v _281_/A (sky130_fd_sc_hd__nor3b_1)
                  0.22    0.23    1.60 ^ _281_/Y (sky130_fd_sc_hd__nor3b_1)
     1    0.01                           _148_ (net)
                  0.22    0.00    1.60 ^ _282_/S (sky130_fd_sc_hd__mux2_1)
                  0.04    0.20    1.80 v _282_/X (sky130_fd_sc_hd__mux2_1)
     1    0.00                           _149_ (net)
                  0.04    0.00    1.80 v _283_/A (sky130_fd_sc_hd__clkbuf_1)
                  0.02    0.06    1.86 v _283_/X (sky130_fd_sc_hd__clkbuf_1)
     1    0.00                           _071_ (net)
                  0.02    0.00    1.86 v _432_/D (sky130_fd_sc_hd__dfrtp_2)
                                  1.86   data arrival time

                         10.00   10.00   clock clk (rise edge)
                          0.00   10.00   clock source latency
                  0.07    0.05   10.05 ^ clk (in)
     2    0.02                           clk (net)
                  0.07    0.00   10.05 ^ clkbuf_0_clk/A (sky130_fd_sc_hd__clkbuf_16)
                  0.05    0.11   10.15 ^ clkbuf_0_clk/X (sky130_fd_sc_hd__clkbuf_16)
     4    0.05                           clknet_0_clk (net)
                  0.05    0.00   10.15 ^ clkbuf_2_1__f_clk/A (sky130_fd_sc_hd__clkbuf_16)
                  0.05    0.10   10.25 ^ clkbuf_2_1__f_clk/X (sky130_fd_sc_hd__clkbuf_16)
    15    0.05                           clknet_2_1__leaf_clk (net)
                  0.05    0.00   10.26 ^ _432_/CLK (sky130_fd_sc_hd__dfrtp_2)
                         -0.25   10.01   clock uncertainty
                          0.03   10.03   clock reconvergence pessimism
                         -0.07    9.97   library setup time
                                  9.97   data required time
-----------------------------------------------------------------------------
                                  9.97   data required time
                                 -1.86   data arrival time
-----------------------------------------------------------------------------
                                  8.10   slack (MET)


Startpoint: _444_ (rising edge-triggered flip-flop clocked by clk)
Endpoint: _418_ (rising edge-triggered flip-flop clocked by clk)
Path Group: clk
Path Type: max
Corner: Fastest

Fanout     Cap    Slew   Delay    Time   Description
-----------------------------------------------------------------------------
                          0.00    0.00   clock clk (rise edge)
                          0.00    0.00   clock source latency
                  0.07    0.05    0.05 ^ clk (in)
     2    0.02                           clk (net)
                  0.07    0.00    0.05 ^ clkbuf_0_clk/A (sky130_fd_sc_hd__clkbuf_16)
                  0.05    0.12    0.17 ^ clkbuf_0_clk/X (sky130_fd_sc_hd__clkbuf_16)
     4    0.05                           clknet_0_clk (net)
                  0.05    0.00    0.17 ^ clkbuf_2_1__f_clk/A (sky130_fd_sc_hd__clkbuf_16)
                  0.05    0.11    0.28 ^ clkbuf_2_1__f_clk/X (sky130_fd_sc_hd__clkbuf_16)
    15    0.05                           clknet_2_1__leaf_clk (net)
                  0.05    0.00    0.28 ^ _444_/CLK (sky130_fd_sc_hd__dfrtp_2)
                  0.06    0.30    0.58 v _444_/Q (sky130_fd_sc_hd__dfrtp_2)
     7    0.02                           rx_inst.clk_count[1] (net)
                  0.06    0.00    0.58 v _220_/B (sky130_fd_sc_hd__or4bb_1)
                  0.06    0.30    0.88 v _220_/X (sky130_fd_sc_hd__or4bb_1)
     1    0.00                           _101_ (net)
                  0.06    0.00    0.88 v _223_/A2 (sky130_fd_sc_hd__o211a_2)
                  0.06    0.20    1.08 v _223_/X (sky130_fd_sc_hd__o211a_2)
     7    0.02                           _104_ (net)
                  0.06    0.00    1.08 v _232_/B1 (sky130_fd_sc_hd__a2bb2o_1)
                  0.08    0.23    1.31 v _232_/X (sky130_fd_sc_hd__a2bb2o_1)
     5    0.02                           _112_ (net)
                  0.08    0.00    1.31 v _324_/B (sky130_fd_sc_hd__or3_1)
                  0.05    0.22    1.54 v _324_/X (sky130_fd_sc_hd__or3_1)
     1    0.00                           _177_ (net)
                  0.05    0.00    1.54 v _326_/A2 (sky130_fd_sc_hd__a21bo_1)
                  0.02    0.13    1.67 v _326_/X (sky130_fd_sc_hd__a21bo_1)
     1    0.00                           _057_ (net)
                  0.02    0.00    1.67 v _418_/D (sky130_fd_sc_hd__dfrtp_1)
                                  1.67   data arrival time

                         10.00   10.00   clock clk (rise edge)
                          0.00   10.00   clock source latency
                  0.07    0.05   10.05 ^ clk (in)
     2    0.02                           clk (net)
                  0.07    0.00   10.05 ^ clkbuf_0_clk/A (sky130_fd_sc_hd__clkbuf_16)
                  0.05    0.11   10.15 ^ clkbuf_0_clk/X (sky130_fd_sc_hd__clkbuf_16)
     4    0.05                           clknet_0_clk (net)
                  0.05    0.00   10.15 ^ clkbuf_2_0__f_clk/A (sky130_fd_sc_hd__clkbuf_16)
                  0.04    0.10   10.25 ^ clkbuf_2_0__f_clk/X (sky130_fd_sc_hd__clkbuf_16)
    11    0.04                           clknet_2_0__leaf_clk (net)
                  0.04    0.00   10.25 ^ _418_/CLK (sky130_fd_sc_hd__dfrtp_1)
                         -0.25   10.00   clock uncertainty
                          0.02   10.02   clock reconvergence pessimism
                         -0.07    9.95   library setup time
                                  9.95   data required time
-----------------------------------------------------------------------------
                                  9.95   data required time
                                 -1.67   data arrival time
-----------------------------------------------------------------------------
                                  8.28   slack (MET)


Startpoint: _444_ (rising edge-triggered flip-flop clocked by clk)
Endpoint: _441_ (rising edge-triggered flip-flop clocked by clk)
Path Group: clk
Path Type: max
Corner: Fastest

Fanout     Cap    Slew   Delay    Time   Description
-----------------------------------------------------------------------------
                          0.00    0.00   clock clk (rise edge)
                          0.00    0.00   clock source latency
                  0.07    0.05    0.05 ^ clk (in)
     2    0.02                           clk (net)
                  0.07    0.00    0.05 ^ clkbuf_0_clk/A (sky130_fd_sc_hd__clkbuf_16)
                  0.05    0.12    0.17 ^ clkbuf_0_clk/X (sky130_fd_sc_hd__clkbuf_16)
     4    0.05                           clknet_0_clk (net)
                  0.05    0.00    0.17 ^ clkbuf_2_1__f_clk/A (sky130_fd_sc_hd__clkbuf_16)
                  0.05    0.11    0.28 ^ clkbuf_2_1__f_clk/X (sky130_fd_sc_hd__clkbuf_16)
    15    0.05                           clknet_2_1__leaf_clk (net)
                  0.05    0.00    0.28 ^ _444_/CLK (sky130_fd_sc_hd__dfrtp_2)
                  0.06    0.30    0.58 v _444_/Q (sky130_fd_sc_hd__dfrtp_2)
     7    0.02                           rx_inst.clk_count[1] (net)
                  0.06    0.00    0.58 v _220_/B (sky130_fd_sc_hd__or4bb_1)
                  0.06    0.30    0.88 v _220_/X (sky130_fd_sc_hd__or4bb_1)
     1    0.00                           _101_ (net)
                  0.06    0.00    0.88 v _223_/A2 (sky130_fd_sc_hd__o211a_2)
                  0.06    0.20    1.08 v _223_/X (sky130_fd_sc_hd__o211a_2)
     7    0.02                           _104_ (net)
                  0.06    0.00    1.08 v _250_/C (sky130_fd_sc_hd__or3_2)
                  0.08    0.29    1.37 v _250_/X (sky130_fd_sc_hd__or3_2)
     5    0.02                           _126_ (net)
                  0.08    0.00    1.37 v _251_/C (sky130_fd_sc_hd__or3_1)
                  0.05    0.20    1.57 v _251_/X (sky130_fd_sc_hd__or3_1)
     1    0.00                           _127_ (net)
                  0.05    0.00    1.57 v _252_/B1_N (sky130_fd_sc_hd__a21bo_1)
                  0.03    0.12    1.69 ^ _252_/X (sky130_fd_sc_hd__a21bo_1)
     1    0.00                           _080_ (net)
                  0.03    0.00    1.69 ^ _441_/D (sky130_fd_sc_hd__dfrtp_2)
                                  1.69   data arrival time

                         10.00   10.00   clock clk (rise edge)
                          0.00   10.00   clock source latency
                  0.07    0.05   10.05 ^ clk (in)
     2    0.02                           clk (net)
                  0.07    0.00   10.05 ^ clkbuf_0_clk/A (sky130_fd_sc_hd__clkbuf_16)
                  0.05    0.11   10.15 ^ clkbuf_0_clk/X (sky130_fd_sc_hd__clkbuf_16)
     4    0.05                           clknet_0_clk (net)
                  0.05    0.00   10.15 ^ clkbuf_2_0__f_clk/A (sky130_fd_sc_hd__clkbuf_16)
                  0.04    0.10   10.25 ^ clkbuf_2_0__f_clk/X (sky130_fd_sc_hd__clkbuf_16)
    11    0.04                           clknet_2_0__leaf_clk (net)
                  0.04    0.00   10.25 ^ _441_/CLK (sky130_fd_sc_hd__dfrtp_2)
                         -0.25   10.00   clock uncertainty
                          0.02   10.02   clock reconvergence pessimism
                         -0.04    9.98   library setup time
                                  9.98   data required time
-----------------------------------------------------------------------------
                                  9.98   data required time
                                 -1.69   data arrival time
-----------------------------------------------------------------------------
                                  8.28   slack (MET)


Startpoint: _444_ (rising edge-triggered flip-flop clocked by clk)
Endpoint: _433_ (rising edge-triggered flip-flop clocked by clk)
Path Group: clk
Path Type: max
Corner: Fastest

Fanout     Cap    Slew   Delay    Time   Description
-----------------------------------------------------------------------------
                          0.00    0.00   clock clk (rise edge)
                          0.00    0.00   clock source latency
                  0.07    0.05    0.05 ^ clk (in)
     2    0.02                           clk (net)
                  0.07    0.00    0.05 ^ clkbuf_0_clk/A (sky130_fd_sc_hd__clkbuf_16)
                  0.05    0.12    0.17 ^ clkbuf_0_clk/X (sky130_fd_sc_hd__clkbuf_16)
     4    0.05                           clknet_0_clk (net)
                  0.05    0.00    0.17 ^ clkbuf_2_1__f_clk/A (sky130_fd_sc_hd__clkbuf_16)
                  0.05    0.11    0.28 ^ clkbuf_2_1__f_clk/X (sky130_fd_sc_hd__clkbuf_16)
    15    0.05                           clknet_2_1__leaf_clk (net)
                  0.05    0.00    0.28 ^ _444_/CLK (sky130_fd_sc_hd__dfrtp_2)
                  0.06    0.30    0.58 v _444_/Q (sky130_fd_sc_hd__dfrtp_2)
     7    0.02                           rx_inst.clk_count[1] (net)
                  0.06    0.00    0.58 v _220_/B (sky130_fd_sc_hd__or4bb_1)
                  0.06    0.30    0.88 v _220_/X (sky130_fd_sc_hd__or4bb_1)
     1    0.00                           _101_ (net)
                  0.06    0.00    0.88 v _223_/A2 (sky130_fd_sc_hd__o211a_2)
                  0.06    0.20    1.08 v _223_/X (sky130_fd_sc_hd__o211a_2)
     7    0.02                           _104_ (net)
                  0.06    0.00    1.08 v _271_/B_N (sky130_fd_sc_hd__and4bb_1)
                  0.08    0.21    1.29 ^ _271_/X (sky130_fd_sc_hd__and4bb_1)
     3    0.01                           _141_ (net)
                  0.08    0.00    1.29 ^ _278_/C (sky130_fd_sc_hd__and3b_1)
                  0.07    0.13    1.43 ^ _278_/X (sky130_fd_sc_hd__and3b_1)
     1    0.01                           _146_ (net)
                  0.07    0.00    1.43 ^ _279_/S (sky130_fd_sc_hd__mux2_1)
                  0.04    0.19    1.62 v _279_/X (sky130_fd_sc_hd__mux2_1)
     1    0.00                           _147_ (net)
                  0.04    0.00    1.62 v _280_/A (sky130_fd_sc_hd__clkbuf_1)
                  0.02    0.06    1.68 v _280_/X (sky130_fd_sc_hd__clkbuf_1)
     1    0.00                           _072_ (net)
                  0.02    0.00    1.68 v _433_/D (sky130_fd_sc_hd__dfrtp_1)
                                  1.68   data arrival time

                         10.00   10.00   clock clk (rise edge)
                          0.00   10.00   clock source latency
                  0.07    0.05   10.05 ^ clk (in)
     2    0.02                           clk (net)
                  0.07    0.00   10.05 ^ clkbuf_0_clk/A (sky130_fd_sc_hd__clkbuf_16)
                  0.05    0.11   10.15 ^ clkbuf_0_clk/X (sky130_fd_sc_hd__clkbuf_16)
     4    0.05                           clknet_0_clk (net)
                  0.05    0.00   10.15 ^ clkbuf_2_1__f_clk/A (sky130_fd_sc_hd__clkbuf_16)
                  0.05    0.10   10.25 ^ clkbuf_2_1__f_clk/X (sky130_fd_sc_hd__clkbuf_16)
    15    0.05                           clknet_2_1__leaf_clk (net)
                  0.05    0.00   10.26 ^ _433_/CLK (sky130_fd_sc_hd__dfrtp_1)
                         -0.25   10.01   clock uncertainty
                          0.03   10.03   clock reconvergence pessimism
                         -0.07    9.97   library setup time
                                  9.97   data required time
-----------------------------------------------------------------------------
                                  9.97   data required time
                                 -1.68   data arrival time
-----------------------------------------------------------------------------
                                  8.29   slack (MET)


Startpoint: _444_ (rising edge-triggered flip-flop clocked by clk)
Endpoint: _434_ (rising edge-triggered flip-flop clocked by clk)
Path Group: clk
Path Type: max
Corner: Fastest

Fanout     Cap    Slew   Delay    Time   Description
-----------------------------------------------------------------------------
                          0.00    0.00   clock clk (rise edge)
                          0.00    0.00   clock source latency
                  0.07    0.05    0.05 ^ clk (in)
     2    0.02                           clk (net)
                  0.07    0.00    0.05 ^ clkbuf_0_clk/A (sky130_fd_sc_hd__clkbuf_16)
                  0.05    0.12    0.17 ^ clkbuf_0_clk/X (sky130_fd_sc_hd__clkbuf_16)
     4    0.05                           clknet_0_clk (net)
                  0.05    0.00    0.17 ^ clkbuf_2_1__f_clk/A (sky130_fd_sc_hd__clkbuf_16)
                  0.05    0.11    0.28 ^ clkbuf_2_1__f_clk/X (sky130_fd_sc_hd__clkbuf_16)
    15    0.05                           clknet_2_1__leaf_clk (net)
                  0.05    0.00    0.28 ^ _444_/CLK (sky130_fd_sc_hd__dfrtp_2)
                  0.06    0.30    0.58 v _444_/Q (sky130_fd_sc_hd__dfrtp_2)
     7    0.02                           rx_inst.clk_count[1] (net)
                  0.06    0.00    0.58 v _220_/B (sky130_fd_sc_hd__or4bb_1)
                  0.06    0.30    0.88 v _220_/X (sky130_fd_sc_hd__or4bb_1)
     1    0.00                           _101_ (net)
                  0.06    0.00    0.88 v _223_/A2 (sky130_fd_sc_hd__o211a_2)
                  0.06    0.20    1.08 v _223_/X (sky130_fd_sc_hd__o211a_2)
     7    0.02                           _104_ (net)
                  0.06    0.00    1.08 v _271_/B_N (sky130_fd_sc_hd__and4bb_1)
                  0.08    0.21    1.29 ^ _271_/X (sky130_fd_sc_hd__and4bb_1)
     3    0.01                           _141_ (net)
                  0.08    0.00    1.29 ^ _275_/B (sky130_fd_sc_hd__and3b_1)
                  0.05    0.11    1.40 ^ _275_/X (sky130_fd_sc_hd__and3b_1)
     1    0.00                           _144_ (net)
                  0.05    0.00    1.40 ^ _276_/S (sky130_fd_sc_hd__mux2_1)
                  0.04    0.19    1.60 v _276_/X (sky130_fd_sc_hd__mux2_1)
     1    0.00                           _145_ (net)
                  0.04    0.00    1.60 v _277_/A (sky130_fd_sc_hd__clkbuf_1)
                  0.02    0.06    1.66 v _277_/X (sky130_fd_sc_hd__clkbuf_1)
     1    0.00                           _073_ (net)
                  0.02    0.00    1.66 v _434_/D (sky130_fd_sc_hd__dfrtp_1)
                                  1.66   data arrival time

                         10.00   10.00   clock clk (rise edge)
                          0.00   10.00   clock source latency
                  0.07    0.05   10.05 ^ clk (in)
     2    0.02                           clk (net)
                  0.07    0.00   10.05 ^ clkbuf_0_clk/A (sky130_fd_sc_hd__clkbuf_16)
                  0.05    0.11   10.15 ^ clkbuf_0_clk/X (sky130_fd_sc_hd__clkbuf_16)
     4    0.05                           clknet_0_clk (net)
                  0.05    0.00   10.15 ^ clkbuf_2_0__f_clk/A (sky130_fd_sc_hd__clkbuf_16)
                  0.04    0.10   10.25 ^ clkbuf_2_0__f_clk/X (sky130_fd_sc_hd__clkbuf_16)
    11    0.04                           clknet_2_0__leaf_clk (net)
                  0.04    0.00   10.25 ^ _434_/CLK (sky130_fd_sc_hd__dfrtp_1)
                         -0.25   10.00   clock uncertainty
                          0.02   10.01   clock reconvergence pessimism
                         -0.07    9.95   library setup time
                                  9.95   data required time
-----------------------------------------------------------------------------
                                  9.95   data required time
                                 -1.66   data arrival time
-----------------------------------------------------------------------------
                                  8.29   slack (MET)


Startpoint: _444_ (rising edge-triggered flip-flop clocked by clk)
Endpoint: _435_ (rising edge-triggered flip-flop clocked by clk)
Path Group: clk
Path Type: max
Corner: Fastest

Fanout     Cap    Slew   Delay    Time   Description
-----------------------------------------------------------------------------
                          0.00    0.00   clock clk (rise edge)
                          0.00    0.00   clock source latency
                  0.07    0.05    0.05 ^ clk (in)
     2    0.02                           clk (net)
                  0.07    0.00    0.05 ^ clkbuf_0_clk/A (sky130_fd_sc_hd__clkbuf_16)
                  0.05    0.12    0.17 ^ clkbuf_0_clk/X (sky130_fd_sc_hd__clkbuf_16)
     4    0.05                           clknet_0_clk (net)
                  0.05    0.00    0.17 ^ clkbuf_2_1__f_clk/A (sky130_fd_sc_hd__clkbuf_16)
                  0.05    0.11    0.28 ^ clkbuf_2_1__f_clk/X (sky130_fd_sc_hd__clkbuf_16)
    15    0.05                           clknet_2_1__leaf_clk (net)
                  0.05    0.00    0.28 ^ _444_/CLK (sky130_fd_sc_hd__dfrtp_2)
                  0.06    0.30    0.58 v _444_/Q (sky130_fd_sc_hd__dfrtp_2)
     7    0.02                           rx_inst.clk_count[1] (net)
                  0.06    0.00    0.58 v _220_/B (sky130_fd_sc_hd__or4bb_1)
                  0.06    0.30    0.88 v _220_/X (sky130_fd_sc_hd__or4bb_1)
     1    0.00                           _101_ (net)
                  0.06    0.00    0.88 v _223_/A2 (sky130_fd_sc_hd__o211a_2)
                  0.06    0.20    1.08 v _223_/X (sky130_fd_sc_hd__o211a_2)
     7    0.02                           _104_ (net)
                  0.06    0.00    1.08 v _271_/B_N (sky130_fd_sc_hd__and4bb_1)
                  0.08    0.21    1.29 ^ _271_/X (sky130_fd_sc_hd__and4bb_1)
     3    0.01                           _141_ (net)
                  0.08    0.00    1.29 ^ _272_/B (sky130_fd_sc_hd__nand2_1)
                  0.04    0.04    1.34 v _272_/Y (sky130_fd_sc_hd__nand2_1)
     1    0.00                           _142_ (net)
                  0.04    0.00    1.34 v _273_/S (sky130_fd_sc_hd__mux2_1)
                  0.04    0.20    1.53 v _273_/X (sky130_fd_sc_hd__mux2_1)
     1    0.00                           _143_ (net)
                  0.04    0.00    1.53 v _274_/A (sky130_fd_sc_hd__clkbuf_1)
                  0.02    0.06    1.60 v _274_/X (sky130_fd_sc_hd__clkbuf_1)
     1    0.00                           _074_ (net)
                  0.02    0.00    1.60 v _435_/D (sky130_fd_sc_hd__dfrtp_1)
                                  1.60   data arrival time

                         10.00   10.00   clock clk (rise edge)
                          0.00   10.00   clock source latency
                  0.07    0.05   10.05 ^ clk (in)
     2    0.02                           clk (net)
                  0.07    0.00   10.05 ^ clkbuf_0_clk/A (sky130_fd_sc_hd__clkbuf_16)
                  0.05    0.11   10.15 ^ clkbuf_0_clk/X (sky130_fd_sc_hd__clkbuf_16)
     4    0.05                           clknet_0_clk (net)
                  0.05    0.00   10.15 ^ clkbuf_2_0__f_clk/A (sky130_fd_sc_hd__clkbuf_16)
                  0.04    0.10   10.25 ^ clkbuf_2_0__f_clk/X (sky130_fd_sc_hd__clkbuf_16)
    11    0.04                           clknet_2_0__leaf_clk (net)
                  0.04    0.00   10.25 ^ _435_/CLK (sky130_fd_sc_hd__dfrtp_1)
                         -0.25   10.00   clock uncertainty
                          0.02   10.01   clock reconvergence pessimism
                         -0.07    9.95   library setup time
                                  9.95   data required time
-----------------------------------------------------------------------------
                                  9.95   data required time
                                 -1.60   data arrival time
-----------------------------------------------------------------------------
                                  8.35   slack (MET)


Startpoint: _444_ (rising edge-triggered flip-flop clocked by clk)
Endpoint: _439_ (rising edge-triggered flip-flop clocked by clk)
Path Group: clk
Path Type: max
Corner: Fastest

Fanout     Cap    Slew   Delay    Time   Description
-----------------------------------------------------------------------------
                          0.00    0.00   clock clk (rise edge)
                          0.00    0.00   clock source latency
                  0.07    0.05    0.05 ^ clk (in)
     2    0.02                           clk (net)
                  0.07    0.00    0.05 ^ clkbuf_0_clk/A (sky130_fd_sc_hd__clkbuf_16)
                  0.05    0.12    0.17 ^ clkbuf_0_clk/X (sky130_fd_sc_hd__clkbuf_16)
     4    0.05                           clknet_0_clk (net)
                  0.05    0.00    0.17 ^ clkbuf_2_1__f_clk/A (sky130_fd_sc_hd__clkbuf_16)
                  0.05    0.11    0.28 ^ clkbuf_2_1__f_clk/X (sky130_fd_sc_hd__clkbuf_16)
    15    0.05                           clknet_2_1__leaf_clk (net)
                  0.05    0.00    0.28 ^ _444_/CLK (sky130_fd_sc_hd__dfrtp_2)
                  0.06    0.30    0.58 v _444_/Q (sky130_fd_sc_hd__dfrtp_2)
     7    0.02                           rx_inst.clk_count[1] (net)
                  0.06    0.00    0.58 v _220_/B (sky130_fd_sc_hd__or4bb_1)
                  0.06    0.30    0.88 v _220_/X (sky130_fd_sc_hd__or4bb_1)
     1    0.00                           _101_ (net)
                  0.06    0.00    0.88 v _223_/A2 (sky130_fd_sc_hd__o211a_2)
                  0.06    0.20    1.08 v _223_/X (sky130_fd_sc_hd__o211a_2)
     7    0.02                           _104_ (net)
                  0.06    0.00    1.08 v _257_/C (sky130_fd_sc_hd__or4_2)
                  0.09    0.40    1.48 v _257_/X (sky130_fd_sc_hd__or4_2)
     3    0.01                           _131_ (net)
                  0.09    0.00    1.48 v _258_/A (sky130_fd_sc_hd__inv_2)
                  0.03    0.05    1.52 ^ _258_/Y (sky130_fd_sc_hd__inv_2)
     1    0.00                           _132_ (net)
                  0.03    0.00    1.52 ^ _261_/A3 (sky130_fd_sc_hd__a31o_1)
                  0.03    0.08    1.61 ^ _261_/X (sky130_fd_sc_hd__a31o_1)
     1    0.00                           _078_ (net)
                  0.03    0.00    1.61 ^ _439_/D (sky130_fd_sc_hd__dfrtp_1)
                                  1.61   data arrival time

                         10.00   10.00   clock clk (rise edge)
                          0.00   10.00   clock source latency
                  0.07    0.05   10.05 ^ clk (in)
     2    0.02                           clk (net)
                  0.07    0.00   10.05 ^ clkbuf_0_clk/A (sky130_fd_sc_hd__clkbuf_16)
                  0.05    0.11   10.15 ^ clkbuf_0_clk/X (sky130_fd_sc_hd__clkbuf_16)
     4    0.05                           clknet_0_clk (net)
                  0.05    0.00   10.15 ^ clkbuf_2_0__f_clk/A (sky130_fd_sc_hd__clkbuf_16)
                  0.04    0.10   10.25 ^ clkbuf_2_0__f_clk/X (sky130_fd_sc_hd__clkbuf_16)
    11    0.04                           clknet_2_0__leaf_clk (net)
                  0.04    0.00   10.25 ^ _439_/CLK (sky130_fd_sc_hd__dfrtp_1)
                         -0.25   10.00   clock uncertainty
                          0.02   10.02   clock reconvergence pessimism
                         -0.03    9.98   library setup time
                                  9.98   data required time
-----------------------------------------------------------------------------
                                  9.98   data required time
                                 -1.61   data arrival time
-----------------------------------------------------------------------------
                                  8.37   slack (MET)


Startpoint: _444_ (rising edge-triggered flip-flop clocked by clk)
Endpoint: _417_ (rising edge-triggered flip-flop clocked by clk)
Path Group: clk
Path Type: max
Corner: Fastest

Fanout     Cap    Slew   Delay    Time   Description
-----------------------------------------------------------------------------
                          0.00    0.00   clock clk (rise edge)
                          0.00    0.00   clock source latency
                  0.07    0.05    0.05 ^ clk (in)
     2    0.02                           clk (net)
                  0.07    0.00    0.05 ^ clkbuf_0_clk/A (sky130_fd_sc_hd__clkbuf_16)
                  0.05    0.12    0.17 ^ clkbuf_0_clk/X (sky130_fd_sc_hd__clkbuf_16)
     4    0.05                           clknet_0_clk (net)
                  0.05    0.00    0.17 ^ clkbuf_2_1__f_clk/A (sky130_fd_sc_hd__clkbuf_16)
                  0.05    0.11    0.28 ^ clkbuf_2_1__f_clk/X (sky130_fd_sc_hd__clkbuf_16)
    15    0.05                           clknet_2_1__leaf_clk (net)
                  0.05    0.00    0.28 ^ _444_/CLK (sky130_fd_sc_hd__dfrtp_2)
                  0.06    0.30    0.58 v _444_/Q (sky130_fd_sc_hd__dfrtp_2)
     7    0.02                           rx_inst.clk_count[1] (net)
                  0.06    0.00    0.58 v _220_/B (sky130_fd_sc_hd__or4bb_1)
                  0.06    0.30    0.88 v _220_/X (sky130_fd_sc_hd__or4bb_1)
     1    0.00                           _101_ (net)
                  0.06    0.00    0.88 v _223_/A2 (sky130_fd_sc_hd__o211a_2)
                  0.06    0.20    1.08 v _223_/X (sky130_fd_sc_hd__o211a_2)
     7    0.02                           _104_ (net)
                  0.06    0.00    1.08 v _232_/B1 (sky130_fd_sc_hd__a2bb2o_1)
                  0.08    0.23    1.31 v _232_/X (sky130_fd_sc_hd__a2bb2o_1)
     5    0.02                           _112_ (net)
                  0.08    0.00    1.31 v _327_/B1 (sky130_fd_sc_hd__a311o_1)
                  0.05    0.15    1.47 v _327_/X (sky130_fd_sc_hd__a311o_1)
     1    0.01                           _179_ (net)
                  0.05    0.00    1.47 v _328_/B (sky130_fd_sc_hd__xnor2_1)
                  0.04    0.09    1.55 v _328_/Y (sky130_fd_sc_hd__xnor2_1)
     1    0.00                           _056_ (net)
                  0.04    0.00    1.55 v _417_/D (sky130_fd_sc_hd__dfrtp_4)
                                  1.55   data arrival time

                         10.00   10.00   clock clk (rise edge)
                          0.00   10.00   clock source latency
                  0.07    0.05   10.05 ^ clk (in)
     2    0.02                           clk (net)
                  0.07    0.00   10.05 ^ clkbuf_0_clk/A (sky130_fd_sc_hd__clkbuf_16)
                  0.05    0.11   10.15 ^ clkbuf_0_clk/X (sky130_fd_sc_hd__clkbuf_16)
     4    0.05                           clknet_0_clk (net)
                  0.05    0.00   10.15 ^ clkbuf_2_2__f_clk/A (sky130_fd_sc_hd__clkbuf_16)
                  0.04    0.09   10.25 ^ clkbuf_2_2__f_clk/X (sky130_fd_sc_hd__clkbuf_16)
    11    0.03                           clknet_2_2__leaf_clk (net)
                  0.04    0.00   10.25 ^ _417_/CLK (sky130_fd_sc_hd__dfrtp_4)
                         -0.25   10.00   clock uncertainty
                          0.02   10.01   clock reconvergence pessimism
                         -0.07    9.94   library setup time
                                  9.94   data required time
-----------------------------------------------------------------------------
                                  9.94   data required time
                                 -1.55   data arrival time
-----------------------------------------------------------------------------
                                  8.39   slack (MET)


Startpoint: _444_ (rising edge-triggered flip-flop clocked by clk)
Endpoint: _440_ (rising edge-triggered flip-flop clocked by clk)
Path Group: clk
Path Type: max
Corner: Fastest

Fanout     Cap    Slew   Delay    Time   Description
-----------------------------------------------------------------------------
                          0.00    0.00   clock clk (rise edge)
                          0.00    0.00   clock source latency
                  0.07    0.05    0.05 ^ clk (in)
     2    0.02                           clk (net)
                  0.07    0.00    0.05 ^ clkbuf_0_clk/A (sky130_fd_sc_hd__clkbuf_16)
                  0.05    0.12    0.17 ^ clkbuf_0_clk/X (sky130_fd_sc_hd__clkbuf_16)
     4    0.05                           clknet_0_clk (net)
                  0.05    0.00    0.17 ^ clkbuf_2_1__f_clk/A (sky130_fd_sc_hd__clkbuf_16)
                  0.05    0.11    0.28 ^ clkbuf_2_1__f_clk/X (sky130_fd_sc_hd__clkbuf_16)
    15    0.05                           clknet_2_1__leaf_clk (net)
                  0.05    0.00    0.28 ^ _444_/CLK (sky130_fd_sc_hd__dfrtp_2)
                  0.06    0.30    0.58 v _444_/Q (sky130_fd_sc_hd__dfrtp_2)
     7    0.02                           rx_inst.clk_count[1] (net)
                  0.06    0.00    0.58 v _220_/B (sky130_fd_sc_hd__or4bb_1)
                  0.06    0.30    0.88 v _220_/X (sky130_fd_sc_hd__or4bb_1)
     1    0.00                           _101_ (net)
                  0.06    0.00    0.88 v _223_/A2 (sky130_fd_sc_hd__o211a_2)
                  0.06    0.20    1.08 v _223_/X (sky130_fd_sc_hd__o211a_2)
     7    0.02                           _104_ (net)
                  0.06    0.00    1.08 v _250_/C (sky130_fd_sc_hd__or3_2)
                  0.08    0.29    1.37 v _250_/X (sky130_fd_sc_hd__or3_2)
     5    0.02                           _126_ (net)
                  0.08    0.00    1.37 v _253_/A (sky130_fd_sc_hd__inv_2)
                  0.02    0.04    1.41 ^ _253_/Y (sky130_fd_sc_hd__inv_2)
     1    0.00                           _128_ (net)
                  0.02    0.00    1.41 ^ _254_/A0 (sky130_fd_sc_hd__mux2_1)
                  0.03    0.08    1.49 ^ _254_/X (sky130_fd_sc_hd__mux2_1)
     1    0.00                           _129_ (net)
                  0.03    0.00    1.49 ^ _255_/A (sky130_fd_sc_hd__clkbuf_1)
                  0.03    0.06    1.54 ^ _255_/X (sky130_fd_sc_hd__clkbuf_1)
     1    0.00                           _079_ (net)
                  0.03    0.00    1.54 ^ _440_/D (sky130_fd_sc_hd__dfrtp_4)
                                  1.54   data arrival time

                         10.00   10.00   clock clk (rise edge)
                          0.00   10.00   clock source latency
                  0.07    0.05   10.05 ^ clk (in)
     2    0.02                           clk (net)
                  0.07    0.00   10.05 ^ clkbuf_0_clk/A (sky130_fd_sc_hd__clkbuf_16)
                  0.05    0.11   10.15 ^ clkbuf_0_clk/X (sky130_fd_sc_hd__clkbuf_16)
     4    0.05                           clknet_0_clk (net)
                  0.05    0.00   10.15 ^ clkbuf_2_0__f_clk/A (sky130_fd_sc_hd__clkbuf_16)
                  0.04    0.10   10.25 ^ clkbuf_2_0__f_clk/X (sky130_fd_sc_hd__clkbuf_16)
    11    0.04                           clknet_2_0__leaf_clk (net)
                  0.04    0.00   10.25 ^ _440_/CLK (sky130_fd_sc_hd__dfrtp_4)
                         -0.25   10.00   clock uncertainty
                          0.02   10.02   clock reconvergence pessimism
                         -0.04    9.98   library setup time
                                  9.98   data required time
-----------------------------------------------------------------------------
                                  9.98   data required time
                                 -1.54   data arrival time
-----------------------------------------------------------------------------
                                  8.43   slack (MET)


Startpoint: _444_ (rising edge-triggered flip-flop clocked by clk)
Endpoint: _444_ (rising edge-triggered flip-flop clocked by clk)
Path Group: clk
Path Type: max
Corner: Fastest

Fanout     Cap    Slew   Delay    Time   Description
-----------------------------------------------------------------------------
                          0.00    0.00   clock clk (rise edge)
                          0.00    0.00   clock source latency
                  0.07    0.05    0.05 ^ clk (in)
     2    0.02                           clk (net)
                  0.07    0.00    0.05 ^ clkbuf_0_clk/A (sky130_fd_sc_hd__clkbuf_16)
                  0.05    0.12    0.17 ^ clkbuf_0_clk/X (sky130_fd_sc_hd__clkbuf_16)
     4    0.05                           clknet_0_clk (net)
                  0.05    0.00    0.17 ^ clkbuf_2_1__f_clk/A (sky130_fd_sc_hd__clkbuf_16)
                  0.05    0.11    0.28 ^ clkbuf_2_1__f_clk/X (sky130_fd_sc_hd__clkbuf_16)
    15    0.05                           clknet_2_1__leaf_clk (net)
                  0.05    0.00    0.28 ^ _444_/CLK (sky130_fd_sc_hd__dfrtp_2)
                  0.06    0.30    0.58 v _444_/Q (sky130_fd_sc_hd__dfrtp_2)
     7    0.02                           rx_inst.clk_count[1] (net)
                  0.06    0.00    0.58 v _220_/B (sky130_fd_sc_hd__or4bb_1)
                  0.06    0.30    0.88 v _220_/X (sky130_fd_sc_hd__or4bb_1)
     1    0.00                           _101_ (net)
                  0.06    0.00    0.88 v _223_/A2 (sky130_fd_sc_hd__o211a_2)
                  0.06    0.20    1.08 v _223_/X (sky130_fd_sc_hd__o211a_2)
     7    0.02                           _104_ (net)
                  0.06    0.00    1.08 v _232_/B1 (sky130_fd_sc_hd__a2bb2o_1)
                  0.08    0.23    1.31 v _232_/X (sky130_fd_sc_hd__a2bb2o_1)
     5    0.02                           _112_ (net)
                  0.08    0.00    1.31 v _237_/A (sky130_fd_sc_hd__and2_1)
                  0.02    0.10    1.42 v _237_/X (sky130_fd_sc_hd__and2_1)
     1    0.00                           _116_ (net)
                  0.02    0.00    1.42 v _238_/A (sky130_fd_sc_hd__clkbuf_1)
                  0.02    0.06    1.48 v _238_/X (sky130_fd_sc_hd__clkbuf_1)
     1    0.00                           _083_ (net)
                  0.02    0.00    1.48 v _444_/D (sky130_fd_sc_hd__dfrtp_2)
                                  1.48   data arrival time

                         10.00   10.00   clock clk (rise edge)
                          0.00   10.00   clock source latency
                  0.07    0.05   10.05 ^ clk (in)
     2    0.02                           clk (net)
                  0.07    0.00   10.05 ^ clkbuf_0_clk/A (sky130_fd_sc_hd__clkbuf_16)
                  0.05    0.11   10.15 ^ clkbuf_0_clk/X (sky130_fd_sc_hd__clkbuf_16)
     4    0.05                           clknet_0_clk (net)
                  0.05    0.00   10.15 ^ clkbuf_2_1__f_clk/A (sky130_fd_sc_hd__clkbuf_16)
                  0.05    0.10   10.25 ^ clkbuf_2_1__f_clk/X (sky130_fd_sc_hd__clkbuf_16)
    15    0.05                           clknet_2_1__leaf_clk (net)
                  0.05    0.00   10.25 ^ _444_/CLK (sky130_fd_sc_hd__dfrtp_2)
                         -0.25   10.00   clock uncertainty
                          0.03   10.03   clock reconvergence pessimism
                         -0.07    9.96   library setup time
                                  9.96   data required time
-----------------------------------------------------------------------------
                                  9.96   data required time
                                 -1.48   data arrival time
-----------------------------------------------------------------------------
                                  8.48   slack (MET)


Startpoint: _444_ (rising edge-triggered flip-flop clocked by clk)
Endpoint: _445_ (rising edge-triggered flip-flop clocked by clk)
Path Group: clk
Path Type: max
Corner: Fastest

Fanout     Cap    Slew   Delay    Time   Description
-----------------------------------------------------------------------------
                          0.00    0.00   clock clk (rise edge)
                          0.00    0.00   clock source latency
                  0.07    0.05    0.05 ^ clk (in)
     2    0.02                           clk (net)
                  0.07    0.00    0.05 ^ clkbuf_0_clk/A (sky130_fd_sc_hd__clkbuf_16)
                  0.05    0.12    0.17 ^ clkbuf_0_clk/X (sky130_fd_sc_hd__clkbuf_16)
     4    0.05                           clknet_0_clk (net)
                  0.05    0.00    0.17 ^ clkbuf_2_1__f_clk/A (sky130_fd_sc_hd__clkbuf_16)
                  0.05    0.11    0.28 ^ clkbuf_2_1__f_clk/X (sky130_fd_sc_hd__clkbuf_16)
    15    0.05                           clknet_2_1__leaf_clk (net)
                  0.05    0.00    0.28 ^ _444_/CLK (sky130_fd_sc_hd__dfrtp_2)
                  0.06    0.30    0.58 v _444_/Q (sky130_fd_sc_hd__dfrtp_2)
     7    0.02                           rx_inst.clk_count[1] (net)
                  0.06    0.00    0.58 v _220_/B (sky130_fd_sc_hd__or4bb_1)
                  0.06    0.30    0.88 v _220_/X (sky130_fd_sc_hd__or4bb_1)
     1    0.00                           _101_ (net)
                  0.06    0.00    0.88 v _223_/A2 (sky130_fd_sc_hd__o211a_2)
                  0.06    0.20    1.08 v _223_/X (sky130_fd_sc_hd__o211a_2)
     7    0.02                           _104_ (net)
                  0.06    0.00    1.08 v _232_/B1 (sky130_fd_sc_hd__a2bb2o_1)
                  0.08    0.23    1.31 v _232_/X (sky130_fd_sc_hd__a2bb2o_1)
     5    0.02                           _112_ (net)
                  0.08    0.00    1.31 v _235_/B1 (sky130_fd_sc_hd__a32o_1)
                  0.03    0.10    1.41 v _235_/X (sky130_fd_sc_hd__a32o_1)
     1    0.00                           _084_ (net)
                  0.03    0.00    1.41 v _445_/D (sky130_fd_sc_hd__dfrtp_2)
                                  1.41   data arrival time

                         10.00   10.00   clock clk (rise edge)
                          0.00   10.00   clock source latency
                  0.07    0.05   10.05 ^ clk (in)
     2    0.02                           clk (net)
                  0.07    0.00   10.05 ^ clkbuf_0_clk/A (sky130_fd_sc_hd__clkbuf_16)
                  0.05    0.11   10.15 ^ clkbuf_0_clk/X (sky130_fd_sc_hd__clkbuf_16)
     4    0.05                           clknet_0_clk (net)
                  0.05    0.00   10.15 ^ clkbuf_2_0__f_clk/A (sky130_fd_sc_hd__clkbuf_16)
                  0.04    0.10   10.25 ^ clkbuf_2_0__f_clk/X (sky130_fd_sc_hd__clkbuf_16)
    11    0.04                           clknet_2_0__leaf_clk (net)
                  0.04    0.00   10.25 ^ _445_/CLK (sky130_fd_sc_hd__dfrtp_2)
                         -0.25   10.00   clock uncertainty
                          0.02   10.01   clock reconvergence pessimism
                         -0.07    9.94   library setup time
                                  9.94   data required time
-----------------------------------------------------------------------------
                                  9.94   data required time
                                 -1.41   data arrival time
-----------------------------------------------------------------------------
                                  8.53   slack (MET)


Startpoint: _421_ (rising edge-triggered flip-flop clocked by clk)
Endpoint: _421_ (rising edge-triggered flip-flop clocked by clk)
Path Group: clk
Path Type: max
Corner: Fastest

Fanout     Cap    Slew   Delay    Time   Description
-----------------------------------------------------------------------------
                          0.00    0.00   clock clk (rise edge)
                          0.00    0.00   clock source latency
                  0.07    0.05    0.05 ^ clk (in)
     2    0.02                           clk (net)
                  0.07    0.00    0.05 ^ clkbuf_0_clk/A (sky130_fd_sc_hd__clkbuf_16)
                  0.05    0.12    0.17 ^ clkbuf_0_clk/X (sky130_fd_sc_hd__clkbuf_16)
     4    0.05                           clknet_0_clk (net)
                  0.05    0.00    0.17 ^ clkbuf_2_0__f_clk/A (sky130_fd_sc_hd__clkbuf_16)
                  0.04    0.11    0.27 ^ clkbuf_2_0__f_clk/X (sky130_fd_sc_hd__clkbuf_16)
    11    0.04                           clknet_2_0__leaf_clk (net)
                  0.04    0.00    0.28 ^ _421_/CLK (sky130_fd_sc_hd__dfrtp_1)
                  0.05    0.27    0.54 v _421_/Q (sky130_fd_sc_hd__dfrtp_1)
     2    0.01                           net19 (net)
                  0.05    0.00    0.54 v hold2/A (sky130_fd_sc_hd__dlygate4sd3_1)
                  0.04    0.38    0.93 v hold2/X (sky130_fd_sc_hd__dlygate4sd3_1)
     1    0.00                           net26 (net)
                  0.04    0.00    0.93 v _313_/B1 (sky130_fd_sc_hd__o21ai_1)
                  0.06    0.05    0.97 ^ _313_/Y (sky130_fd_sc_hd__o21ai_1)
     1    0.00                           _169_ (net)
                  0.06    0.00    0.97 ^ hold3/A (sky130_fd_sc_hd__dlygate4sd3_1)
                  0.04    0.40    1.37 ^ hold3/X (sky130_fd_sc_hd__dlygate4sd3_1)
     1    0.00                           net27 (net)
                  0.04    0.00    1.37 ^ _314_/B1 (sky130_fd_sc_hd__o31ai_1)
                  0.03    0.03    1.39 v _314_/Y (sky130_fd_sc_hd__o31ai_1)
     1    0.00                           _060_ (net)
                  0.03    0.00    1.39 v _421_/D (sky130_fd_sc_hd__dfrtp_1)
                                  1.39   data arrival time

                         10.00   10.00   clock clk (rise edge)
                          0.00   10.00   clock source latency
                  0.07    0.05   10.05 ^ clk (in)
     2    0.02                           clk (net)
                  0.07    0.00   10.05 ^ clkbuf_0_clk/A (sky130_fd_sc_hd__clkbuf_16)
                  0.05    0.11   10.15 ^ clkbuf_0_clk/X (sky130_fd_sc_hd__clkbuf_16)
     4    0.05                           clknet_0_clk (net)
                  0.05    0.00   10.15 ^ clkbuf_2_0__f_clk/A (sky130_fd_sc_hd__clkbuf_16)
                  0.04    0.10   10.25 ^ clkbuf_2_0__f_clk/X (sky130_fd_sc_hd__clkbuf_16)
    11    0.04                           clknet_2_0__leaf_clk (net)
                  0.04    0.00   10.25 ^ _421_/CLK (sky130_fd_sc_hd__dfrtp_1)
                         -0.25   10.00   clock uncertainty
                          0.03   10.03   clock reconvergence pessimism
                         -0.07    9.95   library setup time
                                  9.95   data required time
-----------------------------------------------------------------------------
                                  9.95   data required time
                                 -1.39   data arrival time
-----------------------------------------------------------------------------
                                  8.56   slack (MET)


Startpoint: _444_ (rising edge-triggered flip-flop clocked by clk)
Endpoint: _446_ (rising edge-triggered flip-flop clocked by clk)
Path Group: clk
Path Type: max
Corner: Fastest

Fanout     Cap    Slew   Delay    Time   Description
-----------------------------------------------------------------------------
                          0.00    0.00   clock clk (rise edge)
                          0.00    0.00   clock source latency
                  0.07    0.05    0.05 ^ clk (in)
     2    0.02                           clk (net)
                  0.07    0.00    0.05 ^ clkbuf_0_clk/A (sky130_fd_sc_hd__clkbuf_16)
                  0.05    0.12    0.17 ^ clkbuf_0_clk/X (sky130_fd_sc_hd__clkbuf_16)
     4    0.05                           clknet_0_clk (net)
                  0.05    0.00    0.17 ^ clkbuf_2_1__f_clk/A (sky130_fd_sc_hd__clkbuf_16)
                  0.05    0.11    0.28 ^ clkbuf_2_1__f_clk/X (sky130_fd_sc_hd__clkbuf_16)
    15    0.05                           clknet_2_1__leaf_clk (net)
                  0.05    0.00    0.28 ^ _444_/CLK (sky130_fd_sc_hd__dfrtp_2)
                  0.06    0.30    0.58 v _444_/Q (sky130_fd_sc_hd__dfrtp_2)
     7    0.02                           rx_inst.clk_count[1] (net)
                  0.06    0.00    0.58 v _220_/B (sky130_fd_sc_hd__or4bb_1)
                  0.06    0.30    0.88 v _220_/X (sky130_fd_sc_hd__or4bb_1)
     1    0.00                           _101_ (net)
                  0.06    0.00    0.88 v _223_/A2 (sky130_fd_sc_hd__o211a_2)
                  0.06    0.20    1.08 v _223_/X (sky130_fd_sc_hd__o211a_2)
     7    0.02                           _104_ (net)
                  0.06    0.00    1.08 v _224_/A2 (sky130_fd_sc_hd__a21o_1)
                  0.04    0.14    1.22 v _224_/X (sky130_fd_sc_hd__a21o_1)
     2    0.01                           _105_ (net)
                  0.04    0.00    1.22 v _226_/B (sky130_fd_sc_hd__and3b_1)
                  0.03    0.10    1.33 v _226_/X (sky130_fd_sc_hd__and3b_1)
     1    0.00                           _107_ (net)
                  0.03    0.00    1.33 v _227_/A (sky130_fd_sc_hd__clkbuf_1)
                  0.02    0.06    1.38 v _227_/X (sky130_fd_sc_hd__clkbuf_1)
     1    0.00                           _085_ (net)
                  0.02    0.00    1.38 v _446_/D (sky130_fd_sc_hd__dfrtp_1)
                                  1.38   data arrival time

                         10.00   10.00   clock clk (rise edge)
                          0.00   10.00   clock source latency
                  0.07    0.05   10.05 ^ clk (in)
     2    0.02                           clk (net)
                  0.07    0.00   10.05 ^ clkbuf_0_clk/A (sky130_fd_sc_hd__clkbuf_16)
                  0.05    0.11   10.15 ^ clkbuf_0_clk/X (sky130_fd_sc_hd__clkbuf_16)
     4    0.05                           clknet_0_clk (net)
                  0.05    0.00   10.15 ^ clkbuf_2_1__f_clk/A (sky130_fd_sc_hd__clkbuf_16)
                  0.05    0.10   10.25 ^ clkbuf_2_1__f_clk/X (sky130_fd_sc_hd__clkbuf_16)
    15    0.05                           clknet_2_1__leaf_clk (net)
                  0.05    0.00   10.26 ^ _446_/CLK (sky130_fd_sc_hd__dfrtp_1)
                         -0.25   10.01   clock uncertainty
                          0.03   10.03   clock reconvergence pessimism
                         -0.07    9.97   library setup time
                                  9.97   data required time
-----------------------------------------------------------------------------
                                  9.97   data required time
                                 -1.38   data arrival time
-----------------------------------------------------------------------------
                                  8.58   slack (MET)


Startpoint: _444_ (rising edge-triggered flip-flop clocked by clk)
Endpoint: _442_ (rising edge-triggered flip-flop clocked by clk)
Path Group: clk
Path Type: max
Corner: Fastest

Fanout     Cap    Slew   Delay    Time   Description
-----------------------------------------------------------------------------
                          0.00    0.00   clock clk (rise edge)
                          0.00    0.00   clock source latency
                  0.07    0.05    0.05 ^ clk (in)
     2    0.02                           clk (net)
                  0.07    0.00    0.05 ^ clkbuf_0_clk/A (sky130_fd_sc_hd__clkbuf_16)
                  0.05    0.12    0.17 ^ clkbuf_0_clk/X (sky130_fd_sc_hd__clkbuf_16)
     4    0.05                           clknet_0_clk (net)
                  0.05    0.00    0.17 ^ clkbuf_2_1__f_clk/A (sky130_fd_sc_hd__clkbuf_16)
                  0.05    0.11    0.28 ^ clkbuf_2_1__f_clk/X (sky130_fd_sc_hd__clkbuf_16)
    15    0.05                           clknet_2_1__leaf_clk (net)
                  0.05    0.00    0.28 ^ _444_/CLK (sky130_fd_sc_hd__dfrtp_2)
                  0.06    0.30    0.58 v _444_/Q (sky130_fd_sc_hd__dfrtp_2)
     7    0.02                           rx_inst.clk_count[1] (net)
                  0.06    0.00    0.58 v _220_/B (sky130_fd_sc_hd__or4bb_1)
                  0.06    0.30    0.88 v _220_/X (sky130_fd_sc_hd__or4bb_1)
     1    0.00                           _101_ (net)
                  0.06    0.00    0.88 v _223_/A2 (sky130_fd_sc_hd__o211a_2)
                  0.06    0.20    1.08 v _223_/X (sky130_fd_sc_hd__o211a_2)
     7    0.02                           _104_ (net)
                  0.06    0.00    1.08 v _244_/A1 (sky130_fd_sc_hd__o21ai_1)
                  0.12    0.14    1.21 ^ _244_/Y (sky130_fd_sc_hd__o21ai_1)
     2    0.01                           _121_ (net)
                  0.12    0.00    1.21 ^ _245_/A3 (sky130_fd_sc_hd__a31o_1)
                  0.03    0.10    1.31 ^ _245_/X (sky130_fd_sc_hd__a31o_1)
     1    0.00                           _122_ (net)
                  0.03    0.00    1.31 ^ _246_/B1 (sky130_fd_sc_hd__o21a_1)
                  0.04    0.06    1.37 ^ _246_/X (sky130_fd_sc_hd__o21a_1)
     1    0.00                           _081_ (net)
                  0.04    0.00    1.38 ^ _442_/D (sky130_fd_sc_hd__dfrtp_2)
                                  1.38   data arrival time

                         10.00   10.00   clock clk (rise edge)
                          0.00   10.00   clock source latency
                  0.07    0.05   10.05 ^ clk (in)
     2    0.02                           clk (net)
                  0.07    0.00   10.05 ^ clkbuf_0_clk/A (sky130_fd_sc_hd__clkbuf_16)
                  0.05    0.11   10.15 ^ clkbuf_0_clk/X (sky130_fd_sc_hd__clkbuf_16)
     4    0.05                           clknet_0_clk (net)
                  0.05    0.00   10.15 ^ clkbuf_2_0__f_clk/A (sky130_fd_sc_hd__clkbuf_16)
                  0.04    0.10   10.25 ^ clkbuf_2_0__f_clk/X (sky130_fd_sc_hd__clkbuf_16)
    11    0.04                           clknet_2_0__leaf_clk (net)
                  0.04    0.00   10.25 ^ _442_/CLK (sky130_fd_sc_hd__dfrtp_2)
                         -0.25   10.00   clock uncertainty
                          0.02   10.02   clock reconvergence pessimism
                         -0.04    9.98   library setup time
                                  9.98   data required time
-----------------------------------------------------------------------------
                                  9.98   data required time
                                 -1.38   data arrival time
-----------------------------------------------------------------------------
                                  8.60   slack (MET)


Startpoint: _406_ (rising edge-triggered flip-flop clocked by clk)
Endpoint: _420_ (rising edge-triggered flip-flop clocked by clk)
Path Group: clk
Path Type: max
Corner: Fastest

Fanout     Cap    Slew   Delay    Time   Description
-----------------------------------------------------------------------------
                          0.00    0.00   clock clk (rise edge)
                          0.00    0.00   clock source latency
                  0.07    0.05    0.05 ^ clk (in)
     2    0.02                           clk (net)
                  0.07    0.00    0.05 ^ clkbuf_0_clk/A (sky130_fd_sc_hd__clkbuf_16)
                  0.05    0.12    0.17 ^ clkbuf_0_clk/X (sky130_fd_sc_hd__clkbuf_16)
     4    0.05                           clknet_0_clk (net)
                  0.05    0.00    0.17 ^ clkbuf_2_3__f_clk/A (sky130_fd_sc_hd__clkbuf_16)
                  0.04    0.10    0.27 ^ clkbuf_2_3__f_clk/X (sky130_fd_sc_hd__clkbuf_16)
     8    0.03                           clknet_2_3__leaf_clk (net)
                  0.04    0.00    0.27 ^ _406_/CLK (sky130_fd_sc_hd__dfrtp_2)
                  0.10    0.28    0.55 ^ _406_/Q (sky130_fd_sc_hd__dfrtp_2)
     5    0.03                           tx_inst.bit_index[0] (net)
                  0.10    0.00    0.55 ^ _316_/S0 (sky130_fd_sc_hd__mux4_1)
                  0.06    0.29    0.84 v _316_/X (sky130_fd_sc_hd__mux4_1)
     1    0.00                           _171_ (net)
                  0.06    0.00    0.84 v _317_/A1 (sky130_fd_sc_hd__mux2_1)
                  0.04    0.17    1.01 v _317_/X (sky130_fd_sc_hd__mux2_1)
     1    0.00                           _172_ (net)
                  0.04    0.00    1.01 v _318_/B (sky130_fd_sc_hd__and3b_1)
                  0.02    0.10    1.11 v _318_/X (sky130_fd_sc_hd__and3b_1)
     1    0.00                           _173_ (net)
                  0.02    0.00    1.11 v _319_/C (sky130_fd_sc_hd__or3_1)
                  0.05    0.18    1.29 v _319_/X (sky130_fd_sc_hd__or3_1)
     1    0.00                           _174_ (net)
                  0.05    0.00    1.29 v _320_/A (sky130_fd_sc_hd__clkbuf_1)
                  0.02    0.07    1.36 v _320_/X (sky130_fd_sc_hd__clkbuf_1)
     1    0.00                           _059_ (net)
                  0.02    0.00    1.36 v _420_/D (sky130_fd_sc_hd__dfstp_1)
                                  1.36   data arrival time

                         10.00   10.00   clock clk (rise edge)
                          0.00   10.00   clock source latency
                  0.07    0.05   10.05 ^ clk (in)
     2    0.02                           clk (net)
                  0.07    0.00   10.05 ^ clkbuf_0_clk/A (sky130_fd_sc_hd__clkbuf_16)
                  0.05    0.11   10.15 ^ clkbuf_0_clk/X (sky130_fd_sc_hd__clkbuf_16)
     4    0.05                           clknet_0_clk (net)
                  0.05    0.00   10.15 ^ clkbuf_2_2__f_clk/A (sky130_fd_sc_hd__clkbuf_16)
                  0.04    0.09   10.25 ^ clkbuf_2_2__f_clk/X (sky130_fd_sc_hd__clkbuf_16)
    11    0.03                           clknet_2_2__leaf_clk (net)
                  0.04    0.00   10.25 ^ _420_/CLK (sky130_fd_sc_hd__dfstp_1)
                         -0.25   10.00   clock uncertainty
                          0.02   10.01   clock reconvergence pessimism
                         -0.04    9.97   library setup time
                                  9.97   data required time
-----------------------------------------------------------------------------
                                  9.97   data required time
                                 -1.36   data arrival time
-----------------------------------------------------------------------------
                                  8.62   slack (MET)


Startpoint: _416_ (rising edge-triggered flip-flop clocked by clk)
Endpoint: _412_ (rising edge-triggered flip-flop clocked by clk)
Path Group: clk
Path Type: max
Corner: Fastest

Fanout     Cap    Slew   Delay    Time   Description
-----------------------------------------------------------------------------
                          0.00    0.00   clock clk (rise edge)
                          0.00    0.00   clock source latency
                  0.07    0.05    0.05 ^ clk (in)
     2    0.02                           clk (net)
                  0.07    0.00    0.05 ^ clkbuf_0_clk/A (sky130_fd_sc_hd__clkbuf_16)
                  0.05    0.12    0.17 ^ clkbuf_0_clk/X (sky130_fd_sc_hd__clkbuf_16)
     4    0.05                           clknet_0_clk (net)
                  0.05    0.00    0.17 ^ clkbuf_2_2__f_clk/A (sky130_fd_sc_hd__clkbuf_16)
                  0.04    0.10    0.27 ^ clkbuf_2_2__f_clk/X (sky130_fd_sc_hd__clkbuf_16)
    11    0.03                           clknet_2_2__leaf_clk (net)
                  0.04    0.00    0.27 ^ _416_/CLK (sky130_fd_sc_hd__dfrtp_1)
                  0.03    0.24    0.51 v _416_/Q (sky130_fd_sc_hd__dfrtp_1)
     1    0.00                           tx_inst.clk_count[7] (net)
                  0.03    0.00    0.51 v _285_/A (sky130_fd_sc_hd__or4_1)
                  0.08    0.35    0.86 v _285_/X (sky130_fd_sc_hd__or4_1)
     3    0.01                           _151_ (net)
                  0.08    0.00    0.86 v _291_/B (sky130_fd_sc_hd__or2_1)
                  0.04    0.16    1.02 v _291_/X (sky130_fd_sc_hd__or2_1)
     2    0.01                           _156_ (net)
                  0.04    0.00    1.02 v _329_/A (sky130_fd_sc_hd__nor2_1)
                  0.14    0.14    1.16 ^ _329_/Y (sky130_fd_sc_hd__nor2_1)
     4    0.01                           _180_ (net)
                  0.14    0.00    1.16 ^ _334_/A (sky130_fd_sc_hd__and3_1)
                  0.04    0.11    1.27 ^ _334_/X (sky130_fd_sc_hd__and3_1)
     1    0.00                           _185_ (net)
                  0.04    0.00    1.27 ^ _335_/A (sky130_fd_sc_hd__clkbuf_1)
                  0.03    0.05    1.33 ^ _335_/X (sky130_fd_sc_hd__clkbuf_1)
     1    0.00                           _051_ (net)
                  0.03    0.00    1.33 ^ _412_/D (sky130_fd_sc_hd__dfrtp_1)
                                  1.33   data arrival time

                         10.00   10.00   clock clk (rise edge)
                          0.00   10.00   clock source latency
                  0.07    0.05   10.05 ^ clk (in)
     2    0.02                           clk (net)
                  0.07    0.00   10.05 ^ clkbuf_0_clk/A (sky130_fd_sc_hd__clkbuf_16)
                  0.05    0.11   10.15 ^ clkbuf_0_clk/X (sky130_fd_sc_hd__clkbuf_16)
     4    0.05                           clknet_0_clk (net)
                  0.05    0.00   10.15 ^ clkbuf_2_3__f_clk/A (sky130_fd_sc_hd__clkbuf_16)
                  0.04    0.09   10.24 ^ clkbuf_2_3__f_clk/X (sky130_fd_sc_hd__clkbuf_16)
     8    0.03                           clknet_2_3__leaf_clk (net)
                  0.04    0.00   10.24 ^ _412_/CLK (sky130_fd_sc_hd__dfrtp_1)
                         -0.25    9.99   clock uncertainty
                          0.02   10.01   clock reconvergence pessimism
                         -0.03    9.98   library setup time
                                  9.98   data required time
-----------------------------------------------------------------------------
                                  9.98   data required time
                                 -1.33   data arrival time
-----------------------------------------------------------------------------
                                  8.65   slack (MET)


Startpoint: _416_ (rising edge-triggered flip-flop clocked by clk)
Endpoint: _411_ (rising edge-triggered flip-flop clocked by clk)
Path Group: clk
Path Type: max
Corner: Fastest

Fanout     Cap    Slew   Delay    Time   Description
-----------------------------------------------------------------------------
                          0.00    0.00   clock clk (rise edge)
                          0.00    0.00   clock source latency
                  0.07    0.05    0.05 ^ clk (in)
     2    0.02                           clk (net)
                  0.07    0.00    0.05 ^ clkbuf_0_clk/A (sky130_fd_sc_hd__clkbuf_16)
                  0.05    0.12    0.17 ^ clkbuf_0_clk/X (sky130_fd_sc_hd__clkbuf_16)
     4    0.05                           clknet_0_clk (net)
                  0.05    0.00    0.17 ^ clkbuf_2_2__f_clk/A (sky130_fd_sc_hd__clkbuf_16)
                  0.04    0.10    0.27 ^ clkbuf_2_2__f_clk/X (sky130_fd_sc_hd__clkbuf_16)
    11    0.03                           clknet_2_2__leaf_clk (net)
                  0.04    0.00    0.27 ^ _416_/CLK (sky130_fd_sc_hd__dfrtp_1)
                  0.03    0.24    0.51 v _416_/Q (sky130_fd_sc_hd__dfrtp_1)
     1    0.00                           tx_inst.clk_count[7] (net)
                  0.03    0.00    0.51 v _285_/A (sky130_fd_sc_hd__or4_1)
                  0.08    0.35    0.86 v _285_/X (sky130_fd_sc_hd__or4_1)
     3    0.01                           _151_ (net)
                  0.08    0.00    0.86 v _291_/B (sky130_fd_sc_hd__or2_1)
                  0.04    0.16    1.02 v _291_/X (sky130_fd_sc_hd__or2_1)
     2    0.01                           _156_ (net)
                  0.04    0.00    1.02 v _329_/A (sky130_fd_sc_hd__nor2_1)
                  0.14    0.14    1.16 ^ _329_/Y (sky130_fd_sc_hd__nor2_1)
     4    0.01                           _180_ (net)
                  0.14    0.00    1.16 ^ _337_/A (sky130_fd_sc_hd__and3_1)
                  0.04    0.11    1.27 ^ _337_/X (sky130_fd_sc_hd__and3_1)
     1    0.00                           _187_ (net)
                  0.04    0.00    1.27 ^ _338_/A (sky130_fd_sc_hd__clkbuf_1)
                  0.03    0.06    1.32 ^ _338_/X (sky130_fd_sc_hd__clkbuf_1)
     1    0.00                           _050_ (net)
                  0.03    0.00    1.32 ^ _411_/D (sky130_fd_sc_hd__dfrtp_1)
                                  1.32   data arrival time

                         10.00   10.00   clock clk (rise edge)
                          0.00   10.00   clock source latency
                  0.07    0.05   10.05 ^ clk (in)
     2    0.02                           clk (net)
                  0.07    0.00   10.05 ^ clkbuf_0_clk/A (sky130_fd_sc_hd__clkbuf_16)
                  0.05    0.11   10.15 ^ clkbuf_0_clk/X (sky130_fd_sc_hd__clkbuf_16)
     4    0.05                           clknet_0_clk (net)
                  0.05    0.00   10.15 ^ clkbuf_2_3__f_clk/A (sky130_fd_sc_hd__clkbuf_16)
                  0.04    0.09   10.24 ^ clkbuf_2_3__f_clk/X (sky130_fd_sc_hd__clkbuf_16)
     8    0.03                           clknet_2_3__leaf_clk (net)
                  0.04    0.00   10.24 ^ _411_/CLK (sky130_fd_sc_hd__dfrtp_1)
                         -0.25    9.99   clock uncertainty
                          0.02   10.01   clock reconvergence pessimism
                         -0.03    9.98   library setup time
                                  9.98   data required time
-----------------------------------------------------------------------------
                                  9.98   data required time
                                 -1.32   data arrival time
-----------------------------------------------------------------------------
                                  8.65   slack (MET)


Startpoint: _416_ (rising edge-triggered flip-flop clocked by clk)
Endpoint: _410_ (rising edge-triggered flip-flop clocked by clk)
Path Group: clk
Path Type: max
Corner: Fastest

Fanout     Cap    Slew   Delay    Time   Description
-----------------------------------------------------------------------------
                          0.00    0.00   clock clk (rise edge)
                          0.00    0.00   clock source latency
                  0.07    0.05    0.05 ^ clk (in)
     2    0.02                           clk (net)
                  0.07    0.00    0.05 ^ clkbuf_0_clk/A (sky130_fd_sc_hd__clkbuf_16)
                  0.05    0.12    0.17 ^ clkbuf_0_clk/X (sky130_fd_sc_hd__clkbuf_16)
     4    0.05                           clknet_0_clk (net)
                  0.05    0.00    0.17 ^ clkbuf_2_2__f_clk/A (sky130_fd_sc_hd__clkbuf_16)
                  0.04    0.10    0.27 ^ clkbuf_2_2__f_clk/X (sky130_fd_sc_hd__clkbuf_16)
    11    0.03                           clknet_2_2__leaf_clk (net)
                  0.04    0.00    0.27 ^ _416_/CLK (sky130_fd_sc_hd__dfrtp_1)
                  0.03    0.24    0.51 v _416_/Q (sky130_fd_sc_hd__dfrtp_1)
     1    0.00                           tx_inst.clk_count[7] (net)
                  0.03    0.00    0.51 v _285_/A (sky130_fd_sc_hd__or4_1)
                  0.08    0.35    0.86 v _285_/X (sky130_fd_sc_hd__or4_1)
     3    0.01                           _151_ (net)
                  0.08    0.00    0.86 v _291_/B (sky130_fd_sc_hd__or2_1)
                  0.04    0.16    1.02 v _291_/X (sky130_fd_sc_hd__or2_1)
     2    0.01                           _156_ (net)
                  0.04    0.00    1.02 v _329_/A (sky130_fd_sc_hd__nor2_1)
                  0.14    0.14    1.16 ^ _329_/Y (sky130_fd_sc_hd__nor2_1)
     4    0.01                           _180_ (net)
                  0.14    0.00    1.16 ^ _341_/B (sky130_fd_sc_hd__and3_1)
                  0.04    0.12    1.28 ^ _341_/X (sky130_fd_sc_hd__and3_1)
     1    0.00                           _190_ (net)
                  0.04    0.00    1.28 ^ _342_/A (sky130_fd_sc_hd__clkbuf_1)
                  0.04    0.06    1.34 ^ _342_/X (sky130_fd_sc_hd__clkbuf_1)
     1    0.00                           _049_ (net)
                  0.04    0.00    1.34 ^ _410_/D (sky130_fd_sc_hd__dfrtp_1)
                                  1.34   data arrival time

                         10.00   10.00   clock clk (rise edge)
                          0.00   10.00   clock source latency
                  0.07    0.05   10.05 ^ clk (in)
     2    0.02                           clk (net)
                  0.07    0.00   10.05 ^ clkbuf_0_clk/A (sky130_fd_sc_hd__clkbuf_16)
                  0.05    0.11   10.15 ^ clkbuf_0_clk/X (sky130_fd_sc_hd__clkbuf_16)
     4    0.05                           clknet_0_clk (net)
                  0.05    0.00   10.15 ^ clkbuf_2_2__f_clk/A (sky130_fd_sc_hd__clkbuf_16)
                  0.04    0.09   10.25 ^ clkbuf_2_2__f_clk/X (sky130_fd_sc_hd__clkbuf_16)
    11    0.03                           clknet_2_2__leaf_clk (net)
                  0.04    0.00   10.25 ^ _410_/CLK (sky130_fd_sc_hd__dfrtp_1)
                         -0.25   10.00   clock uncertainty
                          0.03   10.02   clock reconvergence pessimism
                         -0.03    9.99   library setup time
                                  9.99   data required time
-----------------------------------------------------------------------------
                                  9.99   data required time
                                 -1.34   data arrival time
-----------------------------------------------------------------------------
                                  8.65   slack (MET)


Startpoint: _444_ (rising edge-triggered flip-flop clocked by clk)
Endpoint: _443_ (rising edge-triggered flip-flop clocked by clk)
Path Group: clk
Path Type: max
Corner: Fastest

Fanout     Cap    Slew   Delay    Time   Description
-----------------------------------------------------------------------------
                          0.00    0.00   clock clk (rise edge)
                          0.00    0.00   clock source latency
                  0.07    0.05    0.05 ^ clk (in)
     2    0.02                           clk (net)
                  0.07    0.00    0.05 ^ clkbuf_0_clk/A (sky130_fd_sc_hd__clkbuf_16)
                  0.05    0.12    0.17 ^ clkbuf_0_clk/X (sky130_fd_sc_hd__clkbuf_16)
     4    0.05                           clknet_0_clk (net)
                  0.05    0.00    0.17 ^ clkbuf_2_1__f_clk/A (sky130_fd_sc_hd__clkbuf_16)
                  0.05    0.11    0.28 ^ clkbuf_2_1__f_clk/X (sky130_fd_sc_hd__clkbuf_16)
    15    0.05                           clknet_2_1__leaf_clk (net)
                  0.05    0.00    0.28 ^ _444_/CLK (sky130_fd_sc_hd__dfrtp_2)
                  0.06    0.30    0.58 v _444_/Q (sky130_fd_sc_hd__dfrtp_2)
     7    0.02                           rx_inst.clk_count[1] (net)
                  0.06    0.00    0.58 v _220_/B (sky130_fd_sc_hd__or4bb_1)
                  0.06    0.30    0.88 v _220_/X (sky130_fd_sc_hd__or4bb_1)
     1    0.00                           _101_ (net)
                  0.06    0.00    0.88 v _223_/A2 (sky130_fd_sc_hd__o211a_2)
                  0.06    0.20    1.08 v _223_/X (sky130_fd_sc_hd__o211a_2)
     7    0.02                           _104_ (net)
                  0.06    0.00    1.08 v _224_/A2 (sky130_fd_sc_hd__a21o_1)
                  0.04    0.14    1.22 v _224_/X (sky130_fd_sc_hd__a21o_1)
     2    0.01                           _105_ (net)
                  0.04    0.00    1.22 v _240_/B1 (sky130_fd_sc_hd__a32o_1)
                  0.03    0.08    1.31 v _240_/X (sky130_fd_sc_hd__a32o_1)
     1    0.00                           _082_ (net)
                  0.03    0.00    1.31 v _443_/D (sky130_fd_sc_hd__dfrtp_4)
                                  1.31   data arrival time

                         10.00   10.00   clock clk (rise edge)
                          0.00   10.00   clock source latency
                  0.07    0.05   10.05 ^ clk (in)
     2    0.02                           clk (net)
                  0.07    0.00   10.05 ^ clkbuf_0_clk/A (sky130_fd_sc_hd__clkbuf_16)
                  0.05    0.11   10.15 ^ clkbuf_0_clk/X (sky130_fd_sc_hd__clkbuf_16)
     4    0.05                           clknet_0_clk (net)
                  0.05    0.00   10.15 ^ clkbuf_2_1__f_clk/A (sky130_fd_sc_hd__clkbuf_16)
                  0.05    0.10   10.25 ^ clkbuf_2_1__f_clk/X (sky130_fd_sc_hd__clkbuf_16)
    15    0.05                           clknet_2_1__leaf_clk (net)
                  0.05    0.00   10.25 ^ _443_/CLK (sky130_fd_sc_hd__dfrtp_4)
                         -0.25   10.00   clock uncertainty
                          0.03   10.03   clock reconvergence pessimism
                         -0.07    9.96   library setup time
                                  9.96   data required time
-----------------------------------------------------------------------------
                                  9.96   data required time
                                 -1.31   data arrival time
-----------------------------------------------------------------------------
                                  8.65   slack (MET)


Startpoint: _416_ (rising edge-triggered flip-flop clocked by clk)
Endpoint: _409_ (rising edge-triggered flip-flop clocked by clk)
Path Group: clk
Path Type: max
Corner: Fastest

Fanout     Cap    Slew   Delay    Time   Description
-----------------------------------------------------------------------------
                          0.00    0.00   clock clk (rise edge)
                          0.00    0.00   clock source latency
                  0.07    0.05    0.05 ^ clk (in)
     2    0.02                           clk (net)
                  0.07    0.00    0.05 ^ clkbuf_0_clk/A (sky130_fd_sc_hd__clkbuf_16)
                  0.05    0.12    0.17 ^ clkbuf_0_clk/X (sky130_fd_sc_hd__clkbuf_16)
     4    0.05                           clknet_0_clk (net)
                  0.05    0.00    0.17 ^ clkbuf_2_2__f_clk/A (sky130_fd_sc_hd__clkbuf_16)
                  0.04    0.10    0.27 ^ clkbuf_2_2__f_clk/X (sky130_fd_sc_hd__clkbuf_16)
    11    0.03                           clknet_2_2__leaf_clk (net)
                  0.04    0.00    0.27 ^ _416_/CLK (sky130_fd_sc_hd__dfrtp_1)
                  0.03    0.24    0.51 v _416_/Q (sky130_fd_sc_hd__dfrtp_1)
     1    0.00                           tx_inst.clk_count[7] (net)
                  0.03    0.00    0.51 v _285_/A (sky130_fd_sc_hd__or4_1)
                  0.08    0.35    0.86 v _285_/X (sky130_fd_sc_hd__or4_1)
     3    0.01                           _151_ (net)
                  0.08    0.00    0.86 v _291_/B (sky130_fd_sc_hd__or2_1)
                  0.04    0.16    1.02 v _291_/X (sky130_fd_sc_hd__or2_1)
     2    0.01                           _156_ (net)
                  0.04    0.00    1.02 v _329_/A (sky130_fd_sc_hd__nor2_1)
                  0.14    0.14    1.16 ^ _329_/Y (sky130_fd_sc_hd__nor2_1)
     4    0.01                           _180_ (net)
                  0.14    0.00    1.16 ^ _343_/B (sky130_fd_sc_hd__and2b_1)
                  0.03    0.09    1.25 ^ _343_/X (sky130_fd_sc_hd__and2b_1)
     1    0.00                           _191_ (net)
                  0.03    0.00    1.25 ^ _344_/A (sky130_fd_sc_hd__clkbuf_1)
                  0.03    0.05    1.31 ^ _344_/X (sky130_fd_sc_hd__clkbuf_1)
     1    0.00                           _048_ (net)
                  0.03    0.00    1.31 ^ _409_/D (sky130_fd_sc_hd__dfrtp_2)
                                  1.31   data arrival time

                         10.00   10.00   clock clk (rise edge)
                          0.00   10.00   clock source latency
                  0.07    0.05   10.05 ^ clk (in)
     2    0.02                           clk (net)
                  0.07    0.00   10.05 ^ clkbuf_0_clk/A (sky130_fd_sc_hd__clkbuf_16)
                  0.05    0.11   10.15 ^ clkbuf_0_clk/X (sky130_fd_sc_hd__clkbuf_16)
     4    0.05                           clknet_0_clk (net)
                  0.05    0.00   10.15 ^ clkbuf_2_2__f_clk/A (sky130_fd_sc_hd__clkbuf_16)
                  0.04    0.09   10.25 ^ clkbuf_2_2__f_clk/X (sky130_fd_sc_hd__clkbuf_16)
    11    0.03                           clknet_2_2__leaf_clk (net)
                  0.04    0.00   10.25 ^ _409_/CLK (sky130_fd_sc_hd__dfrtp_2)
                         -0.25   10.00   clock uncertainty
                          0.03   10.02   clock reconvergence pessimism
                         -0.04    9.99   library setup time
                                  9.99   data required time
-----------------------------------------------------------------------------
                                  9.99   data required time
                                 -1.31   data arrival time
-----------------------------------------------------------------------------
                                  8.68   slack (MET)


Startpoint: _416_ (rising edge-triggered flip-flop clocked by clk)
Endpoint: _407_ (rising edge-triggered flip-flop clocked by clk)
Path Group: clk
Path Type: max
Corner: Fastest

Fanout     Cap    Slew   Delay    Time   Description
-----------------------------------------------------------------------------
                          0.00    0.00   clock clk (rise edge)
                          0.00    0.00   clock source latency
                  0.07    0.05    0.05 ^ clk (in)
     2    0.02                           clk (net)
                  0.07    0.00    0.05 ^ clkbuf_0_clk/A (sky130_fd_sc_hd__clkbuf_16)
                  0.05    0.12    0.17 ^ clkbuf_0_clk/X (sky130_fd_sc_hd__clkbuf_16)
     4    0.05                           clknet_0_clk (net)
                  0.05    0.00    0.17 ^ clkbuf_2_2__f_clk/A (sky130_fd_sc_hd__clkbuf_16)
                  0.04    0.10    0.27 ^ clkbuf_2_2__f_clk/X (sky130_fd_sc_hd__clkbuf_16)
    11    0.03                           clknet_2_2__leaf_clk (net)
                  0.04    0.00    0.27 ^ _416_/CLK (sky130_fd_sc_hd__dfrtp_1)
                  0.03    0.24    0.51 v _416_/Q (sky130_fd_sc_hd__dfrtp_1)
     1    0.00                           tx_inst.clk_count[7] (net)
                  0.03    0.00    0.51 v _285_/A (sky130_fd_sc_hd__or4_1)
                  0.08    0.35    0.86 v _285_/X (sky130_fd_sc_hd__or4_1)
     3    0.01                           _151_ (net)
                  0.08    0.00    0.86 v _346_/A2 (sky130_fd_sc_hd__o21bai_1)
                  0.09    0.11    0.97 ^ _346_/Y (sky130_fd_sc_hd__o21bai_1)
     1    0.00                           _193_ (net)
                  0.09    0.00    0.97 ^ _347_/A2 (sky130_fd_sc_hd__a21o_1)
                  0.08    0.12    1.09 ^ _347_/X (sky130_fd_sc_hd__a21o_1)
     3    0.01                           _194_ (net)
                  0.08    0.00    1.09 ^ _351_/B (sky130_fd_sc_hd__nor2_1)
                  0.04    0.05    1.13 v _351_/Y (sky130_fd_sc_hd__nor2_1)
     2    0.01                           _197_ (net)
                  0.04    0.00    1.13 v _353_/A2 (sky130_fd_sc_hd__o21a_1)
                  0.02    0.11    1.24 v _353_/X (sky130_fd_sc_hd__o21a_1)
     1    0.00                           _046_ (net)
                  0.02    0.00    1.24 v _407_/D (sky130_fd_sc_hd__dfrtp_1)
                                  1.24   data arrival time

                         10.00   10.00   clock clk (rise edge)
                          0.00   10.00   clock source latency
                  0.07    0.05   10.05 ^ clk (in)
     2    0.02                           clk (net)
                  0.07    0.00   10.05 ^ clkbuf_0_clk/A (sky130_fd_sc_hd__clkbuf_16)
                  0.05    0.11   10.15 ^ clkbuf_0_clk/X (sky130_fd_sc_hd__clkbuf_16)
     4    0.05                           clknet_0_clk (net)
                  0.05    0.00   10.15 ^ clkbuf_2_3__f_clk/A (sky130_fd_sc_hd__clkbuf_16)
                  0.04    0.09   10.24 ^ clkbuf_2_3__f_clk/X (sky130_fd_sc_hd__clkbuf_16)
     8    0.03                           clknet_2_3__leaf_clk (net)
                  0.04    0.00   10.24 ^ _407_/CLK (sky130_fd_sc_hd__dfrtp_1)
                         -0.25    9.99   clock uncertainty
                          0.02   10.01   clock reconvergence pessimism
                         -0.07    9.94   library setup time
                                  9.94   data required time
-----------------------------------------------------------------------------
                                  9.94   data required time
                                 -1.24   data arrival time
-----------------------------------------------------------------------------
                                  8.70   slack (MET)


Startpoint: _416_ (rising edge-triggered flip-flop clocked by clk)
Endpoint: _408_ (rising edge-triggered flip-flop clocked by clk)
Path Group: clk
Path Type: max
Corner: Fastest

Fanout     Cap    Slew   Delay    Time   Description
-----------------------------------------------------------------------------
                          0.00    0.00   clock clk (rise edge)
                          0.00    0.00   clock source latency
                  0.07    0.05    0.05 ^ clk (in)
     2    0.02                           clk (net)
                  0.07    0.00    0.05 ^ clkbuf_0_clk/A (sky130_fd_sc_hd__clkbuf_16)
                  0.05    0.12    0.17 ^ clkbuf_0_clk/X (sky130_fd_sc_hd__clkbuf_16)
     4    0.05                           clknet_0_clk (net)
                  0.05    0.00    0.17 ^ clkbuf_2_2__f_clk/A (sky130_fd_sc_hd__clkbuf_16)
                  0.04    0.10    0.27 ^ clkbuf_2_2__f_clk/X (sky130_fd_sc_hd__clkbuf_16)
    11    0.03                           clknet_2_2__leaf_clk (net)
                  0.04    0.00    0.27 ^ _416_/CLK (sky130_fd_sc_hd__dfrtp_1)
                  0.03    0.24    0.51 v _416_/Q (sky130_fd_sc_hd__dfrtp_1)
     1    0.00                           tx_inst.clk_count[7] (net)
                  0.03    0.00    0.51 v _285_/A (sky130_fd_sc_hd__or4_1)
                  0.08    0.35    0.86 v _285_/X (sky130_fd_sc_hd__or4_1)
     3    0.01                           _151_ (net)
                  0.08    0.00    0.86 v _346_/A2 (sky130_fd_sc_hd__o21bai_1)
                  0.09    0.11    0.97 ^ _346_/Y (sky130_fd_sc_hd__o21bai_1)
     1    0.00                           _193_ (net)
                  0.09    0.00    0.97 ^ _347_/A2 (sky130_fd_sc_hd__a21o_1)
                  0.08    0.12    1.09 ^ _347_/X (sky130_fd_sc_hd__a21o_1)
     3    0.01                           _194_ (net)
                  0.08    0.00    1.09 ^ _348_/A2 (sky130_fd_sc_hd__o21ba_1)
                  0.03    0.08    1.17 ^ _348_/X (sky130_fd_sc_hd__o21ba_1)
     1    0.00                           _195_ (net)
                  0.03    0.00    1.17 ^ _349_/B (sky130_fd_sc_hd__nor2_1)
                  0.06    0.02    1.19 v _349_/Y (sky130_fd_sc_hd__nor2_1)
     1    0.00                           _047_ (net)
                  0.06    0.00    1.19 v _408_/D (sky130_fd_sc_hd__dfrtp_1)
                                  1.19   data arrival time

                         10.00   10.00   clock clk (rise edge)
                          0.00   10.00   clock source latency
                  0.07    0.05   10.05 ^ clk (in)
     2    0.02                           clk (net)
                  0.07    0.00   10.05 ^ clkbuf_0_clk/A (sky130_fd_sc_hd__clkbuf_16)
                  0.05    0.11   10.15 ^ clkbuf_0_clk/X (sky130_fd_sc_hd__clkbuf_16)
     4    0.05                           clknet_0_clk (net)
                  0.05    0.00   10.15 ^ clkbuf_2_3__f_clk/A (sky130_fd_sc_hd__clkbuf_16)
                  0.04    0.09   10.24 ^ clkbuf_2_3__f_clk/X (sky130_fd_sc_hd__clkbuf_16)
     8    0.03                           clknet_2_3__leaf_clk (net)
                  0.04    0.00   10.24 ^ _408_/CLK (sky130_fd_sc_hd__dfrtp_1)
                         -0.25    9.99   clock uncertainty
                          0.02   10.01   clock reconvergence pessimism
                         -0.08    9.93   library setup time
                                  9.93   data required time
-----------------------------------------------------------------------------
                                  9.93   data required time
                                 -1.19   data arrival time
-----------------------------------------------------------------------------
                                  8.74   slack (MET)


Startpoint: _416_ (rising edge-triggered flip-flop clocked by clk)
Endpoint: _431_ (rising edge-triggered flip-flop clocked by clk)
Path Group: clk
Path Type: max
Corner: Fastest

Fanout     Cap    Slew   Delay    Time   Description
-----------------------------------------------------------------------------
                          0.00    0.00   clock clk (rise edge)
                          0.00    0.00   clock source latency
                  0.07    0.05    0.05 ^ clk (in)
     2    0.02                           clk (net)
                  0.07    0.00    0.05 ^ clkbuf_0_clk/A (sky130_fd_sc_hd__clkbuf_16)
                  0.05    0.12    0.17 ^ clkbuf_0_clk/X (sky130_fd_sc_hd__clkbuf_16)
     4    0.05                           clknet_0_clk (net)
                  0.05    0.00    0.17 ^ clkbuf_2_2__f_clk/A (sky130_fd_sc_hd__clkbuf_16)
                  0.04    0.10    0.27 ^ clkbuf_2_2__f_clk/X (sky130_fd_sc_hd__clkbuf_16)
    11    0.03                           clknet_2_2__leaf_clk (net)
                  0.04    0.00    0.27 ^ _416_/CLK (sky130_fd_sc_hd__dfrtp_1)
                  0.03    0.24    0.51 v _416_/Q (sky130_fd_sc_hd__dfrtp_1)
     1    0.00                           tx_inst.clk_count[7] (net)
                  0.03    0.00    0.51 v _285_/A (sky130_fd_sc_hd__or4_1)
                  0.08    0.35    0.86 v _285_/X (sky130_fd_sc_hd__or4_1)
     3    0.01                           _151_ (net)
                  0.08    0.00    0.86 v _286_/B (sky130_fd_sc_hd__nor2_1)
                  0.17    0.17    1.02 ^ _286_/Y (sky130_fd_sc_hd__nor2_1)
     4    0.01                           _152_ (net)
                  0.17    0.00    1.02 ^ _289_/A2 (sky130_fd_sc_hd__a211o_1)
                  0.03    0.09    1.12 ^ _289_/X (sky130_fd_sc_hd__a211o_1)
     1    0.00                           _155_ (net)
                  0.03    0.00    1.12 ^ _290_/B1_N (sky130_fd_sc_hd__a21bo_1)
                  0.02    0.09    1.21 v _290_/X (sky130_fd_sc_hd__a21bo_1)
     1    0.00                           _070_ (net)
                  0.02    0.00    1.21 v _431_/D (sky130_fd_sc_hd__dfrtp_4)
                                  1.21   data arrival time

                         10.00   10.00   clock clk (rise edge)
                          0.00   10.00   clock source latency
                  0.07    0.05   10.05 ^ clk (in)
     2    0.02                           clk (net)
                  0.07    0.00   10.05 ^ clkbuf_0_clk/A (sky130_fd_sc_hd__clkbuf_16)
                  0.05    0.11   10.15 ^ clkbuf_0_clk/X (sky130_fd_sc_hd__clkbuf_16)
     4    0.05                           clknet_0_clk (net)
                  0.05    0.00   10.15 ^ clkbuf_2_2__f_clk/A (sky130_fd_sc_hd__clkbuf_16)
                  0.04    0.09   10.25 ^ clkbuf_2_2__f_clk/X (sky130_fd_sc_hd__clkbuf_16)
    11    0.03                           clknet_2_2__leaf_clk (net)
                  0.04    0.00   10.25 ^ _431_/CLK (sky130_fd_sc_hd__dfrtp_4)
                         -0.25   10.00   clock uncertainty
                          0.03   10.02   clock reconvergence pessimism
                         -0.07    9.95   library setup time
                                  9.95   data required time
-----------------------------------------------------------------------------
                                  9.95   data required time
                                 -1.21   data arrival time
-----------------------------------------------------------------------------
                                  8.75   slack (MET)


Startpoint: _416_ (rising edge-triggered flip-flop clocked by clk)
Endpoint: _406_ (rising edge-triggered flip-flop clocked by clk)
Path Group: clk
Path Type: max
Corner: Fastest

Fanout     Cap    Slew   Delay    Time   Description
-----------------------------------------------------------------------------
                          0.00    0.00   clock clk (rise edge)
                          0.00    0.00   clock source latency
                  0.07    0.05    0.05 ^ clk (in)
     2    0.02                           clk (net)
                  0.07    0.00    0.05 ^ clkbuf_0_clk/A (sky130_fd_sc_hd__clkbuf_16)
                  0.05    0.12    0.17 ^ clkbuf_0_clk/X (sky130_fd_sc_hd__clkbuf_16)
     4    0.05                           clknet_0_clk (net)
                  0.05    0.00    0.17 ^ clkbuf_2_2__f_clk/A (sky130_fd_sc_hd__clkbuf_16)
                  0.04    0.10    0.27 ^ clkbuf_2_2__f_clk/X (sky130_fd_sc_hd__clkbuf_16)
    11    0.03                           clknet_2_2__leaf_clk (net)
                  0.04    0.00    0.27 ^ _416_/CLK (sky130_fd_sc_hd__dfrtp_1)
                  0.03    0.24    0.51 v _416_/Q (sky130_fd_sc_hd__dfrtp_1)
     1    0.00                           tx_inst.clk_count[7] (net)
                  0.03    0.00    0.51 v _285_/A (sky130_fd_sc_hd__or4_1)
                  0.08    0.35    0.86 v _285_/X (sky130_fd_sc_hd__or4_1)
     3    0.01                           _151_ (net)
                  0.08    0.00    0.86 v _286_/B (sky130_fd_sc_hd__nor2_1)
                  0.17    0.17    1.02 ^ _286_/Y (sky130_fd_sc_hd__nor2_1)
     4    0.01                           _152_ (net)
                  0.17    0.00    1.02 ^ _354_/B (sky130_fd_sc_hd__or3b_1)
                  0.05    0.10    1.13 ^ _354_/X (sky130_fd_sc_hd__or3b_1)
     1    0.01                           _199_ (net)
                  0.05    0.00    1.13 ^ _355_/A2 (sky130_fd_sc_hd__a21oi_1)
                  0.03    0.04    1.17 v _355_/Y (sky130_fd_sc_hd__a21oi_1)
     1    0.00                           _045_ (net)
                  0.03    0.00    1.17 v _406_/D (sky130_fd_sc_hd__dfrtp_2)
                                  1.17   data arrival time

                         10.00   10.00   clock clk (rise edge)
                          0.00   10.00   clock source latency
                  0.07    0.05   10.05 ^ clk (in)
     2    0.02                           clk (net)
                  0.07    0.00   10.05 ^ clkbuf_0_clk/A (sky130_fd_sc_hd__clkbuf_16)
                  0.05    0.11   10.15 ^ clkbuf_0_clk/X (sky130_fd_sc_hd__clkbuf_16)
     4    0.05                           clknet_0_clk (net)
                  0.05    0.00   10.15 ^ clkbuf_2_3__f_clk/A (sky130_fd_sc_hd__clkbuf_16)
                  0.04    0.09   10.24 ^ clkbuf_2_3__f_clk/X (sky130_fd_sc_hd__clkbuf_16)
     8    0.03                           clknet_2_3__leaf_clk (net)
                  0.04    0.00   10.24 ^ _406_/CLK (sky130_fd_sc_hd__dfrtp_2)
                         -0.25    9.99   clock uncertainty
                          0.02   10.01   clock reconvergence pessimism
                         -0.07    9.94   library setup time
                                  9.94   data required time
-----------------------------------------------------------------------------
                                  9.94   data required time
                                 -1.17   data arrival time
-----------------------------------------------------------------------------
                                  8.77   slack (MET)


Startpoint: _443_ (rising edge-triggered flip-flop clocked by clk)
Endpoint: _450_ (rising edge-triggered flip-flop clocked by clk)
Path Group: clk
Path Type: max
Corner: Fastest

Fanout     Cap    Slew   Delay    Time   Description
-----------------------------------------------------------------------------
                          0.00    0.00   clock clk (rise edge)
                          0.00    0.00   clock source latency
                  0.07    0.05    0.05 ^ clk (in)
     2    0.02                           clk (net)
                  0.07    0.00    0.05 ^ clkbuf_0_clk/A (sky130_fd_sc_hd__clkbuf_16)
                  0.05    0.12    0.17 ^ clkbuf_0_clk/X (sky130_fd_sc_hd__clkbuf_16)
     4    0.05                           clknet_0_clk (net)
                  0.05    0.00    0.17 ^ clkbuf_2_1__f_clk/A (sky130_fd_sc_hd__clkbuf_16)
                  0.05    0.11    0.28 ^ clkbuf_2_1__f_clk/X (sky130_fd_sc_hd__clkbuf_16)
    15    0.05                           clknet_2_1__leaf_clk (net)
                  0.05    0.00    0.28 ^ _443_/CLK (sky130_fd_sc_hd__dfrtp_4)
                  0.06    0.34    0.62 v _443_/Q (sky130_fd_sc_hd__dfrtp_4)
     7    0.02                           rx_inst.clk_count[0] (net)
                  0.06    0.00    0.62 v _205_/D (sky130_fd_sc_hd__and4_1)
                  0.05    0.17    0.79 v _205_/X (sky130_fd_sc_hd__and4_1)
     4    0.01                           _090_ (net)
                  0.05    0.00    0.79 v _206_/C (sky130_fd_sc_hd__and3_1)
                  0.05    0.15    0.94 v _206_/X (sky130_fd_sc_hd__and3_1)
     3    0.01                           _091_ (net)
                  0.05    0.00    0.94 v _207_/B (sky130_fd_sc_hd__and2_1)
                  0.04    0.13    1.07 v _207_/X (sky130_fd_sc_hd__and2_1)
     3    0.01                           _092_ (net)
                  0.04    0.00    1.07 v _210_/A2 (sky130_fd_sc_hd__o21ai_1)
                  0.07    0.08    1.15 ^ _210_/Y (sky130_fd_sc_hd__o21ai_1)
     1    0.00                           _095_ (net)
                  0.07    0.00    1.15 ^ _211_/B1 (sky130_fd_sc_hd__a21oi_1)
                  0.03    0.02    1.18 v _211_/Y (sky130_fd_sc_hd__a21oi_1)
     1    0.00                           _089_ (net)
                  0.03    0.00    1.18 v _450_/D (sky130_fd_sc_hd__dfrtp_1)
                                  1.18   data arrival time

                         10.00   10.00   clock clk (rise edge)
                          0.00   10.00   clock source latency
                  0.07    0.05   10.05 ^ clk (in)
     2    0.02                           clk (net)
                  0.07    0.00   10.05 ^ clkbuf_0_clk/A (sky130_fd_sc_hd__clkbuf_16)
                  0.05    0.11   10.15 ^ clkbuf_0_clk/X (sky130_fd_sc_hd__clkbuf_16)
     4    0.05                           clknet_0_clk (net)
                  0.05    0.00   10.15 ^ clkbuf_2_1__f_clk/A (sky130_fd_sc_hd__clkbuf_16)
                  0.05    0.10   10.25 ^ clkbuf_2_1__f_clk/X (sky130_fd_sc_hd__clkbuf_16)
    15    0.05                           clknet_2_1__leaf_clk (net)
                  0.05    0.00   10.25 ^ _450_/CLK (sky130_fd_sc_hd__dfrtp_1)
                         -0.25   10.00   clock uncertainty
                          0.03   10.03   clock reconvergence pessimism
                         -0.07    9.96   library setup time
                                  9.96   data required time
-----------------------------------------------------------------------------
                                  9.96   data required time
                                 -1.18   data arrival time
-----------------------------------------------------------------------------
                                  8.79   slack (MET)


Startpoint: _443_ (rising edge-triggered flip-flop clocked by clk)
Endpoint: _449_ (rising edge-triggered flip-flop clocked by clk)
Path Group: clk
Path Type: max
Corner: Fastest

Fanout     Cap    Slew   Delay    Time   Description
-----------------------------------------------------------------------------
                          0.00    0.00   clock clk (rise edge)
                          0.00    0.00   clock source latency
                  0.07    0.05    0.05 ^ clk (in)
     2    0.02                           clk (net)
                  0.07    0.00    0.05 ^ clkbuf_0_clk/A (sky130_fd_sc_hd__clkbuf_16)
                  0.05    0.12    0.17 ^ clkbuf_0_clk/X (sky130_fd_sc_hd__clkbuf_16)
     4    0.05                           clknet_0_clk (net)
                  0.05    0.00    0.17 ^ clkbuf_2_1__f_clk/A (sky130_fd_sc_hd__clkbuf_16)
                  0.05    0.11    0.28 ^ clkbuf_2_1__f_clk/X (sky130_fd_sc_hd__clkbuf_16)
    15    0.05                           clknet_2_1__leaf_clk (net)
                  0.05    0.00    0.28 ^ _443_/CLK (sky130_fd_sc_hd__dfrtp_4)
                  0.06    0.34    0.62 v _443_/Q (sky130_fd_sc_hd__dfrtp_4)
     7    0.02                           rx_inst.clk_count[0] (net)
                  0.06    0.00    0.62 v _205_/D (sky130_fd_sc_hd__and4_1)
                  0.05    0.17    0.79 v _205_/X (sky130_fd_sc_hd__and4_1)
     4    0.01                           _090_ (net)
                  0.05    0.00    0.79 v _206_/C (sky130_fd_sc_hd__and3_1)
                  0.05    0.15    0.94 v _206_/X (sky130_fd_sc_hd__and3_1)
     3    0.01                           _091_ (net)
                  0.05    0.00    0.94 v _207_/B (sky130_fd_sc_hd__and2_1)
                  0.04    0.13    1.07 v _207_/X (sky130_fd_sc_hd__and2_1)
     3    0.01                           _092_ (net)
                  0.04    0.00    1.07 v _213_/A (sky130_fd_sc_hd__nor2_1)
                  0.06    0.08    1.15 ^ _213_/Y (sky130_fd_sc_hd__nor2_1)
     1    0.00                           _088_ (net)
                  0.06    0.00    1.15 ^ _449_/D (sky130_fd_sc_hd__dfrtp_1)
                                  1.15   data arrival time

                         10.00   10.00   clock clk (rise edge)
                          0.00   10.00   clock source latency
                  0.07    0.05   10.05 ^ clk (in)
     2    0.02                           clk (net)
                  0.07    0.00   10.05 ^ clkbuf_0_clk/A (sky130_fd_sc_hd__clkbuf_16)
                  0.05    0.11   10.15 ^ clkbuf_0_clk/X (sky130_fd_sc_hd__clkbuf_16)
     4    0.05                           clknet_0_clk (net)
                  0.05    0.00   10.15 ^ clkbuf_2_1__f_clk/A (sky130_fd_sc_hd__clkbuf_16)
                  0.05    0.10   10.25 ^ clkbuf_2_1__f_clk/X (sky130_fd_sc_hd__clkbuf_16)
    15    0.05                           clknet_2_1__leaf_clk (net)
                  0.05    0.00   10.25 ^ _449_/CLK (sky130_fd_sc_hd__dfrtp_1)
                         -0.25   10.00   clock uncertainty
                          0.03   10.03   clock reconvergence pessimism
                         -0.04   10.00   library setup time
                                 10.00   data required time
-----------------------------------------------------------------------------
                                 10.00   data required time
                                 -1.15   data arrival time
-----------------------------------------------------------------------------
                                  8.85   slack (MET)


Startpoint: _448_ (rising edge-triggered flip-flop clocked by clk)
Endpoint: _448_ (rising edge-triggered flip-flop clocked by clk)
Path Group: clk
Path Type: max
Corner: Fastest

Fanout     Cap    Slew   Delay    Time   Description
-----------------------------------------------------------------------------
                          0.00    0.00   clock clk (rise edge)
                          0.00    0.00   clock source latency
                  0.07    0.05    0.05 ^ clk (in)
     2    0.02                           clk (net)
                  0.07    0.00    0.05 ^ clkbuf_0_clk/A (sky130_fd_sc_hd__clkbuf_16)
                  0.05    0.12    0.17 ^ clkbuf_0_clk/X (sky130_fd_sc_hd__clkbuf_16)
     4    0.05                           clknet_0_clk (net)
                  0.05    0.00    0.17 ^ clkbuf_2_1__f_clk/A (sky130_fd_sc_hd__clkbuf_16)
                  0.05    0.11    0.28 ^ clkbuf_2_1__f_clk/X (sky130_fd_sc_hd__clkbuf_16)
    15    0.05                           clknet_2_1__leaf_clk (net)
                  0.05    0.00    0.28 ^ _448_/CLK (sky130_fd_sc_hd__dfrtp_1)
                  0.04    0.26    0.54 v _448_/Q (sky130_fd_sc_hd__dfrtp_1)
     3    0.01                           rx_inst.clk_count[5] (net)
                  0.04    0.00    0.54 v hold4/A (sky130_fd_sc_hd__dlygate4sd3_1)
                  0.04    0.39    0.93 v hold4/X (sky130_fd_sc_hd__dlygate4sd3_1)
     1    0.00                           net28 (net)
                  0.04    0.00    0.93 v _215_/A1 (sky130_fd_sc_hd__o21ai_1)
                  0.09    0.11    1.03 ^ _215_/Y (sky130_fd_sc_hd__o21ai_1)
     1    0.00                           _098_ (net)
                  0.09    0.00    1.04 ^ _216_/B (sky130_fd_sc_hd__nor2_1)
                  0.03    0.03    1.06 v _216_/Y (sky130_fd_sc_hd__nor2_1)
     1    0.00                           _087_ (net)
                  0.03    0.00    1.06 v _448_/D (sky130_fd_sc_hd__dfrtp_1)
                                  1.06   data arrival time

                         10.00   10.00   clock clk (rise edge)
                          0.00   10.00   clock source latency
                  0.07    0.05   10.05 ^ clk (in)
     2    0.02                           clk (net)
                  0.07    0.00   10.05 ^ clkbuf_0_clk/A (sky130_fd_sc_hd__clkbuf_16)
                  0.05    0.11   10.15 ^ clkbuf_0_clk/X (sky130_fd_sc_hd__clkbuf_16)
     4    0.05                           clknet_0_clk (net)
                  0.05    0.00   10.15 ^ clkbuf_2_1__f_clk/A (sky130_fd_sc_hd__clkbuf_16)
                  0.05    0.10   10.25 ^ clkbuf_2_1__f_clk/X (sky130_fd_sc_hd__clkbuf_16)
    15    0.05                           clknet_2_1__leaf_clk (net)
                  0.05    0.00   10.26 ^ _448_/CLK (sky130_fd_sc_hd__dfrtp_1)
                         -0.25   10.01   clock uncertainty
                          0.03   10.03   clock reconvergence pessimism
                         -0.07    9.96   library setup time
                                  9.96   data required time
-----------------------------------------------------------------------------
                                  9.96   data required time
                                 -1.06   data arrival time
-----------------------------------------------------------------------------
                                  8.90   slack (MET)


Startpoint: _447_ (rising edge-triggered flip-flop clocked by clk)
Endpoint: _447_ (rising edge-triggered flip-flop clocked by clk)
Path Group: clk
Path Type: max
Corner: Fastest

Fanout     Cap    Slew   Delay    Time   Description
-----------------------------------------------------------------------------
                          0.00    0.00   clock clk (rise edge)
                          0.00    0.00   clock source latency
                  0.07    0.05    0.05 ^ clk (in)
     2    0.02                           clk (net)
                  0.07    0.00    0.05 ^ clkbuf_0_clk/A (sky130_fd_sc_hd__clkbuf_16)
                  0.05    0.12    0.17 ^ clkbuf_0_clk/X (sky130_fd_sc_hd__clkbuf_16)
     4    0.05                           clknet_0_clk (net)
                  0.05    0.00    0.17 ^ clkbuf_2_1__f_clk/A (sky130_fd_sc_hd__clkbuf_16)
                  0.05    0.11    0.28 ^ clkbuf_2_1__f_clk/X (sky130_fd_sc_hd__clkbuf_16)
    15    0.05                           clknet_2_1__leaf_clk (net)
                  0.05    0.00    0.28 ^ _447_/CLK (sky130_fd_sc_hd__dfrtp_1)
                  0.05    0.27    0.55 v _447_/Q (sky130_fd_sc_hd__dfrtp_1)
     5    0.01                           rx_inst.clk_count[4] (net)
                  0.05    0.00    0.55 v hold16/A (sky130_fd_sc_hd__dlygate4sd3_1)
                  0.04    0.39    0.94 v hold16/X (sky130_fd_sc_hd__dlygate4sd3_1)
     1    0.00                           net40 (net)
                  0.04    0.00    0.94 v _217_/A1 (sky130_fd_sc_hd__o21ai_1)
                  0.07    0.09    1.04 ^ _217_/Y (sky130_fd_sc_hd__o21ai_1)
     1    0.00                           _099_ (net)
                  0.07    0.00    1.04 ^ _218_/B (sky130_fd_sc_hd__nor2_1)
                  0.02    0.02    1.06 v _218_/Y (sky130_fd_sc_hd__nor2_1)
     1    0.00                           _086_ (net)
                  0.02    0.00    1.06 v _447_/D (sky130_fd_sc_hd__dfrtp_1)
                                  1.06   data arrival time

                         10.00   10.00   clock clk (rise edge)
                          0.00   10.00   clock source latency
                  0.07    0.05   10.05 ^ clk (in)
     2    0.02                           clk (net)
                  0.07    0.00   10.05 ^ clkbuf_0_clk/A (sky130_fd_sc_hd__clkbuf_16)
                  0.05    0.11   10.15 ^ clkbuf_0_clk/X (sky130_fd_sc_hd__clkbuf_16)
     4    0.05                           clknet_0_clk (net)
                  0.05    0.00   10.15 ^ clkbuf_2_1__f_clk/A (sky130_fd_sc_hd__clkbuf_16)
                  0.05    0.10   10.25 ^ clkbuf_2_1__f_clk/X (sky130_fd_sc_hd__clkbuf_16)
    15    0.05                           clknet_2_1__leaf_clk (net)
                  0.05    0.00   10.26 ^ _447_/CLK (sky130_fd_sc_hd__dfrtp_1)
                         -0.25   10.01   clock uncertainty
                          0.03   10.03   clock reconvergence pessimism
                         -0.07    9.96   library setup time
                                  9.96   data required time
-----------------------------------------------------------------------------
                                  9.96   data required time
                                 -1.06   data arrival time
-----------------------------------------------------------------------------
                                  8.90   slack (MET)



======================= Slowest Corner ===================================

Startpoint: _444_ (rising edge-triggered flip-flop clocked by clk)
Endpoint: _437_ (rising edge-triggered flip-flop clocked by clk)
Path Group: clk
Path Type: max
Corner: Slowest

Fanout     Cap    Slew   Delay    Time   Description
-----------------------------------------------------------------------------
                          0.00    0.00   clock clk (rise edge)
                          0.00    0.00   clock source latency
                  0.15    0.11    0.11 ^ clk (in)
     2    0.02                           clk (net)
                  0.15    0.00    0.11 ^ clkbuf_0_clk/A (sky130_fd_sc_hd__clkbuf_16)
                  0.10    0.31    0.41 ^ clkbuf_0_clk/X (sky130_fd_sc_hd__clkbuf_16)
     4    0.05                           clknet_0_clk (net)
                  0.10    0.00    0.41 ^ clkbuf_2_1__f_clk/A (sky130_fd_sc_hd__clkbuf_16)
                  0.10    0.28    0.70 ^ clkbuf_2_1__f_clk/X (sky130_fd_sc_hd__clkbuf_16)
    15    0.05                           clknet_2_1__leaf_clk (net)
                  0.10    0.00    0.70 ^ _444_/CLK (sky130_fd_sc_hd__dfrtp_2)
                  0.16    0.97    1.67 v _444_/Q (sky130_fd_sc_hd__dfrtp_2)
     7    0.02                           rx_inst.clk_count[1] (net)
                  0.16    0.00    1.67 v _220_/B (sky130_fd_sc_hd__or4bb_1)
                  0.20    1.22    2.89 v _220_/X (sky130_fd_sc_hd__or4bb_1)
     1    0.00                           _101_ (net)
                  0.20    0.00    2.89 v _223_/A2 (sky130_fd_sc_hd__o211a_2)
                  0.14    0.62    3.52 v _223_/X (sky130_fd_sc_hd__o211a_2)
     7    0.02                           _104_ (net)
                  0.14    0.00    3.52 v _257_/C (sky130_fd_sc_hd__or4_2)
                  0.28    1.67    5.19 v _257_/X (sky130_fd_sc_hd__or4_2)
     3    0.01                           _131_ (net)
                  0.28    0.00    5.19 v _265_/A (sky130_fd_sc_hd__or3b_1)
                  0.15    1.00    6.19 v _265_/X (sky130_fd_sc_hd__or3b_1)
     1    0.00                           _137_ (net)
                  0.15    0.00    6.19 v _266_/S (sky130_fd_sc_hd__mux2_1)
                  0.11    0.76    6.95 v _266_/X (sky130_fd_sc_hd__mux2_1)
     1    0.00                           _138_ (net)
                  0.11    0.00    6.95 v _267_/A (sky130_fd_sc_hd__clkbuf_1)
                  0.05    0.18    7.14 v _267_/X (sky130_fd_sc_hd__clkbuf_1)
     1    0.00                           _076_ (net)
                  0.05    0.00    7.14 v _437_/D (sky130_fd_sc_hd__dfrtp_1)
                                  7.14   data arrival time

                         10.00   10.00   clock clk (rise edge)
                          0.00   10.00   clock source latency
                  0.15    0.10   10.10 ^ clk (in)
     2    0.02                           clk (net)
                  0.15    0.00   10.10 ^ clkbuf_0_clk/A (sky130_fd_sc_hd__clkbuf_16)
                  0.10    0.28   10.37 ^ clkbuf_0_clk/X (sky130_fd_sc_hd__clkbuf_16)
     4    0.05                           clknet_0_clk (net)
                  0.10    0.00   10.38 ^ clkbuf_2_0__f_clk/A (sky130_fd_sc_hd__clkbuf_16)
                  0.09    0.24   10.62 ^ clkbuf_2_0__f_clk/X (sky130_fd_sc_hd__clkbuf_16)
    11    0.04                           clknet_2_0__leaf_clk (net)
                  0.09    0.00   10.62 ^ _437_/CLK (sky130_fd_sc_hd__dfrtp_1)
                         -0.25   10.37   clock uncertainty
                          0.04   10.41   clock reconvergence pessimism
                         -0.26   10.15   library setup time
                                 10.15   data required time
-----------------------------------------------------------------------------
                                 10.15   data required time
                                 -7.14   data arrival time
-----------------------------------------------------------------------------
                                  3.01   slack (MET)


Startpoint: _444_ (rising edge-triggered flip-flop clocked by clk)
Endpoint: _438_ (rising edge-triggered flip-flop clocked by clk)
Path Group: clk
Path Type: max
Corner: Slowest

Fanout     Cap    Slew   Delay    Time   Description
-----------------------------------------------------------------------------
                          0.00    0.00   clock clk (rise edge)
                          0.00    0.00   clock source latency
                  0.15    0.11    0.11 ^ clk (in)
     2    0.02                           clk (net)
                  0.15    0.00    0.11 ^ clkbuf_0_clk/A (sky130_fd_sc_hd__clkbuf_16)
                  0.10    0.31    0.41 ^ clkbuf_0_clk/X (sky130_fd_sc_hd__clkbuf_16)
     4    0.05                           clknet_0_clk (net)
                  0.10    0.00    0.41 ^ clkbuf_2_1__f_clk/A (sky130_fd_sc_hd__clkbuf_16)
                  0.10    0.28    0.70 ^ clkbuf_2_1__f_clk/X (sky130_fd_sc_hd__clkbuf_16)
    15    0.05                           clknet_2_1__leaf_clk (net)
                  0.10    0.00    0.70 ^ _444_/CLK (sky130_fd_sc_hd__dfrtp_2)
                  0.16    0.97    1.67 v _444_/Q (sky130_fd_sc_hd__dfrtp_2)
     7    0.02                           rx_inst.clk_count[1] (net)
                  0.16    0.00    1.67 v _220_/B (sky130_fd_sc_hd__or4bb_1)
                  0.20    1.22    2.89 v _220_/X (sky130_fd_sc_hd__or4bb_1)
     1    0.00                           _101_ (net)
                  0.20    0.00    2.89 v _223_/A2 (sky130_fd_sc_hd__o211a_2)
                  0.14    0.62    3.52 v _223_/X (sky130_fd_sc_hd__o211a_2)
     7    0.02                           _104_ (net)
                  0.14    0.00    3.52 v _257_/C (sky130_fd_sc_hd__or4_2)
                  0.28    1.67    5.19 v _257_/X (sky130_fd_sc_hd__or4_2)
     3    0.01                           _131_ (net)
                  0.28    0.00    5.19 v _262_/B (sky130_fd_sc_hd__or3b_1)
                  0.16    0.95    6.14 v _262_/X (sky130_fd_sc_hd__or3b_1)
     1    0.00                           _135_ (net)
                  0.16    0.00    6.14 v _263_/S (sky130_fd_sc_hd__mux2_1)
                  0.11    0.76    6.90 v _263_/X (sky130_fd_sc_hd__mux2_1)
     1    0.00                           _136_ (net)
                  0.11    0.00    6.90 v _264_/A (sky130_fd_sc_hd__clkbuf_1)
                  0.04    0.18    7.08 v _264_/X (sky130_fd_sc_hd__clkbuf_1)
     1    0.00                           _077_ (net)
                  0.04    0.00    7.08 v _438_/D (sky130_fd_sc_hd__dfrtp_2)
                                  7.08   data arrival time

                         10.00   10.00   clock clk (rise edge)
                          0.00   10.00   clock source latency
                  0.15    0.10   10.10 ^ clk (in)
     2    0.02                           clk (net)
                  0.15    0.00   10.10 ^ clkbuf_0_clk/A (sky130_fd_sc_hd__clkbuf_16)
                  0.10    0.28   10.37 ^ clkbuf_0_clk/X (sky130_fd_sc_hd__clkbuf_16)
     4    0.05                           clknet_0_clk (net)
                  0.10    0.00   10.37 ^ clkbuf_2_1__f_clk/A (sky130_fd_sc_hd__clkbuf_16)
                  0.10    0.26   10.63 ^ clkbuf_2_1__f_clk/X (sky130_fd_sc_hd__clkbuf_16)
    15    0.05                           clknet_2_1__leaf_clk (net)
                  0.10    0.00   10.63 ^ _438_/CLK (sky130_fd_sc_hd__dfrtp_2)
                         -0.25   10.38   clock uncertainty
                          0.07   10.45   clock reconvergence pessimism
                         -0.26   10.19   library setup time
                                 10.19   data required time
-----------------------------------------------------------------------------
                                 10.19   data required time
                                 -7.08   data arrival time
-----------------------------------------------------------------------------
                                  3.11   slack (MET)


Startpoint: _444_ (rising edge-triggered flip-flop clocked by clk)
Endpoint: _436_ (rising edge-triggered flip-flop clocked by clk)
Path Group: clk
Path Type: max
Corner: Slowest

Fanout     Cap    Slew   Delay    Time   Description
-----------------------------------------------------------------------------
                          0.00    0.00   clock clk (rise edge)
                          0.00    0.00   clock source latency
                  0.15    0.11    0.11 ^ clk (in)
     2    0.02                           clk (net)
                  0.15    0.00    0.11 ^ clkbuf_0_clk/A (sky130_fd_sc_hd__clkbuf_16)
                  0.10    0.31    0.41 ^ clkbuf_0_clk/X (sky130_fd_sc_hd__clkbuf_16)
     4    0.05                           clknet_0_clk (net)
                  0.10    0.00    0.41 ^ clkbuf_2_1__f_clk/A (sky130_fd_sc_hd__clkbuf_16)
                  0.10    0.28    0.70 ^ clkbuf_2_1__f_clk/X (sky130_fd_sc_hd__clkbuf_16)
    15    0.05                           clknet_2_1__leaf_clk (net)
                  0.10    0.00    0.70 ^ _444_/CLK (sky130_fd_sc_hd__dfrtp_2)
                  0.16    0.97    1.67 v _444_/Q (sky130_fd_sc_hd__dfrtp_2)
     7    0.02                           rx_inst.clk_count[1] (net)
                  0.16    0.00    1.67 v _220_/B (sky130_fd_sc_hd__or4bb_1)
                  0.20    1.22    2.89 v _220_/X (sky130_fd_sc_hd__or4bb_1)
     1    0.00                           _101_ (net)
                  0.20    0.00    2.89 v _223_/A2 (sky130_fd_sc_hd__o211a_2)
                  0.14    0.62    3.52 v _223_/X (sky130_fd_sc_hd__o211a_2)
     7    0.02                           _104_ (net)
                  0.14    0.00    3.52 v _250_/C (sky130_fd_sc_hd__or3_2)
                  0.24    1.18    4.70 v _250_/X (sky130_fd_sc_hd__or3_2)
     5    0.02                           _126_ (net)
                  0.24    0.00    4.70 v _268_/C (sky130_fd_sc_hd__or4b_1)
                  0.20    1.24    5.94 v _268_/X (sky130_fd_sc_hd__or4b_1)
     1    0.00                           _139_ (net)
                  0.20    0.00    5.94 v _269_/S (sky130_fd_sc_hd__mux2_1)
                  0.11    0.77    6.71 v _269_/X (sky130_fd_sc_hd__mux2_1)
     1    0.00                           _140_ (net)
                  0.11    0.00    6.71 v _270_/A (sky130_fd_sc_hd__clkbuf_1)
                  0.04    0.18    6.89 v _270_/X (sky130_fd_sc_hd__clkbuf_1)
     1    0.00                           _075_ (net)
                  0.04    0.00    6.89 v _436_/D (sky130_fd_sc_hd__dfrtp_1)
                                  6.89   data arrival time

                         10.00   10.00   clock clk (rise edge)
                          0.00   10.00   clock source latency
                  0.15    0.10   10.10 ^ clk (in)
     2    0.02                           clk (net)
                  0.15    0.00   10.10 ^ clkbuf_0_clk/A (sky130_fd_sc_hd__clkbuf_16)
                  0.10    0.28   10.37 ^ clkbuf_0_clk/X (sky130_fd_sc_hd__clkbuf_16)
     4    0.05                           clknet_0_clk (net)
                  0.10    0.00   10.38 ^ clkbuf_2_0__f_clk/A (sky130_fd_sc_hd__clkbuf_16)
                  0.09    0.24   10.62 ^ clkbuf_2_0__f_clk/X (sky130_fd_sc_hd__clkbuf_16)
    11    0.04                           clknet_2_0__leaf_clk (net)
                  0.09    0.00   10.62 ^ _436_/CLK (sky130_fd_sc_hd__dfrtp_1)
                         -0.25   10.37   clock uncertainty
                          0.04   10.41   clock reconvergence pessimism
                         -0.26   10.15   library setup time
                                 10.15   data required time
-----------------------------------------------------------------------------
                                 10.15   data required time
                                 -6.89   data arrival time
-----------------------------------------------------------------------------
                                  3.26   slack (MET)


Startpoint: _444_ (rising edge-triggered flip-flop clocked by clk)
Endpoint: _432_ (rising edge-triggered flip-flop clocked by clk)
Path Group: clk
Path Type: max
Corner: Slowest

Fanout     Cap    Slew   Delay    Time   Description
-----------------------------------------------------------------------------
                          0.00    0.00   clock clk (rise edge)
                          0.00    0.00   clock source latency
                  0.15    0.11    0.11 ^ clk (in)
     2    0.02                           clk (net)
                  0.15    0.00    0.11 ^ clkbuf_0_clk/A (sky130_fd_sc_hd__clkbuf_16)
                  0.10    0.31    0.41 ^ clkbuf_0_clk/X (sky130_fd_sc_hd__clkbuf_16)
     4    0.05                           clknet_0_clk (net)
                  0.10    0.00    0.41 ^ clkbuf_2_1__f_clk/A (sky130_fd_sc_hd__clkbuf_16)
                  0.10    0.28    0.70 ^ clkbuf_2_1__f_clk/X (sky130_fd_sc_hd__clkbuf_16)
    15    0.05                           clknet_2_1__leaf_clk (net)
                  0.10    0.00    0.70 ^ _444_/CLK (sky130_fd_sc_hd__dfrtp_2)
                  0.16    0.97    1.67 v _444_/Q (sky130_fd_sc_hd__dfrtp_2)
     7    0.02                           rx_inst.clk_count[1] (net)
                  0.16    0.00    1.67 v _220_/B (sky130_fd_sc_hd__or4bb_1)
                  0.20    1.22    2.89 v _220_/X (sky130_fd_sc_hd__or4bb_1)
     1    0.00                           _101_ (net)
                  0.20    0.00    2.89 v _223_/A2 (sky130_fd_sc_hd__o211a_2)
                  0.14    0.62    3.52 v _223_/X (sky130_fd_sc_hd__o211a_2)
     7    0.02                           _104_ (net)
                  0.14    0.00    3.52 v _250_/C (sky130_fd_sc_hd__or3_2)
                  0.24    1.18    4.70 v _250_/X (sky130_fd_sc_hd__or3_2)
     5    0.02                           _126_ (net)
                  0.24    0.00    4.70 v _281_/A (sky130_fd_sc_hd__nor3b_1)
                  0.52    0.62    5.31 ^ _281_/Y (sky130_fd_sc_hd__nor3b_1)
     1    0.01                           _148_ (net)
                  0.52    0.00    5.31 ^ _282_/S (sky130_fd_sc_hd__mux2_1)
                  0.11    0.87    6.18 v _282_/X (sky130_fd_sc_hd__mux2_1)
     1    0.00                           _149_ (net)
                  0.11    0.00    6.18 v _283_/A (sky130_fd_sc_hd__clkbuf_1)
                  0.04    0.18    6.36 v _283_/X (sky130_fd_sc_hd__clkbuf_1)
     1    0.00                           _071_ (net)
                  0.04    0.00    6.36 v _432_/D (sky130_fd_sc_hd__dfrtp_2)
                                  6.36   data arrival time

                         10.00   10.00   clock clk (rise edge)
                          0.00   10.00   clock source latency
                  0.15    0.10   10.10 ^ clk (in)
     2    0.02                           clk (net)
                  0.15    0.00   10.10 ^ clkbuf_0_clk/A (sky130_fd_sc_hd__clkbuf_16)
                  0.10    0.28   10.37 ^ clkbuf_0_clk/X (sky130_fd_sc_hd__clkbuf_16)
     4    0.05                           clknet_0_clk (net)
                  0.10    0.00   10.37 ^ clkbuf_2_1__f_clk/A (sky130_fd_sc_hd__clkbuf_16)
                  0.10    0.26   10.63 ^ clkbuf_2_1__f_clk/X (sky130_fd_sc_hd__clkbuf_16)
    15    0.05                           clknet_2_1__leaf_clk (net)
                  0.10    0.00   10.63 ^ _432_/CLK (sky130_fd_sc_hd__dfrtp_2)
                         -0.25   10.38   clock uncertainty
                          0.07   10.45   clock reconvergence pessimism
                         -0.26   10.19   library setup time
                                 10.19   data required time
-----------------------------------------------------------------------------
                                 10.19   data required time
                                 -6.36   data arrival time
-----------------------------------------------------------------------------
                                  3.83   slack (MET)


Startpoint: _444_ (rising edge-triggered flip-flop clocked by clk)
Endpoint: _441_ (rising edge-triggered flip-flop clocked by clk)
Path Group: clk
Path Type: max
Corner: Slowest

Fanout     Cap    Slew   Delay    Time   Description
-----------------------------------------------------------------------------
                          0.00    0.00   clock clk (rise edge)
                          0.00    0.00   clock source latency
                  0.15    0.11    0.11 ^ clk (in)
     2    0.02                           clk (net)
                  0.15    0.00    0.11 ^ clkbuf_0_clk/A (sky130_fd_sc_hd__clkbuf_16)
                  0.10    0.31    0.41 ^ clkbuf_0_clk/X (sky130_fd_sc_hd__clkbuf_16)
     4    0.05                           clknet_0_clk (net)
                  0.10    0.00    0.41 ^ clkbuf_2_1__f_clk/A (sky130_fd_sc_hd__clkbuf_16)
                  0.10    0.28    0.70 ^ clkbuf_2_1__f_clk/X (sky130_fd_sc_hd__clkbuf_16)
    15    0.05                           clknet_2_1__leaf_clk (net)
                  0.10    0.00    0.70 ^ _444_/CLK (sky130_fd_sc_hd__dfrtp_2)
                  0.16    0.97    1.67 v _444_/Q (sky130_fd_sc_hd__dfrtp_2)
     7    0.02                           rx_inst.clk_count[1] (net)
                  0.16    0.00    1.67 v _220_/B (sky130_fd_sc_hd__or4bb_1)
                  0.20    1.22    2.89 v _220_/X (sky130_fd_sc_hd__or4bb_1)
     1    0.00                           _101_ (net)
                  0.20    0.00    2.89 v _223_/A2 (sky130_fd_sc_hd__o211a_2)
                  0.14    0.62    3.52 v _223_/X (sky130_fd_sc_hd__o211a_2)
     7    0.02                           _104_ (net)
                  0.14    0.00    3.52 v _250_/C (sky130_fd_sc_hd__or3_2)
                  0.24    1.18    4.70 v _250_/X (sky130_fd_sc_hd__or3_2)
     5    0.02                           _126_ (net)
                  0.24    0.00    4.70 v _251_/C (sky130_fd_sc_hd__or3_1)
                  0.15    0.83    5.53 v _251_/X (sky130_fd_sc_hd__or3_1)
     1    0.00                           _127_ (net)
                  0.15    0.00    5.53 v _252_/B1_N (sky130_fd_sc_hd__a21bo_1)
                  0.07    0.40    5.93 ^ _252_/X (sky130_fd_sc_hd__a21bo_1)
     1    0.00                           _080_ (net)
                  0.07    0.00    5.93 ^ _441_/D (sky130_fd_sc_hd__dfrtp_2)
                                  5.93   data arrival time

                         10.00   10.00   clock clk (rise edge)
                          0.00   10.00   clock source latency
                  0.15    0.10   10.10 ^ clk (in)
     2    0.02                           clk (net)
                  0.15    0.00   10.10 ^ clkbuf_0_clk/A (sky130_fd_sc_hd__clkbuf_16)
                  0.10    0.28   10.37 ^ clkbuf_0_clk/X (sky130_fd_sc_hd__clkbuf_16)
     4    0.05                           clknet_0_clk (net)
                  0.10    0.00   10.38 ^ clkbuf_2_0__f_clk/A (sky130_fd_sc_hd__clkbuf_16)
                  0.09    0.24   10.62 ^ clkbuf_2_0__f_clk/X (sky130_fd_sc_hd__clkbuf_16)
    11    0.04                           clknet_2_0__leaf_clk (net)
                  0.09    0.00   10.62 ^ _441_/CLK (sky130_fd_sc_hd__dfrtp_2)
                         -0.25   10.37   clock uncertainty
                          0.04   10.41   clock reconvergence pessimism
                         -0.14   10.27   library setup time
                                 10.27   data required time
-----------------------------------------------------------------------------
                                 10.27   data required time
                                 -5.93   data arrival time
-----------------------------------------------------------------------------
                                  4.34   slack (MET)


Startpoint: _444_ (rising edge-triggered flip-flop clocked by clk)
Endpoint: _418_ (rising edge-triggered flip-flop clocked by clk)
Path Group: clk
Path Type: max
Corner: Slowest

Fanout     Cap    Slew   Delay    Time   Description
-----------------------------------------------------------------------------
                          0.00    0.00   clock clk (rise edge)
                          0.00    0.00   clock source latency
                  0.15    0.11    0.11 ^ clk (in)
     2    0.02                           clk (net)
                  0.15    0.00    0.11 ^ clkbuf_0_clk/A (sky130_fd_sc_hd__clkbuf_16)
                  0.10    0.31    0.41 ^ clkbuf_0_clk/X (sky130_fd_sc_hd__clkbuf_16)
     4    0.05                           clknet_0_clk (net)
                  0.10    0.00    0.41 ^ clkbuf_2_1__f_clk/A (sky130_fd_sc_hd__clkbuf_16)
                  0.10    0.28    0.70 ^ clkbuf_2_1__f_clk/X (sky130_fd_sc_hd__clkbuf_16)
    15    0.05                           clknet_2_1__leaf_clk (net)
                  0.10    0.00    0.70 ^ _444_/CLK (sky130_fd_sc_hd__dfrtp_2)
                  0.16    0.97    1.67 v _444_/Q (sky130_fd_sc_hd__dfrtp_2)
     7    0.02                           rx_inst.clk_count[1] (net)
                  0.16    0.00    1.67 v _220_/B (sky130_fd_sc_hd__or4bb_1)
                  0.20    1.22    2.89 v _220_/X (sky130_fd_sc_hd__or4bb_1)
     1    0.00                           _101_ (net)
                  0.20    0.00    2.89 v _223_/A2 (sky130_fd_sc_hd__o211a_2)
                  0.14    0.62    3.52 v _223_/X (sky130_fd_sc_hd__o211a_2)
     7    0.02                           _104_ (net)
                  0.14    0.00    3.52 v _232_/B1 (sky130_fd_sc_hd__a2bb2o_1)
                  0.21    0.79    4.31 v _232_/X (sky130_fd_sc_hd__a2bb2o_1)
     5    0.02                           _112_ (net)
                  0.21    0.00    4.31 v _325_/D (sky130_fd_sc_hd__or4_1)
                  0.18    1.04    5.35 v _325_/X (sky130_fd_sc_hd__or4_1)
     1    0.00                           _178_ (net)
                  0.18    0.00    5.35 v _326_/B1_N (sky130_fd_sc_hd__a21bo_1)
                  0.06    0.40    5.75 ^ _326_/X (sky130_fd_sc_hd__a21bo_1)
     1    0.00                           _057_ (net)
                  0.06    0.00    5.75 ^ _418_/D (sky130_fd_sc_hd__dfrtp_1)
                                  5.75   data arrival time

                         10.00   10.00   clock clk (rise edge)
                          0.00   10.00   clock source latency
                  0.15    0.10   10.10 ^ clk (in)
     2    0.02                           clk (net)
                  0.15    0.00   10.10 ^ clkbuf_0_clk/A (sky130_fd_sc_hd__clkbuf_16)
                  0.10    0.28   10.37 ^ clkbuf_0_clk/X (sky130_fd_sc_hd__clkbuf_16)
     4    0.05                           clknet_0_clk (net)
                  0.10    0.00   10.38 ^ clkbuf_2_0__f_clk/A (sky130_fd_sc_hd__clkbuf_16)
                  0.09    0.24   10.62 ^ clkbuf_2_0__f_clk/X (sky130_fd_sc_hd__clkbuf_16)
    11    0.04                           clknet_2_0__leaf_clk (net)
                  0.09    0.00   10.62 ^ _418_/CLK (sky130_fd_sc_hd__dfrtp_1)
                         -0.25   10.37   clock uncertainty
                          0.04   10.41   clock reconvergence pessimism
                         -0.13   10.28   library setup time
                                 10.28   data required time
-----------------------------------------------------------------------------
                                 10.28   data required time
                                 -5.75   data arrival time
-----------------------------------------------------------------------------
                                  4.53   slack (MET)


Startpoint: _444_ (rising edge-triggered flip-flop clocked by clk)
Endpoint: _433_ (rising edge-triggered flip-flop clocked by clk)
Path Group: clk
Path Type: max
Corner: Slowest

Fanout     Cap    Slew   Delay    Time   Description
-----------------------------------------------------------------------------
                          0.00    0.00   clock clk (rise edge)
                          0.00    0.00   clock source latency
                  0.15    0.11    0.11 ^ clk (in)
     2    0.02                           clk (net)
                  0.15    0.00    0.11 ^ clkbuf_0_clk/A (sky130_fd_sc_hd__clkbuf_16)
                  0.10    0.31    0.41 ^ clkbuf_0_clk/X (sky130_fd_sc_hd__clkbuf_16)
     4    0.05                           clknet_0_clk (net)
                  0.10    0.00    0.41 ^ clkbuf_2_1__f_clk/A (sky130_fd_sc_hd__clkbuf_16)
                  0.10    0.28    0.70 ^ clkbuf_2_1__f_clk/X (sky130_fd_sc_hd__clkbuf_16)
    15    0.05                           clknet_2_1__leaf_clk (net)
                  0.10    0.00    0.70 ^ _444_/CLK (sky130_fd_sc_hd__dfrtp_2)
                  0.16    0.97    1.67 v _444_/Q (sky130_fd_sc_hd__dfrtp_2)
     7    0.02                           rx_inst.clk_count[1] (net)
                  0.16    0.00    1.67 v _220_/B (sky130_fd_sc_hd__or4bb_1)
                  0.20    1.22    2.89 v _220_/X (sky130_fd_sc_hd__or4bb_1)
     1    0.00                           _101_ (net)
                  0.20    0.00    2.89 v _223_/A2 (sky130_fd_sc_hd__o211a_2)
                  0.14    0.62    3.52 v _223_/X (sky130_fd_sc_hd__o211a_2)
     7    0.02                           _104_ (net)
                  0.14    0.00    3.52 v _271_/B_N (sky130_fd_sc_hd__and4bb_1)
                  0.18    0.68    4.20 ^ _271_/X (sky130_fd_sc_hd__and4bb_1)
     3    0.01                           _141_ (net)
                  0.18    0.00    4.20 ^ _278_/C (sky130_fd_sc_hd__and3b_1)
                  0.16    0.44    4.64 ^ _278_/X (sky130_fd_sc_hd__and3b_1)
     1    0.01                           _146_ (net)
                  0.16    0.00    4.64 ^ _279_/S (sky130_fd_sc_hd__mux2_1)
                  0.10    0.75    5.39 v _279_/X (sky130_fd_sc_hd__mux2_1)
     1    0.00                           _147_ (net)
                  0.10    0.00    5.39 v _280_/A (sky130_fd_sc_hd__clkbuf_1)
                  0.04    0.18    5.57 v _280_/X (sky130_fd_sc_hd__clkbuf_1)
     1    0.00                           _072_ (net)
                  0.04    0.00    5.57 v _433_/D (sky130_fd_sc_hd__dfrtp_1)
                                  5.57   data arrival time

                         10.00   10.00   clock clk (rise edge)
                          0.00   10.00   clock source latency
                  0.15    0.10   10.10 ^ clk (in)
     2    0.02                           clk (net)
                  0.15    0.00   10.10 ^ clkbuf_0_clk/A (sky130_fd_sc_hd__clkbuf_16)
                  0.10    0.28   10.37 ^ clkbuf_0_clk/X (sky130_fd_sc_hd__clkbuf_16)
     4    0.05                           clknet_0_clk (net)
                  0.10    0.00   10.37 ^ clkbuf_2_1__f_clk/A (sky130_fd_sc_hd__clkbuf_16)
                  0.10    0.26   10.63 ^ clkbuf_2_1__f_clk/X (sky130_fd_sc_hd__clkbuf_16)
    15    0.05                           clknet_2_1__leaf_clk (net)
                  0.10    0.00   10.63 ^ _433_/CLK (sky130_fd_sc_hd__dfrtp_1)
                         -0.25   10.38   clock uncertainty
                          0.07   10.45   clock reconvergence pessimism
                         -0.26   10.19   library setup time
                                 10.19   data required time
-----------------------------------------------------------------------------
                                 10.19   data required time
                                 -5.57   data arrival time
-----------------------------------------------------------------------------
                                  4.62   slack (MET)


Startpoint: _444_ (rising edge-triggered flip-flop clocked by clk)
Endpoint: _439_ (rising edge-triggered flip-flop clocked by clk)
Path Group: clk
Path Type: max
Corner: Slowest

Fanout     Cap    Slew   Delay    Time   Description
-----------------------------------------------------------------------------
                          0.00    0.00   clock clk (rise edge)
                          0.00    0.00   clock source latency
                  0.15    0.11    0.11 ^ clk (in)
     2    0.02                           clk (net)
                  0.15    0.00    0.11 ^ clkbuf_0_clk/A (sky130_fd_sc_hd__clkbuf_16)
                  0.10    0.31    0.41 ^ clkbuf_0_clk/X (sky130_fd_sc_hd__clkbuf_16)
     4    0.05                           clknet_0_clk (net)
                  0.10    0.00    0.41 ^ clkbuf_2_1__f_clk/A (sky130_fd_sc_hd__clkbuf_16)
                  0.10    0.28    0.70 ^ clkbuf_2_1__f_clk/X (sky130_fd_sc_hd__clkbuf_16)
    15    0.05                           clknet_2_1__leaf_clk (net)
                  0.10    0.00    0.70 ^ _444_/CLK (sky130_fd_sc_hd__dfrtp_2)
                  0.16    0.97    1.67 v _444_/Q (sky130_fd_sc_hd__dfrtp_2)
     7    0.02                           rx_inst.clk_count[1] (net)
                  0.16    0.00    1.67 v _220_/B (sky130_fd_sc_hd__or4bb_1)
                  0.20    1.22    2.89 v _220_/X (sky130_fd_sc_hd__or4bb_1)
     1    0.00                           _101_ (net)
                  0.20    0.00    2.89 v _223_/A2 (sky130_fd_sc_hd__o211a_2)
                  0.14    0.62    3.52 v _223_/X (sky130_fd_sc_hd__o211a_2)
     7    0.02                           _104_ (net)
                  0.14    0.00    3.52 v _257_/C (sky130_fd_sc_hd__or4_2)
                  0.28    1.67    5.19 v _257_/X (sky130_fd_sc_hd__or4_2)
     3    0.01                           _131_ (net)
                  0.28    0.00    5.19 v _258_/A (sky130_fd_sc_hd__inv_2)
                  0.08    0.14    5.33 ^ _258_/Y (sky130_fd_sc_hd__inv_2)
     1    0.00                           _132_ (net)
                  0.08    0.00    5.33 ^ _261_/A3 (sky130_fd_sc_hd__a31o_1)
                  0.08    0.31    5.64 ^ _261_/X (sky130_fd_sc_hd__a31o_1)
     1    0.00                           _078_ (net)
                  0.08    0.00    5.64 ^ _439_/D (sky130_fd_sc_hd__dfrtp_1)
                                  5.64   data arrival time

                         10.00   10.00   clock clk (rise edge)
                          0.00   10.00   clock source latency
                  0.15    0.10   10.10 ^ clk (in)
     2    0.02                           clk (net)
                  0.15    0.00   10.10 ^ clkbuf_0_clk/A (sky130_fd_sc_hd__clkbuf_16)
                  0.10    0.28   10.37 ^ clkbuf_0_clk/X (sky130_fd_sc_hd__clkbuf_16)
     4    0.05                           clknet_0_clk (net)
                  0.10    0.00   10.38 ^ clkbuf_2_0__f_clk/A (sky130_fd_sc_hd__clkbuf_16)
                  0.09    0.24   10.62 ^ clkbuf_2_0__f_clk/X (sky130_fd_sc_hd__clkbuf_16)
    11    0.04                           clknet_2_0__leaf_clk (net)
                  0.09    0.00   10.62 ^ _439_/CLK (sky130_fd_sc_hd__dfrtp_1)
                         -0.25   10.37   clock uncertainty
                          0.04   10.41   clock reconvergence pessimism
                         -0.13   10.28   library setup time
                                 10.28   data required time
-----------------------------------------------------------------------------
                                 10.28   data required time
                                 -5.64   data arrival time
-----------------------------------------------------------------------------
                                  4.63   slack (MET)


Startpoint: _444_ (rising edge-triggered flip-flop clocked by clk)
Endpoint: _434_ (rising edge-triggered flip-flop clocked by clk)
Path Group: clk
Path Type: max
Corner: Slowest

Fanout     Cap    Slew   Delay    Time   Description
-----------------------------------------------------------------------------
                          0.00    0.00   clock clk (rise edge)
                          0.00    0.00   clock source latency
                  0.15    0.11    0.11 ^ clk (in)
     2    0.02                           clk (net)
                  0.15    0.00    0.11 ^ clkbuf_0_clk/A (sky130_fd_sc_hd__clkbuf_16)
                  0.10    0.31    0.41 ^ clkbuf_0_clk/X (sky130_fd_sc_hd__clkbuf_16)
     4    0.05                           clknet_0_clk (net)
                  0.10    0.00    0.41 ^ clkbuf_2_1__f_clk/A (sky130_fd_sc_hd__clkbuf_16)
                  0.10    0.28    0.70 ^ clkbuf_2_1__f_clk/X (sky130_fd_sc_hd__clkbuf_16)
    15    0.05                           clknet_2_1__leaf_clk (net)
                  0.10    0.00    0.70 ^ _444_/CLK (sky130_fd_sc_hd__dfrtp_2)
                  0.16    0.97    1.67 v _444_/Q (sky130_fd_sc_hd__dfrtp_2)
     7    0.02                           rx_inst.clk_count[1] (net)
                  0.16    0.00    1.67 v _220_/B (sky130_fd_sc_hd__or4bb_1)
                  0.20    1.22    2.89 v _220_/X (sky130_fd_sc_hd__or4bb_1)
     1    0.00                           _101_ (net)
                  0.20    0.00    2.89 v _223_/A2 (sky130_fd_sc_hd__o211a_2)
                  0.14    0.62    3.52 v _223_/X (sky130_fd_sc_hd__o211a_2)
     7    0.02                           _104_ (net)
                  0.14    0.00    3.52 v _271_/B_N (sky130_fd_sc_hd__and4bb_1)
                  0.18    0.68    4.20 ^ _271_/X (sky130_fd_sc_hd__and4bb_1)
     3    0.01                           _141_ (net)
                  0.18    0.00    4.20 ^ _275_/B (sky130_fd_sc_hd__and3b_1)
                  0.11    0.37    4.57 ^ _275_/X (sky130_fd_sc_hd__and3b_1)
     1    0.00                           _144_ (net)
                  0.11    0.00    4.57 ^ _276_/S (sky130_fd_sc_hd__mux2_1)
                  0.11    0.74    5.31 v _276_/X (sky130_fd_sc_hd__mux2_1)
     1    0.00                           _145_ (net)
                  0.11    0.00    5.31 v _277_/A (sky130_fd_sc_hd__clkbuf_1)
                  0.05    0.18    5.50 v _277_/X (sky130_fd_sc_hd__clkbuf_1)
     1    0.00                           _073_ (net)
                  0.05    0.00    5.50 v _434_/D (sky130_fd_sc_hd__dfrtp_1)
                                  5.50   data arrival time

                         10.00   10.00   clock clk (rise edge)
                          0.00   10.00   clock source latency
                  0.15    0.10   10.10 ^ clk (in)
     2    0.02                           clk (net)
                  0.15    0.00   10.10 ^ clkbuf_0_clk/A (sky130_fd_sc_hd__clkbuf_16)
                  0.10    0.28   10.37 ^ clkbuf_0_clk/X (sky130_fd_sc_hd__clkbuf_16)
     4    0.05                           clknet_0_clk (net)
                  0.10    0.00   10.38 ^ clkbuf_2_0__f_clk/A (sky130_fd_sc_hd__clkbuf_16)
                  0.09    0.24   10.62 ^ clkbuf_2_0__f_clk/X (sky130_fd_sc_hd__clkbuf_16)
    11    0.04                           clknet_2_0__leaf_clk (net)
                  0.09    0.00   10.62 ^ _434_/CLK (sky130_fd_sc_hd__dfrtp_1)
                         -0.25   10.37   clock uncertainty
                          0.04   10.41   clock reconvergence pessimism
                         -0.26   10.15   library setup time
                                 10.15   data required time
-----------------------------------------------------------------------------
                                 10.15   data required time
                                 -5.50   data arrival time
-----------------------------------------------------------------------------
                                  4.65   slack (MET)


Startpoint: _444_ (rising edge-triggered flip-flop clocked by clk)
Endpoint: _435_ (rising edge-triggered flip-flop clocked by clk)
Path Group: clk
Path Type: max
Corner: Slowest

Fanout     Cap    Slew   Delay    Time   Description
-----------------------------------------------------------------------------
                          0.00    0.00   clock clk (rise edge)
                          0.00    0.00   clock source latency
                  0.15    0.11    0.11 ^ clk (in)
     2    0.02                           clk (net)
                  0.15    0.00    0.11 ^ clkbuf_0_clk/A (sky130_fd_sc_hd__clkbuf_16)
                  0.10    0.31    0.41 ^ clkbuf_0_clk/X (sky130_fd_sc_hd__clkbuf_16)
     4    0.05                           clknet_0_clk (net)
                  0.10    0.00    0.41 ^ clkbuf_2_1__f_clk/A (sky130_fd_sc_hd__clkbuf_16)
                  0.10    0.28    0.70 ^ clkbuf_2_1__f_clk/X (sky130_fd_sc_hd__clkbuf_16)
    15    0.05                           clknet_2_1__leaf_clk (net)
                  0.10    0.00    0.70 ^ _444_/CLK (sky130_fd_sc_hd__dfrtp_2)
                  0.16    0.97    1.67 v _444_/Q (sky130_fd_sc_hd__dfrtp_2)
     7    0.02                           rx_inst.clk_count[1] (net)
                  0.16    0.00    1.67 v _220_/B (sky130_fd_sc_hd__or4bb_1)
                  0.20    1.22    2.89 v _220_/X (sky130_fd_sc_hd__or4bb_1)
     1    0.00                           _101_ (net)
                  0.20    0.00    2.89 v _223_/A2 (sky130_fd_sc_hd__o211a_2)
                  0.14    0.62    3.52 v _223_/X (sky130_fd_sc_hd__o211a_2)
     7    0.02                           _104_ (net)
                  0.14    0.00    3.52 v _271_/B_N (sky130_fd_sc_hd__and4bb_1)
                  0.18    0.68    4.20 ^ _271_/X (sky130_fd_sc_hd__and4bb_1)
     3    0.01                           _141_ (net)
                  0.18    0.00    4.20 ^ _272_/B (sky130_fd_sc_hd__nand2_1)
                  0.11    0.17    4.37 v _272_/Y (sky130_fd_sc_hd__nand2_1)
     1    0.00                           _142_ (net)
                  0.11    0.00    4.37 v _273_/S (sky130_fd_sc_hd__mux2_1)
                  0.12    0.76    5.13 v _273_/X (sky130_fd_sc_hd__mux2_1)
     1    0.00                           _143_ (net)
                  0.12    0.00    5.13 v _274_/A (sky130_fd_sc_hd__clkbuf_1)
                  0.05    0.19    5.32 v _274_/X (sky130_fd_sc_hd__clkbuf_1)
     1    0.00                           _074_ (net)
                  0.05    0.00    5.32 v _435_/D (sky130_fd_sc_hd__dfrtp_1)
                                  5.32   data arrival time

                         10.00   10.00   clock clk (rise edge)
                          0.00   10.00   clock source latency
                  0.15    0.10   10.10 ^ clk (in)
     2    0.02                           clk (net)
                  0.15    0.00   10.10 ^ clkbuf_0_clk/A (sky130_fd_sc_hd__clkbuf_16)
                  0.10    0.28   10.37 ^ clkbuf_0_clk/X (sky130_fd_sc_hd__clkbuf_16)
     4    0.05                           clknet_0_clk (net)
                  0.10    0.00   10.38 ^ clkbuf_2_0__f_clk/A (sky130_fd_sc_hd__clkbuf_16)
                  0.09    0.24   10.62 ^ clkbuf_2_0__f_clk/X (sky130_fd_sc_hd__clkbuf_16)
    11    0.04                           clknet_2_0__leaf_clk (net)
                  0.09    0.00   10.62 ^ _435_/CLK (sky130_fd_sc_hd__dfrtp_1)
                         -0.25   10.37   clock uncertainty
                          0.04   10.41   clock reconvergence pessimism
                         -0.26   10.15   library setup time
                                 10.15   data required time
-----------------------------------------------------------------------------
                                 10.15   data required time
                                 -5.32   data arrival time
-----------------------------------------------------------------------------
                                  4.83   slack (MET)


Startpoint: _444_ (rising edge-triggered flip-flop clocked by clk)
Endpoint: _417_ (rising edge-triggered flip-flop clocked by clk)
Path Group: clk
Path Type: max
Corner: Slowest

Fanout     Cap    Slew   Delay    Time   Description
-----------------------------------------------------------------------------
                          0.00    0.00   clock clk (rise edge)
                          0.00    0.00   clock source latency
                  0.15    0.11    0.11 ^ clk (in)
     2    0.02                           clk (net)
                  0.15    0.00    0.11 ^ clkbuf_0_clk/A (sky130_fd_sc_hd__clkbuf_16)
                  0.10    0.31    0.41 ^ clkbuf_0_clk/X (sky130_fd_sc_hd__clkbuf_16)
     4    0.05                           clknet_0_clk (net)
                  0.10    0.00    0.41 ^ clkbuf_2_1__f_clk/A (sky130_fd_sc_hd__clkbuf_16)
                  0.10    0.28    0.70 ^ clkbuf_2_1__f_clk/X (sky130_fd_sc_hd__clkbuf_16)
    15    0.05                           clknet_2_1__leaf_clk (net)
                  0.10    0.00    0.70 ^ _444_/CLK (sky130_fd_sc_hd__dfrtp_2)
                  0.16    0.97    1.67 v _444_/Q (sky130_fd_sc_hd__dfrtp_2)
     7    0.02                           rx_inst.clk_count[1] (net)
                  0.16    0.00    1.67 v _220_/B (sky130_fd_sc_hd__or4bb_1)
                  0.20    1.22    2.89 v _220_/X (sky130_fd_sc_hd__or4bb_1)
     1    0.00                           _101_ (net)
                  0.20    0.00    2.89 v _223_/A2 (sky130_fd_sc_hd__o211a_2)
                  0.14    0.62    3.52 v _223_/X (sky130_fd_sc_hd__o211a_2)
     7    0.02                           _104_ (net)
                  0.14    0.00    3.52 v _232_/B1 (sky130_fd_sc_hd__a2bb2o_1)
                  0.21    0.79    4.31 v _232_/X (sky130_fd_sc_hd__a2bb2o_1)
     5    0.02                           _112_ (net)
                  0.21    0.00    4.31 v _327_/B1 (sky130_fd_sc_hd__a311o_1)
                  0.12    0.70    5.01 v _327_/X (sky130_fd_sc_hd__a311o_1)
     1    0.01                           _179_ (net)
                  0.12    0.00    5.01 v _328_/B (sky130_fd_sc_hd__xnor2_1)
                  0.10    0.24    5.25 v _328_/Y (sky130_fd_sc_hd__xnor2_1)
     1    0.00                           _056_ (net)
                  0.10    0.00    5.25 v _417_/D (sky130_fd_sc_hd__dfrtp_4)
                                  5.25   data arrival time

                         10.00   10.00   clock clk (rise edge)
                          0.00   10.00   clock source latency
                  0.15    0.10   10.10 ^ clk (in)
     2    0.02                           clk (net)
                  0.15    0.00   10.10 ^ clkbuf_0_clk/A (sky130_fd_sc_hd__clkbuf_16)
                  0.10    0.28   10.37 ^ clkbuf_0_clk/X (sky130_fd_sc_hd__clkbuf_16)
     4    0.05                           clknet_0_clk (net)
                  0.10    0.00   10.37 ^ clkbuf_2_2__f_clk/A (sky130_fd_sc_hd__clkbuf_16)
                  0.08    0.24   10.61 ^ clkbuf_2_2__f_clk/X (sky130_fd_sc_hd__clkbuf_16)
    11    0.03                           clknet_2_2__leaf_clk (net)
                  0.08    0.00   10.62 ^ _417_/CLK (sky130_fd_sc_hd__dfrtp_4)
                         -0.25   10.37   clock uncertainty
                          0.04   10.40   clock reconvergence pessimism
                         -0.28   10.12   library setup time
                                 10.12   data required time
-----------------------------------------------------------------------------
                                 10.12   data required time
                                 -5.25   data arrival time
-----------------------------------------------------------------------------
                                  4.87   slack (MET)


Startpoint: _444_ (rising edge-triggered flip-flop clocked by clk)
Endpoint: _440_ (rising edge-triggered flip-flop clocked by clk)
Path Group: clk
Path Type: max
Corner: Slowest

Fanout     Cap    Slew   Delay    Time   Description
-----------------------------------------------------------------------------
                          0.00    0.00   clock clk (rise edge)
                          0.00    0.00   clock source latency
                  0.15    0.11    0.11 ^ clk (in)
     2    0.02                           clk (net)
                  0.15    0.00    0.11 ^ clkbuf_0_clk/A (sky130_fd_sc_hd__clkbuf_16)
                  0.10    0.31    0.41 ^ clkbuf_0_clk/X (sky130_fd_sc_hd__clkbuf_16)
     4    0.05                           clknet_0_clk (net)
                  0.10    0.00    0.41 ^ clkbuf_2_1__f_clk/A (sky130_fd_sc_hd__clkbuf_16)
                  0.10    0.28    0.70 ^ clkbuf_2_1__f_clk/X (sky130_fd_sc_hd__clkbuf_16)
    15    0.05                           clknet_2_1__leaf_clk (net)
                  0.10    0.00    0.70 ^ _444_/CLK (sky130_fd_sc_hd__dfrtp_2)
                  0.16    0.97    1.67 v _444_/Q (sky130_fd_sc_hd__dfrtp_2)
     7    0.02                           rx_inst.clk_count[1] (net)
                  0.16    0.00    1.67 v _220_/B (sky130_fd_sc_hd__or4bb_1)
                  0.20    1.22    2.89 v _220_/X (sky130_fd_sc_hd__or4bb_1)
     1    0.00                           _101_ (net)
                  0.20    0.00    2.89 v _223_/A2 (sky130_fd_sc_hd__o211a_2)
                  0.14    0.62    3.52 v _223_/X (sky130_fd_sc_hd__o211a_2)
     7    0.02                           _104_ (net)
                  0.14    0.00    3.52 v _250_/C (sky130_fd_sc_hd__or3_2)
                  0.24    1.18    4.70 v _250_/X (sky130_fd_sc_hd__or3_2)
     5    0.02                           _126_ (net)
                  0.24    0.00    4.70 v _253_/A (sky130_fd_sc_hd__inv_2)
                  0.06    0.12    4.82 ^ _253_/Y (sky130_fd_sc_hd__inv_2)
     1    0.00                           _128_ (net)
                  0.06    0.00    4.82 ^ _254_/A0 (sky130_fd_sc_hd__mux2_1)
                  0.08    0.24    5.06 ^ _254_/X (sky130_fd_sc_hd__mux2_1)
     1    0.00                           _129_ (net)
                  0.08    0.00    5.06 ^ _255_/A (sky130_fd_sc_hd__clkbuf_1)
                  0.07    0.16    5.22 ^ _255_/X (sky130_fd_sc_hd__clkbuf_1)
     1    0.00                           _079_ (net)
                  0.07    0.00    5.22 ^ _440_/D (sky130_fd_sc_hd__dfrtp_4)
                                  5.22   data arrival time

                         10.00   10.00   clock clk (rise edge)
                          0.00   10.00   clock source latency
                  0.15    0.10   10.10 ^ clk (in)
     2    0.02                           clk (net)
                  0.15    0.00   10.10 ^ clkbuf_0_clk/A (sky130_fd_sc_hd__clkbuf_16)
                  0.10    0.28   10.37 ^ clkbuf_0_clk/X (sky130_fd_sc_hd__clkbuf_16)
     4    0.05                           clknet_0_clk (net)
                  0.10    0.00   10.38 ^ clkbuf_2_0__f_clk/A (sky130_fd_sc_hd__clkbuf_16)
                  0.09    0.24   10.62 ^ clkbuf_2_0__f_clk/X (sky130_fd_sc_hd__clkbuf_16)
    11    0.04                           clknet_2_0__leaf_clk (net)
                  0.09    0.00   10.62 ^ _440_/CLK (sky130_fd_sc_hd__dfrtp_4)
                         -0.25   10.37   clock uncertainty
                          0.04   10.41   clock reconvergence pessimism
                         -0.13   10.28   library setup time
                                 10.28   data required time
-----------------------------------------------------------------------------
                                 10.28   data required time
                                 -5.22   data arrival time
-----------------------------------------------------------------------------
                                  5.05   slack (MET)


Startpoint: _444_ (rising edge-triggered flip-flop clocked by clk)
Endpoint: _444_ (rising edge-triggered flip-flop clocked by clk)
Path Group: clk
Path Type: max
Corner: Slowest

Fanout     Cap    Slew   Delay    Time   Description
-----------------------------------------------------------------------------
                          0.00    0.00   clock clk (rise edge)
                          0.00    0.00   clock source latency
                  0.15    0.11    0.11 ^ clk (in)
     2    0.02                           clk (net)
                  0.15    0.00    0.11 ^ clkbuf_0_clk/A (sky130_fd_sc_hd__clkbuf_16)
                  0.10    0.31    0.41 ^ clkbuf_0_clk/X (sky130_fd_sc_hd__clkbuf_16)
     4    0.05                           clknet_0_clk (net)
                  0.10    0.00    0.41 ^ clkbuf_2_1__f_clk/A (sky130_fd_sc_hd__clkbuf_16)
                  0.10    0.28    0.70 ^ clkbuf_2_1__f_clk/X (sky130_fd_sc_hd__clkbuf_16)
    15    0.05                           clknet_2_1__leaf_clk (net)
                  0.10    0.00    0.70 ^ _444_/CLK (sky130_fd_sc_hd__dfrtp_2)
                  0.16    0.97    1.67 v _444_/Q (sky130_fd_sc_hd__dfrtp_2)
     7    0.02                           rx_inst.clk_count[1] (net)
                  0.16    0.00    1.67 v _220_/B (sky130_fd_sc_hd__or4bb_1)
                  0.20    1.22    2.89 v _220_/X (sky130_fd_sc_hd__or4bb_1)
     1    0.00                           _101_ (net)
                  0.20    0.00    2.89 v _223_/A2 (sky130_fd_sc_hd__o211a_2)
                  0.14    0.62    3.52 v _223_/X (sky130_fd_sc_hd__o211a_2)
     7    0.02                           _104_ (net)
                  0.14    0.00    3.52 v _232_/B1 (sky130_fd_sc_hd__a2bb2o_1)
                  0.21    0.79    4.31 v _232_/X (sky130_fd_sc_hd__a2bb2o_1)
     5    0.02                           _112_ (net)
                  0.21    0.00    4.31 v _237_/A (sky130_fd_sc_hd__and2_1)
                  0.06    0.35    4.66 v _237_/X (sky130_fd_sc_hd__and2_1)
     1    0.00                           _116_ (net)
                  0.06    0.00    4.66 v _238_/A (sky130_fd_sc_hd__clkbuf_1)
                  0.06    0.17    4.83 v _238_/X (sky130_fd_sc_hd__clkbuf_1)
     1    0.00                           _083_ (net)
                  0.06    0.00    4.83 v _444_/D (sky130_fd_sc_hd__dfrtp_2)
                                  4.83   data arrival time

                         10.00   10.00   clock clk (rise edge)
                          0.00   10.00   clock source latency
                  0.15    0.10   10.10 ^ clk (in)
     2    0.02                           clk (net)
                  0.15    0.00   10.10 ^ clkbuf_0_clk/A (sky130_fd_sc_hd__clkbuf_16)
                  0.10    0.28   10.37 ^ clkbuf_0_clk/X (sky130_fd_sc_hd__clkbuf_16)
     4    0.05                           clknet_0_clk (net)
                  0.10    0.00   10.37 ^ clkbuf_2_1__f_clk/A (sky130_fd_sc_hd__clkbuf_16)
                  0.10    0.26   10.63 ^ clkbuf_2_1__f_clk/X (sky130_fd_sc_hd__clkbuf_16)
    15    0.05                           clknet_2_1__leaf_clk (net)
                  0.10    0.00   10.63 ^ _444_/CLK (sky130_fd_sc_hd__dfrtp_2)
                         -0.25   10.38   clock uncertainty
                          0.07   10.45   clock reconvergence pessimism
                         -0.26   10.19   library setup time
                                 10.19   data required time
-----------------------------------------------------------------------------
                                 10.19   data required time
                                 -4.83   data arrival time
-----------------------------------------------------------------------------
                                  5.35   slack (MET)


Startpoint: _416_ (rising edge-triggered flip-flop clocked by clk)
Endpoint: _430_ (rising edge-triggered flip-flop clocked by clk)
Path Group: clk
Path Type: max
Corner: Slowest

Fanout     Cap    Slew   Delay    Time   Description
-----------------------------------------------------------------------------
                          0.00    0.00   clock clk (rise edge)
                          0.00    0.00   clock source latency
                  0.15    0.11    0.11 ^ clk (in)
     2    0.02                           clk (net)
                  0.15    0.00    0.11 ^ clkbuf_0_clk/A (sky130_fd_sc_hd__clkbuf_16)
                  0.10    0.31    0.41 ^ clkbuf_0_clk/X (sky130_fd_sc_hd__clkbuf_16)
     4    0.05                           clknet_0_clk (net)
                  0.10    0.00    0.41 ^ clkbuf_2_2__f_clk/A (sky130_fd_sc_hd__clkbuf_16)
                  0.08    0.26    0.68 ^ clkbuf_2_2__f_clk/X (sky130_fd_sc_hd__clkbuf_16)
    11    0.03                           clknet_2_2__leaf_clk (net)
                  0.08    0.00    0.68 ^ _416_/CLK (sky130_fd_sc_hd__dfrtp_1)
                  0.08    0.78    1.46 v _416_/Q (sky130_fd_sc_hd__dfrtp_1)
     1    0.00                           tx_inst.clk_count[7] (net)
                  0.08    0.00    1.46 v _285_/A (sky130_fd_sc_hd__or4_1)
                  0.26    1.40    2.86 v _285_/X (sky130_fd_sc_hd__or4_1)
     3    0.01                           _151_ (net)
                  0.26    0.00    2.86 v _291_/B (sky130_fd_sc_hd__or2_1)
                  0.13    0.61    3.47 v _291_/X (sky130_fd_sc_hd__or2_1)
     2    0.01                           _156_ (net)
                  0.13    0.00    3.47 v _293_/A2 (sky130_fd_sc_hd__a32o_1)
                  0.06    0.47    3.94 v _293_/X (sky130_fd_sc_hd__a32o_1)
     1    0.00                           _158_ (net)
                  0.06    0.00    3.94 v _294_/A0 (sky130_fd_sc_hd__mux2_1)
                  0.12    0.67    4.61 v _294_/X (sky130_fd_sc_hd__mux2_1)
     1    0.00                           _159_ (net)
                  0.12    0.00    4.61 v _295_/A (sky130_fd_sc_hd__clkbuf_1)
                  0.05    0.19    4.80 v _295_/X (sky130_fd_sc_hd__clkbuf_1)
     1    0.00                           _069_ (net)
                  0.05    0.00    4.81 v _430_/D (sky130_fd_sc_hd__dfrtp_4)
                                  4.81   data arrival time

                         10.00   10.00   clock clk (rise edge)
                          0.00   10.00   clock source latency
                  0.15    0.10   10.10 ^ clk (in)
     2    0.02                           clk (net)
                  0.15    0.00   10.10 ^ clkbuf_0_clk/A (sky130_fd_sc_hd__clkbuf_16)
                  0.10    0.28   10.37 ^ clkbuf_0_clk/X (sky130_fd_sc_hd__clkbuf_16)
     4    0.05                           clknet_0_clk (net)
                  0.10    0.00   10.37 ^ clkbuf_2_2__f_clk/A (sky130_fd_sc_hd__clkbuf_16)
                  0.08    0.24   10.61 ^ clkbuf_2_2__f_clk/X (sky130_fd_sc_hd__clkbuf_16)
    11    0.03                           clknet_2_2__leaf_clk (net)
                  0.08    0.00   10.62 ^ _430_/CLK (sky130_fd_sc_hd__dfrtp_4)
                         -0.25   10.37   clock uncertainty
                          0.06   10.43   clock reconvergence pessimism
                         -0.26   10.17   library setup time
                                 10.17   data required time
-----------------------------------------------------------------------------
                                 10.17   data required time
                                 -4.81   data arrival time
-----------------------------------------------------------------------------
                                  5.36   slack (MET)


Startpoint: _406_ (rising edge-triggered flip-flop clocked by clk)
Endpoint: _420_ (rising edge-triggered flip-flop clocked by clk)
Path Group: clk
Path Type: max
Corner: Slowest

Fanout     Cap    Slew   Delay    Time   Description
-----------------------------------------------------------------------------
                          0.00    0.00   clock clk (rise edge)
                          0.00    0.00   clock source latency
                  0.15    0.11    0.11 ^ clk (in)
     2    0.02                           clk (net)
                  0.15    0.00    0.11 ^ clkbuf_0_clk/A (sky130_fd_sc_hd__clkbuf_16)
                  0.10    0.31    0.41 ^ clkbuf_0_clk/X (sky130_fd_sc_hd__clkbuf_16)
     4    0.05                           clknet_0_clk (net)
                  0.10    0.00    0.41 ^ clkbuf_2_3__f_clk/A (sky130_fd_sc_hd__clkbuf_16)
                  0.08    0.26    0.67 ^ clkbuf_2_3__f_clk/X (sky130_fd_sc_hd__clkbuf_16)
     8    0.03                           clknet_2_3__leaf_clk (net)
                  0.08    0.00    0.67 ^ _406_/CLK (sky130_fd_sc_hd__dfrtp_2)
                  0.22    0.87    1.54 ^ _406_/Q (sky130_fd_sc_hd__dfrtp_2)
     5    0.02                           tx_inst.bit_index[0] (net)
                  0.22    0.00    1.54 ^ _316_/S0 (sky130_fd_sc_hd__mux4_1)
                  0.15    1.33    2.87 v _316_/X (sky130_fd_sc_hd__mux4_1)
     1    0.00                           _171_ (net)
                  0.15    0.00    2.87 v _317_/A1 (sky130_fd_sc_hd__mux2_1)
                  0.11    0.72    3.59 v _317_/X (sky130_fd_sc_hd__mux2_1)
     1    0.00                           _172_ (net)
                  0.11    0.00    3.59 v _318_/B (sky130_fd_sc_hd__and3b_1)
                  0.06    0.35    3.94 v _318_/X (sky130_fd_sc_hd__and3b_1)
     1    0.00                           _173_ (net)
                  0.06    0.00    3.94 v _319_/C (sky130_fd_sc_hd__or3_1)
                  0.14    0.76    4.70 v _319_/X (sky130_fd_sc_hd__or3_1)
     1    0.00                           _174_ (net)
                  0.14    0.00    4.70 v _320_/A (sky130_fd_sc_hd__clkbuf_1)
                  0.05    0.20    4.90 v _320_/X (sky130_fd_sc_hd__clkbuf_1)
     1    0.00                           _059_ (net)
                  0.05    0.00    4.90 v _420_/D (sky130_fd_sc_hd__dfstp_1)
                                  4.90   data arrival time

                         10.00   10.00   clock clk (rise edge)
                          0.00   10.00   clock source latency
                  0.15    0.10   10.10 ^ clk (in)
     2    0.02                           clk (net)
                  0.15    0.00   10.10 ^ clkbuf_0_clk/A (sky130_fd_sc_hd__clkbuf_16)
                  0.10    0.28   10.37 ^ clkbuf_0_clk/X (sky130_fd_sc_hd__clkbuf_16)
     4    0.05                           clknet_0_clk (net)
                  0.10    0.00   10.37 ^ clkbuf_2_2__f_clk/A (sky130_fd_sc_hd__clkbuf_16)
                  0.08    0.24   10.61 ^ clkbuf_2_2__f_clk/X (sky130_fd_sc_hd__clkbuf_16)
    11    0.03                           clknet_2_2__leaf_clk (net)
                  0.08    0.00   10.62 ^ _420_/CLK (sky130_fd_sc_hd__dfstp_1)
                         -0.25   10.37   clock uncertainty
                          0.04   10.40   clock reconvergence pessimism
                         -0.14   10.26   library setup time
                                 10.26   data required time
-----------------------------------------------------------------------------
                                 10.26   data required time
                                 -4.90   data arrival time
-----------------------------------------------------------------------------
                                  5.36   slack (MET)


Startpoint: _444_ (rising edge-triggered flip-flop clocked by clk)
Endpoint: _445_ (rising edge-triggered flip-flop clocked by clk)
Path Group: clk
Path Type: max
Corner: Slowest

Fanout     Cap    Slew   Delay    Time   Description
-----------------------------------------------------------------------------
                          0.00    0.00   clock clk (rise edge)
                          0.00    0.00   clock source latency
                  0.15    0.11    0.11 ^ clk (in)
     2    0.02                           clk (net)
                  0.15    0.00    0.11 ^ clkbuf_0_clk/A (sky130_fd_sc_hd__clkbuf_16)
                  0.10    0.31    0.41 ^ clkbuf_0_clk/X (sky130_fd_sc_hd__clkbuf_16)
     4    0.05                           clknet_0_clk (net)
                  0.10    0.00    0.41 ^ clkbuf_2_1__f_clk/A (sky130_fd_sc_hd__clkbuf_16)
                  0.10    0.28    0.70 ^ clkbuf_2_1__f_clk/X (sky130_fd_sc_hd__clkbuf_16)
    15    0.05                           clknet_2_1__leaf_clk (net)
                  0.10    0.00    0.70 ^ _444_/CLK (sky130_fd_sc_hd__dfrtp_2)
                  0.16    0.97    1.67 v _444_/Q (sky130_fd_sc_hd__dfrtp_2)
     7    0.02                           rx_inst.clk_count[1] (net)
                  0.16    0.00    1.67 v _220_/B (sky130_fd_sc_hd__or4bb_1)
                  0.20    1.22    2.89 v _220_/X (sky130_fd_sc_hd__or4bb_1)
     1    0.00                           _101_ (net)
                  0.20    0.00    2.89 v _223_/A2 (sky130_fd_sc_hd__o211a_2)
                  0.14    0.62    3.52 v _223_/X (sky130_fd_sc_hd__o211a_2)
     7    0.02                           _104_ (net)
                  0.14    0.00    3.52 v _232_/B1 (sky130_fd_sc_hd__a2bb2o_1)
                  0.21    0.79    4.31 v _232_/X (sky130_fd_sc_hd__a2bb2o_1)
     5    0.02                           _112_ (net)
                  0.21    0.00    4.31 v _235_/B1 (sky130_fd_sc_hd__a32o_1)
                  0.07    0.44    4.74 v _235_/X (sky130_fd_sc_hd__a32o_1)
     1    0.00                           _084_ (net)
                  0.07    0.00    4.74 v _445_/D (sky130_fd_sc_hd__dfrtp_2)
                                  4.74   data arrival time

                         10.00   10.00   clock clk (rise edge)
                          0.00   10.00   clock source latency
                  0.15    0.10   10.10 ^ clk (in)
     2    0.02                           clk (net)
                  0.15    0.00   10.10 ^ clkbuf_0_clk/A (sky130_fd_sc_hd__clkbuf_16)
                  0.10    0.28   10.37 ^ clkbuf_0_clk/X (sky130_fd_sc_hd__clkbuf_16)
     4    0.05                           clknet_0_clk (net)
                  0.10    0.00   10.38 ^ clkbuf_2_0__f_clk/A (sky130_fd_sc_hd__clkbuf_16)
                  0.09    0.24   10.62 ^ clkbuf_2_0__f_clk/X (sky130_fd_sc_hd__clkbuf_16)
    11    0.04                           clknet_2_0__leaf_clk (net)
                  0.09    0.00   10.62 ^ _445_/CLK (sky130_fd_sc_hd__dfrtp_2)
                         -0.25   10.37   clock uncertainty
                          0.04   10.41   clock reconvergence pessimism
                         -0.27   10.14   library setup time
                                 10.14   data required time
-----------------------------------------------------------------------------
                                 10.14   data required time
                                 -4.74   data arrival time
-----------------------------------------------------------------------------
                                  5.40   slack (MET)


Startpoint: _438_ (rising edge-triggered flip-flop clocked by clk)
Endpoint: rx_data[6] (output port clocked by clk)
Path Group: clk
Path Type: max
Corner: Slowest

Fanout     Cap    Slew   Delay    Time   Description
-----------------------------------------------------------------------------
                          0.00    0.00   clock clk (rise edge)
                          0.00    0.00   clock source latency
                  0.15    0.11    0.11 ^ clk (in)
     2    0.02                           clk (net)
                  0.15    0.00    0.11 ^ clkbuf_0_clk/A (sky130_fd_sc_hd__clkbuf_16)
                  0.10    0.31    0.41 ^ clkbuf_0_clk/X (sky130_fd_sc_hd__clkbuf_16)
     4    0.05                           clknet_0_clk (net)
                  0.10    0.00    0.41 ^ clkbuf_2_1__f_clk/A (sky130_fd_sc_hd__clkbuf_16)
                  0.10    0.28    0.70 ^ clkbuf_2_1__f_clk/X (sky130_fd_sc_hd__clkbuf_16)
    15    0.05                           clknet_2_1__leaf_clk (net)
                  0.10    0.00    0.70 ^ _438_/CLK (sky130_fd_sc_hd__dfrtp_2)
                  0.17    0.99    1.69 v _438_/Q (sky130_fd_sc_hd__dfrtp_2)
     4    0.03                           net17 (net)
                  0.17    0.00    1.69 v output17/A (sky130_fd_sc_hd__buf_2)
                  0.17    0.41    2.10 v output17/X (sky130_fd_sc_hd__buf_2)
     1    0.03                           rx_data[6] (net)
                  0.17    0.00    2.10 v rx_data[6] (out)
                                  2.10   data arrival time

                         10.00   10.00   clock clk (rise edge)
                          0.00   10.00   clock network delay (propagated)
                         -0.25    9.75   clock uncertainty
                          0.00    9.75   clock reconvergence pessimism
                         -2.00    7.75   output external delay
                                  7.75   data required time
-----------------------------------------------------------------------------
                                  7.75   data required time
                                 -2.10   data arrival time
-----------------------------------------------------------------------------
                                  5.65   slack (MET)


Startpoint: _432_ (rising edge-triggered flip-flop clocked by clk)
Endpoint: rx_data[0] (output port clocked by clk)
Path Group: clk
Path Type: max
Corner: Slowest

Fanout     Cap    Slew   Delay    Time   Description
-----------------------------------------------------------------------------
                          0.00    0.00   clock clk (rise edge)
                          0.00    0.00   clock source latency
                  0.15    0.11    0.11 ^ clk (in)
     2    0.02                           clk (net)
                  0.15    0.00    0.11 ^ clkbuf_0_clk/A (sky130_fd_sc_hd__clkbuf_16)
                  0.10    0.31    0.41 ^ clkbuf_0_clk/X (sky130_fd_sc_hd__clkbuf_16)
     4    0.05                           clknet_0_clk (net)
                  0.10    0.00    0.41 ^ clkbuf_2_1__f_clk/A (sky130_fd_sc_hd__clkbuf_16)
                  0.10    0.28    0.70 ^ clkbuf_2_1__f_clk/X (sky130_fd_sc_hd__clkbuf_16)
    15    0.05                           clknet_2_1__leaf_clk (net)
                  0.10    0.00    0.70 ^ _432_/CLK (sky130_fd_sc_hd__dfrtp_2)
                  0.17    0.99    1.69 v _432_/Q (sky130_fd_sc_hd__dfrtp_2)
     4    0.03                           net11 (net)
                  0.17    0.00    1.69 v output11/A (sky130_fd_sc_hd__clkbuf_4)
                  0.14    0.39    2.08 v output11/X (sky130_fd_sc_hd__clkbuf_4)
     1    0.03                           rx_data[0] (net)
                  0.14    0.00    2.08 v rx_data[0] (out)
                                  2.08   data arrival time

                         10.00   10.00   clock clk (rise edge)
                          0.00   10.00   clock network delay (propagated)
                         -0.25    9.75   clock uncertainty
                          0.00    9.75   clock reconvergence pessimism
                         -2.00    7.75   output external delay
                                  7.75   data required time
-----------------------------------------------------------------------------
                                  7.75   data required time
                                 -2.08   data arrival time
-----------------------------------------------------------------------------
                                  5.67   slack (MET)


Startpoint: _436_ (rising edge-triggered flip-flop clocked by clk)
Endpoint: rx_data[4] (output port clocked by clk)
Path Group: clk
Path Type: max
Corner: Slowest

Fanout     Cap    Slew   Delay    Time   Description
-----------------------------------------------------------------------------
                          0.00    0.00   clock clk (rise edge)
                          0.00    0.00   clock source latency
                  0.15    0.11    0.11 ^ clk (in)
     2    0.02                           clk (net)
                  0.15    0.00    0.11 ^ clkbuf_0_clk/A (sky130_fd_sc_hd__clkbuf_16)
                  0.10    0.31    0.41 ^ clkbuf_0_clk/X (sky130_fd_sc_hd__clkbuf_16)
     4    0.05                           clknet_0_clk (net)
                  0.10    0.00    0.41 ^ clkbuf_2_0__f_clk/A (sky130_fd_sc_hd__clkbuf_16)
                  0.09    0.27    0.68 ^ clkbuf_2_0__f_clk/X (sky130_fd_sc_hd__clkbuf_16)
    11    0.04                           clknet_2_0__leaf_clk (net)
                  0.09    0.00    0.69 ^ _436_/CLK (sky130_fd_sc_hd__dfrtp_1)
                  0.23    0.94    1.63 v _436_/Q (sky130_fd_sc_hd__dfrtp_1)
     4    0.02                           net15 (net)
                  0.23    0.00    1.63 v output15/A (sky130_fd_sc_hd__buf_2)
                  0.17    0.44    2.07 v output15/X (sky130_fd_sc_hd__buf_2)
     1    0.03                           rx_data[4] (net)
                  0.17    0.00    2.07 v rx_data[4] (out)
                                  2.07   data arrival time

                         10.00   10.00   clock clk (rise edge)
                          0.00   10.00   clock network delay (propagated)
                         -0.25    9.75   clock uncertainty
                          0.00    9.75   clock reconvergence pessimism
                         -2.00    7.75   output external delay
                                  7.75   data required time
-----------------------------------------------------------------------------
                                  7.75   data required time
                                 -2.07   data arrival time
-----------------------------------------------------------------------------
                                  5.68   slack (MET)


Startpoint: _433_ (rising edge-triggered flip-flop clocked by clk)
Endpoint: rx_data[1] (output port clocked by clk)
Path Group: clk
Path Type: max
Corner: Slowest

Fanout     Cap    Slew   Delay    Time   Description
-----------------------------------------------------------------------------
                          0.00    0.00   clock clk (rise edge)
                          0.00    0.00   clock source latency
                  0.15    0.11    0.11 ^ clk (in)
     2    0.02                           clk (net)
                  0.15    0.00    0.11 ^ clkbuf_0_clk/A (sky130_fd_sc_hd__clkbuf_16)
                  0.10    0.31    0.41 ^ clkbuf_0_clk/X (sky130_fd_sc_hd__clkbuf_16)
     4    0.05                           clknet_0_clk (net)
                  0.10    0.00    0.41 ^ clkbuf_2_1__f_clk/A (sky130_fd_sc_hd__clkbuf_16)
                  0.10    0.28    0.70 ^ clkbuf_2_1__f_clk/X (sky130_fd_sc_hd__clkbuf_16)
    15    0.05                           clknet_2_1__leaf_clk (net)
                  0.10    0.00    0.70 ^ _433_/CLK (sky130_fd_sc_hd__dfrtp_1)
                  0.20    0.92    1.62 v _433_/Q (sky130_fd_sc_hd__dfrtp_1)
     4    0.02                           net12 (net)
                  0.20    0.00    1.62 v output12/A (sky130_fd_sc_hd__clkbuf_4)
                  0.14    0.41    2.03 v output12/X (sky130_fd_sc_hd__clkbuf_4)
     1    0.03                           rx_data[1] (net)
                  0.14    0.00    2.03 v rx_data[1] (out)
                                  2.03   data arrival time

                         10.00   10.00   clock clk (rise edge)
                          0.00   10.00   clock network delay (propagated)
                         -0.25    9.75   clock uncertainty
                          0.00    9.75   clock reconvergence pessimism
                         -2.00    7.75   output external delay
                                  7.75   data required time
-----------------------------------------------------------------------------
                                  7.75   data required time
                                 -2.03   data arrival time
-----------------------------------------------------------------------------
                                  5.72   slack (MET)


Startpoint: _444_ (rising edge-triggered flip-flop clocked by clk)
Endpoint: _446_ (rising edge-triggered flip-flop clocked by clk)
Path Group: clk
Path Type: max
Corner: Slowest

Fanout     Cap    Slew   Delay    Time   Description
-----------------------------------------------------------------------------
                          0.00    0.00   clock clk (rise edge)
                          0.00    0.00   clock source latency
                  0.15    0.11    0.11 ^ clk (in)
     2    0.02                           clk (net)
                  0.15    0.00    0.11 ^ clkbuf_0_clk/A (sky130_fd_sc_hd__clkbuf_16)
                  0.10    0.31    0.41 ^ clkbuf_0_clk/X (sky130_fd_sc_hd__clkbuf_16)
     4    0.05                           clknet_0_clk (net)
                  0.10    0.00    0.41 ^ clkbuf_2_1__f_clk/A (sky130_fd_sc_hd__clkbuf_16)
                  0.10    0.28    0.70 ^ clkbuf_2_1__f_clk/X (sky130_fd_sc_hd__clkbuf_16)
    15    0.05                           clknet_2_1__leaf_clk (net)
                  0.10    0.00    0.70 ^ _444_/CLK (sky130_fd_sc_hd__dfrtp_2)
                  0.16    0.97    1.67 v _444_/Q (sky130_fd_sc_hd__dfrtp_2)
     7    0.02                           rx_inst.clk_count[1] (net)
                  0.16    0.00    1.67 v _220_/B (sky130_fd_sc_hd__or4bb_1)
                  0.20    1.22    2.89 v _220_/X (sky130_fd_sc_hd__or4bb_1)
     1    0.00                           _101_ (net)
                  0.20    0.00    2.89 v _223_/A2 (sky130_fd_sc_hd__o211a_2)
                  0.14    0.62    3.52 v _223_/X (sky130_fd_sc_hd__o211a_2)
     7    0.02                           _104_ (net)
                  0.14    0.00    3.52 v _224_/A2 (sky130_fd_sc_hd__a21o_1)
                  0.10    0.40    3.92 v _224_/X (sky130_fd_sc_hd__a21o_1)
     2    0.01                           _105_ (net)
                  0.10    0.00    3.92 v _226_/B (sky130_fd_sc_hd__and3b_1)
                  0.07    0.35    4.27 v _226_/X (sky130_fd_sc_hd__and3b_1)
     1    0.00                           _107_ (net)
                  0.07    0.00    4.27 v _227_/A (sky130_fd_sc_hd__clkbuf_1)
                  0.05    0.16    4.43 v _227_/X (sky130_fd_sc_hd__clkbuf_1)
     1    0.00                           _085_ (net)
                  0.05    0.00    4.43 v _446_/D (sky130_fd_sc_hd__dfrtp_1)
                                  4.43   data arrival time

                         10.00   10.00   clock clk (rise edge)
                          0.00   10.00   clock source latency
                  0.15    0.10   10.10 ^ clk (in)
     2    0.02                           clk (net)
                  0.15    0.00   10.10 ^ clkbuf_0_clk/A (sky130_fd_sc_hd__clkbuf_16)
                  0.10    0.28   10.37 ^ clkbuf_0_clk/X (sky130_fd_sc_hd__clkbuf_16)
     4    0.05                           clknet_0_clk (net)
                  0.10    0.00   10.37 ^ clkbuf_2_1__f_clk/A (sky130_fd_sc_hd__clkbuf_16)
                  0.10    0.26   10.63 ^ clkbuf_2_1__f_clk/X (sky130_fd_sc_hd__clkbuf_16)
    15    0.05                           clknet_2_1__leaf_clk (net)
                  0.10    0.00   10.63 ^ _446_/CLK (sky130_fd_sc_hd__dfrtp_1)
                         -0.25   10.38   clock uncertainty
                          0.07   10.45   clock reconvergence pessimism
                         -0.26   10.19   library setup time
                                 10.19   data required time
-----------------------------------------------------------------------------
                                 10.19   data required time
                                 -4.43   data arrival time
-----------------------------------------------------------------------------
                                  5.76   slack (MET)


Startpoint: _437_ (rising edge-triggered flip-flop clocked by clk)
Endpoint: rx_data[5] (output port clocked by clk)
Path Group: clk
Path Type: max
Corner: Slowest

Fanout     Cap    Slew   Delay    Time   Description
-----------------------------------------------------------------------------
                          0.00    0.00   clock clk (rise edge)
                          0.00    0.00   clock source latency
                  0.15    0.11    0.11 ^ clk (in)
     2    0.02                           clk (net)
                  0.15    0.00    0.11 ^ clkbuf_0_clk/A (sky130_fd_sc_hd__clkbuf_16)
                  0.10    0.31    0.41 ^ clkbuf_0_clk/X (sky130_fd_sc_hd__clkbuf_16)
     4    0.05                           clknet_0_clk (net)
                  0.10    0.00    0.41 ^ clkbuf_2_0__f_clk/A (sky130_fd_sc_hd__clkbuf_16)
                  0.09    0.27    0.68 ^ clkbuf_2_0__f_clk/X (sky130_fd_sc_hd__clkbuf_16)
    11    0.04                           clknet_2_0__leaf_clk (net)
                  0.09    0.00    0.69 ^ _437_/CLK (sky130_fd_sc_hd__dfrtp_1)
                  0.16    0.89    1.57 v _437_/Q (sky130_fd_sc_hd__dfrtp_1)
     2    0.01                           net16 (net)
                  0.16    0.00    1.57 v output16/A (sky130_fd_sc_hd__clkbuf_4)
                  0.14    0.39    1.96 v output16/X (sky130_fd_sc_hd__clkbuf_4)
     1    0.03                           rx_data[5] (net)
                  0.14    0.00    1.96 v rx_data[5] (out)
                                  1.96   data arrival time

                         10.00   10.00   clock clk (rise edge)
                          0.00   10.00   clock network delay (propagated)
                         -0.25    9.75   clock uncertainty
                          0.00    9.75   clock reconvergence pessimism
                         -2.00    7.75   output external delay
                                  7.75   data required time
-----------------------------------------------------------------------------
                                  7.75   data required time
                                 -1.96   data arrival time
-----------------------------------------------------------------------------
                                  5.79   slack (MET)


Startpoint: _444_ (rising edge-triggered flip-flop clocked by clk)
Endpoint: _442_ (rising edge-triggered flip-flop clocked by clk)
Path Group: clk
Path Type: max
Corner: Slowest

Fanout     Cap    Slew   Delay    Time   Description
-----------------------------------------------------------------------------
                          0.00    0.00   clock clk (rise edge)
                          0.00    0.00   clock source latency
                  0.15    0.11    0.11 ^ clk (in)
     2    0.02                           clk (net)
                  0.15    0.00    0.11 ^ clkbuf_0_clk/A (sky130_fd_sc_hd__clkbuf_16)
                  0.10    0.31    0.41 ^ clkbuf_0_clk/X (sky130_fd_sc_hd__clkbuf_16)
     4    0.05                           clknet_0_clk (net)
                  0.10    0.00    0.41 ^ clkbuf_2_1__f_clk/A (sky130_fd_sc_hd__clkbuf_16)
                  0.10    0.28    0.70 ^ clkbuf_2_1__f_clk/X (sky130_fd_sc_hd__clkbuf_16)
    15    0.05                           clknet_2_1__leaf_clk (net)
                  0.10    0.00    0.70 ^ _444_/CLK (sky130_fd_sc_hd__dfrtp_2)
                  0.16    0.97    1.67 v _444_/Q (sky130_fd_sc_hd__dfrtp_2)
     7    0.02                           rx_inst.clk_count[1] (net)
                  0.16    0.00    1.67 v _220_/B (sky130_fd_sc_hd__or4bb_1)
                  0.20    1.22    2.89 v _220_/X (sky130_fd_sc_hd__or4bb_1)
     1    0.00                           _101_ (net)
                  0.20    0.00    2.89 v _223_/A2 (sky130_fd_sc_hd__o211a_2)
                  0.14    0.62    3.52 v _223_/X (sky130_fd_sc_hd__o211a_2)
     7    0.02                           _104_ (net)
                  0.14    0.00    3.52 v _244_/A1 (sky130_fd_sc_hd__o21ai_1)
                  0.27    0.34    3.86 ^ _244_/Y (sky130_fd_sc_hd__o21ai_1)
     2    0.01                           _121_ (net)
                  0.27    0.00    3.86 ^ _245_/A3 (sky130_fd_sc_hd__a31o_1)
                  0.08    0.38    4.24 ^ _245_/X (sky130_fd_sc_hd__a31o_1)
     1    0.00                           _122_ (net)
                  0.08    0.00    4.24 ^ _246_/B1 (sky130_fd_sc_hd__o21a_1)
                  0.09    0.24    4.48 ^ _246_/X (sky130_fd_sc_hd__o21a_1)
     1    0.00                           _081_ (net)
                  0.09    0.00    4.48 ^ _442_/D (sky130_fd_sc_hd__dfrtp_2)
                                  4.48   data arrival time

                         10.00   10.00   clock clk (rise edge)
                          0.00   10.00   clock source latency
                  0.15    0.10   10.10 ^ clk (in)
     2    0.02                           clk (net)
                  0.15    0.00   10.10 ^ clkbuf_0_clk/A (sky130_fd_sc_hd__clkbuf_16)
                  0.10    0.28   10.37 ^ clkbuf_0_clk/X (sky130_fd_sc_hd__clkbuf_16)
     4    0.05                           clknet_0_clk (net)
                  0.10    0.00   10.38 ^ clkbuf_2_0__f_clk/A (sky130_fd_sc_hd__clkbuf_16)
                  0.09    0.24   10.62 ^ clkbuf_2_0__f_clk/X (sky130_fd_sc_hd__clkbuf_16)
    11    0.04                           clknet_2_0__leaf_clk (net)
                  0.09    0.00   10.62 ^ _442_/CLK (sky130_fd_sc_hd__dfrtp_2)
                         -0.25   10.37   clock uncertainty
                          0.04   10.41   clock reconvergence pessimism
                         -0.14   10.27   library setup time
                                 10.27   data required time
-----------------------------------------------------------------------------
                                 10.27   data required time
                                 -4.48   data arrival time
-----------------------------------------------------------------------------
                                  5.79   slack (MET)


Startpoint: _419_ (rising edge-triggered flip-flop clocked by clk)
Endpoint: tx_busy (output port clocked by clk)
Path Group: clk
Path Type: max
Corner: Slowest

Fanout     Cap    Slew   Delay    Time   Description
-----------------------------------------------------------------------------
                          0.00    0.00   clock clk (rise edge)
                          0.00    0.00   clock source latency
                  0.15    0.11    0.11 ^ clk (in)
     2    0.02                           clk (net)
                  0.15    0.00    0.11 ^ clkbuf_0_clk/A (sky130_fd_sc_hd__clkbuf_16)
                  0.10    0.31    0.41 ^ clkbuf_0_clk/X (sky130_fd_sc_hd__clkbuf_16)
     4    0.05                           clknet_0_clk (net)
                  0.10    0.00    0.41 ^ clkbuf_2_2__f_clk/A (sky130_fd_sc_hd__clkbuf_16)
                  0.08    0.26    0.68 ^ clkbuf_2_2__f_clk/X (sky130_fd_sc_hd__clkbuf_16)
    11    0.03                           clknet_2_2__leaf_clk (net)
                  0.08    0.00    0.68 ^ _419_/CLK (sky130_fd_sc_hd__dfrtp_1)
                  0.16    0.88    1.56 v _419_/Q (sky130_fd_sc_hd__dfrtp_1)
     2    0.01                           net20 (net)
                  0.16    0.00    1.56 v output20/A (sky130_fd_sc_hd__clkbuf_4)
                  0.14    0.39    1.95 v output20/X (sky130_fd_sc_hd__clkbuf_4)
     1    0.03                           tx_busy (net)
                  0.14    0.00    1.95 v tx_busy (out)
                                  1.95   data arrival time

                         10.00   10.00   clock clk (rise edge)
                          0.00   10.00   clock network delay (propagated)
                         -0.25    9.75   clock uncertainty
                          0.00    9.75   clock reconvergence pessimism
                         -2.00    7.75   output external delay
                                  7.75   data required time
-----------------------------------------------------------------------------
                                  7.75   data required time
                                 -1.95   data arrival time
-----------------------------------------------------------------------------
                                  5.80   slack (MET)


Startpoint: _421_ (rising edge-triggered flip-flop clocked by clk)
Endpoint: rx_done (output port clocked by clk)
Path Group: clk
Path Type: max
Corner: Slowest

Fanout     Cap    Slew   Delay    Time   Description
-----------------------------------------------------------------------------
                          0.00    0.00   clock clk (rise edge)
                          0.00    0.00   clock source latency
                  0.15    0.11    0.11 ^ clk (in)
     2    0.02                           clk (net)
                  0.15    0.00    0.11 ^ clkbuf_0_clk/A (sky130_fd_sc_hd__clkbuf_16)
                  0.10    0.31    0.41 ^ clkbuf_0_clk/X (sky130_fd_sc_hd__clkbuf_16)
     4    0.05                           clknet_0_clk (net)
                  0.10    0.00    0.41 ^ clkbuf_2_0__f_clk/A (sky130_fd_sc_hd__clkbuf_16)
                  0.09    0.27    0.68 ^ clkbuf_2_0__f_clk/X (sky130_fd_sc_hd__clkbuf_16)
    11    0.04                           clknet_2_0__leaf_clk (net)
                  0.09    0.00    0.69 ^ _421_/CLK (sky130_fd_sc_hd__dfrtp_1)
                  0.15    0.86    1.55 v _421_/Q (sky130_fd_sc_hd__dfrtp_1)
     2    0.01                           net19 (net)
                  0.15    0.00    1.55 v output19/A (sky130_fd_sc_hd__clkbuf_4)
                  0.14    0.38    1.92 v output19/X (sky130_fd_sc_hd__clkbuf_4)
     1    0.03                           rx_done (net)
                  0.14    0.00    1.92 v rx_done (out)
                                  1.92   data arrival time

                         10.00   10.00   clock clk (rise edge)
                          0.00   10.00   clock network delay (propagated)
                         -0.25    9.75   clock uncertainty
                          0.00    9.75   clock reconvergence pessimism
                         -2.00    7.75   output external delay
                                  7.75   data required time
-----------------------------------------------------------------------------
                                  7.75   data required time
                                 -1.92   data arrival time
-----------------------------------------------------------------------------
                                  5.83   slack (MET)


Startpoint: _439_ (rising edge-triggered flip-flop clocked by clk)
Endpoint: rx_data[7] (output port clocked by clk)
Path Group: clk
Path Type: max
Corner: Slowest

Fanout     Cap    Slew   Delay    Time   Description
-----------------------------------------------------------------------------
                          0.00    0.00   clock clk (rise edge)
                          0.00    0.00   clock source latency
                  0.15    0.11    0.11 ^ clk (in)
     2    0.02                           clk (net)
                  0.15    0.00    0.11 ^ clkbuf_0_clk/A (sky130_fd_sc_hd__clkbuf_16)
                  0.10    0.31    0.41 ^ clkbuf_0_clk/X (sky130_fd_sc_hd__clkbuf_16)
     4    0.05                           clknet_0_clk (net)
                  0.10    0.00    0.41 ^ clkbuf_2_0__f_clk/A (sky130_fd_sc_hd__clkbuf_16)
                  0.09    0.27    0.68 ^ clkbuf_2_0__f_clk/X (sky130_fd_sc_hd__clkbuf_16)
    11    0.04                           clknet_2_0__leaf_clk (net)
                  0.09    0.00    0.69 ^ _439_/CLK (sky130_fd_sc_hd__dfrtp_1)
                  0.13    0.85    1.53 v _439_/Q (sky130_fd_sc_hd__dfrtp_1)
     2    0.01                           net18 (net)
                  0.13    0.00    1.53 v output18/A (sky130_fd_sc_hd__clkbuf_4)
                  0.14    0.37    1.91 v output18/X (sky130_fd_sc_hd__clkbuf_4)
     1    0.03                           rx_data[7] (net)
                  0.14    0.00    1.91 v rx_data[7] (out)
                                  1.91   data arrival time

                         10.00   10.00   clock clk (rise edge)
                          0.00   10.00   clock network delay (propagated)
                         -0.25    9.75   clock uncertainty
                          0.00    9.75   clock reconvergence pessimism
                         -2.00    7.75   output external delay
                                  7.75   data required time
-----------------------------------------------------------------------------
                                  7.75   data required time
                                 -1.91   data arrival time
-----------------------------------------------------------------------------
                                  5.84   slack (MET)


Startpoint: _444_ (rising edge-triggered flip-flop clocked by clk)
Endpoint: _443_ (rising edge-triggered flip-flop clocked by clk)
Path Group: clk
Path Type: max
Corner: Slowest

Fanout     Cap    Slew   Delay    Time   Description
-----------------------------------------------------------------------------
                          0.00    0.00   clock clk (rise edge)
                          0.00    0.00   clock source latency
                  0.15    0.11    0.11 ^ clk (in)
     2    0.02                           clk (net)
                  0.15    0.00    0.11 ^ clkbuf_0_clk/A (sky130_fd_sc_hd__clkbuf_16)
                  0.10    0.31    0.41 ^ clkbuf_0_clk/X (sky130_fd_sc_hd__clkbuf_16)
     4    0.05                           clknet_0_clk (net)
                  0.10    0.00    0.41 ^ clkbuf_2_1__f_clk/A (sky130_fd_sc_hd__clkbuf_16)
                  0.10    0.28    0.70 ^ clkbuf_2_1__f_clk/X (sky130_fd_sc_hd__clkbuf_16)
    15    0.05                           clknet_2_1__leaf_clk (net)
                  0.10    0.00    0.70 ^ _444_/CLK (sky130_fd_sc_hd__dfrtp_2)
                  0.16    0.97    1.67 v _444_/Q (sky130_fd_sc_hd__dfrtp_2)
     7    0.02                           rx_inst.clk_count[1] (net)
                  0.16    0.00    1.67 v _220_/B (sky130_fd_sc_hd__or4bb_1)
                  0.20    1.22    2.89 v _220_/X (sky130_fd_sc_hd__or4bb_1)
     1    0.00                           _101_ (net)
                  0.20    0.00    2.89 v _223_/A2 (sky130_fd_sc_hd__o211a_2)
                  0.14    0.62    3.52 v _223_/X (sky130_fd_sc_hd__o211a_2)
     7    0.02                           _104_ (net)
                  0.14    0.00    3.52 v _224_/A2 (sky130_fd_sc_hd__a21o_1)
                  0.10    0.40    3.92 v _224_/X (sky130_fd_sc_hd__a21o_1)
     2    0.01                           _105_ (net)
                  0.10    0.00    3.92 v _240_/B1 (sky130_fd_sc_hd__a32o_1)
                  0.08    0.40    4.32 v _240_/X (sky130_fd_sc_hd__a32o_1)
     1    0.00                           _082_ (net)
                  0.08    0.00    4.32 v _443_/D (sky130_fd_sc_hd__dfrtp_4)
                                  4.32   data arrival time

                         10.00   10.00   clock clk (rise edge)
                          0.00   10.00   clock source latency
                  0.15    0.10   10.10 ^ clk (in)
     2    0.02                           clk (net)
                  0.15    0.00   10.10 ^ clkbuf_0_clk/A (sky130_fd_sc_hd__clkbuf_16)
                  0.10    0.28   10.37 ^ clkbuf_0_clk/X (sky130_fd_sc_hd__clkbuf_16)
     4    0.05                           clknet_0_clk (net)
                  0.10    0.00   10.37 ^ clkbuf_2_1__f_clk/A (sky130_fd_sc_hd__clkbuf_16)
                  0.10    0.26   10.63 ^ clkbuf_2_1__f_clk/X (sky130_fd_sc_hd__clkbuf_16)
    15    0.05                           clknet_2_1__leaf_clk (net)
                  0.10    0.00   10.63 ^ _443_/CLK (sky130_fd_sc_hd__dfrtp_4)
                         -0.25   10.38   clock uncertainty
                          0.07   10.45   clock reconvergence pessimism
                         -0.27   10.18   library setup time
                                 10.18   data required time
-----------------------------------------------------------------------------
                                 10.18   data required time
                                 -4.32   data arrival time
-----------------------------------------------------------------------------
                                  5.86   slack (MET)


Startpoint: _435_ (rising edge-triggered flip-flop clocked by clk)
Endpoint: rx_data[3] (output port clocked by clk)
Path Group: clk
Path Type: max
Corner: Slowest

Fanout     Cap    Slew   Delay    Time   Description
-----------------------------------------------------------------------------
                          0.00    0.00   clock clk (rise edge)
                          0.00    0.00   clock source latency
                  0.15    0.11    0.11 ^ clk (in)
     2    0.02                           clk (net)
                  0.15    0.00    0.11 ^ clkbuf_0_clk/A (sky130_fd_sc_hd__clkbuf_16)
                  0.10    0.31    0.41 ^ clkbuf_0_clk/X (sky130_fd_sc_hd__clkbuf_16)
     4    0.05                           clknet_0_clk (net)
                  0.10    0.00    0.41 ^ clkbuf_2_0__f_clk/A (sky130_fd_sc_hd__clkbuf_16)
                  0.09    0.27    0.68 ^ clkbuf_2_0__f_clk/X (sky130_fd_sc_hd__clkbuf_16)
    11    0.04                           clknet_2_0__leaf_clk (net)
                  0.09    0.00    0.69 ^ _435_/CLK (sky130_fd_sc_hd__dfrtp_1)
                  0.12    0.84    1.52 v _435_/Q (sky130_fd_sc_hd__dfrtp_1)
     2    0.01                           net14 (net)
                  0.12    0.00    1.52 v output14/A (sky130_fd_sc_hd__clkbuf_4)
                  0.14    0.37    1.89 v output14/X (sky130_fd_sc_hd__clkbuf_4)
     1    0.03                           rx_data[3] (net)
                  0.14    0.00    1.89 v rx_data[3] (out)
                                  1.89   data arrival time

                         10.00   10.00   clock clk (rise edge)
                          0.00   10.00   clock network delay (propagated)
                         -0.25    9.75   clock uncertainty
                          0.00    9.75   clock reconvergence pessimism
                         -2.00    7.75   output external delay
                                  7.75   data required time
-----------------------------------------------------------------------------
                                  7.75   data required time
                                 -1.89   data arrival time
-----------------------------------------------------------------------------
                                  5.86   slack (MET)


Startpoint: _434_ (rising edge-triggered flip-flop clocked by clk)
Endpoint: rx_data[2] (output port clocked by clk)
Path Group: clk
Path Type: max
Corner: Slowest

Fanout     Cap    Slew   Delay    Time   Description
-----------------------------------------------------------------------------
                          0.00    0.00   clock clk (rise edge)
                          0.00    0.00   clock source latency
                  0.15    0.11    0.11 ^ clk (in)
     2    0.02                           clk (net)
                  0.15    0.00    0.11 ^ clkbuf_0_clk/A (sky130_fd_sc_hd__clkbuf_16)
                  0.10    0.31    0.41 ^ clkbuf_0_clk/X (sky130_fd_sc_hd__clkbuf_16)
     4    0.05                           clknet_0_clk (net)
                  0.10    0.00    0.41 ^ clkbuf_2_0__f_clk/A (sky130_fd_sc_hd__clkbuf_16)
                  0.09    0.27    0.68 ^ clkbuf_2_0__f_clk/X (sky130_fd_sc_hd__clkbuf_16)
    11    0.04                           clknet_2_0__leaf_clk (net)
                  0.09    0.00    0.69 ^ _434_/CLK (sky130_fd_sc_hd__dfrtp_1)
                  0.11    0.83    1.51 v _434_/Q (sky130_fd_sc_hd__dfrtp_1)
     2    0.01                           net13 (net)
                  0.11    0.00    1.51 v output13/A (sky130_fd_sc_hd__clkbuf_4)
                  0.14    0.36    1.87 v output13/X (sky130_fd_sc_hd__clkbuf_4)
     1    0.03                           rx_data[2] (net)
                  0.14    0.00    1.88 v rx_data[2] (out)
                                  1.88   data arrival time

                         10.00   10.00   clock clk (rise edge)
                          0.00   10.00   clock network delay (propagated)
                         -0.25    9.75   clock uncertainty
                          0.00    9.75   clock reconvergence pessimism
                         -2.00    7.75   output external delay
                                  7.75   data required time
-----------------------------------------------------------------------------
                                  7.75   data required time
                                 -1.88   data arrival time
-----------------------------------------------------------------------------
                                  5.87   slack (MET)


Startpoint: _416_ (rising edge-triggered flip-flop clocked by clk)
Endpoint: _412_ (rising edge-triggered flip-flop clocked by clk)
Path Group: clk
Path Type: max
Corner: Slowest

Fanout     Cap    Slew   Delay    Time   Description
-----------------------------------------------------------------------------
                          0.00    0.00   clock clk (rise edge)
                          0.00    0.00   clock source latency
                  0.15    0.11    0.11 ^ clk (in)
     2    0.02                           clk (net)
                  0.15    0.00    0.11 ^ clkbuf_0_clk/A (sky130_fd_sc_hd__clkbuf_16)
                  0.10    0.31    0.41 ^ clkbuf_0_clk/X (sky130_fd_sc_hd__clkbuf_16)
     4    0.05                           clknet_0_clk (net)
                  0.10    0.00    0.41 ^ clkbuf_2_2__f_clk/A (sky130_fd_sc_hd__clkbuf_16)
                  0.08    0.26    0.68 ^ clkbuf_2_2__f_clk/X (sky130_fd_sc_hd__clkbuf_16)
    11    0.03                           clknet_2_2__leaf_clk (net)
                  0.08    0.00    0.68 ^ _416_/CLK (sky130_fd_sc_hd__dfrtp_1)
                  0.08    0.78    1.46 v _416_/Q (sky130_fd_sc_hd__dfrtp_1)
     1    0.00                           tx_inst.clk_count[7] (net)
                  0.08    0.00    1.46 v _285_/A (sky130_fd_sc_hd__or4_1)
                  0.26    1.40    2.86 v _285_/X (sky130_fd_sc_hd__or4_1)
     3    0.01                           _151_ (net)
                  0.26    0.00    2.86 v _291_/B (sky130_fd_sc_hd__or2_1)
                  0.13    0.61    3.47 v _291_/X (sky130_fd_sc_hd__or2_1)
     2    0.01                           _156_ (net)
                  0.13    0.00    3.47 v _329_/A (sky130_fd_sc_hd__nor2_1)
                  0.31    0.35    3.81 ^ _329_/Y (sky130_fd_sc_hd__nor2_1)
     4    0.01                           _180_ (net)
                  0.31    0.00    3.82 ^ _334_/A (sky130_fd_sc_hd__and3_1)
                  0.10    0.40    4.21 ^ _334_/X (sky130_fd_sc_hd__and3_1)
     1    0.00                           _185_ (net)
                  0.10    0.00    4.22 ^ _335_/A (sky130_fd_sc_hd__clkbuf_1)
                  0.06    0.16    4.38 ^ _335_/X (sky130_fd_sc_hd__clkbuf_1)
     1    0.00                           _051_ (net)
                  0.06    0.00    4.38 ^ _412_/D (sky130_fd_sc_hd__dfrtp_1)
                                  4.38   data arrival time

                         10.00   10.00   clock clk (rise edge)
                          0.00   10.00   clock source latency
                  0.15    0.10   10.10 ^ clk (in)
     2    0.02                           clk (net)
                  0.15    0.00   10.10 ^ clkbuf_0_clk/A (sky130_fd_sc_hd__clkbuf_16)
                  0.10    0.28   10.37 ^ clkbuf_0_clk/X (sky130_fd_sc_hd__clkbuf_16)
     4    0.05                           clknet_0_clk (net)
                  0.10    0.00   10.37 ^ clkbuf_2_3__f_clk/A (sky130_fd_sc_hd__clkbuf_16)
                  0.08    0.23   10.61 ^ clkbuf_2_3__f_clk/X (sky130_fd_sc_hd__clkbuf_16)
     8    0.03                           clknet_2_3__leaf_clk (net)
                  0.08    0.00   10.61 ^ _412_/CLK (sky130_fd_sc_hd__dfrtp_1)
                         -0.25   10.36   clock uncertainty
                          0.04   10.40   clock reconvergence pessimism
                         -0.13   10.27   library setup time
                                 10.27   data required time
-----------------------------------------------------------------------------
                                 10.27   data required time
                                 -4.38   data arrival time
-----------------------------------------------------------------------------
                                  5.89   slack (MET)


Startpoint: _416_ (rising edge-triggered flip-flop clocked by clk)
Endpoint: _410_ (rising edge-triggered flip-flop clocked by clk)
Path Group: clk
Path Type: max
Corner: Slowest

Fanout     Cap    Slew   Delay    Time   Description
-----------------------------------------------------------------------------
                          0.00    0.00   clock clk (rise edge)
                          0.00    0.00   clock source latency
                  0.15    0.11    0.11 ^ clk (in)
     2    0.02                           clk (net)
                  0.15    0.00    0.11 ^ clkbuf_0_clk/A (sky130_fd_sc_hd__clkbuf_16)
                  0.10    0.31    0.41 ^ clkbuf_0_clk/X (sky130_fd_sc_hd__clkbuf_16)
     4    0.05                           clknet_0_clk (net)
                  0.10    0.00    0.41 ^ clkbuf_2_2__f_clk/A (sky130_fd_sc_hd__clkbuf_16)
                  0.08    0.26    0.68 ^ clkbuf_2_2__f_clk/X (sky130_fd_sc_hd__clkbuf_16)
    11    0.03                           clknet_2_2__leaf_clk (net)
                  0.08    0.00    0.68 ^ _416_/CLK (sky130_fd_sc_hd__dfrtp_1)
                  0.08    0.78    1.46 v _416_/Q (sky130_fd_sc_hd__dfrtp_1)
     1    0.00                           tx_inst.clk_count[7] (net)
                  0.08    0.00    1.46 v _285_/A (sky130_fd_sc_hd__or4_1)
                  0.26    1.40    2.86 v _285_/X (sky130_fd_sc_hd__or4_1)
     3    0.01                           _151_ (net)
                  0.26    0.00    2.86 v _291_/B (sky130_fd_sc_hd__or2_1)
                  0.13    0.61    3.47 v _291_/X (sky130_fd_sc_hd__or2_1)
     2    0.01                           _156_ (net)
                  0.13    0.00    3.47 v _329_/A (sky130_fd_sc_hd__nor2_1)
                  0.31    0.35    3.81 ^ _329_/Y (sky130_fd_sc_hd__nor2_1)
     4    0.01                           _180_ (net)
                  0.31    0.00    3.82 ^ _341_/B (sky130_fd_sc_hd__and3_1)
                  0.10    0.41    4.22 ^ _341_/X (sky130_fd_sc_hd__and3_1)
     1    0.00                           _190_ (net)
                  0.10    0.00    4.22 ^ _342_/A (sky130_fd_sc_hd__clkbuf_1)
                  0.08    0.18    4.40 ^ _342_/X (sky130_fd_sc_hd__clkbuf_1)
     1    0.00                           _049_ (net)
                  0.08    0.00    4.40 ^ _410_/D (sky130_fd_sc_hd__dfrtp_1)
                                  4.40   data arrival time

                         10.00   10.00   clock clk (rise edge)
                          0.00   10.00   clock source latency
                  0.15    0.10   10.10 ^ clk (in)
     2    0.02                           clk (net)
                  0.15    0.00   10.10 ^ clkbuf_0_clk/A (sky130_fd_sc_hd__clkbuf_16)
                  0.10    0.28   10.37 ^ clkbuf_0_clk/X (sky130_fd_sc_hd__clkbuf_16)
     4    0.05                           clknet_0_clk (net)
                  0.10    0.00   10.37 ^ clkbuf_2_2__f_clk/A (sky130_fd_sc_hd__clkbuf_16)
                  0.08    0.24   10.61 ^ clkbuf_2_2__f_clk/X (sky130_fd_sc_hd__clkbuf_16)
    11    0.03                           clknet_2_2__leaf_clk (net)
                  0.08    0.00   10.62 ^ _410_/CLK (sky130_fd_sc_hd__dfrtp_1)
                         -0.25   10.37   clock uncertainty
                          0.06   10.43   clock reconvergence pessimism
                         -0.13   10.30   library setup time
                                 10.30   data required time
-----------------------------------------------------------------------------
                                 10.30   data required time
                                 -4.40   data arrival time
-----------------------------------------------------------------------------
                                  5.90   slack (MET)


Startpoint: _416_ (rising edge-triggered flip-flop clocked by clk)
Endpoint: _411_ (rising edge-triggered flip-flop clocked by clk)
Path Group: clk
Path Type: max
Corner: Slowest

Fanout     Cap    Slew   Delay    Time   Description
-----------------------------------------------------------------------------
                          0.00    0.00   clock clk (rise edge)
                          0.00    0.00   clock source latency
                  0.15    0.11    0.11 ^ clk (in)
     2    0.02                           clk (net)
                  0.15    0.00    0.11 ^ clkbuf_0_clk/A (sky130_fd_sc_hd__clkbuf_16)
                  0.10    0.31    0.41 ^ clkbuf_0_clk/X (sky130_fd_sc_hd__clkbuf_16)
     4    0.05                           clknet_0_clk (net)
                  0.10    0.00    0.41 ^ clkbuf_2_2__f_clk/A (sky130_fd_sc_hd__clkbuf_16)
                  0.08    0.26    0.68 ^ clkbuf_2_2__f_clk/X (sky130_fd_sc_hd__clkbuf_16)
    11    0.03                           clknet_2_2__leaf_clk (net)
                  0.08    0.00    0.68 ^ _416_/CLK (sky130_fd_sc_hd__dfrtp_1)
                  0.08    0.78    1.46 v _416_/Q (sky130_fd_sc_hd__dfrtp_1)
     1    0.00                           tx_inst.clk_count[7] (net)
                  0.08    0.00    1.46 v _285_/A (sky130_fd_sc_hd__or4_1)
                  0.26    1.40    2.86 v _285_/X (sky130_fd_sc_hd__or4_1)
     3    0.01                           _151_ (net)
                  0.26    0.00    2.86 v _291_/B (sky130_fd_sc_hd__or2_1)
                  0.13    0.61    3.47 v _291_/X (sky130_fd_sc_hd__or2_1)
     2    0.01                           _156_ (net)
                  0.13    0.00    3.47 v _329_/A (sky130_fd_sc_hd__nor2_1)
                  0.31    0.35    3.81 ^ _329_/Y (sky130_fd_sc_hd__nor2_1)
     4    0.01                           _180_ (net)
                  0.31    0.00    3.82 ^ _337_/A (sky130_fd_sc_hd__and3_1)
                  0.09    0.39    4.20 ^ _337_/X (sky130_fd_sc_hd__and3_1)
     1    0.00                           _187_ (net)
                  0.09    0.00    4.20 ^ _338_/A (sky130_fd_sc_hd__clkbuf_1)
                  0.07    0.16    4.37 ^ _338_/X (sky130_fd_sc_hd__clkbuf_1)
     1    0.00                           _050_ (net)
                  0.07    0.00    4.37 ^ _411_/D (sky130_fd_sc_hd__dfrtp_1)
                                  4.37   data arrival time

                         10.00   10.00   clock clk (rise edge)
                          0.00   10.00   clock source latency
                  0.15    0.10   10.10 ^ clk (in)
     2    0.02                           clk (net)
                  0.15    0.00   10.10 ^ clkbuf_0_clk/A (sky130_fd_sc_hd__clkbuf_16)
                  0.10    0.28   10.37 ^ clkbuf_0_clk/X (sky130_fd_sc_hd__clkbuf_16)
     4    0.05                           clknet_0_clk (net)
                  0.10    0.00   10.37 ^ clkbuf_2_3__f_clk/A (sky130_fd_sc_hd__clkbuf_16)
                  0.08    0.23   10.61 ^ clkbuf_2_3__f_clk/X (sky130_fd_sc_hd__clkbuf_16)
     8    0.03                           clknet_2_3__leaf_clk (net)
                  0.08    0.00   10.61 ^ _411_/CLK (sky130_fd_sc_hd__dfrtp_1)
                         -0.25   10.36   clock uncertainty
                          0.04   10.40   clock reconvergence pessimism
                         -0.13   10.27   library setup time
                                 10.27   data required time
-----------------------------------------------------------------------------
                                 10.27   data required time
                                 -4.37   data arrival time
-----------------------------------------------------------------------------
                                  5.90   slack (MET)


Startpoint: _416_ (rising edge-triggered flip-flop clocked by clk)
Endpoint: _409_ (rising edge-triggered flip-flop clocked by clk)
Path Group: clk
Path Type: max
Corner: Slowest

Fanout     Cap    Slew   Delay    Time   Description
-----------------------------------------------------------------------------
                          0.00    0.00   clock clk (rise edge)
                          0.00    0.00   clock source latency
                  0.15    0.11    0.11 ^ clk (in)
     2    0.02                           clk (net)
                  0.15    0.00    0.11 ^ clkbuf_0_clk/A (sky130_fd_sc_hd__clkbuf_16)
                  0.10    0.31    0.41 ^ clkbuf_0_clk/X (sky130_fd_sc_hd__clkbuf_16)
     4    0.05                           clknet_0_clk (net)
                  0.10    0.00    0.41 ^ clkbuf_2_2__f_clk/A (sky130_fd_sc_hd__clkbuf_16)
                  0.08    0.26    0.68 ^ clkbuf_2_2__f_clk/X (sky130_fd_sc_hd__clkbuf_16)
    11    0.03                           clknet_2_2__leaf_clk (net)
                  0.08    0.00    0.68 ^ _416_/CLK (sky130_fd_sc_hd__dfrtp_1)
                  0.08    0.78    1.46 v _416_/Q (sky130_fd_sc_hd__dfrtp_1)
     1    0.00                           tx_inst.clk_count[7] (net)
                  0.08    0.00    1.46 v _285_/A (sky130_fd_sc_hd__or4_1)
                  0.26    1.40    2.86 v _285_/X (sky130_fd_sc_hd__or4_1)
     3    0.01                           _151_ (net)
                  0.26    0.00    2.86 v _291_/B (sky130_fd_sc_hd__or2_1)
                  0.13    0.61    3.47 v _291_/X (sky130_fd_sc_hd__or2_1)
     2    0.01                           _156_ (net)
                  0.13    0.00    3.47 v _329_/A (sky130_fd_sc_hd__nor2_1)
                  0.31    0.35    3.81 ^ _329_/Y (sky130_fd_sc_hd__nor2_1)
     4    0.01                           _180_ (net)
                  0.31    0.00    3.82 ^ _343_/B (sky130_fd_sc_hd__and2b_1)
                  0.07    0.32    4.14 ^ _343_/X (sky130_fd_sc_hd__and2b_1)
     1    0.00                           _191_ (net)
                  0.07    0.00    4.14 ^ _344_/A (sky130_fd_sc_hd__clkbuf_1)
                  0.07    0.16    4.30 ^ _344_/X (sky130_fd_sc_hd__clkbuf_1)
     1    0.00                           _048_ (net)
                  0.07    0.00    4.30 ^ _409_/D (sky130_fd_sc_hd__dfrtp_2)
                                  4.30   data arrival time

                         10.00   10.00   clock clk (rise edge)
                          0.00   10.00   clock source latency
                  0.15    0.10   10.10 ^ clk (in)
     2    0.02                           clk (net)
                  0.15    0.00   10.10 ^ clkbuf_0_clk/A (sky130_fd_sc_hd__clkbuf_16)
                  0.10    0.28   10.37 ^ clkbuf_0_clk/X (sky130_fd_sc_hd__clkbuf_16)
     4    0.05                           clknet_0_clk (net)
                  0.10    0.00   10.37 ^ clkbuf_2_2__f_clk/A (sky130_fd_sc_hd__clkbuf_16)
                  0.08    0.24   10.61 ^ clkbuf_2_2__f_clk/X (sky130_fd_sc_hd__clkbuf_16)
    11    0.03                           clknet_2_2__leaf_clk (net)
                  0.08    0.00   10.62 ^ _409_/CLK (sky130_fd_sc_hd__dfrtp_2)
                         -0.25   10.37   clock uncertainty
                          0.06   10.43   clock reconvergence pessimism
                         -0.14   10.29   library setup time
                                 10.29   data required time
-----------------------------------------------------------------------------
                                 10.29   data required time
                                 -4.30   data arrival time
-----------------------------------------------------------------------------
                                  6.00   slack (MET)


Startpoint: _421_ (rising edge-triggered flip-flop clocked by clk)
Endpoint: _421_ (rising edge-triggered flip-flop clocked by clk)
Path Group: clk
Path Type: max
Corner: Slowest

Fanout     Cap    Slew   Delay    Time   Description
-----------------------------------------------------------------------------
                          0.00    0.00   clock clk (rise edge)
                          0.00    0.00   clock source latency
                  0.15    0.11    0.11 ^ clk (in)
     2    0.02                           clk (net)
                  0.15    0.00    0.11 ^ clkbuf_0_clk/A (sky130_fd_sc_hd__clkbuf_16)
                  0.10    0.31    0.41 ^ clkbuf_0_clk/X (sky130_fd_sc_hd__clkbuf_16)
     4    0.05                           clknet_0_clk (net)
                  0.10    0.00    0.41 ^ clkbuf_2_0__f_clk/A (sky130_fd_sc_hd__clkbuf_16)
                  0.09    0.27    0.68 ^ clkbuf_2_0__f_clk/X (sky130_fd_sc_hd__clkbuf_16)
    11    0.04                           clknet_2_0__leaf_clk (net)
                  0.09    0.00    0.69 ^ _421_/CLK (sky130_fd_sc_hd__dfrtp_1)
                  0.15    0.86    1.55 v _421_/Q (sky130_fd_sc_hd__dfrtp_1)
     2    0.01                           net19 (net)
                  0.15    0.00    1.55 v hold2/A (sky130_fd_sc_hd__dlygate4sd3_1)
                  0.10    1.20    2.75 v hold2/X (sky130_fd_sc_hd__dlygate4sd3_1)
     1    0.00                           net26 (net)
                  0.10    0.00    2.75 v _313_/B1 (sky130_fd_sc_hd__o21ai_1)
                  0.14    0.13    2.88 ^ _313_/Y (sky130_fd_sc_hd__o21ai_1)
     1    0.00                           _169_ (net)
                  0.14    0.00    2.88 ^ hold3/A (sky130_fd_sc_hd__dlygate4sd3_1)
                  0.09    1.12    4.00 ^ hold3/X (sky130_fd_sc_hd__dlygate4sd3_1)
     1    0.00                           net27 (net)
                  0.09    0.00    4.00 ^ _314_/B1 (sky130_fd_sc_hd__o31ai_1)
                  0.11    0.15    4.15 v _314_/Y (sky130_fd_sc_hd__o31ai_1)
     1    0.00                           _060_ (net)
                  0.11    0.00    4.15 v _421_/D (sky130_fd_sc_hd__dfrtp_1)
                                  4.15   data arrival time

                         10.00   10.00   clock clk (rise edge)
                          0.00   10.00   clock source latency
                  0.15    0.10   10.10 ^ clk (in)
     2    0.02                           clk (net)
                  0.15    0.00   10.10 ^ clkbuf_0_clk/A (sky130_fd_sc_hd__clkbuf_16)
                  0.10    0.28   10.37 ^ clkbuf_0_clk/X (sky130_fd_sc_hd__clkbuf_16)
     4    0.05                           clknet_0_clk (net)
                  0.10    0.00   10.38 ^ clkbuf_2_0__f_clk/A (sky130_fd_sc_hd__clkbuf_16)
                  0.09    0.24   10.62 ^ clkbuf_2_0__f_clk/X (sky130_fd_sc_hd__clkbuf_16)
    11    0.04                           clknet_2_0__leaf_clk (net)
                  0.09    0.00   10.62 ^ _421_/CLK (sky130_fd_sc_hd__dfrtp_1)
                         -0.25   10.37   clock uncertainty
                          0.07   10.44   clock reconvergence pessimism
                         -0.29   10.15   library setup time
                                 10.15   data required time
-----------------------------------------------------------------------------
                                 10.15   data required time
                                 -4.15   data arrival time
-----------------------------------------------------------------------------
                                  6.00   slack (MET)


Startpoint: _416_ (rising edge-triggered flip-flop clocked by clk)
Endpoint: _407_ (rising edge-triggered flip-flop clocked by clk)
Path Group: clk
Path Type: max
Corner: Slowest

Fanout     Cap    Slew   Delay    Time   Description
-----------------------------------------------------------------------------
                          0.00    0.00   clock clk (rise edge)
                          0.00    0.00   clock source latency
                  0.15    0.11    0.11 ^ clk (in)
     2    0.02                           clk (net)
                  0.15    0.00    0.11 ^ clkbuf_0_clk/A (sky130_fd_sc_hd__clkbuf_16)
                  0.10    0.31    0.41 ^ clkbuf_0_clk/X (sky130_fd_sc_hd__clkbuf_16)
     4    0.05                           clknet_0_clk (net)
                  0.10    0.00    0.41 ^ clkbuf_2_2__f_clk/A (sky130_fd_sc_hd__clkbuf_16)
                  0.08    0.26    0.68 ^ clkbuf_2_2__f_clk/X (sky130_fd_sc_hd__clkbuf_16)
    11    0.03                           clknet_2_2__leaf_clk (net)
                  0.08    0.00    0.68 ^ _416_/CLK (sky130_fd_sc_hd__dfrtp_1)
                  0.08    0.78    1.46 v _416_/Q (sky130_fd_sc_hd__dfrtp_1)
     1    0.00                           tx_inst.clk_count[7] (net)
                  0.08    0.00    1.46 v _285_/A (sky130_fd_sc_hd__or4_1)
                  0.26    1.40    2.86 v _285_/X (sky130_fd_sc_hd__or4_1)
     3    0.01                           _151_ (net)
                  0.26    0.00    2.86 v _346_/A2 (sky130_fd_sc_hd__o21bai_1)
                  0.20    0.31    3.17 ^ _346_/Y (sky130_fd_sc_hd__o21bai_1)
     1    0.00                           _193_ (net)
                  0.20    0.00    3.17 ^ _347_/A2 (sky130_fd_sc_hd__a21o_1)
                  0.16    0.36    3.53 ^ _347_/X (sky130_fd_sc_hd__a21o_1)
     3    0.01                           _194_ (net)
                  0.16    0.00    3.53 ^ _351_/B (sky130_fd_sc_hd__nor2_1)
                  0.09    0.15    3.68 v _351_/Y (sky130_fd_sc_hd__nor2_1)
     2    0.01                           _197_ (net)
                  0.09    0.00    3.68 v _353_/A2 (sky130_fd_sc_hd__o21a_1)
                  0.06    0.32    4.00 v _353_/X (sky130_fd_sc_hd__o21a_1)
     1    0.00                           _046_ (net)
                  0.06    0.00    4.00 v _407_/D (sky130_fd_sc_hd__dfrtp_1)
                                  4.00   data arrival time

                         10.00   10.00   clock clk (rise edge)
                          0.00   10.00   clock source latency
                  0.15    0.10   10.10 ^ clk (in)
     2    0.02                           clk (net)
                  0.15    0.00   10.10 ^ clkbuf_0_clk/A (sky130_fd_sc_hd__clkbuf_16)
                  0.10    0.28   10.37 ^ clkbuf_0_clk/X (sky130_fd_sc_hd__clkbuf_16)
     4    0.05                           clknet_0_clk (net)
                  0.10    0.00   10.37 ^ clkbuf_2_3__f_clk/A (sky130_fd_sc_hd__clkbuf_16)
                  0.08    0.23   10.61 ^ clkbuf_2_3__f_clk/X (sky130_fd_sc_hd__clkbuf_16)
     8    0.03                           clknet_2_3__leaf_clk (net)
                  0.08    0.00   10.61 ^ _407_/CLK (sky130_fd_sc_hd__dfrtp_1)
                         -0.25   10.36   clock uncertainty
                          0.04   10.40   clock reconvergence pessimism
                         -0.27   10.13   library setup time
                                 10.13   data required time
-----------------------------------------------------------------------------
                                 10.13   data required time
                                 -4.00   data arrival time
-----------------------------------------------------------------------------
                                  6.12   slack (MET)


Startpoint: _416_ (rising edge-triggered flip-flop clocked by clk)
Endpoint: _431_ (rising edge-triggered flip-flop clocked by clk)
Path Group: clk
Path Type: max
Corner: Slowest

Fanout     Cap    Slew   Delay    Time   Description
-----------------------------------------------------------------------------
                          0.00    0.00   clock clk (rise edge)
                          0.00    0.00   clock source latency
                  0.15    0.11    0.11 ^ clk (in)
     2    0.02                           clk (net)
                  0.15    0.00    0.11 ^ clkbuf_0_clk/A (sky130_fd_sc_hd__clkbuf_16)
                  0.10    0.31    0.41 ^ clkbuf_0_clk/X (sky130_fd_sc_hd__clkbuf_16)
     4    0.05                           clknet_0_clk (net)
                  0.10    0.00    0.41 ^ clkbuf_2_2__f_clk/A (sky130_fd_sc_hd__clkbuf_16)
                  0.08    0.26    0.68 ^ clkbuf_2_2__f_clk/X (sky130_fd_sc_hd__clkbuf_16)
    11    0.03                           clknet_2_2__leaf_clk (net)
                  0.08    0.00    0.68 ^ _416_/CLK (sky130_fd_sc_hd__dfrtp_1)
                  0.08    0.78    1.46 v _416_/Q (sky130_fd_sc_hd__dfrtp_1)
     1    0.00                           tx_inst.clk_count[7] (net)
                  0.08    0.00    1.46 v _285_/A (sky130_fd_sc_hd__or4_1)
                  0.26    1.40    2.86 v _285_/X (sky130_fd_sc_hd__or4_1)
     3    0.01                           _151_ (net)
                  0.26    0.00    2.86 v _286_/B (sky130_fd_sc_hd__nor2_1)
                  0.38    0.43    3.29 ^ _286_/Y (sky130_fd_sc_hd__nor2_1)
     4    0.01                           _152_ (net)
                  0.38    0.00    3.29 ^ _289_/A2 (sky130_fd_sc_hd__a211o_1)
                  0.07    0.35    3.64 ^ _289_/X (sky130_fd_sc_hd__a211o_1)
     1    0.00                           _155_ (net)
                  0.07    0.00    3.64 ^ _290_/B1_N (sky130_fd_sc_hd__a21bo_1)
                  0.06    0.37    4.01 v _290_/X (sky130_fd_sc_hd__a21bo_1)
     1    0.00                           _070_ (net)
                  0.06    0.00    4.01 v _431_/D (sky130_fd_sc_hd__dfrtp_4)
                                  4.01   data arrival time

                         10.00   10.00   clock clk (rise edge)
                          0.00   10.00   clock source latency
                  0.15    0.10   10.10 ^ clk (in)
     2    0.02                           clk (net)
                  0.15    0.00   10.10 ^ clkbuf_0_clk/A (sky130_fd_sc_hd__clkbuf_16)
                  0.10    0.28   10.37 ^ clkbuf_0_clk/X (sky130_fd_sc_hd__clkbuf_16)
     4    0.05                           clknet_0_clk (net)
                  0.10    0.00   10.37 ^ clkbuf_2_2__f_clk/A (sky130_fd_sc_hd__clkbuf_16)
                  0.08    0.24   10.61 ^ clkbuf_2_2__f_clk/X (sky130_fd_sc_hd__clkbuf_16)
    11    0.03                           clknet_2_2__leaf_clk (net)
                  0.08    0.00   10.62 ^ _431_/CLK (sky130_fd_sc_hd__dfrtp_4)
                         -0.25   10.37   clock uncertainty
                          0.06   10.43   clock reconvergence pessimism
                         -0.27   10.16   library setup time
                                 10.16   data required time
-----------------------------------------------------------------------------
                                 10.16   data required time
                                 -4.01   data arrival time
-----------------------------------------------------------------------------
                                  6.15   slack (MET)


Startpoint: _416_ (rising edge-triggered flip-flop clocked by clk)
Endpoint: _408_ (rising edge-triggered flip-flop clocked by clk)
Path Group: clk
Path Type: max
Corner: Slowest

Fanout     Cap    Slew   Delay    Time   Description
-----------------------------------------------------------------------------
                          0.00    0.00   clock clk (rise edge)
                          0.00    0.00   clock source latency
                  0.15    0.11    0.11 ^ clk (in)
     2    0.02                           clk (net)
                  0.15    0.00    0.11 ^ clkbuf_0_clk/A (sky130_fd_sc_hd__clkbuf_16)
                  0.10    0.31    0.41 ^ clkbuf_0_clk/X (sky130_fd_sc_hd__clkbuf_16)
     4    0.05                           clknet_0_clk (net)
                  0.10    0.00    0.41 ^ clkbuf_2_2__f_clk/A (sky130_fd_sc_hd__clkbuf_16)
                  0.08    0.26    0.68 ^ clkbuf_2_2__f_clk/X (sky130_fd_sc_hd__clkbuf_16)
    11    0.03                           clknet_2_2__leaf_clk (net)
                  0.08    0.00    0.68 ^ _416_/CLK (sky130_fd_sc_hd__dfrtp_1)
                  0.08    0.78    1.46 v _416_/Q (sky130_fd_sc_hd__dfrtp_1)
     1    0.00                           tx_inst.clk_count[7] (net)
                  0.08    0.00    1.46 v _285_/A (sky130_fd_sc_hd__or4_1)
                  0.26    1.40    2.86 v _285_/X (sky130_fd_sc_hd__or4_1)
     3    0.01                           _151_ (net)
                  0.26    0.00    2.86 v _346_/A2 (sky130_fd_sc_hd__o21bai_1)
                  0.20    0.31    3.17 ^ _346_/Y (sky130_fd_sc_hd__o21bai_1)
     1    0.00                           _193_ (net)
                  0.20    0.00    3.17 ^ _347_/A2 (sky130_fd_sc_hd__a21o_1)
                  0.16    0.36    3.53 ^ _347_/X (sky130_fd_sc_hd__a21o_1)
     3    0.01                           _194_ (net)
                  0.16    0.00    3.53 ^ _348_/A2 (sky130_fd_sc_hd__o21ba_1)
                  0.07    0.26    3.80 ^ _348_/X (sky130_fd_sc_hd__o21ba_1)
     1    0.00                           _195_ (net)
                  0.07    0.00    3.80 ^ _349_/B (sky130_fd_sc_hd__nor2_1)
                  0.13    0.08    3.87 v _349_/Y (sky130_fd_sc_hd__nor2_1)
     1    0.00                           _047_ (net)
                  0.13    0.00    3.87 v _408_/D (sky130_fd_sc_hd__dfrtp_1)
                                  3.87   data arrival time

                         10.00   10.00   clock clk (rise edge)
                          0.00   10.00   clock source latency
                  0.15    0.10   10.10 ^ clk (in)
     2    0.02                           clk (net)
                  0.15    0.00   10.10 ^ clkbuf_0_clk/A (sky130_fd_sc_hd__clkbuf_16)
                  0.10    0.28   10.37 ^ clkbuf_0_clk/X (sky130_fd_sc_hd__clkbuf_16)
     4    0.05                           clknet_0_clk (net)
                  0.10    0.00   10.37 ^ clkbuf_2_3__f_clk/A (sky130_fd_sc_hd__clkbuf_16)
                  0.08    0.23   10.61 ^ clkbuf_2_3__f_clk/X (sky130_fd_sc_hd__clkbuf_16)
     8    0.03                           clknet_2_3__leaf_clk (net)
                  0.08    0.00   10.61 ^ _408_/CLK (sky130_fd_sc_hd__dfrtp_1)
                         -0.25   10.36   clock uncertainty
                          0.04   10.40   clock reconvergence pessimism
                         -0.30   10.10   library setup time
                                 10.10   data required time
-----------------------------------------------------------------------------
                                 10.10   data required time
                                 -3.87   data arrival time
-----------------------------------------------------------------------------
                                  6.23   slack (MET)


Startpoint: _416_ (rising edge-triggered flip-flop clocked by clk)
Endpoint: _406_ (rising edge-triggered flip-flop clocked by clk)
Path Group: clk
Path Type: max
Corner: Slowest

Fanout     Cap    Slew   Delay    Time   Description
-----------------------------------------------------------------------------
                          0.00    0.00   clock clk (rise edge)
                          0.00    0.00   clock source latency
                  0.15    0.11    0.11 ^ clk (in)
     2    0.02                           clk (net)
                  0.15    0.00    0.11 ^ clkbuf_0_clk/A (sky130_fd_sc_hd__clkbuf_16)
                  0.10    0.31    0.41 ^ clkbuf_0_clk/X (sky130_fd_sc_hd__clkbuf_16)
     4    0.05                           clknet_0_clk (net)
                  0.10    0.00    0.41 ^ clkbuf_2_2__f_clk/A (sky130_fd_sc_hd__clkbuf_16)
                  0.08    0.26    0.68 ^ clkbuf_2_2__f_clk/X (sky130_fd_sc_hd__clkbuf_16)
    11    0.03                           clknet_2_2__leaf_clk (net)
                  0.08    0.00    0.68 ^ _416_/CLK (sky130_fd_sc_hd__dfrtp_1)
                  0.08    0.78    1.46 v _416_/Q (sky130_fd_sc_hd__dfrtp_1)
     1    0.00                           tx_inst.clk_count[7] (net)
                  0.08    0.00    1.46 v _285_/A (sky130_fd_sc_hd__or4_1)
                  0.26    1.40    2.86 v _285_/X (sky130_fd_sc_hd__or4_1)
     3    0.01                           _151_ (net)
                  0.26    0.00    2.86 v _286_/B (sky130_fd_sc_hd__nor2_1)
                  0.38    0.43    3.29 ^ _286_/Y (sky130_fd_sc_hd__nor2_1)
     4    0.01                           _152_ (net)
                  0.38    0.00    3.29 ^ _354_/B (sky130_fd_sc_hd__or3b_1)
                  0.10    0.34    3.63 ^ _354_/X (sky130_fd_sc_hd__or3b_1)
     1    0.01                           _199_ (net)
                  0.10    0.00    3.63 ^ _355_/A2 (sky130_fd_sc_hd__a21oi_1)
                  0.08    0.14    3.77 v _355_/Y (sky130_fd_sc_hd__a21oi_1)
     1    0.00                           _045_ (net)
                  0.08    0.00    3.77 v _406_/D (sky130_fd_sc_hd__dfrtp_2)
                                  3.77   data arrival time

                         10.00   10.00   clock clk (rise edge)
                          0.00   10.00   clock source latency
                  0.15    0.10   10.10 ^ clk (in)
     2    0.02                           clk (net)
                  0.15    0.00   10.10 ^ clkbuf_0_clk/A (sky130_fd_sc_hd__clkbuf_16)
                  0.10    0.28   10.37 ^ clkbuf_0_clk/X (sky130_fd_sc_hd__clkbuf_16)
     4    0.05                           clknet_0_clk (net)
                  0.10    0.00   10.37 ^ clkbuf_2_3__f_clk/A (sky130_fd_sc_hd__clkbuf_16)
                  0.08    0.23   10.61 ^ clkbuf_2_3__f_clk/X (sky130_fd_sc_hd__clkbuf_16)
     8    0.03                           clknet_2_3__leaf_clk (net)
                  0.08    0.00   10.61 ^ _406_/CLK (sky130_fd_sc_hd__dfrtp_2)
                         -0.25   10.36   clock uncertainty
                          0.04   10.40   clock reconvergence pessimism
                         -0.28   10.12   library setup time
                                 10.12   data required time
-----------------------------------------------------------------------------
                                 10.12   data required time
                                 -3.77   data arrival time
-----------------------------------------------------------------------------
                                  6.35   slack (MET)


Startpoint: _431_ (rising edge-triggered flip-flop clocked by clk)
Endpoint: _427_ (rising edge-triggered flip-flop clocked by clk)
Path Group: clk
Path Type: max
Corner: Slowest

Fanout     Cap    Slew   Delay    Time   Description
-----------------------------------------------------------------------------
                          0.00    0.00   clock clk (rise edge)
                          0.00    0.00   clock source latency
                  0.15    0.11    0.11 ^ clk (in)
     2    0.02                           clk (net)
                  0.15    0.00    0.11 ^ clkbuf_0_clk/A (sky130_fd_sc_hd__clkbuf_16)
                  0.10    0.31    0.41 ^ clkbuf_0_clk/X (sky130_fd_sc_hd__clkbuf_16)
     4    0.05                           clknet_0_clk (net)
                  0.10    0.00    0.41 ^ clkbuf_2_2__f_clk/A (sky130_fd_sc_hd__clkbuf_16)
                  0.08    0.26    0.68 ^ clkbuf_2_2__f_clk/X (sky130_fd_sc_hd__clkbuf_16)
    11    0.03                           clknet_2_2__leaf_clk (net)
                  0.08    0.00    0.68 ^ _431_/CLK (sky130_fd_sc_hd__dfrtp_4)
                  0.16    1.11    1.79 v _431_/Q (sky130_fd_sc_hd__dfrtp_4)
     7    0.02                           tx_inst.state[1] (net)
                  0.16    0.00    1.79 v _288_/A (sky130_fd_sc_hd__nor2_2)
                  0.58    0.58    2.38 ^ _288_/Y (sky130_fd_sc_hd__nor2_2)
     7    0.03                           _154_ (net)
                  0.58    0.00    2.38 ^ _296_/B (sky130_fd_sc_hd__nand2_4)
                  0.22    0.39    2.77 v _296_/Y (sky130_fd_sc_hd__nand2_4)
     8    0.04                           _160_ (net)
                  0.22    0.00    2.77 v _301_/S (sky130_fd_sc_hd__mux2_1)
                  0.11    0.78    3.55 v _301_/X (sky130_fd_sc_hd__mux2_1)
     1    0.00                           _163_ (net)
                  0.11    0.00    3.55 v _302_/A (sky130_fd_sc_hd__clkbuf_1)
                  0.05    0.19    3.74 v _302_/X (sky130_fd_sc_hd__clkbuf_1)
     1    0.00                           _066_ (net)
                  0.05    0.00    3.74 v _427_/D (sky130_fd_sc_hd__dfrtp_1)
                                  3.74   data arrival time

                         10.00   10.00   clock clk (rise edge)
                          0.00   10.00   clock source latency
                  0.15    0.10   10.10 ^ clk (in)
     2    0.02                           clk (net)
                  0.15    0.00   10.10 ^ clkbuf_0_clk/A (sky130_fd_sc_hd__clkbuf_16)
                  0.10    0.28   10.37 ^ clkbuf_0_clk/X (sky130_fd_sc_hd__clkbuf_16)
     4    0.05                           clknet_0_clk (net)
                  0.10    0.00   10.37 ^ clkbuf_2_3__f_clk/A (sky130_fd_sc_hd__clkbuf_16)
                  0.08    0.23   10.61 ^ clkbuf_2_3__f_clk/X (sky130_fd_sc_hd__clkbuf_16)
     8    0.03                           clknet_2_3__leaf_clk (net)
                  0.08    0.00   10.61 ^ _427_/CLK (sky130_fd_sc_hd__dfrtp_1)
                         -0.25   10.36   clock uncertainty
                          0.04   10.40   clock reconvergence pessimism
                         -0.27   10.13   library setup time
                                 10.13   data required time
-----------------------------------------------------------------------------
                                 10.13   data required time
                                 -3.74   data arrival time
-----------------------------------------------------------------------------
                                  6.39   slack (MET)


Startpoint: _431_ (rising edge-triggered flip-flop clocked by clk)
Endpoint: _424_ (rising edge-triggered flip-flop clocked by clk)
Path Group: clk
Path Type: max
Corner: Slowest

Fanout     Cap    Slew   Delay    Time   Description
-----------------------------------------------------------------------------
                          0.00    0.00   clock clk (rise edge)
                          0.00    0.00   clock source latency
                  0.15    0.11    0.11 ^ clk (in)
     2    0.02                           clk (net)
                  0.15    0.00    0.11 ^ clkbuf_0_clk/A (sky130_fd_sc_hd__clkbuf_16)
                  0.10    0.31    0.41 ^ clkbuf_0_clk/X (sky130_fd_sc_hd__clkbuf_16)
     4    0.05                           clknet_0_clk (net)
                  0.10    0.00    0.41 ^ clkbuf_2_2__f_clk/A (sky130_fd_sc_hd__clkbuf_16)
                  0.08    0.26    0.68 ^ clkbuf_2_2__f_clk/X (sky130_fd_sc_hd__clkbuf_16)
    11    0.03                           clknet_2_2__leaf_clk (net)
                  0.08    0.00    0.68 ^ _431_/CLK (sky130_fd_sc_hd__dfrtp_4)
                  0.16    1.11    1.79 v _431_/Q (sky130_fd_sc_hd__dfrtp_4)
     7    0.02                           tx_inst.state[1] (net)
                  0.16    0.00    1.79 v _288_/A (sky130_fd_sc_hd__nor2_2)
                  0.58    0.58    2.38 ^ _288_/Y (sky130_fd_sc_hd__nor2_2)
     7    0.03                           _154_ (net)
                  0.58    0.00    2.38 ^ _296_/B (sky130_fd_sc_hd__nand2_4)
                  0.22    0.39    2.77 v _296_/Y (sky130_fd_sc_hd__nand2_4)
     8    0.04                           _160_ (net)
                  0.22    0.00    2.77 v _307_/S (sky130_fd_sc_hd__mux2_1)
                  0.11    0.78    3.55 v _307_/X (sky130_fd_sc_hd__mux2_1)
     1    0.00                           _166_ (net)
                  0.11    0.00    3.55 v _308_/A (sky130_fd_sc_hd__clkbuf_1)
                  0.04    0.18    3.73 v _308_/X (sky130_fd_sc_hd__clkbuf_1)
     1    0.00                           _063_ (net)
                  0.04    0.00    3.73 v _424_/D (sky130_fd_sc_hd__dfrtp_1)
                                  3.73   data arrival time

                         10.00   10.00   clock clk (rise edge)
                          0.00   10.00   clock source latency
                  0.15    0.10   10.10 ^ clk (in)
     2    0.02                           clk (net)
                  0.15    0.00   10.10 ^ clkbuf_0_clk/A (sky130_fd_sc_hd__clkbuf_16)
                  0.10    0.28   10.37 ^ clkbuf_0_clk/X (sky130_fd_sc_hd__clkbuf_16)
     4    0.05                           clknet_0_clk (net)
                  0.10    0.00   10.37 ^ clkbuf_2_3__f_clk/A (sky130_fd_sc_hd__clkbuf_16)
                  0.08    0.23   10.61 ^ clkbuf_2_3__f_clk/X (sky130_fd_sc_hd__clkbuf_16)
     8    0.03                           clknet_2_3__leaf_clk (net)
                  0.08    0.00   10.61 ^ _424_/CLK (sky130_fd_sc_hd__dfrtp_1)
                         -0.25   10.36   clock uncertainty
                          0.04   10.40   clock reconvergence pessimism
                         -0.26   10.13   library setup time
                                 10.13   data required time
-----------------------------------------------------------------------------
                                 10.13   data required time
                                 -3.73   data arrival time
-----------------------------------------------------------------------------
                                  6.41   slack (MET)


Startpoint: _431_ (rising edge-triggered flip-flop clocked by clk)
Endpoint: _426_ (rising edge-triggered flip-flop clocked by clk)
Path Group: clk
Path Type: max
Corner: Slowest

Fanout     Cap    Slew   Delay    Time   Description
-----------------------------------------------------------------------------
                          0.00    0.00   clock clk (rise edge)
                          0.00    0.00   clock source latency
                  0.15    0.11    0.11 ^ clk (in)
     2    0.02                           clk (net)
                  0.15    0.00    0.11 ^ clkbuf_0_clk/A (sky130_fd_sc_hd__clkbuf_16)
                  0.10    0.31    0.41 ^ clkbuf_0_clk/X (sky130_fd_sc_hd__clkbuf_16)
     4    0.05                           clknet_0_clk (net)
                  0.10    0.00    0.41 ^ clkbuf_2_2__f_clk/A (sky130_fd_sc_hd__clkbuf_16)
                  0.08    0.26    0.68 ^ clkbuf_2_2__f_clk/X (sky130_fd_sc_hd__clkbuf_16)
    11    0.03                           clknet_2_2__leaf_clk (net)
                  0.08    0.00    0.68 ^ _431_/CLK (sky130_fd_sc_hd__dfrtp_4)
                  0.16    1.11    1.79 v _431_/Q (sky130_fd_sc_hd__dfrtp_4)
     7    0.02                           tx_inst.state[1] (net)
                  0.16    0.00    1.79 v _288_/A (sky130_fd_sc_hd__nor2_2)
                  0.58    0.58    2.38 ^ _288_/Y (sky130_fd_sc_hd__nor2_2)
     7    0.03                           _154_ (net)
                  0.58    0.00    2.38 ^ _296_/B (sky130_fd_sc_hd__nand2_4)
                  0.22    0.39    2.77 v _296_/Y (sky130_fd_sc_hd__nand2_4)
     8    0.04                           _160_ (net)
                  0.22    0.00    2.77 v _303_/S (sky130_fd_sc_hd__mux2_1)
                  0.10    0.78    3.54 v _303_/X (sky130_fd_sc_hd__mux2_1)
     1    0.00                           _164_ (net)
                  0.10    0.00    3.54 v _304_/A (sky130_fd_sc_hd__clkbuf_1)
                  0.05    0.18    3.72 v _304_/X (sky130_fd_sc_hd__clkbuf_1)
     1    0.00                           _065_ (net)
                  0.05    0.00    3.72 v _426_/D (sky130_fd_sc_hd__dfrtp_1)
                                  3.72   data arrival time

                         10.00   10.00   clock clk (rise edge)
                          0.00   10.00   clock source latency
                  0.15    0.10   10.10 ^ clk (in)
     2    0.02                           clk (net)
                  0.15    0.00   10.10 ^ clkbuf_0_clk/A (sky130_fd_sc_hd__clkbuf_16)
                  0.10    0.28   10.37 ^ clkbuf_0_clk/X (sky130_fd_sc_hd__clkbuf_16)
     4    0.05                           clknet_0_clk (net)
                  0.10    0.00   10.37 ^ clkbuf_2_3__f_clk/A (sky130_fd_sc_hd__clkbuf_16)
                  0.08    0.23   10.61 ^ clkbuf_2_3__f_clk/X (sky130_fd_sc_hd__clkbuf_16)
     8    0.03                           clknet_2_3__leaf_clk (net)
                  0.08    0.00   10.61 ^ _426_/CLK (sky130_fd_sc_hd__dfrtp_1)
                         -0.25   10.36   clock uncertainty
                          0.04   10.40   clock reconvergence pessimism
                         -0.26   10.13   library setup time
                                 10.13   data required time
-----------------------------------------------------------------------------
                                 10.13   data required time
                                 -3.72   data arrival time
-----------------------------------------------------------------------------
                                  6.41   slack (MET)


Startpoint: _431_ (rising edge-triggered flip-flop clocked by clk)
Endpoint: _425_ (rising edge-triggered flip-flop clocked by clk)
Path Group: clk
Path Type: max
Corner: Slowest

Fanout     Cap    Slew   Delay    Time   Description
-----------------------------------------------------------------------------
                          0.00    0.00   clock clk (rise edge)
                          0.00    0.00   clock source latency
                  0.15    0.11    0.11 ^ clk (in)
     2    0.02                           clk (net)
                  0.15    0.00    0.11 ^ clkbuf_0_clk/A (sky130_fd_sc_hd__clkbuf_16)
                  0.10    0.31    0.41 ^ clkbuf_0_clk/X (sky130_fd_sc_hd__clkbuf_16)
     4    0.05                           clknet_0_clk (net)
                  0.10    0.00    0.41 ^ clkbuf_2_2__f_clk/A (sky130_fd_sc_hd__clkbuf_16)
                  0.08    0.26    0.68 ^ clkbuf_2_2__f_clk/X (sky130_fd_sc_hd__clkbuf_16)
    11    0.03                           clknet_2_2__leaf_clk (net)
                  0.08    0.00    0.68 ^ _431_/CLK (sky130_fd_sc_hd__dfrtp_4)
                  0.16    1.11    1.79 v _431_/Q (sky130_fd_sc_hd__dfrtp_4)
     7    0.02                           tx_inst.state[1] (net)
                  0.16    0.00    1.79 v _288_/A (sky130_fd_sc_hd__nor2_2)
                  0.58    0.58    2.38 ^ _288_/Y (sky130_fd_sc_hd__nor2_2)
     7    0.03                           _154_ (net)
                  0.58    0.00    2.38 ^ _296_/B (sky130_fd_sc_hd__nand2_4)
                  0.22    0.39    2.77 v _296_/Y (sky130_fd_sc_hd__nand2_4)
     8    0.04                           _160_ (net)
                  0.22    0.00    2.77 v _305_/S (sky130_fd_sc_hd__mux2_1)
                  0.11    0.79    3.56 v _305_/X (sky130_fd_sc_hd__mux2_1)
     1    0.00                           _165_ (net)
                  0.11    0.00    3.56 v _306_/A (sky130_fd_sc_hd__clkbuf_1)
                  0.05    0.19    3.75 v _306_/X (sky130_fd_sc_hd__clkbuf_1)
     1    0.00                           _064_ (net)
                  0.05    0.00    3.75 v _425_/D (sky130_fd_sc_hd__dfrtp_1)
                                  3.75   data arrival time

                         10.00   10.00   clock clk (rise edge)
                          0.00   10.00   clock source latency
                  0.15    0.10   10.10 ^ clk (in)
     2    0.02                           clk (net)
                  0.15    0.00   10.10 ^ clkbuf_0_clk/A (sky130_fd_sc_hd__clkbuf_16)
                  0.10    0.28   10.37 ^ clkbuf_0_clk/X (sky130_fd_sc_hd__clkbuf_16)
     4    0.05                           clknet_0_clk (net)
                  0.10    0.00   10.37 ^ clkbuf_2_1__f_clk/A (sky130_fd_sc_hd__clkbuf_16)
                  0.10    0.26   10.63 ^ clkbuf_2_1__f_clk/X (sky130_fd_sc_hd__clkbuf_16)
    15    0.05                           clknet_2_1__leaf_clk (net)
                  0.10    0.00   10.63 ^ _425_/CLK (sky130_fd_sc_hd__dfrtp_1)
                         -0.25   10.38   clock uncertainty
                          0.04   10.42   clock reconvergence pessimism
                         -0.26   10.16   library setup time
                                 10.16   data required time
-----------------------------------------------------------------------------
                                 10.16   data required time
                                 -3.75   data arrival time
-----------------------------------------------------------------------------
                                  6.42   slack (MET)


Startpoint: _431_ (rising edge-triggered flip-flop clocked by clk)
Endpoint: _429_ (rising edge-triggered flip-flop clocked by clk)
Path Group: clk
Path Type: max
Corner: Slowest

Fanout     Cap    Slew   Delay    Time   Description
-----------------------------------------------------------------------------
                          0.00    0.00   clock clk (rise edge)
                          0.00    0.00   clock source latency
                  0.15    0.11    0.11 ^ clk (in)
     2    0.02                           clk (net)
                  0.15    0.00    0.11 ^ clkbuf_0_clk/A (sky130_fd_sc_hd__clkbuf_16)
                  0.10    0.31    0.41 ^ clkbuf_0_clk/X (sky130_fd_sc_hd__clkbuf_16)
     4    0.05                           clknet_0_clk (net)
                  0.10    0.00    0.41 ^ clkbuf_2_2__f_clk/A (sky130_fd_sc_hd__clkbuf_16)
                  0.08    0.26    0.68 ^ clkbuf_2_2__f_clk/X (sky130_fd_sc_hd__clkbuf_16)
    11    0.03                           clknet_2_2__leaf_clk (net)
                  0.08    0.00    0.68 ^ _431_/CLK (sky130_fd_sc_hd__dfrtp_4)
                  0.16    1.11    1.79 v _431_/Q (sky130_fd_sc_hd__dfrtp_4)
     7    0.02                           tx_inst.state[1] (net)
                  0.16    0.00    1.79 v _288_/A (sky130_fd_sc_hd__nor2_2)
                  0.58    0.58    2.38 ^ _288_/Y (sky130_fd_sc_hd__nor2_2)
     7    0.03                           _154_ (net)
                  0.58    0.00    2.38 ^ _296_/B (sky130_fd_sc_hd__nand2_4)
                  0.22    0.39    2.77 v _296_/Y (sky130_fd_sc_hd__nand2_4)
     8    0.04                           _160_ (net)
                  0.22    0.00    2.77 v _297_/S (sky130_fd_sc_hd__mux2_1)
                  0.11    0.78    3.55 v _297_/X (sky130_fd_sc_hd__mux2_1)
     1    0.00                           _161_ (net)
                  0.11    0.00    3.55 v _298_/A (sky130_fd_sc_hd__clkbuf_1)
                  0.05    0.18    3.73 v _298_/X (sky130_fd_sc_hd__clkbuf_1)
     1    0.00                           _068_ (net)
                  0.05    0.00    3.73 v _429_/D (sky130_fd_sc_hd__dfrtp_1)
                                  3.73   data arrival time

                         10.00   10.00   clock clk (rise edge)
                          0.00   10.00   clock source latency
                  0.15    0.10   10.10 ^ clk (in)
     2    0.02                           clk (net)
                  0.15    0.00   10.10 ^ clkbuf_0_clk/A (sky130_fd_sc_hd__clkbuf_16)
                  0.10    0.28   10.37 ^ clkbuf_0_clk/X (sky130_fd_sc_hd__clkbuf_16)
     4    0.05                           clknet_0_clk (net)
                  0.10    0.00   10.37 ^ clkbuf_2_1__f_clk/A (sky130_fd_sc_hd__clkbuf_16)
                  0.10    0.26   10.63 ^ clkbuf_2_1__f_clk/X (sky130_fd_sc_hd__clkbuf_16)
    15    0.05                           clknet_2_1__leaf_clk (net)
                  0.10    0.00   10.63 ^ _429_/CLK (sky130_fd_sc_hd__dfrtp_1)
                         -0.25   10.38   clock uncertainty
                          0.04   10.42   clock reconvergence pessimism
                         -0.26   10.17   library setup time
                                 10.17   data required time
-----------------------------------------------------------------------------
                                 10.17   data required time
                                 -3.73   data arrival time
-----------------------------------------------------------------------------
                                  6.43   slack (MET)


Startpoint: _431_ (rising edge-triggered flip-flop clocked by clk)
Endpoint: _422_ (rising edge-triggered flip-flop clocked by clk)
Path Group: clk
Path Type: max
Corner: Slowest

Fanout     Cap    Slew   Delay    Time   Description
-----------------------------------------------------------------------------
                          0.00    0.00   clock clk (rise edge)
                          0.00    0.00   clock source latency
                  0.15    0.11    0.11 ^ clk (in)
     2    0.02                           clk (net)
                  0.15    0.00    0.11 ^ clkbuf_0_clk/A (sky130_fd_sc_hd__clkbuf_16)
                  0.10    0.31    0.41 ^ clkbuf_0_clk/X (sky130_fd_sc_hd__clkbuf_16)
     4    0.05                           clknet_0_clk (net)
                  0.10    0.00    0.41 ^ clkbuf_2_2__f_clk/A (sky130_fd_sc_hd__clkbuf_16)
                  0.08    0.26    0.68 ^ clkbuf_2_2__f_clk/X (sky130_fd_sc_hd__clkbuf_16)
    11    0.03                           clknet_2_2__leaf_clk (net)
                  0.08    0.00    0.68 ^ _431_/CLK (sky130_fd_sc_hd__dfrtp_4)
                  0.16    1.11    1.79 v _431_/Q (sky130_fd_sc_hd__dfrtp_4)
     7    0.02                           tx_inst.state[1] (net)
                  0.16    0.00    1.79 v _288_/A (sky130_fd_sc_hd__nor2_2)
                  0.58    0.58    2.38 ^ _288_/Y (sky130_fd_sc_hd__nor2_2)
     7    0.03                           _154_ (net)
                  0.58    0.00    2.38 ^ _296_/B (sky130_fd_sc_hd__nand2_4)
                  0.22    0.39    2.77 v _296_/Y (sky130_fd_sc_hd__nand2_4)
     8    0.04                           _160_ (net)
                  0.22    0.00    2.77 v _311_/S (sky130_fd_sc_hd__mux2_1)
                  0.11    0.78    3.55 v _311_/X (sky130_fd_sc_hd__mux2_1)
     1    0.00                           _168_ (net)
                  0.11    0.00    3.55 v _312_/A (sky130_fd_sc_hd__clkbuf_1)
                  0.04    0.18    3.73 v _312_/X (sky130_fd_sc_hd__clkbuf_1)
     1    0.00                           _061_ (net)
                  0.04    0.00    3.73 v _422_/D (sky130_fd_sc_hd__dfrtp_1)
                                  3.73   data arrival time

                         10.00   10.00   clock clk (rise edge)
                          0.00   10.00   clock source latency
                  0.15    0.10   10.10 ^ clk (in)
     2    0.02                           clk (net)
                  0.15    0.00   10.10 ^ clkbuf_0_clk/A (sky130_fd_sc_hd__clkbuf_16)
                  0.10    0.28   10.37 ^ clkbuf_0_clk/X (sky130_fd_sc_hd__clkbuf_16)
     4    0.05                           clknet_0_clk (net)
                  0.10    0.00   10.37 ^ clkbuf_2_1__f_clk/A (sky130_fd_sc_hd__clkbuf_16)
                  0.10    0.26   10.63 ^ clkbuf_2_1__f_clk/X (sky130_fd_sc_hd__clkbuf_16)
    15    0.05                           clknet_2_1__leaf_clk (net)
                  0.10    0.00   10.63 ^ _422_/CLK (sky130_fd_sc_hd__dfrtp_1)
                         -0.25   10.38   clock uncertainty
                          0.04   10.42   clock reconvergence pessimism
                         -0.26   10.17   library setup time
                                 10.17   data required time
-----------------------------------------------------------------------------
                                 10.17   data required time
                                 -3.73   data arrival time
-----------------------------------------------------------------------------
                                  6.44   slack (MET)


Startpoint: _431_ (rising edge-triggered flip-flop clocked by clk)
Endpoint: _428_ (rising edge-triggered flip-flop clocked by clk)
Path Group: clk
Path Type: max
Corner: Slowest

Fanout     Cap    Slew   Delay    Time   Description
-----------------------------------------------------------------------------
                          0.00    0.00   clock clk (rise edge)
                          0.00    0.00   clock source latency
                  0.15    0.11    0.11 ^ clk (in)
     2    0.02                           clk (net)
                  0.15    0.00    0.11 ^ clkbuf_0_clk/A (sky130_fd_sc_hd__clkbuf_16)
                  0.10    0.31    0.41 ^ clkbuf_0_clk/X (sky130_fd_sc_hd__clkbuf_16)
     4    0.05                           clknet_0_clk (net)
                  0.10    0.00    0.41 ^ clkbuf_2_2__f_clk/A (sky130_fd_sc_hd__clkbuf_16)
                  0.08    0.26    0.68 ^ clkbuf_2_2__f_clk/X (sky130_fd_sc_hd__clkbuf_16)
    11    0.03                           clknet_2_2__leaf_clk (net)
                  0.08    0.00    0.68 ^ _431_/CLK (sky130_fd_sc_hd__dfrtp_4)
                  0.16    1.11    1.79 v _431_/Q (sky130_fd_sc_hd__dfrtp_4)
     7    0.02                           tx_inst.state[1] (net)
                  0.16    0.00    1.79 v _288_/A (sky130_fd_sc_hd__nor2_2)
                  0.58    0.58    2.38 ^ _288_/Y (sky130_fd_sc_hd__nor2_2)
     7    0.03                           _154_ (net)
                  0.58    0.00    2.38 ^ _296_/B (sky130_fd_sc_hd__nand2_4)
                  0.22    0.39    2.77 v _296_/Y (sky130_fd_sc_hd__nand2_4)
     8    0.04                           _160_ (net)
                  0.22    0.00    2.77 v _299_/S (sky130_fd_sc_hd__mux2_1)
                  0.11    0.78    3.55 v _299_/X (sky130_fd_sc_hd__mux2_1)
     1    0.00                           _162_ (net)
                  0.11    0.00    3.55 v _300_/A (sky130_fd_sc_hd__clkbuf_1)
                  0.05    0.18    3.73 v _300_/X (sky130_fd_sc_hd__clkbuf_1)
     1    0.00                           _067_ (net)
                  0.05    0.00    3.73 v _428_/D (sky130_fd_sc_hd__dfrtp_1)
                                  3.73   data arrival time

                         10.00   10.00   clock clk (rise edge)
                          0.00   10.00   clock source latency
                  0.15    0.10   10.10 ^ clk (in)
     2    0.02                           clk (net)
                  0.15    0.00   10.10 ^ clkbuf_0_clk/A (sky130_fd_sc_hd__clkbuf_16)
                  0.10    0.28   10.37 ^ clkbuf_0_clk/X (sky130_fd_sc_hd__clkbuf_16)
     4    0.05                           clknet_0_clk (net)
                  0.10    0.00   10.37 ^ clkbuf_2_1__f_clk/A (sky130_fd_sc_hd__clkbuf_16)
                  0.10    0.26   10.63 ^ clkbuf_2_1__f_clk/X (sky130_fd_sc_hd__clkbuf_16)
    15    0.05                           clknet_2_1__leaf_clk (net)
                  0.10    0.00   10.63 ^ _428_/CLK (sky130_fd_sc_hd__dfrtp_1)
                         -0.25   10.38   clock uncertainty
                          0.04   10.42   clock reconvergence pessimism
                         -0.26   10.16   library setup time
                                 10.16   data required time
-----------------------------------------------------------------------------
                                 10.16   data required time
                                 -3.73   data arrival time
-----------------------------------------------------------------------------
                                  6.44   slack (MET)


Startpoint: _431_ (rising edge-triggered flip-flop clocked by clk)
Endpoint: _423_ (rising edge-triggered flip-flop clocked by clk)
Path Group: clk
Path Type: max
Corner: Slowest

Fanout     Cap    Slew   Delay    Time   Description
-----------------------------------------------------------------------------
                          0.00    0.00   clock clk (rise edge)
                          0.00    0.00   clock source latency
                  0.15    0.11    0.11 ^ clk (in)
     2    0.02                           clk (net)
                  0.15    0.00    0.11 ^ clkbuf_0_clk/A (sky130_fd_sc_hd__clkbuf_16)
                  0.10    0.31    0.41 ^ clkbuf_0_clk/X (sky130_fd_sc_hd__clkbuf_16)
     4    0.05                           clknet_0_clk (net)
                  0.10    0.00    0.41 ^ clkbuf_2_2__f_clk/A (sky130_fd_sc_hd__clkbuf_16)
                  0.08    0.26    0.68 ^ clkbuf_2_2__f_clk/X (sky130_fd_sc_hd__clkbuf_16)
    11    0.03                           clknet_2_2__leaf_clk (net)
                  0.08    0.00    0.68 ^ _431_/CLK (sky130_fd_sc_hd__dfrtp_4)
                  0.16    1.11    1.79 v _431_/Q (sky130_fd_sc_hd__dfrtp_4)
     7    0.02                           tx_inst.state[1] (net)
                  0.16    0.00    1.79 v _288_/A (sky130_fd_sc_hd__nor2_2)
                  0.58    0.58    2.38 ^ _288_/Y (sky130_fd_sc_hd__nor2_2)
     7    0.03                           _154_ (net)
                  0.58    0.00    2.38 ^ _296_/B (sky130_fd_sc_hd__nand2_4)
                  0.22    0.39    2.77 v _296_/Y (sky130_fd_sc_hd__nand2_4)
     8    0.04                           _160_ (net)
                  0.22    0.00    2.77 v _309_/S (sky130_fd_sc_hd__mux2_1)
                  0.10    0.78    3.54 v _309_/X (sky130_fd_sc_hd__mux2_1)
     1    0.00                           _167_ (net)
                  0.10    0.00    3.54 v _310_/A (sky130_fd_sc_hd__clkbuf_1)
                  0.04    0.18    3.72 v _310_/X (sky130_fd_sc_hd__clkbuf_1)
     1    0.00                           _062_ (net)
                  0.04    0.00    3.72 v _423_/D (sky130_fd_sc_hd__dfrtp_1)
                                  3.72   data arrival time

                         10.00   10.00   clock clk (rise edge)
                          0.00   10.00   clock source latency
                  0.15    0.10   10.10 ^ clk (in)
     2    0.02                           clk (net)
                  0.15    0.00   10.10 ^ clkbuf_0_clk/A (sky130_fd_sc_hd__clkbuf_16)
                  0.10    0.28   10.37 ^ clkbuf_0_clk/X (sky130_fd_sc_hd__clkbuf_16)
     4    0.05                           clknet_0_clk (net)
                  0.10    0.00   10.37 ^ clkbuf_2_1__f_clk/A (sky130_fd_sc_hd__clkbuf_16)
                  0.10    0.26   10.63 ^ clkbuf_2_1__f_clk/X (sky130_fd_sc_hd__clkbuf_16)
    15    0.05                           clknet_2_1__leaf_clk (net)
                  0.10    0.00   10.63 ^ _423_/CLK (sky130_fd_sc_hd__dfrtp_1)
                         -0.25   10.38   clock uncertainty
                          0.04   10.42   clock reconvergence pessimism
                         -0.26   10.17   library setup time
                                 10.17   data required time
-----------------------------------------------------------------------------
                                 10.17   data required time
                                 -3.72   data arrival time
-----------------------------------------------------------------------------
                                  6.44   slack (MET)


Startpoint: _443_ (rising edge-triggered flip-flop clocked by clk)
Endpoint: _450_ (rising edge-triggered flip-flop clocked by clk)
Path Group: clk
Path Type: max
Corner: Slowest

Fanout     Cap    Slew   Delay    Time   Description
-----------------------------------------------------------------------------
                          0.00    0.00   clock clk (rise edge)
                          0.00    0.00   clock source latency
                  0.15    0.11    0.11 ^ clk (in)
     2    0.02                           clk (net)
                  0.15    0.00    0.11 ^ clkbuf_0_clk/A (sky130_fd_sc_hd__clkbuf_16)
                  0.10    0.31    0.41 ^ clkbuf_0_clk/X (sky130_fd_sc_hd__clkbuf_16)
     4    0.05                           clknet_0_clk (net)
                  0.10    0.00    0.41 ^ clkbuf_2_1__f_clk/A (sky130_fd_sc_hd__clkbuf_16)
                  0.10    0.28    0.70 ^ clkbuf_2_1__f_clk/X (sky130_fd_sc_hd__clkbuf_16)
    15    0.05                           clknet_2_1__leaf_clk (net)
                  0.10    0.00    0.70 ^ _443_/CLK (sky130_fd_sc_hd__dfrtp_4)
                  0.16    1.13    1.83 v _443_/Q (sky130_fd_sc_hd__dfrtp_4)
     7    0.02                           rx_inst.clk_count[0] (net)
                  0.16    0.00    1.83 v _205_/D (sky130_fd_sc_hd__and4_1)
                  0.13    0.53    2.36 v _205_/X (sky130_fd_sc_hd__and4_1)
     4    0.01                           _090_ (net)
                  0.13    0.00    2.36 v _206_/C (sky130_fd_sc_hd__and3_1)
                  0.13    0.48    2.84 v _206_/X (sky130_fd_sc_hd__and3_1)
     3    0.01                           _091_ (net)
                  0.13    0.00    2.84 v _207_/B (sky130_fd_sc_hd__and2_1)
                  0.12    0.42    3.26 v _207_/X (sky130_fd_sc_hd__and2_1)
     3    0.01                           _092_ (net)
                  0.12    0.00    3.26 v _210_/A2 (sky130_fd_sc_hd__o21ai_1)
                  0.16    0.22    3.47 ^ _210_/Y (sky130_fd_sc_hd__o21ai_1)
     1    0.00                           _095_ (net)
                  0.16    0.00    3.47 ^ _211_/B1 (sky130_fd_sc_hd__a21oi_1)
                  0.08    0.10    3.58 v _211_/Y (sky130_fd_sc_hd__a21oi_1)
     1    0.00                           _089_ (net)
                  0.08    0.00    3.58 v _450_/D (sky130_fd_sc_hd__dfrtp_1)
                                  3.58   data arrival time

                         10.00   10.00   clock clk (rise edge)
                          0.00   10.00   clock source latency
                  0.15    0.10   10.10 ^ clk (in)
     2    0.02                           clk (net)
                  0.15    0.00   10.10 ^ clkbuf_0_clk/A (sky130_fd_sc_hd__clkbuf_16)
                  0.10    0.28   10.37 ^ clkbuf_0_clk/X (sky130_fd_sc_hd__clkbuf_16)
     4    0.05                           clknet_0_clk (net)
                  0.10    0.00   10.37 ^ clkbuf_2_1__f_clk/A (sky130_fd_sc_hd__clkbuf_16)
                  0.10    0.26   10.63 ^ clkbuf_2_1__f_clk/X (sky130_fd_sc_hd__clkbuf_16)
    15    0.05                           clknet_2_1__leaf_clk (net)
                  0.10    0.00   10.63 ^ _450_/CLK (sky130_fd_sc_hd__dfrtp_1)
                         -0.25   10.38   clock uncertainty
                          0.07   10.45   clock reconvergence pessimism
                         -0.27   10.18   library setup time
                                 10.18   data required time
-----------------------------------------------------------------------------
                                 10.18   data required time
                                 -3.58   data arrival time
-----------------------------------------------------------------------------
                                  6.60   slack (MET)


Startpoint: _431_ (rising edge-triggered flip-flop clocked by clk)
Endpoint: _419_ (rising edge-triggered flip-flop clocked by clk)
Path Group: clk
Path Type: max
Corner: Slowest

Fanout     Cap    Slew   Delay    Time   Description
-----------------------------------------------------------------------------
                          0.00    0.00   clock clk (rise edge)
                          0.00    0.00   clock source latency
                  0.15    0.11    0.11 ^ clk (in)
     2    0.02                           clk (net)
                  0.15    0.00    0.11 ^ clkbuf_0_clk/A (sky130_fd_sc_hd__clkbuf_16)
                  0.10    0.31    0.41 ^ clkbuf_0_clk/X (sky130_fd_sc_hd__clkbuf_16)
     4    0.05                           clknet_0_clk (net)
                  0.10    0.00    0.41 ^ clkbuf_2_2__f_clk/A (sky130_fd_sc_hd__clkbuf_16)
                  0.08    0.26    0.68 ^ clkbuf_2_2__f_clk/X (sky130_fd_sc_hd__clkbuf_16)
    11    0.03                           clknet_2_2__leaf_clk (net)
                  0.08    0.00    0.68 ^ _431_/CLK (sky130_fd_sc_hd__dfrtp_4)
                  0.16    1.11    1.79 v _431_/Q (sky130_fd_sc_hd__dfrtp_4)
     7    0.02                           tx_inst.state[1] (net)
                  0.16    0.00    1.79 v _288_/A (sky130_fd_sc_hd__nor2_2)
                  0.58    0.58    2.38 ^ _288_/Y (sky130_fd_sc_hd__nor2_2)
     7    0.03                           _154_ (net)
                  0.58    0.00    2.38 ^ _321_/S (sky130_fd_sc_hd__mux2_1)
                  0.10    0.88    3.26 v _321_/X (sky130_fd_sc_hd__mux2_1)
     1    0.00                           _175_ (net)
                  0.10    0.00    3.26 v _322_/A (sky130_fd_sc_hd__clkbuf_1)
                  0.04    0.18    3.44 v _322_/X (sky130_fd_sc_hd__clkbuf_1)
     1    0.00                           _058_ (net)
                  0.04    0.00    3.44 v _419_/D (sky130_fd_sc_hd__dfrtp_1)
                                  3.44   data arrival time

                         10.00   10.00   clock clk (rise edge)
                          0.00   10.00   clock source latency
                  0.15    0.10   10.10 ^ clk (in)
     2    0.02                           clk (net)
                  0.15    0.00   10.10 ^ clkbuf_0_clk/A (sky130_fd_sc_hd__clkbuf_16)
                  0.10    0.28   10.37 ^ clkbuf_0_clk/X (sky130_fd_sc_hd__clkbuf_16)
     4    0.05                           clknet_0_clk (net)
                  0.10    0.00   10.37 ^ clkbuf_2_2__f_clk/A (sky130_fd_sc_hd__clkbuf_16)
                  0.08    0.24   10.61 ^ clkbuf_2_2__f_clk/X (sky130_fd_sc_hd__clkbuf_16)
    11    0.03                           clknet_2_2__leaf_clk (net)
                  0.08    0.00   10.62 ^ _419_/CLK (sky130_fd_sc_hd__dfrtp_1)
                         -0.25   10.37   clock uncertainty
                          0.06   10.43   clock reconvergence pessimism
                         -0.26   10.17   library setup time
                                 10.17   data required time
-----------------------------------------------------------------------------
                                 10.17   data required time
                                 -3.44   data arrival time
-----------------------------------------------------------------------------
                                  6.73   slack (MET)


Startpoint: _443_ (rising edge-triggered flip-flop clocked by clk)
Endpoint: _449_ (rising edge-triggered flip-flop clocked by clk)
Path Group: clk
Path Type: max
Corner: Slowest

Fanout     Cap    Slew   Delay    Time   Description
-----------------------------------------------------------------------------
                          0.00    0.00   clock clk (rise edge)
                          0.00    0.00   clock source latency
                  0.15    0.11    0.11 ^ clk (in)
     2    0.02                           clk (net)
                  0.15    0.00    0.11 ^ clkbuf_0_clk/A (sky130_fd_sc_hd__clkbuf_16)
                  0.10    0.31    0.41 ^ clkbuf_0_clk/X (sky130_fd_sc_hd__clkbuf_16)
     4    0.05                           clknet_0_clk (net)
                  0.10    0.00    0.41 ^ clkbuf_2_1__f_clk/A (sky130_fd_sc_hd__clkbuf_16)
                  0.10    0.28    0.70 ^ clkbuf_2_1__f_clk/X (sky130_fd_sc_hd__clkbuf_16)
    15    0.05                           clknet_2_1__leaf_clk (net)
                  0.10    0.00    0.70 ^ _443_/CLK (sky130_fd_sc_hd__dfrtp_4)
                  0.16    1.13    1.83 v _443_/Q (sky130_fd_sc_hd__dfrtp_4)
     7    0.02                           rx_inst.clk_count[0] (net)
                  0.16    0.00    1.83 v _205_/D (sky130_fd_sc_hd__and4_1)
                  0.13    0.53    2.36 v _205_/X (sky130_fd_sc_hd__and4_1)
     4    0.01                           _090_ (net)
                  0.13    0.00    2.36 v _206_/C (sky130_fd_sc_hd__and3_1)
                  0.13    0.48    2.84 v _206_/X (sky130_fd_sc_hd__and3_1)
     3    0.01                           _091_ (net)
                  0.13    0.00    2.84 v _207_/B (sky130_fd_sc_hd__and2_1)
                  0.12    0.42    3.26 v _207_/X (sky130_fd_sc_hd__and2_1)
     3    0.01                           _092_ (net)
                  0.12    0.00    3.26 v _213_/A (sky130_fd_sc_hd__nor2_1)
                  0.14    0.20    3.46 ^ _213_/Y (sky130_fd_sc_hd__nor2_1)
     1    0.00                           _088_ (net)
                  0.14    0.00    3.46 ^ _449_/D (sky130_fd_sc_hd__dfrtp_1)
                                  3.46   data arrival time

                         10.00   10.00   clock clk (rise edge)
                          0.00   10.00   clock source latency
                  0.15    0.10   10.10 ^ clk (in)
     2    0.02                           clk (net)
                  0.15    0.00   10.10 ^ clkbuf_0_clk/A (sky130_fd_sc_hd__clkbuf_16)
                  0.10    0.28   10.37 ^ clkbuf_0_clk/X (sky130_fd_sc_hd__clkbuf_16)
     4    0.05                           clknet_0_clk (net)
                  0.10    0.00   10.37 ^ clkbuf_2_1__f_clk/A (sky130_fd_sc_hd__clkbuf_16)
                  0.10    0.26   10.63 ^ clkbuf_2_1__f_clk/X (sky130_fd_sc_hd__clkbuf_16)
    15    0.05                           clknet_2_1__leaf_clk (net)
                  0.10    0.00   10.63 ^ _449_/CLK (sky130_fd_sc_hd__dfrtp_1)
                         -0.25   10.38   clock uncertainty
                          0.07   10.45   clock reconvergence pessimism
                         -0.15   10.30   library setup time
                                 10.30   data required time
-----------------------------------------------------------------------------
                                 10.30   data required time
                                 -3.46   data arrival time
-----------------------------------------------------------------------------
                                  6.84   slack (MET)


Startpoint: _448_ (rising edge-triggered flip-flop clocked by clk)
Endpoint: _448_ (rising edge-triggered flip-flop clocked by clk)
Path Group: clk
Path Type: max
Corner: Slowest

Fanout     Cap    Slew   Delay    Time   Description
-----------------------------------------------------------------------------
                          0.00    0.00   clock clk (rise edge)
                          0.00    0.00   clock source latency
                  0.15    0.11    0.11 ^ clk (in)
     2    0.02                           clk (net)
                  0.15    0.00    0.11 ^ clkbuf_0_clk/A (sky130_fd_sc_hd__clkbuf_16)
                  0.10    0.31    0.41 ^ clkbuf_0_clk/X (sky130_fd_sc_hd__clkbuf_16)
     4    0.05                           clknet_0_clk (net)
                  0.10    0.00    0.41 ^ clkbuf_2_1__f_clk/A (sky130_fd_sc_hd__clkbuf_16)
                  0.10    0.28    0.70 ^ clkbuf_2_1__f_clk/X (sky130_fd_sc_hd__clkbuf_16)
    15    0.05                           clknet_2_1__leaf_clk (net)
                  0.10    0.00    0.70 ^ _448_/CLK (sky130_fd_sc_hd__dfrtp_1)
                  0.11    0.83    1.53 v _448_/Q (sky130_fd_sc_hd__dfrtp_1)
     3    0.01                           rx_inst.clk_count[5] (net)
                  0.11    0.00    1.53 v hold4/A (sky130_fd_sc_hd__dlygate4sd3_1)
                  0.12    1.22    2.75 v hold4/X (sky130_fd_sc_hd__dlygate4sd3_1)
     1    0.00                           net28 (net)
                  0.12    0.00    2.75 v _215_/A1 (sky130_fd_sc_hd__o21ai_1)
                  0.21    0.28    3.03 ^ _215_/Y (sky130_fd_sc_hd__o21ai_1)
     1    0.00                           _098_ (net)
                  0.21    0.00    3.03 ^ _216_/B (sky130_fd_sc_hd__nor2_1)
                  0.06    0.13    3.16 v _216_/Y (sky130_fd_sc_hd__nor2_1)
     1    0.00                           _087_ (net)
                  0.06    0.00    3.16 v _448_/D (sky130_fd_sc_hd__dfrtp_1)
                                  3.16   data arrival time

                         10.00   10.00   clock clk (rise edge)
                          0.00   10.00   clock source latency
                  0.15    0.10   10.10 ^ clk (in)
     2    0.02                           clk (net)
                  0.15    0.00   10.10 ^ clkbuf_0_clk/A (sky130_fd_sc_hd__clkbuf_16)
                  0.10    0.28   10.37 ^ clkbuf_0_clk/X (sky130_fd_sc_hd__clkbuf_16)
     4    0.05                           clknet_0_clk (net)
                  0.10    0.00   10.37 ^ clkbuf_2_1__f_clk/A (sky130_fd_sc_hd__clkbuf_16)
                  0.10    0.26   10.63 ^ clkbuf_2_1__f_clk/X (sky130_fd_sc_hd__clkbuf_16)
    15    0.05                           clknet_2_1__leaf_clk (net)
                  0.10    0.00   10.63 ^ _448_/CLK (sky130_fd_sc_hd__dfrtp_1)
                         -0.25   10.38   clock uncertainty
                          0.07   10.45   clock reconvergence pessimism
                         -0.27   10.19   library setup time
                                 10.19   data required time
-----------------------------------------------------------------------------
                                 10.19   data required time
                                 -3.16   data arrival time
-----------------------------------------------------------------------------
                                  7.03   slack (MET)


Startpoint: _447_ (rising edge-triggered flip-flop clocked by clk)
Endpoint: _447_ (rising edge-triggered flip-flop clocked by clk)
Path Group: clk
Path Type: max
Corner: Slowest

Fanout     Cap    Slew   Delay    Time   Description
-----------------------------------------------------------------------------
                          0.00    0.00   clock clk (rise edge)
                          0.00    0.00   clock source latency
                  0.15    0.11    0.11 ^ clk (in)
     2    0.02                           clk (net)
                  0.15    0.00    0.11 ^ clkbuf_0_clk/A (sky130_fd_sc_hd__clkbuf_16)
                  0.10    0.31    0.41 ^ clkbuf_0_clk/X (sky130_fd_sc_hd__clkbuf_16)
     4    0.05                           clknet_0_clk (net)
                  0.10    0.00    0.41 ^ clkbuf_2_1__f_clk/A (sky130_fd_sc_hd__clkbuf_16)
                  0.10    0.28    0.70 ^ clkbuf_2_1__f_clk/X (sky130_fd_sc_hd__clkbuf_16)
    15    0.05                           clknet_2_1__leaf_clk (net)
                  0.10    0.00    0.70 ^ _447_/CLK (sky130_fd_sc_hd__dfrtp_1)
                  0.15    0.87    1.57 v _447_/Q (sky130_fd_sc_hd__dfrtp_1)
     5    0.01                           rx_inst.clk_count[4] (net)
                  0.15    0.00    1.57 v hold16/A (sky130_fd_sc_hd__dlygate4sd3_1)
                  0.11    1.23    2.79 v hold16/X (sky130_fd_sc_hd__dlygate4sd3_1)
     1    0.00                           net40 (net)
                  0.11    0.00    2.79 v _217_/A1 (sky130_fd_sc_hd__o21ai_1)
                  0.17    0.25    3.04 ^ _217_/Y (sky130_fd_sc_hd__o21ai_1)
     1    0.00                           _099_ (net)
                  0.17    0.00    3.04 ^ _218_/B (sky130_fd_sc_hd__nor2_1)
                  0.05    0.11    3.15 v _218_/Y (sky130_fd_sc_hd__nor2_1)
     1    0.00                           _086_ (net)
                  0.05    0.00    3.15 v _447_/D (sky130_fd_sc_hd__dfrtp_1)
                                  3.15   data arrival time

                         10.00   10.00   clock clk (rise edge)
                          0.00   10.00   clock source latency
                  0.15    0.10   10.10 ^ clk (in)
     2    0.02                           clk (net)
                  0.15    0.00   10.10 ^ clkbuf_0_clk/A (sky130_fd_sc_hd__clkbuf_16)
                  0.10    0.28   10.37 ^ clkbuf_0_clk/X (sky130_fd_sc_hd__clkbuf_16)
     4    0.05                           clknet_0_clk (net)
                  0.10    0.00   10.37 ^ clkbuf_2_1__f_clk/A (sky130_fd_sc_hd__clkbuf_16)
                  0.10    0.26   10.63 ^ clkbuf_2_1__f_clk/X (sky130_fd_sc_hd__clkbuf_16)
    15    0.05                           clknet_2_1__leaf_clk (net)
                  0.10    0.00   10.63 ^ _447_/CLK (sky130_fd_sc_hd__dfrtp_1)
                         -0.25   10.38   clock uncertainty
                          0.07   10.45   clock reconvergence pessimism
                         -0.26   10.19   library setup time
                                 10.19   data required time
-----------------------------------------------------------------------------
                                 10.19   data required time
                                 -3.15   data arrival time
-----------------------------------------------------------------------------
                                  7.04   slack (MET)


Startpoint: rst (input port clocked by clk)
Endpoint: _420_ (recovery check against rising-edge clock clk)
Path Group: asynchronous
Path Type: max
Corner: Slowest

Fanout     Cap    Slew   Delay    Time   Description
-----------------------------------------------------------------------------
                          0.00    0.00   clock clk (rise edge)
                          0.00    0.00   clock network delay (propagated)
                          2.00    2.00 v input external delay
                  0.02    0.01    2.01 v rst (in)
     2    0.00                           rst (net)
                  0.02    0.00    2.01 v input1/A (sky130_fd_sc_hd__buf_1)
                  0.13    0.21    2.23 v input1/X (sky130_fd_sc_hd__buf_1)
     1    0.01                           net1 (net)
                  0.13    0.00    2.23 v _356_/A (sky130_fd_sc_hd__clkbuf_4)
                  0.18    0.40    2.63 v _356_/X (sky130_fd_sc_hd__clkbuf_4)
     9    0.05                           _200_ (net)
                  0.18    0.00    2.63 v _368_/A (sky130_fd_sc_hd__buf_4)
                  0.15    0.42    3.05 v _368_/X (sky130_fd_sc_hd__buf_4)
    10    0.06                           _202_ (net)
                  0.15    0.00    3.05 v _373_/A (sky130_fd_sc_hd__inv_2)
                  0.05    0.10    3.16 ^ _373_/Y (sky130_fd_sc_hd__inv_2)
     1    0.00                           _014_ (net)
                  0.05    0.00    3.16 ^ _420_/SET_B (sky130_fd_sc_hd__dfstp_1)
                                  3.16   data arrival time

                         10.00   10.00   clock clk (rise edge)
                          0.00   10.00   clock source latency
                  0.15    0.10   10.10 ^ clk (in)
     2    0.02                           clk (net)
                  0.15    0.00   10.10 ^ clkbuf_0_clk/A (sky130_fd_sc_hd__clkbuf_16)
                  0.10    0.28   10.37 ^ clkbuf_0_clk/X (sky130_fd_sc_hd__clkbuf_16)
     4    0.05                           clknet_0_clk (net)
                  0.10    0.00   10.37 ^ clkbuf_2_2__f_clk/A (sky130_fd_sc_hd__clkbuf_16)
                  0.08    0.24   10.61 ^ clkbuf_2_2__f_clk/X (sky130_fd_sc_hd__clkbuf_16)
    11    0.03                           clknet_2_2__leaf_clk (net)
                  0.08    0.00   10.62 ^ _420_/CLK (sky130_fd_sc_hd__dfstp_1)
                         -0.25   10.37   clock uncertainty
                          0.00   10.37   clock reconvergence pessimism
                          0.27   10.64   library recovery time
                                 10.64   data required time
-----------------------------------------------------------------------------
                                 10.64   data required time
                                 -3.16   data arrival time
-----------------------------------------------------------------------------
                                  7.48   slack (MET)


Startpoint: rst (input port clocked by clk)
Endpoint: _426_ (recovery check against rising-edge clock clk)
Path Group: asynchronous
Path Type: max
Corner: Slowest

Fanout     Cap    Slew   Delay    Time   Description
-----------------------------------------------------------------------------
                          0.00    0.00   clock clk (rise edge)
                          0.00    0.00   clock network delay (propagated)
                          2.00    2.00 v input external delay
                  0.02    0.01    2.01 v rst (in)
     2    0.00                           rst (net)
                  0.02    0.00    2.01 v input1/A (sky130_fd_sc_hd__buf_1)
                  0.13    0.21    2.23 v input1/X (sky130_fd_sc_hd__buf_1)
     1    0.01                           net1 (net)
                  0.13    0.00    2.23 v _356_/A (sky130_fd_sc_hd__clkbuf_4)
                  0.18    0.40    2.63 v _356_/X (sky130_fd_sc_hd__clkbuf_4)
     9    0.05                           _200_ (net)
                  0.18    0.00    2.63 v _379_/A (sky130_fd_sc_hd__buf_4)
                  0.19    0.45    3.08 v _379_/X (sky130_fd_sc_hd__buf_4)
    20    0.08                           _203_ (net)
                  0.19    0.00    3.08 v _380_/A (sky130_fd_sc_hd__inv_2)
                  0.07    0.13    3.22 ^ _380_/Y (sky130_fd_sc_hd__inv_2)
     1    0.00                           _020_ (net)
                  0.07    0.00    3.22 ^ _426_/RESET_B (sky130_fd_sc_hd__dfrtp_1)
                                  3.22   data arrival time

                         10.00   10.00   clock clk (rise edge)
                          0.00   10.00   clock source latency
                  0.15    0.10   10.10 ^ clk (in)
     2    0.02                           clk (net)
                  0.15    0.00   10.10 ^ clkbuf_0_clk/A (sky130_fd_sc_hd__clkbuf_16)
                  0.10    0.28   10.37 ^ clkbuf_0_clk/X (sky130_fd_sc_hd__clkbuf_16)
     4    0.05                           clknet_0_clk (net)
                  0.10    0.00   10.37 ^ clkbuf_2_3__f_clk/A (sky130_fd_sc_hd__clkbuf_16)
                  0.08    0.23   10.61 ^ clkbuf_2_3__f_clk/X (sky130_fd_sc_hd__clkbuf_16)
     8    0.03                           clknet_2_3__leaf_clk (net)
                  0.08    0.00   10.61 ^ _426_/CLK (sky130_fd_sc_hd__dfrtp_1)
                         -0.25   10.36   clock uncertainty
                          0.00   10.36   clock reconvergence pessimism
                          0.46   10.82   library recovery time
                                 10.82   data required time
-----------------------------------------------------------------------------
                                 10.82   data required time
                                 -3.22   data arrival time
-----------------------------------------------------------------------------
                                  7.61   slack (MET)


Startpoint: rst (input port clocked by clk)
Endpoint: _431_ (recovery check against rising-edge clock clk)
Path Group: asynchronous
Path Type: max
Corner: Slowest

Fanout     Cap    Slew   Delay    Time   Description
-----------------------------------------------------------------------------
                          0.00    0.00   clock clk (rise edge)
                          0.00    0.00   clock network delay (propagated)
                          2.00    2.00 v input external delay
                  0.02    0.01    2.01 v rst (in)
     2    0.00                           rst (net)
                  0.02    0.00    2.01 v input1/A (sky130_fd_sc_hd__buf_1)
                  0.13    0.21    2.23 v input1/X (sky130_fd_sc_hd__buf_1)
     1    0.01                           net1 (net)
                  0.13    0.00    2.23 v _356_/A (sky130_fd_sc_hd__clkbuf_4)
                  0.18    0.40    2.63 v _356_/X (sky130_fd_sc_hd__clkbuf_4)
     9    0.05                           _200_ (net)
                  0.18    0.00    2.63 v _379_/A (sky130_fd_sc_hd__buf_4)
                  0.19    0.45    3.08 v _379_/X (sky130_fd_sc_hd__buf_4)
    20    0.08                           _203_ (net)
                  0.19    0.00    3.08 v _385_/A (sky130_fd_sc_hd__inv_2)
                  0.06    0.12    3.21 ^ _385_/Y (sky130_fd_sc_hd__inv_2)
     1    0.00                           _025_ (net)
                  0.06    0.00    3.21 ^ _431_/RESET_B (sky130_fd_sc_hd__dfrtp_4)
                                  3.21   data arrival time

                         10.00   10.00   clock clk (rise edge)
                          0.00   10.00   clock source latency
                  0.15    0.10   10.10 ^ clk (in)
     2    0.02                           clk (net)
                  0.15    0.00   10.10 ^ clkbuf_0_clk/A (sky130_fd_sc_hd__clkbuf_16)
                  0.10    0.28   10.37 ^ clkbuf_0_clk/X (sky130_fd_sc_hd__clkbuf_16)
     4    0.05                           clknet_0_clk (net)
                  0.10    0.00   10.37 ^ clkbuf_2_2__f_clk/A (sky130_fd_sc_hd__clkbuf_16)
                  0.08    0.24   10.61 ^ clkbuf_2_2__f_clk/X (sky130_fd_sc_hd__clkbuf_16)
    11    0.03                           clknet_2_2__leaf_clk (net)
                  0.08    0.00   10.62 ^ _431_/CLK (sky130_fd_sc_hd__dfrtp_4)
                         -0.25   10.37   clock uncertainty
                          0.00   10.37   clock reconvergence pessimism
                          0.45   10.82   library recovery time
                                 10.82   data required time
-----------------------------------------------------------------------------
                                 10.82   data required time
                                 -3.21   data arrival time
-----------------------------------------------------------------------------
                                  7.61   slack (MET)


Startpoint: rst (input port clocked by clk)
Endpoint: _430_ (recovery check against rising-edge clock clk)
Path Group: asynchronous
Path Type: max
Corner: Slowest

Fanout     Cap    Slew   Delay    Time   Description
-----------------------------------------------------------------------------
                          0.00    0.00   clock clk (rise edge)
                          0.00    0.00   clock network delay (propagated)
                          2.00    2.00 v input external delay
                  0.02    0.01    2.01 v rst (in)
     2    0.00                           rst (net)
                  0.02    0.00    2.01 v input1/A (sky130_fd_sc_hd__buf_1)
                  0.13    0.21    2.23 v input1/X (sky130_fd_sc_hd__buf_1)
     1    0.01                           net1 (net)
                  0.13    0.00    2.23 v _356_/A (sky130_fd_sc_hd__clkbuf_4)
                  0.18    0.40    2.63 v _356_/X (sky130_fd_sc_hd__clkbuf_4)
     9    0.05                           _200_ (net)
                  0.18    0.00    2.63 v _379_/A (sky130_fd_sc_hd__buf_4)
                  0.19    0.45    3.08 v _379_/X (sky130_fd_sc_hd__buf_4)
    20    0.08                           _203_ (net)
                  0.19    0.00    3.08 v _384_/A (sky130_fd_sc_hd__inv_2)
                  0.06    0.12    3.20 ^ _384_/Y (sky130_fd_sc_hd__inv_2)
     1    0.00                           _024_ (net)
                  0.06    0.00    3.20 ^ _430_/RESET_B (sky130_fd_sc_hd__dfrtp_4)
                                  3.20   data arrival time

                         10.00   10.00   clock clk (rise edge)
                          0.00   10.00   clock source latency
                  0.15    0.10   10.10 ^ clk (in)
     2    0.02                           clk (net)
                  0.15    0.00   10.10 ^ clkbuf_0_clk/A (sky130_fd_sc_hd__clkbuf_16)
                  0.10    0.28   10.37 ^ clkbuf_0_clk/X (sky130_fd_sc_hd__clkbuf_16)
     4    0.05                           clknet_0_clk (net)
                  0.10    0.00   10.37 ^ clkbuf_2_2__f_clk/A (sky130_fd_sc_hd__clkbuf_16)
                  0.08    0.24   10.61 ^ clkbuf_2_2__f_clk/X (sky130_fd_sc_hd__clkbuf_16)
    11    0.03                           clknet_2_2__leaf_clk (net)
                  0.08    0.00   10.62 ^ _430_/CLK (sky130_fd_sc_hd__dfrtp_4)
                         -0.25   10.37   clock uncertainty
                          0.00   10.37   clock reconvergence pessimism
                          0.45   10.82   library recovery time
                                 10.82   data required time
-----------------------------------------------------------------------------
                                 10.82   data required time
                                 -3.20   data arrival time
-----------------------------------------------------------------------------
                                  7.61   slack (MET)


Startpoint: rst (input port clocked by clk)
Endpoint: _427_ (recovery check against rising-edge clock clk)
Path Group: asynchronous
Path Type: max
Corner: Slowest

Fanout     Cap    Slew   Delay    Time   Description
-----------------------------------------------------------------------------
                          0.00    0.00   clock clk (rise edge)
                          0.00    0.00   clock network delay (propagated)
                          2.00    2.00 v input external delay
                  0.02    0.01    2.01 v rst (in)
     2    0.00                           rst (net)
                  0.02    0.00    2.01 v input1/A (sky130_fd_sc_hd__buf_1)
                  0.13    0.21    2.23 v input1/X (sky130_fd_sc_hd__buf_1)
     1    0.01                           net1 (net)
                  0.13    0.00    2.23 v _356_/A (sky130_fd_sc_hd__clkbuf_4)
                  0.18    0.40    2.63 v _356_/X (sky130_fd_sc_hd__clkbuf_4)
     9    0.05                           _200_ (net)
                  0.18    0.00    2.63 v _379_/A (sky130_fd_sc_hd__buf_4)
                  0.19    0.45    3.08 v _379_/X (sky130_fd_sc_hd__buf_4)
    20    0.08                           _203_ (net)
                  0.19    0.00    3.08 v _381_/A (sky130_fd_sc_hd__inv_2)
                  0.06    0.12    3.21 ^ _381_/Y (sky130_fd_sc_hd__inv_2)
     1    0.00                           _021_ (net)
                  0.06    0.00    3.21 ^ _427_/RESET_B (sky130_fd_sc_hd__dfrtp_1)
                                  3.21   data arrival time

                         10.00   10.00   clock clk (rise edge)
                          0.00   10.00   clock source latency
                  0.15    0.10   10.10 ^ clk (in)
     2    0.02                           clk (net)
                  0.15    0.00   10.10 ^ clkbuf_0_clk/A (sky130_fd_sc_hd__clkbuf_16)
                  0.10    0.28   10.37 ^ clkbuf_0_clk/X (sky130_fd_sc_hd__clkbuf_16)
     4    0.05                           clknet_0_clk (net)
                  0.10    0.00   10.37 ^ clkbuf_2_3__f_clk/A (sky130_fd_sc_hd__clkbuf_16)
                  0.08    0.23   10.61 ^ clkbuf_2_3__f_clk/X (sky130_fd_sc_hd__clkbuf_16)
     8    0.03                           clknet_2_3__leaf_clk (net)
                  0.08    0.00   10.61 ^ _427_/CLK (sky130_fd_sc_hd__dfrtp_1)
                         -0.25   10.36   clock uncertainty
                          0.00   10.36   clock reconvergence pessimism
                          0.47   10.83   library recovery time
                                 10.83   data required time
-----------------------------------------------------------------------------
                                 10.83   data required time
                                 -3.21   data arrival time
-----------------------------------------------------------------------------
                                  7.62   slack (MET)


Startpoint: rst (input port clocked by clk)
Endpoint: _435_ (recovery check against rising-edge clock clk)
Path Group: asynchronous
Path Type: max
Corner: Slowest

Fanout     Cap    Slew   Delay    Time   Description
-----------------------------------------------------------------------------
                          0.00    0.00   clock clk (rise edge)
                          0.00    0.00   clock network delay (propagated)
                          2.00    2.00 v input external delay
                  0.02    0.01    2.01 v rst (in)
     2    0.00                           rst (net)
                  0.02    0.00    2.01 v input1/A (sky130_fd_sc_hd__buf_1)
                  0.13    0.21    2.23 v input1/X (sky130_fd_sc_hd__buf_1)
     1    0.01                           net1 (net)
                  0.13    0.00    2.23 v _356_/A (sky130_fd_sc_hd__clkbuf_4)
                  0.18    0.40    2.63 v _356_/X (sky130_fd_sc_hd__clkbuf_4)
     9    0.05                           _200_ (net)
                  0.18    0.00    2.63 v _379_/A (sky130_fd_sc_hd__buf_4)
                  0.19    0.45    3.08 v _379_/X (sky130_fd_sc_hd__buf_4)
    20    0.08                           _203_ (net)
                  0.19    0.00    3.09 v _389_/A (sky130_fd_sc_hd__inv_2)
                  0.07    0.12    3.21 ^ _389_/Y (sky130_fd_sc_hd__inv_2)
     1    0.00                           _029_ (net)
                  0.07    0.00    3.21 ^ _435_/RESET_B (sky130_fd_sc_hd__dfrtp_1)
                                  3.21   data arrival time

                         10.00   10.00   clock clk (rise edge)
                          0.00   10.00   clock source latency
                  0.15    0.10   10.10 ^ clk (in)
     2    0.02                           clk (net)
                  0.15    0.00   10.10 ^ clkbuf_0_clk/A (sky130_fd_sc_hd__clkbuf_16)
                  0.10    0.28   10.37 ^ clkbuf_0_clk/X (sky130_fd_sc_hd__clkbuf_16)
     4    0.05                           clknet_0_clk (net)
                  0.10    0.00   10.38 ^ clkbuf_2_0__f_clk/A (sky130_fd_sc_hd__clkbuf_16)
                  0.09    0.24   10.62 ^ clkbuf_2_0__f_clk/X (sky130_fd_sc_hd__clkbuf_16)
    11    0.04                           clknet_2_0__leaf_clk (net)
                  0.09    0.00   10.62 ^ _435_/CLK (sky130_fd_sc_hd__dfrtp_1)
                         -0.25   10.37   clock uncertainty
                          0.00   10.37   clock reconvergence pessimism
                          0.47   10.84   library recovery time
                                 10.84   data required time
-----------------------------------------------------------------------------
                                 10.84   data required time
                                 -3.21   data arrival time
-----------------------------------------------------------------------------
                                  7.63   slack (MET)


Startpoint: rst (input port clocked by clk)
Endpoint: _432_ (recovery check against rising-edge clock clk)
Path Group: asynchronous
Path Type: max
Corner: Slowest

Fanout     Cap    Slew   Delay    Time   Description
-----------------------------------------------------------------------------
                          0.00    0.00   clock clk (rise edge)
                          0.00    0.00   clock network delay (propagated)
                          2.00    2.00 v input external delay
                  0.02    0.01    2.01 v rst (in)
     2    0.00                           rst (net)
                  0.02    0.00    2.01 v input1/A (sky130_fd_sc_hd__buf_1)
                  0.13    0.21    2.23 v input1/X (sky130_fd_sc_hd__buf_1)
     1    0.01                           net1 (net)
                  0.13    0.00    2.23 v _356_/A (sky130_fd_sc_hd__clkbuf_4)
                  0.18    0.40    2.63 v _356_/X (sky130_fd_sc_hd__clkbuf_4)
     9    0.05                           _200_ (net)
                  0.18    0.00    2.63 v _379_/A (sky130_fd_sc_hd__buf_4)
                  0.19    0.45    3.08 v _379_/X (sky130_fd_sc_hd__buf_4)
    20    0.08                           _203_ (net)
                  0.19    0.00    3.08 v _386_/A (sky130_fd_sc_hd__inv_2)
                  0.07    0.13    3.21 ^ _386_/Y (sky130_fd_sc_hd__inv_2)
     1    0.00                           _026_ (net)
                  0.07    0.00    3.21 ^ _432_/RESET_B (sky130_fd_sc_hd__dfrtp_2)
                                  3.21   data arrival time

                         10.00   10.00   clock clk (rise edge)
                          0.00   10.00   clock source latency
                  0.15    0.10   10.10 ^ clk (in)
     2    0.02                           clk (net)
                  0.15    0.00   10.10 ^ clkbuf_0_clk/A (sky130_fd_sc_hd__clkbuf_16)
                  0.10    0.28   10.37 ^ clkbuf_0_clk/X (sky130_fd_sc_hd__clkbuf_16)
     4    0.05                           clknet_0_clk (net)
                  0.10    0.00   10.37 ^ clkbuf_2_1__f_clk/A (sky130_fd_sc_hd__clkbuf_16)
                  0.10    0.26   10.63 ^ clkbuf_2_1__f_clk/X (sky130_fd_sc_hd__clkbuf_16)
    15    0.05                           clknet_2_1__leaf_clk (net)
                  0.10    0.00   10.63 ^ _432_/CLK (sky130_fd_sc_hd__dfrtp_2)
                         -0.25   10.38   clock uncertainty
                          0.00   10.38   clock reconvergence pessimism
                          0.46   10.84   library recovery time
                                 10.84   data required time
-----------------------------------------------------------------------------
                                 10.84   data required time
                                 -3.21   data arrival time
-----------------------------------------------------------------------------
                                  7.63   slack (MET)


Startpoint: rst (input port clocked by clk)
Endpoint: _434_ (recovery check against rising-edge clock clk)
Path Group: asynchronous
Path Type: max
Corner: Slowest

Fanout     Cap    Slew   Delay    Time   Description
-----------------------------------------------------------------------------
                          0.00    0.00   clock clk (rise edge)
                          0.00    0.00   clock network delay (propagated)
                          2.00    2.00 v input external delay
                  0.02    0.01    2.01 v rst (in)
     2    0.00                           rst (net)
                  0.02    0.00    2.01 v input1/A (sky130_fd_sc_hd__buf_1)
                  0.13    0.21    2.23 v input1/X (sky130_fd_sc_hd__buf_1)
     1    0.01                           net1 (net)
                  0.13    0.00    2.23 v _356_/A (sky130_fd_sc_hd__clkbuf_4)
                  0.18    0.40    2.63 v _356_/X (sky130_fd_sc_hd__clkbuf_4)
     9    0.05                           _200_ (net)
                  0.18    0.00    2.63 v _379_/A (sky130_fd_sc_hd__buf_4)
                  0.19    0.45    3.08 v _379_/X (sky130_fd_sc_hd__buf_4)
    20    0.08                           _203_ (net)
                  0.19    0.00    3.09 v _388_/A (sky130_fd_sc_hd__inv_2)
                  0.06    0.12    3.21 ^ _388_/Y (sky130_fd_sc_hd__inv_2)
     1    0.00                           _028_ (net)
                  0.06    0.00    3.21 ^ _434_/RESET_B (sky130_fd_sc_hd__dfrtp_1)
                                  3.21   data arrival time

                         10.00   10.00   clock clk (rise edge)
                          0.00   10.00   clock source latency
                  0.15    0.10   10.10 ^ clk (in)
     2    0.02                           clk (net)
                  0.15    0.00   10.10 ^ clkbuf_0_clk/A (sky130_fd_sc_hd__clkbuf_16)
                  0.10    0.28   10.37 ^ clkbuf_0_clk/X (sky130_fd_sc_hd__clkbuf_16)
     4    0.05                           clknet_0_clk (net)
                  0.10    0.00   10.38 ^ clkbuf_2_0__f_clk/A (sky130_fd_sc_hd__clkbuf_16)
                  0.09    0.24   10.62 ^ clkbuf_2_0__f_clk/X (sky130_fd_sc_hd__clkbuf_16)
    11    0.04                           clknet_2_0__leaf_clk (net)
                  0.09    0.00   10.62 ^ _434_/CLK (sky130_fd_sc_hd__dfrtp_1)
                         -0.25   10.37   clock uncertainty
                          0.00   10.37   clock reconvergence pessimism
                          0.47   10.84   library recovery time
                                 10.84   data required time
-----------------------------------------------------------------------------
                                 10.84   data required time
                                 -3.21   data arrival time
-----------------------------------------------------------------------------
                                  7.63   slack (MET)


Startpoint: rst (input port clocked by clk)
Endpoint: _428_ (recovery check against rising-edge clock clk)
Path Group: asynchronous
Path Type: max
Corner: Slowest

Fanout     Cap    Slew   Delay    Time   Description
-----------------------------------------------------------------------------
                          0.00    0.00   clock clk (rise edge)
                          0.00    0.00   clock network delay (propagated)
                          2.00    2.00 v input external delay
                  0.02    0.01    2.01 v rst (in)
     2    0.00                           rst (net)
                  0.02    0.00    2.01 v input1/A (sky130_fd_sc_hd__buf_1)
                  0.13    0.21    2.23 v input1/X (sky130_fd_sc_hd__buf_1)
     1    0.01                           net1 (net)
                  0.13    0.00    2.23 v _356_/A (sky130_fd_sc_hd__clkbuf_4)
                  0.18    0.40    2.63 v _356_/X (sky130_fd_sc_hd__clkbuf_4)
     9    0.05                           _200_ (net)
                  0.18    0.00    2.63 v _379_/A (sky130_fd_sc_hd__buf_4)
                  0.19    0.45    3.08 v _379_/X (sky130_fd_sc_hd__buf_4)
    20    0.08                           _203_ (net)
                  0.19    0.00    3.08 v _382_/A (sky130_fd_sc_hd__inv_2)
                  0.07    0.13    3.21 ^ _382_/Y (sky130_fd_sc_hd__inv_2)
     1    0.00                           _022_ (net)
                  0.07    0.00    3.21 ^ _428_/RESET_B (sky130_fd_sc_hd__dfrtp_1)
                                  3.21   data arrival time

                         10.00   10.00   clock clk (rise edge)
                          0.00   10.00   clock source latency
                  0.15    0.10   10.10 ^ clk (in)
     2    0.02                           clk (net)
                  0.15    0.00   10.10 ^ clkbuf_0_clk/A (sky130_fd_sc_hd__clkbuf_16)
                  0.10    0.28   10.37 ^ clkbuf_0_clk/X (sky130_fd_sc_hd__clkbuf_16)
     4    0.05                           clknet_0_clk (net)
                  0.10    0.00   10.37 ^ clkbuf_2_1__f_clk/A (sky130_fd_sc_hd__clkbuf_16)
                  0.10    0.26   10.63 ^ clkbuf_2_1__f_clk/X (sky130_fd_sc_hd__clkbuf_16)
    15    0.05                           clknet_2_1__leaf_clk (net)
                  0.10    0.00   10.63 ^ _428_/CLK (sky130_fd_sc_hd__dfrtp_1)
                         -0.25   10.38   clock uncertainty
                          0.00   10.38   clock reconvergence pessimism
                          0.47   10.86   library recovery time
                                 10.86   data required time
-----------------------------------------------------------------------------
                                 10.86   data required time
                                 -3.21   data arrival time
-----------------------------------------------------------------------------
                                  7.65   slack (MET)


Startpoint: rst (input port clocked by clk)
Endpoint: _429_ (recovery check against rising-edge clock clk)
Path Group: asynchronous
Path Type: max
Corner: Slowest

Fanout     Cap    Slew   Delay    Time   Description
-----------------------------------------------------------------------------
                          0.00    0.00   clock clk (rise edge)
                          0.00    0.00   clock network delay (propagated)
                          2.00    2.00 v input external delay
                  0.02    0.01    2.01 v rst (in)
     2    0.00                           rst (net)
                  0.02    0.00    2.01 v input1/A (sky130_fd_sc_hd__buf_1)
                  0.13    0.21    2.23 v input1/X (sky130_fd_sc_hd__buf_1)
     1    0.01                           net1 (net)
                  0.13    0.00    2.23 v _356_/A (sky130_fd_sc_hd__clkbuf_4)
                  0.18    0.40    2.63 v _356_/X (sky130_fd_sc_hd__clkbuf_4)
     9    0.05                           _200_ (net)
                  0.18    0.00    2.63 v _379_/A (sky130_fd_sc_hd__buf_4)
                  0.19    0.45    3.08 v _379_/X (sky130_fd_sc_hd__buf_4)
    20    0.08                           _203_ (net)
                  0.19    0.00    3.08 v _383_/A (sky130_fd_sc_hd__inv_2)
                  0.06    0.12    3.20 ^ _383_/Y (sky130_fd_sc_hd__inv_2)
     1    0.00                           _023_ (net)
                  0.06    0.00    3.20 ^ _429_/RESET_B (sky130_fd_sc_hd__dfrtp_1)
                                  3.20   data arrival time

                         10.00   10.00   clock clk (rise edge)
                          0.00   10.00   clock source latency
                  0.15    0.10   10.10 ^ clk (in)
     2    0.02                           clk (net)
                  0.15    0.00   10.10 ^ clkbuf_0_clk/A (sky130_fd_sc_hd__clkbuf_16)
                  0.10    0.28   10.37 ^ clkbuf_0_clk/X (sky130_fd_sc_hd__clkbuf_16)
     4    0.05                           clknet_0_clk (net)
                  0.10    0.00   10.37 ^ clkbuf_2_1__f_clk/A (sky130_fd_sc_hd__clkbuf_16)
                  0.10    0.26   10.63 ^ clkbuf_2_1__f_clk/X (sky130_fd_sc_hd__clkbuf_16)
    15    0.05                           clknet_2_1__leaf_clk (net)
                  0.10    0.00   10.63 ^ _429_/CLK (sky130_fd_sc_hd__dfrtp_1)
                         -0.25   10.38   clock uncertainty
                          0.00   10.38   clock reconvergence pessimism
                          0.48   10.86   library recovery time
                                 10.86   data required time
-----------------------------------------------------------------------------
                                 10.86   data required time
                                 -3.20   data arrival time
-----------------------------------------------------------------------------
                                  7.65   slack (MET)


Startpoint: rst (input port clocked by clk)
Endpoint: _433_ (recovery check against rising-edge clock clk)
Path Group: asynchronous
Path Type: max
Corner: Slowest

Fanout     Cap    Slew   Delay    Time   Description
-----------------------------------------------------------------------------
                          0.00    0.00   clock clk (rise edge)
                          0.00    0.00   clock network delay (propagated)
                          2.00    2.00 v input external delay
                  0.02    0.01    2.01 v rst (in)
     2    0.00                           rst (net)
                  0.02    0.00    2.01 v input1/A (sky130_fd_sc_hd__buf_1)
                  0.13    0.21    2.23 v input1/X (sky130_fd_sc_hd__buf_1)
     1    0.01                           net1 (net)
                  0.13    0.00    2.23 v _356_/A (sky130_fd_sc_hd__clkbuf_4)
                  0.18    0.40    2.63 v _356_/X (sky130_fd_sc_hd__clkbuf_4)
     9    0.05                           _200_ (net)
                  0.18    0.00    2.63 v _379_/A (sky130_fd_sc_hd__buf_4)
                  0.19    0.45    3.08 v _379_/X (sky130_fd_sc_hd__buf_4)
    20    0.08                           _203_ (net)
                  0.19    0.00    3.08 v _387_/A (sky130_fd_sc_hd__inv_2)
                  0.06    0.12    3.20 ^ _387_/Y (sky130_fd_sc_hd__inv_2)
     1    0.00                           _027_ (net)
                  0.06    0.00    3.20 ^ _433_/RESET_B (sky130_fd_sc_hd__dfrtp_1)
                                  3.20   data arrival time

                         10.00   10.00   clock clk (rise edge)
                          0.00   10.00   clock source latency
                  0.15    0.10   10.10 ^ clk (in)
     2    0.02                           clk (net)
                  0.15    0.00   10.10 ^ clkbuf_0_clk/A (sky130_fd_sc_hd__clkbuf_16)
                  0.10    0.28   10.37 ^ clkbuf_0_clk/X (sky130_fd_sc_hd__clkbuf_16)
     4    0.05                           clknet_0_clk (net)
                  0.10    0.00   10.37 ^ clkbuf_2_1__f_clk/A (sky130_fd_sc_hd__clkbuf_16)
                  0.10    0.26   10.63 ^ clkbuf_2_1__f_clk/X (sky130_fd_sc_hd__clkbuf_16)
    15    0.05                           clknet_2_1__leaf_clk (net)
                  0.10    0.00   10.63 ^ _433_/CLK (sky130_fd_sc_hd__dfrtp_1)
                         -0.25   10.38   clock uncertainty
                          0.00   10.38   clock reconvergence pessimism
                          0.48   10.86   library recovery time
                                 10.86   data required time
-----------------------------------------------------------------------------
                                 10.86   data required time
                                 -3.20   data arrival time
-----------------------------------------------------------------------------
                                  7.66   slack (MET)


Startpoint: rst (input port clocked by clk)
Endpoint: _416_ (recovery check against rising-edge clock clk)
Path Group: asynchronous
Path Type: max
Corner: Slowest

Fanout     Cap    Slew   Delay    Time   Description
-----------------------------------------------------------------------------
                          0.00    0.00   clock clk (rise edge)
                          0.00    0.00   clock network delay (propagated)
                          2.00    2.00 v input external delay
                  0.02    0.01    2.01 v rst (in)
     2    0.00                           rst (net)
                  0.02    0.00    2.01 v input1/A (sky130_fd_sc_hd__buf_1)
                  0.13    0.21    2.23 v input1/X (sky130_fd_sc_hd__buf_1)
     1    0.01                           net1 (net)
                  0.13    0.00    2.23 v _356_/A (sky130_fd_sc_hd__clkbuf_4)
                  0.18    0.40    2.63 v _356_/X (sky130_fd_sc_hd__clkbuf_4)
     9    0.05                           _200_ (net)
                  0.18    0.00    2.63 v _368_/A (sky130_fd_sc_hd__buf_4)
                  0.15    0.42    3.05 v _368_/X (sky130_fd_sc_hd__buf_4)
    10    0.06                           _202_ (net)
                  0.15    0.00    3.05 v _369_/A (sky130_fd_sc_hd__inv_2)
                  0.07    0.12    3.17 ^ _369_/Y (sky130_fd_sc_hd__inv_2)
     1    0.01                           _010_ (net)
                  0.07    0.00    3.17 ^ _416_/RESET_B (sky130_fd_sc_hd__dfrtp_1)
                                  3.17   data arrival time

                         10.00   10.00   clock clk (rise edge)
                          0.00   10.00   clock source latency
                  0.15    0.10   10.10 ^ clk (in)
     2    0.02                           clk (net)
                  0.15    0.00   10.10 ^ clkbuf_0_clk/A (sky130_fd_sc_hd__clkbuf_16)
                  0.10    0.28   10.37 ^ clkbuf_0_clk/X (sky130_fd_sc_hd__clkbuf_16)
     4    0.05                           clknet_0_clk (net)
                  0.10    0.00   10.37 ^ clkbuf_2_2__f_clk/A (sky130_fd_sc_hd__clkbuf_16)
                  0.08    0.24   10.61 ^ clkbuf_2_2__f_clk/X (sky130_fd_sc_hd__clkbuf_16)
    11    0.03                           clknet_2_2__leaf_clk (net)
                  0.08    0.00   10.61 ^ _416_/CLK (sky130_fd_sc_hd__dfrtp_1)
                         -0.25   10.36   clock uncertainty
                          0.00   10.36   clock reconvergence pessimism
                          0.47   10.83   library recovery time
                                 10.83   data required time
-----------------------------------------------------------------------------
                                 10.83   data required time
                                 -3.17   data arrival time
-----------------------------------------------------------------------------
                                  7.66   slack (MET)


Startpoint: rst (input port clocked by clk)
Endpoint: _417_ (recovery check against rising-edge clock clk)
Path Group: asynchronous
Path Type: max
Corner: Slowest

Fanout     Cap    Slew   Delay    Time   Description
-----------------------------------------------------------------------------
                          0.00    0.00   clock clk (rise edge)
                          0.00    0.00   clock network delay (propagated)
                          2.00    2.00 v input external delay
                  0.02    0.01    2.01 v rst (in)
     2    0.00                           rst (net)
                  0.02    0.00    2.01 v input1/A (sky130_fd_sc_hd__buf_1)
                  0.13    0.21    2.23 v input1/X (sky130_fd_sc_hd__buf_1)
     1    0.01                           net1 (net)
                  0.13    0.00    2.23 v _356_/A (sky130_fd_sc_hd__clkbuf_4)
                  0.18    0.40    2.63 v _356_/X (sky130_fd_sc_hd__clkbuf_4)
     9    0.05                           _200_ (net)
                  0.18    0.00    2.63 v _368_/A (sky130_fd_sc_hd__buf_4)
                  0.15    0.42    3.05 v _368_/X (sky130_fd_sc_hd__buf_4)
    10    0.06                           _202_ (net)
                  0.15    0.00    3.05 v _370_/A (sky130_fd_sc_hd__inv_2)
                  0.06    0.11    3.16 ^ _370_/Y (sky130_fd_sc_hd__inv_2)
     1    0.00                           _011_ (net)
                  0.06    0.00    3.16 ^ _417_/RESET_B (sky130_fd_sc_hd__dfrtp_4)
                                  3.16   data arrival time

                         10.00   10.00   clock clk (rise edge)
                          0.00   10.00   clock source latency
                  0.15    0.10   10.10 ^ clk (in)
     2    0.02                           clk (net)
                  0.15    0.00   10.10 ^ clkbuf_0_clk/A (sky130_fd_sc_hd__clkbuf_16)
                  0.10    0.28   10.37 ^ clkbuf_0_clk/X (sky130_fd_sc_hd__clkbuf_16)
     4    0.05                           clknet_0_clk (net)
                  0.10    0.00   10.37 ^ clkbuf_2_2__f_clk/A (sky130_fd_sc_hd__clkbuf_16)
                  0.08    0.24   10.61 ^ clkbuf_2_2__f_clk/X (sky130_fd_sc_hd__clkbuf_16)
    11    0.03                           clknet_2_2__leaf_clk (net)
                  0.08    0.00   10.62 ^ _417_/CLK (sky130_fd_sc_hd__dfrtp_4)
                         -0.25   10.37   clock uncertainty
                          0.00   10.37   clock reconvergence pessimism
                          0.45   10.82   library recovery time
                                 10.82   data required time
-----------------------------------------------------------------------------
                                 10.82   data required time
                                 -3.16   data arrival time
-----------------------------------------------------------------------------
                                  7.66   slack (MET)


Startpoint: rst (input port clocked by clk)
Endpoint: _406_ (recovery check against rising-edge clock clk)
Path Group: asynchronous
Path Type: max
Corner: Slowest

Fanout     Cap    Slew   Delay    Time   Description
-----------------------------------------------------------------------------
                          0.00    0.00   clock clk (rise edge)
                          0.00    0.00   clock network delay (propagated)
                          2.00    2.00 v input external delay
                  0.02    0.01    2.01 v rst (in)
     2    0.00                           rst (net)
                  0.02    0.00    2.01 v input1/A (sky130_fd_sc_hd__buf_1)
                  0.13    0.21    2.23 v input1/X (sky130_fd_sc_hd__buf_1)
     1    0.01                           net1 (net)
                  0.13    0.00    2.23 v _356_/A (sky130_fd_sc_hd__clkbuf_4)
                  0.18    0.40    2.63 v _356_/X (sky130_fd_sc_hd__clkbuf_4)
     9    0.05                           _200_ (net)
                  0.18    0.00    2.63 v _357_/A (sky130_fd_sc_hd__buf_4)
                  0.14    0.41    3.04 v _357_/X (sky130_fd_sc_hd__buf_4)
    10    0.06                           _201_ (net)
                  0.14    0.00    3.04 v _358_/A (sky130_fd_sc_hd__inv_2)
                  0.05    0.10    3.15 ^ _358_/Y (sky130_fd_sc_hd__inv_2)
     1    0.00                           _000_ (net)
                  0.05    0.00    3.15 ^ _406_/RESET_B (sky130_fd_sc_hd__dfrtp_2)
                                  3.15   data arrival time

                         10.00   10.00   clock clk (rise edge)
                          0.00   10.00   clock source latency
                  0.15    0.10   10.10 ^ clk (in)
     2    0.02                           clk (net)
                  0.15    0.00   10.10 ^ clkbuf_0_clk/A (sky130_fd_sc_hd__clkbuf_16)
                  0.10    0.28   10.37 ^ clkbuf_0_clk/X (sky130_fd_sc_hd__clkbuf_16)
     4    0.05                           clknet_0_clk (net)
                  0.10    0.00   10.37 ^ clkbuf_2_3__f_clk/A (sky130_fd_sc_hd__clkbuf_16)
                  0.08    0.23   10.61 ^ clkbuf_2_3__f_clk/X (sky130_fd_sc_hd__clkbuf_16)
     8    0.03                           clknet_2_3__leaf_clk (net)
                  0.08    0.00   10.61 ^ _406_/CLK (sky130_fd_sc_hd__dfrtp_2)
                         -0.25   10.36   clock uncertainty
                          0.00   10.36   clock reconvergence pessimism
                          0.45   10.81   library recovery time
                                 10.81   data required time
-----------------------------------------------------------------------------
                                 10.81   data required time
                                 -3.15   data arrival time
-----------------------------------------------------------------------------
                                  7.66   slack (MET)


Startpoint: rst (input port clocked by clk)
Endpoint: _441_ (recovery check against rising-edge clock clk)
Path Group: asynchronous
Path Type: max
Corner: Slowest

Fanout     Cap    Slew   Delay    Time   Description
-----------------------------------------------------------------------------
                          0.00    0.00   clock clk (rise edge)
                          0.00    0.00   clock network delay (propagated)
                          2.00    2.00 v input external delay
                  0.02    0.01    2.01 v rst (in)
     2    0.00                           rst (net)
                  0.02    0.00    2.01 v input1/A (sky130_fd_sc_hd__buf_1)
                  0.13    0.21    2.23 v input1/X (sky130_fd_sc_hd__buf_1)
     1    0.01                           net1 (net)
                  0.13    0.00    2.23 v _356_/A (sky130_fd_sc_hd__clkbuf_4)
                  0.18    0.40    2.63 v _356_/X (sky130_fd_sc_hd__clkbuf_4)
     9    0.05                           _200_ (net)
                  0.18    0.00    2.63 v _390_/A (sky130_fd_sc_hd__buf_4)
                  0.15    0.42    3.05 v _390_/X (sky130_fd_sc_hd__buf_4)
    10    0.06                           _204_ (net)
                  0.15    0.00    3.05 v _396_/A (sky130_fd_sc_hd__inv_2)
                  0.06    0.11    3.16 ^ _396_/Y (sky130_fd_sc_hd__inv_2)
     1    0.00                           _035_ (net)
                  0.06    0.00    3.16 ^ _441_/RESET_B (sky130_fd_sc_hd__dfrtp_2)
                                  3.16   data arrival time

                         10.00   10.00   clock clk (rise edge)
                          0.00   10.00   clock source latency
                  0.15    0.10   10.10 ^ clk (in)
     2    0.02                           clk (net)
                  0.15    0.00   10.10 ^ clkbuf_0_clk/A (sky130_fd_sc_hd__clkbuf_16)
                  0.10    0.28   10.37 ^ clkbuf_0_clk/X (sky130_fd_sc_hd__clkbuf_16)
     4    0.05                           clknet_0_clk (net)
                  0.10    0.00   10.38 ^ clkbuf_2_0__f_clk/A (sky130_fd_sc_hd__clkbuf_16)
                  0.09    0.24   10.62 ^ clkbuf_2_0__f_clk/X (sky130_fd_sc_hd__clkbuf_16)
    11    0.04                           clknet_2_0__leaf_clk (net)
                  0.09    0.00   10.62 ^ _441_/CLK (sky130_fd_sc_hd__dfrtp_2)
                         -0.25   10.37   clock uncertainty
                          0.00   10.37   clock reconvergence pessimism
                          0.46   10.83   library recovery time
                                 10.83   data required time
-----------------------------------------------------------------------------
                                 10.83   data required time
                                 -3.16   data arrival time
-----------------------------------------------------------------------------
                                  7.66   slack (MET)


Startpoint: rst (input port clocked by clk)
Endpoint: _442_ (recovery check against rising-edge clock clk)
Path Group: asynchronous
Path Type: max
Corner: Slowest

Fanout     Cap    Slew   Delay    Time   Description
-----------------------------------------------------------------------------
                          0.00    0.00   clock clk (rise edge)
                          0.00    0.00   clock network delay (propagated)
                          2.00    2.00 v input external delay
                  0.02    0.01    2.01 v rst (in)
     2    0.00                           rst (net)
                  0.02    0.00    2.01 v input1/A (sky130_fd_sc_hd__buf_1)
                  0.13    0.21    2.23 v input1/X (sky130_fd_sc_hd__buf_1)
     1    0.01                           net1 (net)
                  0.13    0.00    2.23 v _356_/A (sky130_fd_sc_hd__clkbuf_4)
                  0.18    0.40    2.63 v _356_/X (sky130_fd_sc_hd__clkbuf_4)
     9    0.05                           _200_ (net)
                  0.18    0.00    2.63 v _390_/A (sky130_fd_sc_hd__buf_4)
                  0.15    0.42    3.05 v _390_/X (sky130_fd_sc_hd__buf_4)
    10    0.06                           _204_ (net)
                  0.15    0.00    3.05 v _397_/A (sky130_fd_sc_hd__inv_2)
                  0.06    0.11    3.16 ^ _397_/Y (sky130_fd_sc_hd__inv_2)
     1    0.00                           _036_ (net)
                  0.06    0.00    3.16 ^ _442_/RESET_B (sky130_fd_sc_hd__dfrtp_2)
                                  3.16   data arrival time

                         10.00   10.00   clock clk (rise edge)
                          0.00   10.00   clock source latency
                  0.15    0.10   10.10 ^ clk (in)
     2    0.02                           clk (net)
                  0.15    0.00   10.10 ^ clkbuf_0_clk/A (sky130_fd_sc_hd__clkbuf_16)
                  0.10    0.28   10.37 ^ clkbuf_0_clk/X (sky130_fd_sc_hd__clkbuf_16)
     4    0.05                           clknet_0_clk (net)
                  0.10    0.00   10.38 ^ clkbuf_2_0__f_clk/A (sky130_fd_sc_hd__clkbuf_16)
                  0.09    0.24   10.62 ^ clkbuf_2_0__f_clk/X (sky130_fd_sc_hd__clkbuf_16)
    11    0.04                           clknet_2_0__leaf_clk (net)
                  0.09    0.00   10.62 ^ _442_/CLK (sky130_fd_sc_hd__dfrtp_2)
                         -0.25   10.37   clock uncertainty
                          0.00   10.37   clock reconvergence pessimism
                          0.46   10.83   library recovery time
                                 10.83   data required time
-----------------------------------------------------------------------------
                                 10.83   data required time
                                 -3.16   data arrival time
-----------------------------------------------------------------------------
                                  7.67   slack (MET)


Startpoint: rst (input port clocked by clk)
Endpoint: _440_ (recovery check against rising-edge clock clk)
Path Group: asynchronous
Path Type: max
Corner: Slowest

Fanout     Cap    Slew   Delay    Time   Description
-----------------------------------------------------------------------------
                          0.00    0.00   clock clk (rise edge)
                          0.00    0.00   clock network delay (propagated)
                          2.00    2.00 v input external delay
                  0.02    0.01    2.01 v rst (in)
     2    0.00                           rst (net)
                  0.02    0.00    2.01 v input1/A (sky130_fd_sc_hd__buf_1)
                  0.13    0.21    2.23 v input1/X (sky130_fd_sc_hd__buf_1)
     1    0.01                           net1 (net)
                  0.13    0.00    2.23 v _356_/A (sky130_fd_sc_hd__clkbuf_4)
                  0.18    0.40    2.63 v _356_/X (sky130_fd_sc_hd__clkbuf_4)
     9    0.05                           _200_ (net)
                  0.18    0.00    2.63 v _390_/A (sky130_fd_sc_hd__buf_4)
                  0.15    0.42    3.05 v _390_/X (sky130_fd_sc_hd__buf_4)
    10    0.06                           _204_ (net)
                  0.15    0.00    3.05 v _395_/A (sky130_fd_sc_hd__inv_2)
                  0.06    0.11    3.16 ^ _395_/Y (sky130_fd_sc_hd__inv_2)
     1    0.00                           _034_ (net)
                  0.06    0.00    3.16 ^ _440_/RESET_B (sky130_fd_sc_hd__dfrtp_4)
                                  3.16   data arrival time

                         10.00   10.00   clock clk (rise edge)
                          0.00   10.00   clock source latency
                  0.15    0.10   10.10 ^ clk (in)
     2    0.02                           clk (net)
                  0.15    0.00   10.10 ^ clkbuf_0_clk/A (sky130_fd_sc_hd__clkbuf_16)
                  0.10    0.28   10.37 ^ clkbuf_0_clk/X (sky130_fd_sc_hd__clkbuf_16)
     4    0.05                           clknet_0_clk (net)
                  0.10    0.00   10.38 ^ clkbuf_2_0__f_clk/A (sky130_fd_sc_hd__clkbuf_16)
                  0.09    0.24   10.62 ^ clkbuf_2_0__f_clk/X (sky130_fd_sc_hd__clkbuf_16)
    11    0.04                           clknet_2_0__leaf_clk (net)
                  0.09    0.00   10.62 ^ _440_/CLK (sky130_fd_sc_hd__dfrtp_4)
                         -0.25   10.37   clock uncertainty
                          0.00   10.37   clock reconvergence pessimism
                          0.46   10.83   library recovery time
                                 10.83   data required time
-----------------------------------------------------------------------------
                                 10.83   data required time
                                 -3.16   data arrival time
-----------------------------------------------------------------------------
                                  7.67   slack (MET)


Startpoint: rst (input port clocked by clk)
Endpoint: _445_ (recovery check against rising-edge clock clk)
Path Group: asynchronous
Path Type: max
Corner: Slowest

Fanout     Cap    Slew   Delay    Time   Description
-----------------------------------------------------------------------------
                          0.00    0.00   clock clk (rise edge)
                          0.00    0.00   clock network delay (propagated)
                          2.00    2.00 v input external delay
                  0.02    0.01    2.01 v rst (in)
     2    0.00                           rst (net)
                  0.02    0.00    2.01 v input1/A (sky130_fd_sc_hd__buf_1)
                  0.13    0.21    2.23 v input1/X (sky130_fd_sc_hd__buf_1)
     1    0.01                           net1 (net)
                  0.13    0.00    2.23 v _356_/A (sky130_fd_sc_hd__clkbuf_4)
                  0.18    0.40    2.63 v _356_/X (sky130_fd_sc_hd__clkbuf_4)
     9    0.05                           _200_ (net)
                  0.18    0.00    2.63 v _390_/A (sky130_fd_sc_hd__buf_4)
                  0.15    0.42    3.05 v _390_/X (sky130_fd_sc_hd__buf_4)
    10    0.06                           _204_ (net)
                  0.15    0.00    3.05 v _400_/A (sky130_fd_sc_hd__inv_2)
                  0.06    0.11    3.16 ^ _400_/Y (sky130_fd_sc_hd__inv_2)
     1    0.00                           _039_ (net)
                  0.06    0.00    3.16 ^ _445_/RESET_B (sky130_fd_sc_hd__dfrtp_2)
                                  3.16   data arrival time

                         10.00   10.00   clock clk (rise edge)
                          0.00   10.00   clock source latency
                  0.15    0.10   10.10 ^ clk (in)
     2    0.02                           clk (net)
                  0.15    0.00   10.10 ^ clkbuf_0_clk/A (sky130_fd_sc_hd__clkbuf_16)
                  0.10    0.28   10.37 ^ clkbuf_0_clk/X (sky130_fd_sc_hd__clkbuf_16)
     4    0.05                           clknet_0_clk (net)
                  0.10    0.00   10.38 ^ clkbuf_2_0__f_clk/A (sky130_fd_sc_hd__clkbuf_16)
                  0.09    0.24   10.62 ^ clkbuf_2_0__f_clk/X (sky130_fd_sc_hd__clkbuf_16)
    11    0.04                           clknet_2_0__leaf_clk (net)
                  0.09    0.00   10.62 ^ _445_/CLK (sky130_fd_sc_hd__dfrtp_2)
                         -0.25   10.37   clock uncertainty
                          0.00   10.37   clock reconvergence pessimism
                          0.46   10.83   library recovery time
                                 10.83   data required time
-----------------------------------------------------------------------------
                                 10.83   data required time
                                 -3.16   data arrival time
-----------------------------------------------------------------------------
                                  7.67   slack (MET)


Startpoint: rst (input port clocked by clk)
Endpoint: _424_ (recovery check against rising-edge clock clk)
Path Group: asynchronous
Path Type: max
Corner: Slowest

Fanout     Cap    Slew   Delay    Time   Description
-----------------------------------------------------------------------------
                          0.00    0.00   clock clk (rise edge)
                          0.00    0.00   clock network delay (propagated)
                          2.00    2.00 v input external delay
                  0.02    0.01    2.01 v rst (in)
     2    0.00                           rst (net)
                  0.02    0.00    2.01 v input1/A (sky130_fd_sc_hd__buf_1)
                  0.13    0.21    2.23 v input1/X (sky130_fd_sc_hd__buf_1)
     1    0.01                           net1 (net)
                  0.13    0.00    2.23 v _356_/A (sky130_fd_sc_hd__clkbuf_4)
                  0.18    0.40    2.63 v _356_/X (sky130_fd_sc_hd__clkbuf_4)
     9    0.05                           _200_ (net)
                  0.18    0.00    2.63 v _368_/A (sky130_fd_sc_hd__buf_4)
                  0.15    0.42    3.05 v _368_/X (sky130_fd_sc_hd__buf_4)
    10    0.06                           _202_ (net)
                  0.15    0.00    3.05 v _377_/A (sky130_fd_sc_hd__inv_2)
                  0.06    0.11    3.16 ^ _377_/Y (sky130_fd_sc_hd__inv_2)
     1    0.00                           _018_ (net)
                  0.06    0.00    3.16 ^ _424_/RESET_B (sky130_fd_sc_hd__dfrtp_1)
                                  3.16   data arrival time

                         10.00   10.00   clock clk (rise edge)
                          0.00   10.00   clock source latency
                  0.15    0.10   10.10 ^ clk (in)
     2    0.02                           clk (net)
                  0.15    0.00   10.10 ^ clkbuf_0_clk/A (sky130_fd_sc_hd__clkbuf_16)
                  0.10    0.28   10.37 ^ clkbuf_0_clk/X (sky130_fd_sc_hd__clkbuf_16)
     4    0.05                           clknet_0_clk (net)
                  0.10    0.00   10.37 ^ clkbuf_2_3__f_clk/A (sky130_fd_sc_hd__clkbuf_16)
                  0.08    0.23   10.61 ^ clkbuf_2_3__f_clk/X (sky130_fd_sc_hd__clkbuf_16)
     8    0.03                           clknet_2_3__leaf_clk (net)
                  0.08    0.00   10.61 ^ _424_/CLK (sky130_fd_sc_hd__dfrtp_1)
                         -0.25   10.36   clock uncertainty
                          0.00   10.36   clock reconvergence pessimism
                          0.47   10.83   library recovery time
                                 10.83   data required time
-----------------------------------------------------------------------------
                                 10.83   data required time
                                 -3.16   data arrival time
-----------------------------------------------------------------------------
                                  7.67   slack (MET)


Startpoint: rst (input port clocked by clk)
Endpoint: _407_ (recovery check against rising-edge clock clk)
Path Group: asynchronous
Path Type: max
Corner: Slowest

Fanout     Cap    Slew   Delay    Time   Description
-----------------------------------------------------------------------------
                          0.00    0.00   clock clk (rise edge)
                          0.00    0.00   clock network delay (propagated)
                          2.00    2.00 v input external delay
                  0.02    0.01    2.01 v rst (in)
     2    0.00                           rst (net)
                  0.02    0.00    2.01 v input1/A (sky130_fd_sc_hd__buf_1)
                  0.13    0.21    2.23 v input1/X (sky130_fd_sc_hd__buf_1)
     1    0.01                           net1 (net)
                  0.13    0.00    2.23 v _356_/A (sky130_fd_sc_hd__clkbuf_4)
                  0.18    0.40    2.63 v _356_/X (sky130_fd_sc_hd__clkbuf_4)
     9    0.05                           _200_ (net)
                  0.18    0.00    2.63 v _357_/A (sky130_fd_sc_hd__buf_4)
                  0.14    0.41    3.04 v _357_/X (sky130_fd_sc_hd__buf_4)
    10    0.06                           _201_ (net)
                  0.14    0.00    3.04 v _359_/A (sky130_fd_sc_hd__inv_2)
                  0.06    0.11    3.16 ^ _359_/Y (sky130_fd_sc_hd__inv_2)
     1    0.01                           _001_ (net)
                  0.06    0.00    3.16 ^ _407_/RESET_B (sky130_fd_sc_hd__dfrtp_1)
                                  3.16   data arrival time

                         10.00   10.00   clock clk (rise edge)
                          0.00   10.00   clock source latency
                  0.15    0.10   10.10 ^ clk (in)
     2    0.02                           clk (net)
                  0.15    0.00   10.10 ^ clkbuf_0_clk/A (sky130_fd_sc_hd__clkbuf_16)
                  0.10    0.28   10.37 ^ clkbuf_0_clk/X (sky130_fd_sc_hd__clkbuf_16)
     4    0.05                           clknet_0_clk (net)
                  0.10    0.00   10.37 ^ clkbuf_2_3__f_clk/A (sky130_fd_sc_hd__clkbuf_16)
                  0.08    0.23   10.61 ^ clkbuf_2_3__f_clk/X (sky130_fd_sc_hd__clkbuf_16)
     8    0.03                           clknet_2_3__leaf_clk (net)
                  0.08    0.00   10.61 ^ _407_/CLK (sky130_fd_sc_hd__dfrtp_1)
                         -0.25   10.36   clock uncertainty
                          0.00   10.36   clock reconvergence pessimism
                          0.47   10.83   library recovery time
                                 10.83   data required time
-----------------------------------------------------------------------------
                                 10.83   data required time
                                 -3.16   data arrival time
-----------------------------------------------------------------------------
                                  7.67   slack (MET)


Startpoint: rst (input port clocked by clk)
Endpoint: _409_ (recovery check against rising-edge clock clk)
Path Group: asynchronous
Path Type: max
Corner: Slowest

Fanout     Cap    Slew   Delay    Time   Description
-----------------------------------------------------------------------------
                          0.00    0.00   clock clk (rise edge)
                          0.00    0.00   clock network delay (propagated)
                          2.00    2.00 v input external delay
                  0.02    0.01    2.01 v rst (in)
     2    0.00                           rst (net)
                  0.02    0.00    2.01 v input1/A (sky130_fd_sc_hd__buf_1)
                  0.13    0.21    2.23 v input1/X (sky130_fd_sc_hd__buf_1)
     1    0.01                           net1 (net)
                  0.13    0.00    2.23 v _356_/A (sky130_fd_sc_hd__clkbuf_4)
                  0.18    0.40    2.63 v _356_/X (sky130_fd_sc_hd__clkbuf_4)
     9    0.05                           _200_ (net)
                  0.18    0.00    2.63 v _357_/A (sky130_fd_sc_hd__buf_4)
                  0.14    0.41    3.04 v _357_/X (sky130_fd_sc_hd__buf_4)
    10    0.06                           _201_ (net)
                  0.14    0.00    3.05 v _361_/A (sky130_fd_sc_hd__inv_2)
                  0.05    0.10    3.15 ^ _361_/Y (sky130_fd_sc_hd__inv_2)
     1    0.00                           _003_ (net)
                  0.05    0.00    3.15 ^ _409_/RESET_B (sky130_fd_sc_hd__dfrtp_2)
                                  3.15   data arrival time

                         10.00   10.00   clock clk (rise edge)
                          0.00   10.00   clock source latency
                  0.15    0.10   10.10 ^ clk (in)
     2    0.02                           clk (net)
                  0.15    0.00   10.10 ^ clkbuf_0_clk/A (sky130_fd_sc_hd__clkbuf_16)
                  0.10    0.28   10.37 ^ clkbuf_0_clk/X (sky130_fd_sc_hd__clkbuf_16)
     4    0.05                           clknet_0_clk (net)
                  0.10    0.00   10.37 ^ clkbuf_2_2__f_clk/A (sky130_fd_sc_hd__clkbuf_16)
                  0.08    0.24   10.61 ^ clkbuf_2_2__f_clk/X (sky130_fd_sc_hd__clkbuf_16)
    11    0.03                           clknet_2_2__leaf_clk (net)
                  0.08    0.00   10.62 ^ _409_/CLK (sky130_fd_sc_hd__dfrtp_2)
                         -0.25   10.37   clock uncertainty
                          0.00   10.37   clock reconvergence pessimism
                          0.46   10.82   library recovery time
                                 10.82   data required time
-----------------------------------------------------------------------------
                                 10.82   data required time
                                 -3.15   data arrival time
-----------------------------------------------------------------------------
                                  7.67   slack (MET)


Startpoint: rst (input port clocked by clk)
Endpoint: _411_ (recovery check against rising-edge clock clk)
Path Group: asynchronous
Path Type: max
Corner: Slowest

Fanout     Cap    Slew   Delay    Time   Description
-----------------------------------------------------------------------------
                          0.00    0.00   clock clk (rise edge)
                          0.00    0.00   clock network delay (propagated)
                          2.00    2.00 v input external delay
                  0.02    0.01    2.01 v rst (in)
     2    0.00                           rst (net)
                  0.02    0.00    2.01 v input1/A (sky130_fd_sc_hd__buf_1)
                  0.13    0.21    2.23 v input1/X (sky130_fd_sc_hd__buf_1)
     1    0.01                           net1 (net)
                  0.13    0.00    2.23 v _356_/A (sky130_fd_sc_hd__clkbuf_4)
                  0.18    0.40    2.63 v _356_/X (sky130_fd_sc_hd__clkbuf_4)
     9    0.05                           _200_ (net)
                  0.18    0.00    2.63 v _357_/A (sky130_fd_sc_hd__buf_4)
                  0.14    0.41    3.04 v _357_/X (sky130_fd_sc_hd__buf_4)
    10    0.06                           _201_ (net)
                  0.14    0.00    3.05 v _363_/A (sky130_fd_sc_hd__inv_2)
                  0.06    0.11    3.15 ^ _363_/Y (sky130_fd_sc_hd__inv_2)
     1    0.00                           _005_ (net)
                  0.06    0.00    3.15 ^ _411_/RESET_B (sky130_fd_sc_hd__dfrtp_1)
                                  3.15   data arrival time

                         10.00   10.00   clock clk (rise edge)
                          0.00   10.00   clock source latency
                  0.15    0.10   10.10 ^ clk (in)
     2    0.02                           clk (net)
                  0.15    0.00   10.10 ^ clkbuf_0_clk/A (sky130_fd_sc_hd__clkbuf_16)
                  0.10    0.28   10.37 ^ clkbuf_0_clk/X (sky130_fd_sc_hd__clkbuf_16)
     4    0.05                           clknet_0_clk (net)
                  0.10    0.00   10.37 ^ clkbuf_2_3__f_clk/A (sky130_fd_sc_hd__clkbuf_16)
                  0.08    0.23   10.61 ^ clkbuf_2_3__f_clk/X (sky130_fd_sc_hd__clkbuf_16)
     8    0.03                           clknet_2_3__leaf_clk (net)
                  0.08    0.00   10.61 ^ _411_/CLK (sky130_fd_sc_hd__dfrtp_1)
                         -0.25   10.36   clock uncertainty
                          0.00   10.36   clock reconvergence pessimism
                          0.47   10.83   library recovery time
                                 10.83   data required time
-----------------------------------------------------------------------------
                                 10.83   data required time
                                 -3.15   data arrival time
-----------------------------------------------------------------------------
                                  7.68   slack (MET)


Startpoint: rst (input port clocked by clk)
Endpoint: _419_ (recovery check against rising-edge clock clk)
Path Group: asynchronous
Path Type: max
Corner: Slowest

Fanout     Cap    Slew   Delay    Time   Description
-----------------------------------------------------------------------------
                          0.00    0.00   clock clk (rise edge)
                          0.00    0.00   clock network delay (propagated)
                          2.00    2.00 v input external delay
                  0.02    0.01    2.01 v rst (in)
     2    0.00                           rst (net)
                  0.02    0.00    2.01 v input1/A (sky130_fd_sc_hd__buf_1)
                  0.13    0.21    2.23 v input1/X (sky130_fd_sc_hd__buf_1)
     1    0.01                           net1 (net)
                  0.13    0.00    2.23 v _356_/A (sky130_fd_sc_hd__clkbuf_4)
                  0.18    0.40    2.63 v _356_/X (sky130_fd_sc_hd__clkbuf_4)
     9    0.05                           _200_ (net)
                  0.18    0.00    2.63 v _368_/A (sky130_fd_sc_hd__buf_4)
                  0.15    0.42    3.05 v _368_/X (sky130_fd_sc_hd__buf_4)
    10    0.06                           _202_ (net)
                  0.15    0.00    3.05 v _372_/A (sky130_fd_sc_hd__inv_2)
                  0.06    0.11    3.16 ^ _372_/Y (sky130_fd_sc_hd__inv_2)
     1    0.00                           _013_ (net)
                  0.06    0.00    3.16 ^ _419_/RESET_B (sky130_fd_sc_hd__dfrtp_1)
                                  3.16   data arrival time

                         10.00   10.00   clock clk (rise edge)
                          0.00   10.00   clock source latency
                  0.15    0.10   10.10 ^ clk (in)
     2    0.02                           clk (net)
                  0.15    0.00   10.10 ^ clkbuf_0_clk/A (sky130_fd_sc_hd__clkbuf_16)
                  0.10    0.28   10.37 ^ clkbuf_0_clk/X (sky130_fd_sc_hd__clkbuf_16)
     4    0.05                           clknet_0_clk (net)
                  0.10    0.00   10.37 ^ clkbuf_2_2__f_clk/A (sky130_fd_sc_hd__clkbuf_16)
                  0.08    0.24   10.61 ^ clkbuf_2_2__f_clk/X (sky130_fd_sc_hd__clkbuf_16)
    11    0.03                           clknet_2_2__leaf_clk (net)
                  0.08    0.00   10.62 ^ _419_/CLK (sky130_fd_sc_hd__dfrtp_1)
                         -0.25   10.37   clock uncertainty
                          0.00   10.37   clock reconvergence pessimism
                          0.47   10.84   library recovery time
                                 10.84   data required time
-----------------------------------------------------------------------------
                                 10.84   data required time
                                 -3.16   data arrival time
-----------------------------------------------------------------------------
                                  7.68   slack (MET)


Startpoint: rst (input port clocked by clk)
Endpoint: _443_ (recovery check against rising-edge clock clk)
Path Group: asynchronous
Path Type: max
Corner: Slowest

Fanout     Cap    Slew   Delay    Time   Description
-----------------------------------------------------------------------------
                          0.00    0.00   clock clk (rise edge)
                          0.00    0.00   clock network delay (propagated)
                          2.00    2.00 v input external delay
                  0.02    0.01    2.01 v rst (in)
     2    0.00                           rst (net)
                  0.02    0.00    2.01 v input1/A (sky130_fd_sc_hd__buf_1)
                  0.13    0.21    2.23 v input1/X (sky130_fd_sc_hd__buf_1)
     1    0.01                           net1 (net)
                  0.13    0.00    2.23 v _356_/A (sky130_fd_sc_hd__clkbuf_4)
                  0.18    0.40    2.63 v _356_/X (sky130_fd_sc_hd__clkbuf_4)
     9    0.05                           _200_ (net)
                  0.18    0.00    2.63 v _390_/A (sky130_fd_sc_hd__buf_4)
                  0.15    0.42    3.05 v _390_/X (sky130_fd_sc_hd__buf_4)
    10    0.06                           _204_ (net)
                  0.15    0.00    3.05 v _398_/A (sky130_fd_sc_hd__inv_2)
                  0.06    0.11    3.16 ^ _398_/Y (sky130_fd_sc_hd__inv_2)
     1    0.00                           _037_ (net)
                  0.06    0.00    3.16 ^ _443_/RESET_B (sky130_fd_sc_hd__dfrtp_4)
                                  3.16   data arrival time

                         10.00   10.00   clock clk (rise edge)
                          0.00   10.00   clock source latency
                  0.15    0.10   10.10 ^ clk (in)
     2    0.02                           clk (net)
                  0.15    0.00   10.10 ^ clkbuf_0_clk/A (sky130_fd_sc_hd__clkbuf_16)
                  0.10    0.28   10.37 ^ clkbuf_0_clk/X (sky130_fd_sc_hd__clkbuf_16)
     4    0.05                           clknet_0_clk (net)
                  0.10    0.00   10.37 ^ clkbuf_2_1__f_clk/A (sky130_fd_sc_hd__clkbuf_16)
                  0.10    0.26   10.63 ^ clkbuf_2_1__f_clk/X (sky130_fd_sc_hd__clkbuf_16)
    15    0.05                           clknet_2_1__leaf_clk (net)
                  0.10    0.00   10.63 ^ _443_/CLK (sky130_fd_sc_hd__dfrtp_4)
                         -0.25   10.38   clock uncertainty
                          0.00   10.38   clock reconvergence pessimism
                          0.46   10.84   library recovery time
                                 10.84   data required time
-----------------------------------------------------------------------------
                                 10.84   data required time
                                 -3.16   data arrival time
-----------------------------------------------------------------------------
                                  7.68   slack (MET)


Startpoint: rst (input port clocked by clk)
Endpoint: _408_ (recovery check against rising-edge clock clk)
Path Group: asynchronous
Path Type: max
Corner: Slowest

Fanout     Cap    Slew   Delay    Time   Description
-----------------------------------------------------------------------------
                          0.00    0.00   clock clk (rise edge)
                          0.00    0.00   clock network delay (propagated)
                          2.00    2.00 v input external delay
                  0.02    0.01    2.01 v rst (in)
     2    0.00                           rst (net)
                  0.02    0.00    2.01 v input1/A (sky130_fd_sc_hd__buf_1)
                  0.13    0.21    2.23 v input1/X (sky130_fd_sc_hd__buf_1)
     1    0.01                           net1 (net)
                  0.13    0.00    2.23 v _356_/A (sky130_fd_sc_hd__clkbuf_4)
                  0.18    0.40    2.63 v _356_/X (sky130_fd_sc_hd__clkbuf_4)
     9    0.05                           _200_ (net)
                  0.18    0.00    2.63 v _357_/A (sky130_fd_sc_hd__buf_4)
                  0.14    0.41    3.04 v _357_/X (sky130_fd_sc_hd__buf_4)
    10    0.06                           _201_ (net)
                  0.14    0.00    3.04 v _360_/A (sky130_fd_sc_hd__inv_2)
                  0.05    0.10    3.15 ^ _360_/Y (sky130_fd_sc_hd__inv_2)
     1    0.00                           _002_ (net)
                  0.05    0.00    3.15 ^ _408_/RESET_B (sky130_fd_sc_hd__dfrtp_1)
                                  3.15   data arrival time

                         10.00   10.00   clock clk (rise edge)
                          0.00   10.00   clock source latency
                  0.15    0.10   10.10 ^ clk (in)
     2    0.02                           clk (net)
                  0.15    0.00   10.10 ^ clkbuf_0_clk/A (sky130_fd_sc_hd__clkbuf_16)
                  0.10    0.28   10.37 ^ clkbuf_0_clk/X (sky130_fd_sc_hd__clkbuf_16)
     4    0.05                           clknet_0_clk (net)
                  0.10    0.00   10.37 ^ clkbuf_2_3__f_clk/A (sky130_fd_sc_hd__clkbuf_16)
                  0.08    0.23   10.61 ^ clkbuf_2_3__f_clk/X (sky130_fd_sc_hd__clkbuf_16)
     8    0.03                           clknet_2_3__leaf_clk (net)
                  0.08    0.00   10.61 ^ _408_/CLK (sky130_fd_sc_hd__dfrtp_1)
                         -0.25   10.36   clock uncertainty
                          0.00   10.36   clock reconvergence pessimism
                          0.47   10.83   library recovery time
                                 10.83   data required time
-----------------------------------------------------------------------------
                                 10.83   data required time
                                 -3.15   data arrival time
-----------------------------------------------------------------------------
                                  7.68   slack (MET)


Startpoint: rst (input port clocked by clk)
Endpoint: _413_ (recovery check against rising-edge clock clk)
Path Group: asynchronous
Path Type: max
Corner: Slowest

Fanout     Cap    Slew   Delay    Time   Description
-----------------------------------------------------------------------------
                          0.00    0.00   clock clk (rise edge)
                          0.00    0.00   clock network delay (propagated)
                          2.00    2.00 v input external delay
                  0.02    0.01    2.01 v rst (in)
     2    0.00                           rst (net)
                  0.02    0.00    2.01 v input1/A (sky130_fd_sc_hd__buf_1)
                  0.13    0.21    2.23 v input1/X (sky130_fd_sc_hd__buf_1)
     1    0.01                           net1 (net)
                  0.13    0.00    2.23 v _356_/A (sky130_fd_sc_hd__clkbuf_4)
                  0.18    0.40    2.63 v _356_/X (sky130_fd_sc_hd__clkbuf_4)
     9    0.05                           _200_ (net)
                  0.18    0.00    2.63 v _357_/A (sky130_fd_sc_hd__buf_4)
                  0.14    0.41    3.04 v _357_/X (sky130_fd_sc_hd__buf_4)
    10    0.06                           _201_ (net)
                  0.14    0.00    3.05 v _365_/A (sky130_fd_sc_hd__inv_2)
                  0.06    0.11    3.15 ^ _365_/Y (sky130_fd_sc_hd__inv_2)
     1    0.00                           _007_ (net)
                  0.06    0.00    3.15 ^ _413_/RESET_B (sky130_fd_sc_hd__dfrtp_1)
                                  3.15   data arrival time

                         10.00   10.00   clock clk (rise edge)
                          0.00   10.00   clock source latency
                  0.15    0.10   10.10 ^ clk (in)
     2    0.02                           clk (net)
                  0.15    0.00   10.10 ^ clkbuf_0_clk/A (sky130_fd_sc_hd__clkbuf_16)
                  0.10    0.28   10.37 ^ clkbuf_0_clk/X (sky130_fd_sc_hd__clkbuf_16)
     4    0.05                           clknet_0_clk (net)
                  0.10    0.00   10.37 ^ clkbuf_2_2__f_clk/A (sky130_fd_sc_hd__clkbuf_16)
                  0.08    0.24   10.61 ^ clkbuf_2_2__f_clk/X (sky130_fd_sc_hd__clkbuf_16)
    11    0.03                           clknet_2_2__leaf_clk (net)
                  0.08    0.00   10.62 ^ _413_/CLK (sky130_fd_sc_hd__dfrtp_1)
                         -0.25   10.37   clock uncertainty
                          0.00   10.37   clock reconvergence pessimism
                          0.47   10.84   library recovery time
                                 10.84   data required time
-----------------------------------------------------------------------------
                                 10.84   data required time
                                 -3.15   data arrival time
-----------------------------------------------------------------------------
                                  7.68   slack (MET)


Startpoint: rst (input port clocked by clk)
Endpoint: _444_ (recovery check against rising-edge clock clk)
Path Group: asynchronous
Path Type: max
Corner: Slowest

Fanout     Cap    Slew   Delay    Time   Description
-----------------------------------------------------------------------------
                          0.00    0.00   clock clk (rise edge)
                          0.00    0.00   clock network delay (propagated)
                          2.00    2.00 v input external delay
                  0.02    0.01    2.01 v rst (in)
     2    0.00                           rst (net)
                  0.02    0.00    2.01 v input1/A (sky130_fd_sc_hd__buf_1)
                  0.13    0.21    2.23 v input1/X (sky130_fd_sc_hd__buf_1)
     1    0.01                           net1 (net)
                  0.13    0.00    2.23 v _356_/A (sky130_fd_sc_hd__clkbuf_4)
                  0.18    0.40    2.63 v _356_/X (sky130_fd_sc_hd__clkbuf_4)
     9    0.05                           _200_ (net)
                  0.18    0.00    2.63 v _390_/A (sky130_fd_sc_hd__buf_4)
                  0.15    0.42    3.05 v _390_/X (sky130_fd_sc_hd__buf_4)
    10    0.06                           _204_ (net)
                  0.15    0.00    3.05 v _399_/A (sky130_fd_sc_hd__inv_2)
                  0.06    0.11    3.16 ^ _399_/Y (sky130_fd_sc_hd__inv_2)
     1    0.00                           _038_ (net)
                  0.06    0.00    3.16 ^ _444_/RESET_B (sky130_fd_sc_hd__dfrtp_2)
                                  3.16   data arrival time

                         10.00   10.00   clock clk (rise edge)
                          0.00   10.00   clock source latency
                  0.15    0.10   10.10 ^ clk (in)
     2    0.02                           clk (net)
                  0.15    0.00   10.10 ^ clkbuf_0_clk/A (sky130_fd_sc_hd__clkbuf_16)
                  0.10    0.28   10.37 ^ clkbuf_0_clk/X (sky130_fd_sc_hd__clkbuf_16)
     4    0.05                           clknet_0_clk (net)
                  0.10    0.00   10.37 ^ clkbuf_2_1__f_clk/A (sky130_fd_sc_hd__clkbuf_16)
                  0.10    0.26   10.63 ^ clkbuf_2_1__f_clk/X (sky130_fd_sc_hd__clkbuf_16)
    15    0.05                           clknet_2_1__leaf_clk (net)
                  0.10    0.00   10.63 ^ _444_/CLK (sky130_fd_sc_hd__dfrtp_2)
                         -0.25   10.38   clock uncertainty
                          0.00   10.38   clock reconvergence pessimism
                          0.46   10.84   library recovery time
                                 10.84   data required time
-----------------------------------------------------------------------------
                                 10.84   data required time
                                 -3.16   data arrival time
-----------------------------------------------------------------------------
                                  7.68   slack (MET)


Startpoint: rst (input port clocked by clk)
Endpoint: _412_ (recovery check against rising-edge clock clk)
Path Group: asynchronous
Path Type: max
Corner: Slowest

Fanout     Cap    Slew   Delay    Time   Description
-----------------------------------------------------------------------------
                          0.00    0.00   clock clk (rise edge)
                          0.00    0.00   clock network delay (propagated)
                          2.00    2.00 v input external delay
                  0.02    0.01    2.01 v rst (in)
     2    0.00                           rst (net)
                  0.02    0.00    2.01 v input1/A (sky130_fd_sc_hd__buf_1)
                  0.13    0.21    2.23 v input1/X (sky130_fd_sc_hd__buf_1)
     1    0.01                           net1 (net)
                  0.13    0.00    2.23 v _356_/A (sky130_fd_sc_hd__clkbuf_4)
                  0.18    0.40    2.63 v _356_/X (sky130_fd_sc_hd__clkbuf_4)
     9    0.05                           _200_ (net)
                  0.18    0.00    2.63 v _357_/A (sky130_fd_sc_hd__buf_4)
                  0.14    0.41    3.04 v _357_/X (sky130_fd_sc_hd__buf_4)
    10    0.06                           _201_ (net)
                  0.14    0.00    3.04 v _364_/A (sky130_fd_sc_hd__inv_2)
                  0.05    0.10    3.15 ^ _364_/Y (sky130_fd_sc_hd__inv_2)
     1    0.00                           _006_ (net)
                  0.05    0.00    3.15 ^ _412_/RESET_B (sky130_fd_sc_hd__dfrtp_1)
                                  3.15   data arrival time

                         10.00   10.00   clock clk (rise edge)
                          0.00   10.00   clock source latency
                  0.15    0.10   10.10 ^ clk (in)
     2    0.02                           clk (net)
                  0.15    0.00   10.10 ^ clkbuf_0_clk/A (sky130_fd_sc_hd__clkbuf_16)
                  0.10    0.28   10.37 ^ clkbuf_0_clk/X (sky130_fd_sc_hd__clkbuf_16)
     4    0.05                           clknet_0_clk (net)
                  0.10    0.00   10.37 ^ clkbuf_2_3__f_clk/A (sky130_fd_sc_hd__clkbuf_16)
                  0.08    0.23   10.61 ^ clkbuf_2_3__f_clk/X (sky130_fd_sc_hd__clkbuf_16)
     8    0.03                           clknet_2_3__leaf_clk (net)
                  0.08    0.00   10.61 ^ _412_/CLK (sky130_fd_sc_hd__dfrtp_1)
                         -0.25   10.36   clock uncertainty
                          0.00   10.36   clock reconvergence pessimism
                          0.47   10.83   library recovery time
                                 10.83   data required time
-----------------------------------------------------------------------------
                                 10.83   data required time
                                 -3.15   data arrival time
-----------------------------------------------------------------------------
                                  7.68   slack (MET)


Startpoint: rst (input port clocked by clk)
Endpoint: _436_ (recovery check against rising-edge clock clk)
Path Group: asynchronous
Path Type: max
Corner: Slowest

Fanout     Cap    Slew   Delay    Time   Description
-----------------------------------------------------------------------------
                          0.00    0.00   clock clk (rise edge)
                          0.00    0.00   clock network delay (propagated)
                          2.00    2.00 v input external delay
                  0.02    0.01    2.01 v rst (in)
     2    0.00                           rst (net)
                  0.02    0.00    2.01 v input1/A (sky130_fd_sc_hd__buf_1)
                  0.13    0.21    2.23 v input1/X (sky130_fd_sc_hd__buf_1)
     1    0.01                           net1 (net)
                  0.13    0.00    2.23 v _356_/A (sky130_fd_sc_hd__clkbuf_4)
                  0.18    0.40    2.63 v _356_/X (sky130_fd_sc_hd__clkbuf_4)
     9    0.05                           _200_ (net)
                  0.18    0.00    2.63 v _390_/A (sky130_fd_sc_hd__buf_4)
                  0.15    0.42    3.05 v _390_/X (sky130_fd_sc_hd__buf_4)
    10    0.06                           _204_ (net)
                  0.15    0.00    3.05 v _391_/A (sky130_fd_sc_hd__inv_2)
                  0.06    0.11    3.16 ^ _391_/Y (sky130_fd_sc_hd__inv_2)
     1    0.00                           _030_ (net)
                  0.06    0.00    3.16 ^ _436_/RESET_B (sky130_fd_sc_hd__dfrtp_1)
                                  3.16   data arrival time

                         10.00   10.00   clock clk (rise edge)
                          0.00   10.00   clock source latency
                  0.15    0.10   10.10 ^ clk (in)
     2    0.02                           clk (net)
                  0.15    0.00   10.10 ^ clkbuf_0_clk/A (sky130_fd_sc_hd__clkbuf_16)
                  0.10    0.28   10.37 ^ clkbuf_0_clk/X (sky130_fd_sc_hd__clkbuf_16)
     4    0.05                           clknet_0_clk (net)
                  0.10    0.00   10.38 ^ clkbuf_2_0__f_clk/A (sky130_fd_sc_hd__clkbuf_16)
                  0.09    0.24   10.62 ^ clkbuf_2_0__f_clk/X (sky130_fd_sc_hd__clkbuf_16)
    11    0.04                           clknet_2_0__leaf_clk (net)
                  0.09    0.00   10.62 ^ _436_/CLK (sky130_fd_sc_hd__dfrtp_1)
                         -0.25   10.37   clock uncertainty
                          0.00   10.37   clock reconvergence pessimism
                          0.47   10.84   library recovery time
                                 10.84   data required time
-----------------------------------------------------------------------------
                                 10.84   data required time
                                 -3.16   data arrival time
-----------------------------------------------------------------------------
                                  7.68   slack (MET)


Startpoint: rst (input port clocked by clk)
Endpoint: _421_ (recovery check against rising-edge clock clk)
Path Group: asynchronous
Path Type: max
Corner: Slowest

Fanout     Cap    Slew   Delay    Time   Description
-----------------------------------------------------------------------------
                          0.00    0.00   clock clk (rise edge)
                          0.00    0.00   clock network delay (propagated)
                          2.00    2.00 v input external delay
                  0.02    0.01    2.01 v rst (in)
     2    0.00                           rst (net)
                  0.02    0.00    2.01 v input1/A (sky130_fd_sc_hd__buf_1)
                  0.13    0.21    2.23 v input1/X (sky130_fd_sc_hd__buf_1)
     1    0.01                           net1 (net)
                  0.13    0.00    2.23 v _356_/A (sky130_fd_sc_hd__clkbuf_4)
                  0.18    0.40    2.63 v _356_/X (sky130_fd_sc_hd__clkbuf_4)
     9    0.05                           _200_ (net)
                  0.18    0.00    2.63 v _368_/A (sky130_fd_sc_hd__buf_4)
                  0.15    0.42    3.05 v _368_/X (sky130_fd_sc_hd__buf_4)
    10    0.06                           _202_ (net)
                  0.15    0.00    3.05 v _374_/A (sky130_fd_sc_hd__inv_2)
                  0.06    0.11    3.16 ^ _374_/Y (sky130_fd_sc_hd__inv_2)
     1    0.00                           _015_ (net)
                  0.06    0.00    3.16 ^ _421_/RESET_B (sky130_fd_sc_hd__dfrtp_1)
                                  3.16   data arrival time

                         10.00   10.00   clock clk (rise edge)
                          0.00   10.00   clock source latency
                  0.15    0.10   10.10 ^ clk (in)
     2    0.02                           clk (net)
                  0.15    0.00   10.10 ^ clkbuf_0_clk/A (sky130_fd_sc_hd__clkbuf_16)
                  0.10    0.28   10.37 ^ clkbuf_0_clk/X (sky130_fd_sc_hd__clkbuf_16)
     4    0.05                           clknet_0_clk (net)
                  0.10    0.00   10.38 ^ clkbuf_2_0__f_clk/A (sky130_fd_sc_hd__clkbuf_16)
                  0.09    0.24   10.62 ^ clkbuf_2_0__f_clk/X (sky130_fd_sc_hd__clkbuf_16)
    11    0.04                           clknet_2_0__leaf_clk (net)
                  0.09    0.00   10.62 ^ _421_/CLK (sky130_fd_sc_hd__dfrtp_1)
                         -0.25   10.37   clock uncertainty
                          0.00   10.37   clock reconvergence pessimism
                          0.47   10.84   library recovery time
                                 10.84   data required time
-----------------------------------------------------------------------------
                                 10.84   data required time
                                 -3.16   data arrival time
-----------------------------------------------------------------------------
                                  7.68   slack (MET)


Startpoint: rst (input port clocked by clk)
Endpoint: _437_ (recovery check against rising-edge clock clk)
Path Group: asynchronous
Path Type: max
Corner: Slowest

Fanout     Cap    Slew   Delay    Time   Description
-----------------------------------------------------------------------------
                          0.00    0.00   clock clk (rise edge)
                          0.00    0.00   clock network delay (propagated)
                          2.00    2.00 v input external delay
                  0.02    0.01    2.01 v rst (in)
     2    0.00                           rst (net)
                  0.02    0.00    2.01 v input1/A (sky130_fd_sc_hd__buf_1)
                  0.13    0.21    2.23 v input1/X (sky130_fd_sc_hd__buf_1)
     1    0.01                           net1 (net)
                  0.13    0.00    2.23 v _356_/A (sky130_fd_sc_hd__clkbuf_4)
                  0.18    0.40    2.63 v _356_/X (sky130_fd_sc_hd__clkbuf_4)
     9    0.05                           _200_ (net)
                  0.18    0.00    2.63 v _390_/A (sky130_fd_sc_hd__buf_4)
                  0.15    0.42    3.05 v _390_/X (sky130_fd_sc_hd__buf_4)
    10    0.06                           _204_ (net)
                  0.15    0.00    3.05 v _392_/A (sky130_fd_sc_hd__inv_2)
                  0.06    0.11    3.16 ^ _392_/Y (sky130_fd_sc_hd__inv_2)
     1    0.00                           _031_ (net)
                  0.06    0.00    3.16 ^ _437_/RESET_B (sky130_fd_sc_hd__dfrtp_1)
                                  3.16   data arrival time

                         10.00   10.00   clock clk (rise edge)
                          0.00   10.00   clock source latency
                  0.15    0.10   10.10 ^ clk (in)
     2    0.02                           clk (net)
                  0.15    0.00   10.10 ^ clkbuf_0_clk/A (sky130_fd_sc_hd__clkbuf_16)
                  0.10    0.28   10.37 ^ clkbuf_0_clk/X (sky130_fd_sc_hd__clkbuf_16)
     4    0.05                           clknet_0_clk (net)
                  0.10    0.00   10.38 ^ clkbuf_2_0__f_clk/A (sky130_fd_sc_hd__clkbuf_16)
                  0.09    0.24   10.62 ^ clkbuf_2_0__f_clk/X (sky130_fd_sc_hd__clkbuf_16)
    11    0.04                           clknet_2_0__leaf_clk (net)
                  0.09    0.00   10.62 ^ _437_/CLK (sky130_fd_sc_hd__dfrtp_1)
                         -0.25   10.37   clock uncertainty
                          0.00   10.37   clock reconvergence pessimism
                          0.47   10.84   library recovery time
                                 10.84   data required time
-----------------------------------------------------------------------------
                                 10.84   data required time
                                 -3.16   data arrival time
-----------------------------------------------------------------------------
                                  7.68   slack (MET)


Startpoint: rst (input port clocked by clk)
Endpoint: _439_ (recovery check against rising-edge clock clk)
Path Group: asynchronous
Path Type: max
Corner: Slowest

Fanout     Cap    Slew   Delay    Time   Description
-----------------------------------------------------------------------------
                          0.00    0.00   clock clk (rise edge)
                          0.00    0.00   clock network delay (propagated)
                          2.00    2.00 v input external delay
                  0.02    0.01    2.01 v rst (in)
     2    0.00                           rst (net)
                  0.02    0.00    2.01 v input1/A (sky130_fd_sc_hd__buf_1)
                  0.13    0.21    2.23 v input1/X (sky130_fd_sc_hd__buf_1)
     1    0.01                           net1 (net)
                  0.13    0.00    2.23 v _356_/A (sky130_fd_sc_hd__clkbuf_4)
                  0.18    0.40    2.63 v _356_/X (sky130_fd_sc_hd__clkbuf_4)
     9    0.05                           _200_ (net)
                  0.18    0.00    2.63 v _390_/A (sky130_fd_sc_hd__buf_4)
                  0.15    0.42    3.05 v _390_/X (sky130_fd_sc_hd__buf_4)
    10    0.06                           _204_ (net)
                  0.15    0.00    3.05 v _394_/A (sky130_fd_sc_hd__inv_2)
                  0.05    0.11    3.16 ^ _394_/Y (sky130_fd_sc_hd__inv_2)
     1    0.00                           _033_ (net)
                  0.05    0.00    3.16 ^ _439_/RESET_B (sky130_fd_sc_hd__dfrtp_1)
                                  3.16   data arrival time

                         10.00   10.00   clock clk (rise edge)
                          0.00   10.00   clock source latency
                  0.15    0.10   10.10 ^ clk (in)
     2    0.02                           clk (net)
                  0.15    0.00   10.10 ^ clkbuf_0_clk/A (sky130_fd_sc_hd__clkbuf_16)
                  0.10    0.28   10.37 ^ clkbuf_0_clk/X (sky130_fd_sc_hd__clkbuf_16)
     4    0.05                           clknet_0_clk (net)
                  0.10    0.00   10.38 ^ clkbuf_2_0__f_clk/A (sky130_fd_sc_hd__clkbuf_16)
                  0.09    0.24   10.62 ^ clkbuf_2_0__f_clk/X (sky130_fd_sc_hd__clkbuf_16)
    11    0.04                           clknet_2_0__leaf_clk (net)
                  0.09    0.00   10.62 ^ _439_/CLK (sky130_fd_sc_hd__dfrtp_1)
                         -0.25   10.37   clock uncertainty
                          0.00   10.37   clock reconvergence pessimism
                          0.47   10.84   library recovery time
                                 10.84   data required time
-----------------------------------------------------------------------------
                                 10.84   data required time
                                 -3.16   data arrival time
-----------------------------------------------------------------------------
                                  7.68   slack (MET)


Startpoint: rst (input port clocked by clk)
Endpoint: _414_ (recovery check against rising-edge clock clk)
Path Group: asynchronous
Path Type: max
Corner: Slowest

Fanout     Cap    Slew   Delay    Time   Description
-----------------------------------------------------------------------------
                          0.00    0.00   clock clk (rise edge)
                          0.00    0.00   clock network delay (propagated)
                          2.00    2.00 v input external delay
                  0.02    0.01    2.01 v rst (in)
     2    0.00                           rst (net)
                  0.02    0.00    2.01 v input1/A (sky130_fd_sc_hd__buf_1)
                  0.13    0.21    2.23 v input1/X (sky130_fd_sc_hd__buf_1)
     1    0.01                           net1 (net)
                  0.13    0.00    2.23 v _356_/A (sky130_fd_sc_hd__clkbuf_4)
                  0.18    0.40    2.63 v _356_/X (sky130_fd_sc_hd__clkbuf_4)
     9    0.05                           _200_ (net)
                  0.18    0.00    2.63 v _357_/A (sky130_fd_sc_hd__buf_4)
                  0.14    0.41    3.04 v _357_/X (sky130_fd_sc_hd__buf_4)
    10    0.06                           _201_ (net)
                  0.14    0.00    3.05 v _366_/A (sky130_fd_sc_hd__inv_2)
                  0.06    0.11    3.15 ^ _366_/Y (sky130_fd_sc_hd__inv_2)
     1    0.00                           _008_ (net)
                  0.06    0.00    3.15 ^ _414_/RESET_B (sky130_fd_sc_hd__dfrtp_1)
                                  3.15   data arrival time

                         10.00   10.00   clock clk (rise edge)
                          0.00   10.00   clock source latency
                  0.15    0.10   10.10 ^ clk (in)
     2    0.02                           clk (net)
                  0.15    0.00   10.10 ^ clkbuf_0_clk/A (sky130_fd_sc_hd__clkbuf_16)
                  0.10    0.28   10.37 ^ clkbuf_0_clk/X (sky130_fd_sc_hd__clkbuf_16)
     4    0.05                           clknet_0_clk (net)
                  0.10    0.00   10.37 ^ clkbuf_2_2__f_clk/A (sky130_fd_sc_hd__clkbuf_16)
                  0.08    0.24   10.61 ^ clkbuf_2_2__f_clk/X (sky130_fd_sc_hd__clkbuf_16)
    11    0.03                           clknet_2_2__leaf_clk (net)
                  0.08    0.00   10.62 ^ _414_/CLK (sky130_fd_sc_hd__dfrtp_1)
                         -0.25   10.37   clock uncertainty
                          0.00   10.37   clock reconvergence pessimism
                          0.47   10.84   library recovery time
                                 10.84   data required time
-----------------------------------------------------------------------------
                                 10.84   data required time
                                 -3.15   data arrival time
-----------------------------------------------------------------------------
                                  7.69   slack (MET)


Startpoint: rst (input port clocked by clk)
Endpoint: _418_ (recovery check against rising-edge clock clk)
Path Group: asynchronous
Path Type: max
Corner: Slowest

Fanout     Cap    Slew   Delay    Time   Description
-----------------------------------------------------------------------------
                          0.00    0.00   clock clk (rise edge)
                          0.00    0.00   clock network delay (propagated)
                          2.00    2.00 v input external delay
                  0.02    0.01    2.01 v rst (in)
     2    0.00                           rst (net)
                  0.02    0.00    2.01 v input1/A (sky130_fd_sc_hd__buf_1)
                  0.13    0.21    2.23 v input1/X (sky130_fd_sc_hd__buf_1)
     1    0.01                           net1 (net)
                  0.13    0.00    2.23 v _356_/A (sky130_fd_sc_hd__clkbuf_4)
                  0.18    0.40    2.63 v _356_/X (sky130_fd_sc_hd__clkbuf_4)
     9    0.05                           _200_ (net)
                  0.18    0.00    2.63 v _368_/A (sky130_fd_sc_hd__buf_4)
                  0.15    0.42    3.05 v _368_/X (sky130_fd_sc_hd__buf_4)
    10    0.06                           _202_ (net)
                  0.15    0.00    3.05 v _371_/A (sky130_fd_sc_hd__inv_2)
                  0.06    0.11    3.16 ^ _371_/Y (sky130_fd_sc_hd__inv_2)
     1    0.00                           _012_ (net)
                  0.06    0.00    3.16 ^ _418_/RESET_B (sky130_fd_sc_hd__dfrtp_1)
                                  3.16   data arrival time

                         10.00   10.00   clock clk (rise edge)
                          0.00   10.00   clock source latency
                  0.15    0.10   10.10 ^ clk (in)
     2    0.02                           clk (net)
                  0.15    0.00   10.10 ^ clkbuf_0_clk/A (sky130_fd_sc_hd__clkbuf_16)
                  0.10    0.28   10.37 ^ clkbuf_0_clk/X (sky130_fd_sc_hd__clkbuf_16)
     4    0.05                           clknet_0_clk (net)
                  0.10    0.00   10.38 ^ clkbuf_2_0__f_clk/A (sky130_fd_sc_hd__clkbuf_16)
                  0.09    0.24   10.62 ^ clkbuf_2_0__f_clk/X (sky130_fd_sc_hd__clkbuf_16)
    11    0.04                           clknet_2_0__leaf_clk (net)
                  0.09    0.00   10.62 ^ _418_/CLK (sky130_fd_sc_hd__dfrtp_1)
                         -0.25   10.37   clock uncertainty
                          0.00   10.37   clock reconvergence pessimism
                          0.47   10.84   library recovery time
                                 10.84   data required time
-----------------------------------------------------------------------------
                                 10.84   data required time
                                 -3.16   data arrival time
-----------------------------------------------------------------------------
                                  7.69   slack (MET)


Startpoint: rst (input port clocked by clk)
Endpoint: _415_ (recovery check against rising-edge clock clk)
Path Group: asynchronous
Path Type: max
Corner: Slowest

Fanout     Cap    Slew   Delay    Time   Description
-----------------------------------------------------------------------------
                          0.00    0.00   clock clk (rise edge)
                          0.00    0.00   clock network delay (propagated)
                          2.00    2.00 v input external delay
                  0.02    0.01    2.01 v rst (in)
     2    0.00                           rst (net)
                  0.02    0.00    2.01 v input1/A (sky130_fd_sc_hd__buf_1)
                  0.13    0.21    2.23 v input1/X (sky130_fd_sc_hd__buf_1)
     1    0.01                           net1 (net)
                  0.13    0.00    2.23 v _356_/A (sky130_fd_sc_hd__clkbuf_4)
                  0.18    0.40    2.63 v _356_/X (sky130_fd_sc_hd__clkbuf_4)
     9    0.05                           _200_ (net)
                  0.18    0.00    2.63 v _357_/A (sky130_fd_sc_hd__buf_4)
                  0.14    0.41    3.04 v _357_/X (sky130_fd_sc_hd__buf_4)
    10    0.06                           _201_ (net)
                  0.14    0.00    3.05 v _367_/A (sky130_fd_sc_hd__inv_2)
                  0.05    0.10    3.15 ^ _367_/Y (sky130_fd_sc_hd__inv_2)
     1    0.00                           _009_ (net)
                  0.05    0.00    3.15 ^ _415_/RESET_B (sky130_fd_sc_hd__dfrtp_1)
                                  3.15   data arrival time

                         10.00   10.00   clock clk (rise edge)
                          0.00   10.00   clock source latency
                  0.15    0.10   10.10 ^ clk (in)
     2    0.02                           clk (net)
                  0.15    0.00   10.10 ^ clkbuf_0_clk/A (sky130_fd_sc_hd__clkbuf_16)
                  0.10    0.28   10.37 ^ clkbuf_0_clk/X (sky130_fd_sc_hd__clkbuf_16)
     4    0.05                           clknet_0_clk (net)
                  0.10    0.00   10.37 ^ clkbuf_2_2__f_clk/A (sky130_fd_sc_hd__clkbuf_16)
                  0.08    0.24   10.61 ^ clkbuf_2_2__f_clk/X (sky130_fd_sc_hd__clkbuf_16)
    11    0.03                           clknet_2_2__leaf_clk (net)
                  0.08    0.00   10.62 ^ _415_/CLK (sky130_fd_sc_hd__dfrtp_1)
                         -0.25   10.37   clock uncertainty
                          0.00   10.37   clock reconvergence pessimism
                          0.47   10.84   library recovery time
                                 10.84   data required time
-----------------------------------------------------------------------------
                                 10.84   data required time
                                 -3.15   data arrival time
-----------------------------------------------------------------------------
                                  7.69   slack (MET)


Startpoint: rst (input port clocked by clk)
Endpoint: _410_ (recovery check against rising-edge clock clk)
Path Group: asynchronous
Path Type: max
Corner: Slowest

Fanout     Cap    Slew   Delay    Time   Description
-----------------------------------------------------------------------------
                          0.00    0.00   clock clk (rise edge)
                          0.00    0.00   clock network delay (propagated)
                          2.00    2.00 v input external delay
                  0.02    0.01    2.01 v rst (in)
     2    0.00                           rst (net)
                  0.02    0.00    2.01 v input1/A (sky130_fd_sc_hd__buf_1)
                  0.13    0.21    2.23 v input1/X (sky130_fd_sc_hd__buf_1)
     1    0.01                           net1 (net)
                  0.13    0.00    2.23 v _356_/A (sky130_fd_sc_hd__clkbuf_4)
                  0.18    0.40    2.63 v _356_/X (sky130_fd_sc_hd__clkbuf_4)
     9    0.05                           _200_ (net)
                  0.18    0.00    2.63 v _357_/A (sky130_fd_sc_hd__buf_4)
                  0.14    0.41    3.04 v _357_/X (sky130_fd_sc_hd__buf_4)
    10    0.06                           _201_ (net)
                  0.14    0.00    3.05 v _362_/A (sky130_fd_sc_hd__inv_2)
                  0.06    0.11    3.15 ^ _362_/Y (sky130_fd_sc_hd__inv_2)
     1    0.00                           _004_ (net)
                  0.06    0.00    3.15 ^ _410_/RESET_B (sky130_fd_sc_hd__dfrtp_1)
                                  3.15   data arrival time

                         10.00   10.00   clock clk (rise edge)
                          0.00   10.00   clock source latency
                  0.15    0.10   10.10 ^ clk (in)
     2    0.02                           clk (net)
                  0.15    0.00   10.10 ^ clkbuf_0_clk/A (sky130_fd_sc_hd__clkbuf_16)
                  0.10    0.28   10.37 ^ clkbuf_0_clk/X (sky130_fd_sc_hd__clkbuf_16)
     4    0.05                           clknet_0_clk (net)
                  0.10    0.00   10.37 ^ clkbuf_2_2__f_clk/A (sky130_fd_sc_hd__clkbuf_16)
                  0.08    0.24   10.61 ^ clkbuf_2_2__f_clk/X (sky130_fd_sc_hd__clkbuf_16)
    11    0.03                           clknet_2_2__leaf_clk (net)
                  0.08    0.00   10.62 ^ _410_/CLK (sky130_fd_sc_hd__dfrtp_1)
                         -0.25   10.37   clock uncertainty
                          0.00   10.37   clock reconvergence pessimism
                          0.47   10.84   library recovery time
                                 10.84   data required time
-----------------------------------------------------------------------------
                                 10.84   data required time
                                 -3.15   data arrival time
-----------------------------------------------------------------------------
                                  7.69   slack (MET)


Startpoint: rst (input port clocked by clk)
Endpoint: _438_ (recovery check against rising-edge clock clk)
Path Group: asynchronous
Path Type: max
Corner: Slowest

Fanout     Cap    Slew   Delay    Time   Description
-----------------------------------------------------------------------------
                          0.00    0.00   clock clk (rise edge)
                          0.00    0.00   clock network delay (propagated)
                          2.00    2.00 v input external delay
                  0.02    0.01    2.01 v rst (in)
     2    0.00                           rst (net)
                  0.02    0.00    2.01 v input1/A (sky130_fd_sc_hd__buf_1)
                  0.13    0.21    2.23 v input1/X (sky130_fd_sc_hd__buf_1)
     1    0.01                           net1 (net)
                  0.13    0.00    2.23 v _356_/A (sky130_fd_sc_hd__clkbuf_4)
                  0.18    0.40    2.63 v _356_/X (sky130_fd_sc_hd__clkbuf_4)
     9    0.05                           _200_ (net)
                  0.18    0.00    2.63 v _390_/A (sky130_fd_sc_hd__buf_4)
                  0.15    0.42    3.05 v _390_/X (sky130_fd_sc_hd__buf_4)
    10    0.06                           _204_ (net)
                  0.15    0.00    3.05 v _393_/A (sky130_fd_sc_hd__inv_2)
                  0.05    0.10    3.16 ^ _393_/Y (sky130_fd_sc_hd__inv_2)
     1    0.00                           _032_ (net)
                  0.05    0.00    3.16 ^ _438_/RESET_B (sky130_fd_sc_hd__dfrtp_2)
                                  3.16   data arrival time

                         10.00   10.00   clock clk (rise edge)
                          0.00   10.00   clock source latency
                  0.15    0.10   10.10 ^ clk (in)
     2    0.02                           clk (net)
                  0.15    0.00   10.10 ^ clkbuf_0_clk/A (sky130_fd_sc_hd__clkbuf_16)
                  0.10    0.28   10.37 ^ clkbuf_0_clk/X (sky130_fd_sc_hd__clkbuf_16)
     4    0.05                           clknet_0_clk (net)
                  0.10    0.00   10.37 ^ clkbuf_2_1__f_clk/A (sky130_fd_sc_hd__clkbuf_16)
                  0.10    0.26   10.63 ^ clkbuf_2_1__f_clk/X (sky130_fd_sc_hd__clkbuf_16)
    15    0.05                           clknet_2_1__leaf_clk (net)
                  0.10    0.00   10.63 ^ _438_/CLK (sky130_fd_sc_hd__dfrtp_2)
                         -0.25   10.38   clock uncertainty
                          0.00   10.38   clock reconvergence pessimism
                          0.46   10.85   library recovery time
                                 10.85   data required time
-----------------------------------------------------------------------------
                                 10.85   data required time
                                 -3.16   data arrival time
-----------------------------------------------------------------------------
                                  7.69   slack (MET)


Startpoint: rst (input port clocked by clk)
Endpoint: _425_ (recovery check against rising-edge clock clk)
Path Group: asynchronous
Path Type: max
Corner: Slowest

Fanout     Cap    Slew   Delay    Time   Description
-----------------------------------------------------------------------------
                          0.00    0.00   clock clk (rise edge)
                          0.00    0.00   clock network delay (propagated)
                          2.00    2.00 v input external delay
                  0.02    0.01    2.01 v rst (in)
     2    0.00                           rst (net)
                  0.02    0.00    2.01 v input1/A (sky130_fd_sc_hd__buf_1)
                  0.13    0.21    2.23 v input1/X (sky130_fd_sc_hd__buf_1)
     1    0.01                           net1 (net)
                  0.13    0.00    2.23 v _356_/A (sky130_fd_sc_hd__clkbuf_4)
                  0.18    0.40    2.63 v _356_/X (sky130_fd_sc_hd__clkbuf_4)
     9    0.05                           _200_ (net)
                  0.18    0.00    2.63 v _368_/A (sky130_fd_sc_hd__buf_4)
                  0.15    0.42    3.05 v _368_/X (sky130_fd_sc_hd__buf_4)
    10    0.06                           _202_ (net)
                  0.15    0.00    3.05 v _378_/A (sky130_fd_sc_hd__inv_2)
                  0.06    0.12    3.17 ^ _378_/Y (sky130_fd_sc_hd__inv_2)
     1    0.00                           _019_ (net)
                  0.06    0.00    3.17 ^ _425_/RESET_B (sky130_fd_sc_hd__dfrtp_1)
                                  3.17   data arrival time

                         10.00   10.00   clock clk (rise edge)
                          0.00   10.00   clock source latency
                  0.15    0.10   10.10 ^ clk (in)
     2    0.02                           clk (net)
                  0.15    0.00   10.10 ^ clkbuf_0_clk/A (sky130_fd_sc_hd__clkbuf_16)
                  0.10    0.28   10.37 ^ clkbuf_0_clk/X (sky130_fd_sc_hd__clkbuf_16)
     4    0.05                           clknet_0_clk (net)
                  0.10    0.00   10.37 ^ clkbuf_2_1__f_clk/A (sky130_fd_sc_hd__clkbuf_16)
                  0.10    0.26   10.63 ^ clkbuf_2_1__f_clk/X (sky130_fd_sc_hd__clkbuf_16)
    15    0.05                           clknet_2_1__leaf_clk (net)
                  0.10    0.00   10.63 ^ _425_/CLK (sky130_fd_sc_hd__dfrtp_1)
                         -0.25   10.38   clock uncertainty
                          0.00   10.38   clock reconvergence pessimism
                          0.48   10.86   library recovery time
                                 10.86   data required time
-----------------------------------------------------------------------------
                                 10.86   data required time
                                 -3.17   data arrival time
-----------------------------------------------------------------------------
                                  7.69   slack (MET)


Startpoint: rst (input port clocked by clk)
Endpoint: _422_ (recovery check against rising-edge clock clk)
Path Group: asynchronous
Path Type: max
Corner: Slowest

Fanout     Cap    Slew   Delay    Time   Description
-----------------------------------------------------------------------------
                          0.00    0.00   clock clk (rise edge)
                          0.00    0.00   clock network delay (propagated)
                          2.00    2.00 v input external delay
                  0.02    0.01    2.01 v rst (in)
     2    0.00                           rst (net)
                  0.02    0.00    2.01 v input1/A (sky130_fd_sc_hd__buf_1)
                  0.13    0.21    2.23 v input1/X (sky130_fd_sc_hd__buf_1)
     1    0.01                           net1 (net)
                  0.13    0.00    2.23 v _356_/A (sky130_fd_sc_hd__clkbuf_4)
                  0.18    0.40    2.63 v _356_/X (sky130_fd_sc_hd__clkbuf_4)
     9    0.05                           _200_ (net)
                  0.18    0.00    2.63 v _368_/A (sky130_fd_sc_hd__buf_4)
                  0.15    0.42    3.05 v _368_/X (sky130_fd_sc_hd__buf_4)
    10    0.06                           _202_ (net)
                  0.15    0.00    3.05 v _375_/A (sky130_fd_sc_hd__inv_2)
                  0.06    0.11    3.16 ^ _375_/Y (sky130_fd_sc_hd__inv_2)
     1    0.00                           _016_ (net)
                  0.06    0.00    3.16 ^ _422_/RESET_B (sky130_fd_sc_hd__dfrtp_1)
                                  3.16   data arrival time

                         10.00   10.00   clock clk (rise edge)
                          0.00   10.00   clock source latency
                  0.15    0.10   10.10 ^ clk (in)
     2    0.02                           clk (net)
                  0.15    0.00   10.10 ^ clkbuf_0_clk/A (sky130_fd_sc_hd__clkbuf_16)
                  0.10    0.28   10.37 ^ clkbuf_0_clk/X (sky130_fd_sc_hd__clkbuf_16)
     4    0.05                           clknet_0_clk (net)
                  0.10    0.00   10.37 ^ clkbuf_2_1__f_clk/A (sky130_fd_sc_hd__clkbuf_16)
                  0.10    0.26   10.63 ^ clkbuf_2_1__f_clk/X (sky130_fd_sc_hd__clkbuf_16)
    15    0.05                           clknet_2_1__leaf_clk (net)
                  0.10    0.00   10.63 ^ _422_/CLK (sky130_fd_sc_hd__dfrtp_1)
                         -0.25   10.38   clock uncertainty
                          0.00   10.38   clock reconvergence pessimism
                          0.48   10.86   library recovery time
                                 10.86   data required time
-----------------------------------------------------------------------------
                                 10.86   data required time
                                 -3.16   data arrival time
-----------------------------------------------------------------------------
                                  7.70   slack (MET)


Startpoint: rst (input port clocked by clk)
Endpoint: _423_ (recovery check against rising-edge clock clk)
Path Group: asynchronous
Path Type: max
Corner: Slowest

Fanout     Cap    Slew   Delay    Time   Description
-----------------------------------------------------------------------------
                          0.00    0.00   clock clk (rise edge)
                          0.00    0.00   clock network delay (propagated)
                          2.00    2.00 v input external delay
                  0.02    0.01    2.01 v rst (in)
     2    0.00                           rst (net)
                  0.02    0.00    2.01 v input1/A (sky130_fd_sc_hd__buf_1)
                  0.13    0.21    2.23 v input1/X (sky130_fd_sc_hd__buf_1)
     1    0.01                           net1 (net)
                  0.13    0.00    2.23 v _356_/A (sky130_fd_sc_hd__clkbuf_4)
                  0.18    0.40    2.63 v _356_/X (sky130_fd_sc_hd__clkbuf_4)
     9    0.05                           _200_ (net)
                  0.18    0.00    2.63 v _368_/A (sky130_fd_sc_hd__buf_4)
                  0.15    0.42    3.05 v _368_/X (sky130_fd_sc_hd__buf_4)
    10    0.06                           _202_ (net)
                  0.15    0.00    3.05 v _376_/A (sky130_fd_sc_hd__inv_2)
                  0.05    0.11    3.16 ^ _376_/Y (sky130_fd_sc_hd__inv_2)
     1    0.00                           _017_ (net)
                  0.05    0.00    3.16 ^ _423_/RESET_B (sky130_fd_sc_hd__dfrtp_1)
                                  3.16   data arrival time

                         10.00   10.00   clock clk (rise edge)
                          0.00   10.00   clock source latency
                  0.15    0.10   10.10 ^ clk (in)
     2    0.02                           clk (net)
                  0.15    0.00   10.10 ^ clkbuf_0_clk/A (sky130_fd_sc_hd__clkbuf_16)
                  0.10    0.28   10.37 ^ clkbuf_0_clk/X (sky130_fd_sc_hd__clkbuf_16)
     4    0.05                           clknet_0_clk (net)
                  0.10    0.00   10.37 ^ clkbuf_2_1__f_clk/A (sky130_fd_sc_hd__clkbuf_16)
                  0.10    0.26   10.63 ^ clkbuf_2_1__f_clk/X (sky130_fd_sc_hd__clkbuf_16)
    15    0.05                           clknet_2_1__leaf_clk (net)
                  0.10    0.00   10.63 ^ _423_/CLK (sky130_fd_sc_hd__dfrtp_1)
                         -0.25   10.38   clock uncertainty
                          0.00   10.38   clock reconvergence pessimism
                          0.48   10.86   library recovery time
                                 10.86   data required time
-----------------------------------------------------------------------------
                                 10.86   data required time
                                 -3.16   data arrival time
-----------------------------------------------------------------------------
                                  7.70   slack (MET)


Startpoint: rst (input port clocked by clk)
Endpoint: _449_ (recovery check against rising-edge clock clk)
Path Group: asynchronous
Path Type: max
Corner: Slowest

Fanout     Cap    Slew   Delay    Time   Description
-----------------------------------------------------------------------------
                          0.00    0.00   clock clk (rise edge)
                          0.00    0.00   clock network delay (propagated)
                          2.00    2.00 v input external delay
                  0.02    0.01    2.01 v rst (in)
     2    0.00                           rst (net)
                  0.02    0.00    2.01 v input1/A (sky130_fd_sc_hd__buf_1)
                  0.13    0.21    2.23 v input1/X (sky130_fd_sc_hd__buf_1)
     1    0.01                           net1 (net)
                  0.13    0.00    2.23 v _356_/A (sky130_fd_sc_hd__clkbuf_4)
                  0.18    0.40    2.63 v _356_/X (sky130_fd_sc_hd__clkbuf_4)
     9    0.05                           _200_ (net)
                  0.18    0.00    2.63 v _404_/A (sky130_fd_sc_hd__inv_2)
                  0.06    0.12    2.76 ^ _404_/Y (sky130_fd_sc_hd__inv_2)
     1    0.00                           _043_ (net)
                  0.06    0.00    2.76 ^ _449_/RESET_B (sky130_fd_sc_hd__dfrtp_1)
                                  2.76   data arrival time

                         10.00   10.00   clock clk (rise edge)
                          0.00   10.00   clock source latency
                  0.15    0.10   10.10 ^ clk (in)
     2    0.02                           clk (net)
                  0.15    0.00   10.10 ^ clkbuf_0_clk/A (sky130_fd_sc_hd__clkbuf_16)
                  0.10    0.28   10.37 ^ clkbuf_0_clk/X (sky130_fd_sc_hd__clkbuf_16)
     4    0.05                           clknet_0_clk (net)
                  0.10    0.00   10.37 ^ clkbuf_2_1__f_clk/A (sky130_fd_sc_hd__clkbuf_16)
                  0.10    0.26   10.63 ^ clkbuf_2_1__f_clk/X (sky130_fd_sc_hd__clkbuf_16)
    15    0.05                           clknet_2_1__leaf_clk (net)
                  0.10    0.00   10.63 ^ _449_/CLK (sky130_fd_sc_hd__dfrtp_1)
                         -0.25   10.38   clock uncertainty
                          0.00   10.38   clock reconvergence pessimism
                          0.48   10.86   library recovery time
                                 10.86   data required time
-----------------------------------------------------------------------------
                                 10.86   data required time
                                 -2.76   data arrival time
-----------------------------------------------------------------------------
                                  8.10   slack (MET)


Startpoint: rst (input port clocked by clk)
Endpoint: _446_ (recovery check against rising-edge clock clk)
Path Group: asynchronous
Path Type: max
Corner: Slowest

Fanout     Cap    Slew   Delay    Time   Description
-----------------------------------------------------------------------------
                          0.00    0.00   clock clk (rise edge)
                          0.00    0.00   clock network delay (propagated)
                          2.00    2.00 v input external delay
                  0.02    0.01    2.01 v rst (in)
     2    0.00                           rst (net)
                  0.02    0.00    2.01 v input1/A (sky130_fd_sc_hd__buf_1)
                  0.13    0.21    2.23 v input1/X (sky130_fd_sc_hd__buf_1)
     1    0.01                           net1 (net)
                  0.13    0.00    2.23 v _356_/A (sky130_fd_sc_hd__clkbuf_4)
                  0.18    0.40    2.63 v _356_/X (sky130_fd_sc_hd__clkbuf_4)
     9    0.05                           _200_ (net)
                  0.18    0.00    2.63 v _401_/A (sky130_fd_sc_hd__inv_2)
                  0.06    0.12    2.75 ^ _401_/Y (sky130_fd_sc_hd__inv_2)
     1    0.00                           _040_ (net)
                  0.06    0.00    2.75 ^ _446_/RESET_B (sky130_fd_sc_hd__dfrtp_1)
                                  2.75   data arrival time

                         10.00   10.00   clock clk (rise edge)
                          0.00   10.00   clock source latency
                  0.15    0.10   10.10 ^ clk (in)
     2    0.02                           clk (net)
                  0.15    0.00   10.10 ^ clkbuf_0_clk/A (sky130_fd_sc_hd__clkbuf_16)
                  0.10    0.28   10.37 ^ clkbuf_0_clk/X (sky130_fd_sc_hd__clkbuf_16)
     4    0.05                           clknet_0_clk (net)
                  0.10    0.00   10.37 ^ clkbuf_2_1__f_clk/A (sky130_fd_sc_hd__clkbuf_16)
                  0.10    0.26   10.63 ^ clkbuf_2_1__f_clk/X (sky130_fd_sc_hd__clkbuf_16)
    15    0.05                           clknet_2_1__leaf_clk (net)
                  0.10    0.00   10.63 ^ _446_/CLK (sky130_fd_sc_hd__dfrtp_1)
                         -0.25   10.38   clock uncertainty
                          0.00   10.38   clock reconvergence pessimism
                          0.48   10.86   library recovery time
                                 10.86   data required time
-----------------------------------------------------------------------------
                                 10.86   data required time
                                 -2.75   data arrival time
-----------------------------------------------------------------------------
                                  8.11   slack (MET)


Startpoint: rst (input port clocked by clk)
Endpoint: _450_ (recovery check against rising-edge clock clk)
Path Group: asynchronous
Path Type: max
Corner: Slowest

Fanout     Cap    Slew   Delay    Time   Description
-----------------------------------------------------------------------------
                          0.00    0.00   clock clk (rise edge)
                          0.00    0.00   clock network delay (propagated)
                          2.00    2.00 v input external delay
                  0.02    0.01    2.01 v rst (in)
     2    0.00                           rst (net)
                  0.02    0.00    2.01 v input1/A (sky130_fd_sc_hd__buf_1)
                  0.13    0.21    2.23 v input1/X (sky130_fd_sc_hd__buf_1)
     1    0.01                           net1 (net)
                  0.13    0.00    2.23 v _356_/A (sky130_fd_sc_hd__clkbuf_4)
                  0.18    0.40    2.63 v _356_/X (sky130_fd_sc_hd__clkbuf_4)
     9    0.05                           _200_ (net)
                  0.18    0.00    2.63 v _405_/A (sky130_fd_sc_hd__inv_2)
                  0.06    0.12    2.75 ^ _405_/Y (sky130_fd_sc_hd__inv_2)
     1    0.00                           _044_ (net)
                  0.06    0.00    2.75 ^ _450_/RESET_B (sky130_fd_sc_hd__dfrtp_1)
                                  2.75   data arrival time

                         10.00   10.00   clock clk (rise edge)
                          0.00   10.00   clock source latency
                  0.15    0.10   10.10 ^ clk (in)
     2    0.02                           clk (net)
                  0.15    0.00   10.10 ^ clkbuf_0_clk/A (sky130_fd_sc_hd__clkbuf_16)
                  0.10    0.28   10.37 ^ clkbuf_0_clk/X (sky130_fd_sc_hd__clkbuf_16)
     4    0.05                           clknet_0_clk (net)
                  0.10    0.00   10.37 ^ clkbuf_2_1__f_clk/A (sky130_fd_sc_hd__clkbuf_16)
                  0.10    0.26   10.63 ^ clkbuf_2_1__f_clk/X (sky130_fd_sc_hd__clkbuf_16)
    15    0.05                           clknet_2_1__leaf_clk (net)
                  0.10    0.00   10.63 ^ _450_/CLK (sky130_fd_sc_hd__dfrtp_1)
                         -0.25   10.38   clock uncertainty
                          0.00   10.38   clock reconvergence pessimism
                          0.48   10.86   library recovery time
                                 10.86   data required time
-----------------------------------------------------------------------------
                                 10.86   data required time
                                 -2.75   data arrival time
-----------------------------------------------------------------------------
                                  8.11   slack (MET)


Startpoint: rst (input port clocked by clk)
Endpoint: _448_ (recovery check against rising-edge clock clk)
Path Group: asynchronous
Path Type: max
Corner: Slowest

Fanout     Cap    Slew   Delay    Time   Description
-----------------------------------------------------------------------------
                          0.00    0.00   clock clk (rise edge)
                          0.00    0.00   clock network delay (propagated)
                          2.00    2.00 v input external delay
                  0.02    0.01    2.01 v rst (in)
     2    0.00                           rst (net)
                  0.02    0.00    2.01 v input1/A (sky130_fd_sc_hd__buf_1)
                  0.13    0.21    2.23 v input1/X (sky130_fd_sc_hd__buf_1)
     1    0.01                           net1 (net)
                  0.13    0.00    2.23 v _356_/A (sky130_fd_sc_hd__clkbuf_4)
                  0.18    0.40    2.63 v _356_/X (sky130_fd_sc_hd__clkbuf_4)
     9    0.05                           _200_ (net)
                  0.18    0.00    2.63 v _403_/A (sky130_fd_sc_hd__inv_2)
                  0.06    0.12    2.75 ^ _403_/Y (sky130_fd_sc_hd__inv_2)
     1    0.00                           _042_ (net)
                  0.06    0.00    2.75 ^ _448_/RESET_B (sky130_fd_sc_hd__dfrtp_1)
                                  2.75   data arrival time

                         10.00   10.00   clock clk (rise edge)
                          0.00   10.00   clock source latency
                  0.15    0.10   10.10 ^ clk (in)
     2    0.02                           clk (net)
                  0.15    0.00   10.10 ^ clkbuf_0_clk/A (sky130_fd_sc_hd__clkbuf_16)
                  0.10    0.28   10.37 ^ clkbuf_0_clk/X (sky130_fd_sc_hd__clkbuf_16)
     4    0.05                           clknet_0_clk (net)
                  0.10    0.00   10.37 ^ clkbuf_2_1__f_clk/A (sky130_fd_sc_hd__clkbuf_16)
                  0.10    0.26   10.63 ^ clkbuf_2_1__f_clk/X (sky130_fd_sc_hd__clkbuf_16)
    15    0.05                           clknet_2_1__leaf_clk (net)
                  0.10    0.00   10.63 ^ _448_/CLK (sky130_fd_sc_hd__dfrtp_1)
                         -0.25   10.38   clock uncertainty
                          0.00   10.38   clock reconvergence pessimism
                          0.48   10.86   library recovery time
                                 10.86   data required time
-----------------------------------------------------------------------------
                                 10.86   data required time
                                 -2.75   data arrival time
-----------------------------------------------------------------------------
                                  8.11   slack (MET)


Startpoint: rst (input port clocked by clk)
Endpoint: _447_ (recovery check against rising-edge clock clk)
Path Group: asynchronous
Path Type: max
Corner: Slowest

Fanout     Cap    Slew   Delay    Time   Description
-----------------------------------------------------------------------------
                          0.00    0.00   clock clk (rise edge)
                          0.00    0.00   clock network delay (propagated)
                          2.00    2.00 v input external delay
                  0.02    0.01    2.01 v rst (in)
     2    0.00                           rst (net)
                  0.02    0.00    2.01 v input1/A (sky130_fd_sc_hd__buf_1)
                  0.13    0.21    2.23 v input1/X (sky130_fd_sc_hd__buf_1)
     1    0.01                           net1 (net)
                  0.13    0.00    2.23 v _356_/A (sky130_fd_sc_hd__clkbuf_4)
                  0.18    0.40    2.63 v _356_/X (sky130_fd_sc_hd__clkbuf_4)
     9    0.05                           _200_ (net)
                  0.18    0.00    2.63 v _402_/A (sky130_fd_sc_hd__inv_2)
                  0.06    0.12    2.75 ^ _402_/Y (sky130_fd_sc_hd__inv_2)
     1    0.00                           _041_ (net)
                  0.06    0.00    2.75 ^ _447_/RESET_B (sky130_fd_sc_hd__dfrtp_1)
                                  2.75   data arrival time

                         10.00   10.00   clock clk (rise edge)
                          0.00   10.00   clock source latency
                  0.15    0.10   10.10 ^ clk (in)
     2    0.02                           clk (net)
                  0.15    0.00   10.10 ^ clkbuf_0_clk/A (sky130_fd_sc_hd__clkbuf_16)
                  0.10    0.28   10.37 ^ clkbuf_0_clk/X (sky130_fd_sc_hd__clkbuf_16)
     4    0.05                           clknet_0_clk (net)
                  0.10    0.00   10.37 ^ clkbuf_2_1__f_clk/A (sky130_fd_sc_hd__clkbuf_16)
                  0.10    0.26   10.63 ^ clkbuf_2_1__f_clk/X (sky130_fd_sc_hd__clkbuf_16)
    15    0.05                           clknet_2_1__leaf_clk (net)
                  0.10    0.00   10.63 ^ _447_/CLK (sky130_fd_sc_hd__dfrtp_1)
                         -0.25   10.38   clock uncertainty
                          0.00   10.38   clock reconvergence pessimism
                          0.48   10.86   library recovery time
                                 10.86   data required time
-----------------------------------------------------------------------------
                                 10.86   data required time
                                 -2.75   data arrival time
-----------------------------------------------------------------------------
                                  8.11   slack (MET)



======================= Typical Corner ===================================

Startpoint: _436_ (rising edge-triggered flip-flop clocked by clk)
Endpoint: rx_data[4] (output port clocked by clk)
Path Group: clk
Path Type: max
Corner: Typical

Fanout     Cap    Slew   Delay    Time   Description
-----------------------------------------------------------------------------
                          0.00    0.00   clock clk (rise edge)
                          0.00    0.00   clock source latency
                  0.09    0.07    0.07 ^ clk (in)
     2    0.02                           clk (net)
                  0.09    0.00    0.07 ^ clkbuf_0_clk/A (sky130_fd_sc_hd__clkbuf_16)
                  0.07    0.17    0.24 ^ clkbuf_0_clk/X (sky130_fd_sc_hd__clkbuf_16)
     4    0.05                           clknet_0_clk (net)
                  0.07    0.00    0.24 ^ clkbuf_2_0__f_clk/A (sky130_fd_sc_hd__clkbuf_16)
                  0.06    0.15    0.39 ^ clkbuf_2_0__f_clk/X (sky130_fd_sc_hd__clkbuf_16)
    11    0.04                           clknet_2_0__leaf_clk (net)
                  0.06    0.00    0.40 ^ _436_/CLK (sky130_fd_sc_hd__dfrtp_1)
                  0.19    0.46    0.85 ^ _436_/Q (sky130_fd_sc_hd__dfrtp_1)
     4    0.02                           net15 (net)
                  0.19    0.00    0.85 ^ output15/A (sky130_fd_sc_hd__buf_2)
                  0.17    0.26    1.11 ^ output15/X (sky130_fd_sc_hd__buf_2)
     1    0.03                           rx_data[4] (net)
                  0.17    0.00    1.11 ^ rx_data[4] (out)
                                  1.11   data arrival time

                         10.00   10.00   clock clk (rise edge)
                          0.00   10.00   clock network delay (propagated)
                         -0.25    9.75   clock uncertainty
                          0.00    9.75   clock reconvergence pessimism
                         -2.00    7.75   output external delay
                                  7.75   data required time
-----------------------------------------------------------------------------
                                  7.75   data required time
                                 -1.11   data arrival time
-----------------------------------------------------------------------------
                                  6.64   slack (MET)


Startpoint: _432_ (rising edge-triggered flip-flop clocked by clk)
Endpoint: rx_data[0] (output port clocked by clk)
Path Group: clk
Path Type: max
Corner: Typical

Fanout     Cap    Slew   Delay    Time   Description
-----------------------------------------------------------------------------
                          0.00    0.00   clock clk (rise edge)
                          0.00    0.00   clock source latency
                  0.09    0.07    0.07 ^ clk (in)
     2    0.02                           clk (net)
                  0.09    0.00    0.07 ^ clkbuf_0_clk/A (sky130_fd_sc_hd__clkbuf_16)
                  0.07    0.17    0.24 ^ clkbuf_0_clk/X (sky130_fd_sc_hd__clkbuf_16)
     4    0.05                           clknet_0_clk (net)
                  0.07    0.00    0.24 ^ clkbuf_2_1__f_clk/A (sky130_fd_sc_hd__clkbuf_16)
                  0.07    0.16    0.40 ^ clkbuf_2_1__f_clk/X (sky130_fd_sc_hd__clkbuf_16)
    15    0.05                           clknet_2_1__leaf_clk (net)
                  0.07    0.00    0.40 ^ _432_/CLK (sky130_fd_sc_hd__dfrtp_2)
                  0.09    0.48    0.88 v _432_/Q (sky130_fd_sc_hd__dfrtp_2)
     4    0.03                           net11 (net)
                  0.09    0.00    0.88 v output11/A (sky130_fd_sc_hd__clkbuf_4)
                  0.08    0.21    1.10 v output11/X (sky130_fd_sc_hd__clkbuf_4)
     1    0.03                           rx_data[0] (net)
                  0.08    0.00    1.10 v rx_data[0] (out)
                                  1.10   data arrival time

                         10.00   10.00   clock clk (rise edge)
                          0.00   10.00   clock network delay (propagated)
                         -0.25    9.75   clock uncertainty
                          0.00    9.75   clock reconvergence pessimism
                         -2.00    7.75   output external delay
                                  7.75   data required time
-----------------------------------------------------------------------------
                                  7.75   data required time
                                 -1.10   data arrival time
-----------------------------------------------------------------------------
                                  6.65   slack (MET)


Startpoint: _438_ (rising edge-triggered flip-flop clocked by clk)
Endpoint: rx_data[6] (output port clocked by clk)
Path Group: clk
Path Type: max
Corner: Typical

Fanout     Cap    Slew   Delay    Time   Description
-----------------------------------------------------------------------------
                          0.00    0.00   clock clk (rise edge)
                          0.00    0.00   clock source latency
                  0.09    0.07    0.07 ^ clk (in)
     2    0.02                           clk (net)
                  0.09    0.00    0.07 ^ clkbuf_0_clk/A (sky130_fd_sc_hd__clkbuf_16)
                  0.07    0.17    0.24 ^ clkbuf_0_clk/X (sky130_fd_sc_hd__clkbuf_16)
     4    0.05                           clknet_0_clk (net)
                  0.07    0.00    0.24 ^ clkbuf_2_1__f_clk/A (sky130_fd_sc_hd__clkbuf_16)
                  0.07    0.16    0.40 ^ clkbuf_2_1__f_clk/X (sky130_fd_sc_hd__clkbuf_16)
    15    0.05                           clknet_2_1__leaf_clk (net)
                  0.07    0.00    0.40 ^ _438_/CLK (sky130_fd_sc_hd__dfrtp_2)
                  0.14    0.45    0.85 ^ _438_/Q (sky130_fd_sc_hd__dfrtp_2)
     4    0.03                           net17 (net)
                  0.14    0.00    0.85 ^ output17/A (sky130_fd_sc_hd__buf_2)
                  0.17    0.24    1.10 ^ output17/X (sky130_fd_sc_hd__buf_2)
     1    0.03                           rx_data[6] (net)
                  0.17    0.00    1.10 ^ rx_data[6] (out)
                                  1.10   data arrival time

                         10.00   10.00   clock clk (rise edge)
                          0.00   10.00   clock network delay (propagated)
                         -0.25    9.75   clock uncertainty
                          0.00    9.75   clock reconvergence pessimism
                         -2.00    7.75   output external delay
                                  7.75   data required time
-----------------------------------------------------------------------------
                                  7.75   data required time
                                 -1.10   data arrival time
-----------------------------------------------------------------------------
                                  6.65   slack (MET)


Startpoint: _433_ (rising edge-triggered flip-flop clocked by clk)
Endpoint: rx_data[1] (output port clocked by clk)
Path Group: clk
Path Type: max
Corner: Typical

Fanout     Cap    Slew   Delay    Time   Description
-----------------------------------------------------------------------------
                          0.00    0.00   clock clk (rise edge)
                          0.00    0.00   clock source latency
                  0.09    0.07    0.07 ^ clk (in)
     2    0.02                           clk (net)
                  0.09    0.00    0.07 ^ clkbuf_0_clk/A (sky130_fd_sc_hd__clkbuf_16)
                  0.07    0.17    0.24 ^ clkbuf_0_clk/X (sky130_fd_sc_hd__clkbuf_16)
     4    0.05                           clknet_0_clk (net)
                  0.07    0.00    0.24 ^ clkbuf_2_1__f_clk/A (sky130_fd_sc_hd__clkbuf_16)
                  0.07    0.16    0.40 ^ clkbuf_2_1__f_clk/X (sky130_fd_sc_hd__clkbuf_16)
    15    0.05                           clknet_2_1__leaf_clk (net)
                  0.07    0.00    0.40 ^ _433_/CLK (sky130_fd_sc_hd__dfrtp_1)
                  0.16    0.44    0.84 ^ _433_/Q (sky130_fd_sc_hd__dfrtp_1)
     4    0.02                           net12 (net)
                  0.16    0.00    0.84 ^ output12/A (sky130_fd_sc_hd__clkbuf_4)
                  0.11    0.24    1.08 ^ output12/X (sky130_fd_sc_hd__clkbuf_4)
     1    0.03                           rx_data[1] (net)
                  0.11    0.00    1.08 ^ rx_data[1] (out)
                                  1.08   data arrival time

                         10.00   10.00   clock clk (rise edge)
                          0.00   10.00   clock network delay (propagated)
                         -0.25    9.75   clock uncertainty
                          0.00    9.75   clock reconvergence pessimism
                         -2.00    7.75   output external delay
                                  7.75   data required time
-----------------------------------------------------------------------------
                                  7.75   data required time
                                 -1.08   data arrival time
-----------------------------------------------------------------------------
                                  6.67   slack (MET)


Startpoint: _437_ (rising edge-triggered flip-flop clocked by clk)
Endpoint: rx_data[5] (output port clocked by clk)
Path Group: clk
Path Type: max
Corner: Typical

Fanout     Cap    Slew   Delay    Time   Description
-----------------------------------------------------------------------------
                          0.00    0.00   clock clk (rise edge)
                          0.00    0.00   clock source latency
                  0.09    0.07    0.07 ^ clk (in)
     2    0.02                           clk (net)
                  0.09    0.00    0.07 ^ clkbuf_0_clk/A (sky130_fd_sc_hd__clkbuf_16)
                  0.07    0.17    0.24 ^ clkbuf_0_clk/X (sky130_fd_sc_hd__clkbuf_16)
     4    0.05                           clknet_0_clk (net)
                  0.07    0.00    0.24 ^ clkbuf_2_0__f_clk/A (sky130_fd_sc_hd__clkbuf_16)
                  0.06    0.15    0.39 ^ clkbuf_2_0__f_clk/X (sky130_fd_sc_hd__clkbuf_16)
    11    0.04                           clknet_2_0__leaf_clk (net)
                  0.06    0.00    0.40 ^ _437_/CLK (sky130_fd_sc_hd__dfrtp_1)
                  0.09    0.43    0.83 v _437_/Q (sky130_fd_sc_hd__dfrtp_1)
     2    0.01                           net16 (net)
                  0.09    0.00    0.83 v output16/A (sky130_fd_sc_hd__clkbuf_4)
                  0.08    0.21    1.04 v output16/X (sky130_fd_sc_hd__clkbuf_4)
     1    0.03                           rx_data[5] (net)
                  0.08    0.00    1.04 v rx_data[5] (out)
                                  1.04   data arrival time

                         10.00   10.00   clock clk (rise edge)
                          0.00   10.00   clock network delay (propagated)
                         -0.25    9.75   clock uncertainty
                          0.00    9.75   clock reconvergence pessimism
                         -2.00    7.75   output external delay
                                  7.75   data required time
-----------------------------------------------------------------------------
                                  7.75   data required time
                                 -1.04   data arrival time
-----------------------------------------------------------------------------
                                  6.71   slack (MET)


Startpoint: _419_ (rising edge-triggered flip-flop clocked by clk)
Endpoint: tx_busy (output port clocked by clk)
Path Group: clk
Path Type: max
Corner: Typical

Fanout     Cap    Slew   Delay    Time   Description
-----------------------------------------------------------------------------
                          0.00    0.00   clock clk (rise edge)
                          0.00    0.00   clock source latency
                  0.09    0.07    0.07 ^ clk (in)
     2    0.02                           clk (net)
                  0.09    0.00    0.07 ^ clkbuf_0_clk/A (sky130_fd_sc_hd__clkbuf_16)
                  0.07    0.17    0.24 ^ clkbuf_0_clk/X (sky130_fd_sc_hd__clkbuf_16)
     4    0.05                           clknet_0_clk (net)
                  0.07    0.00    0.24 ^ clkbuf_2_2__f_clk/A (sky130_fd_sc_hd__clkbuf_16)
                  0.05    0.15    0.39 ^ clkbuf_2_2__f_clk/X (sky130_fd_sc_hd__clkbuf_16)
    11    0.03                           clknet_2_2__leaf_clk (net)
                  0.05    0.00    0.39 ^ _419_/CLK (sky130_fd_sc_hd__dfrtp_1)
                  0.08    0.43    0.82 v _419_/Q (sky130_fd_sc_hd__dfrtp_1)
     2    0.01                           net20 (net)
                  0.08    0.00    0.82 v output20/A (sky130_fd_sc_hd__clkbuf_4)
                  0.08    0.21    1.03 v output20/X (sky130_fd_sc_hd__clkbuf_4)
     1    0.03                           tx_busy (net)
                  0.08    0.00    1.03 v tx_busy (out)
                                  1.03   data arrival time

                         10.00   10.00   clock clk (rise edge)
                          0.00   10.00   clock network delay (propagated)
                         -0.25    9.75   clock uncertainty
                          0.00    9.75   clock reconvergence pessimism
                         -2.00    7.75   output external delay
                                  7.75   data required time
-----------------------------------------------------------------------------
                                  7.75   data required time
                                 -1.03   data arrival time
-----------------------------------------------------------------------------
                                  6.72   slack (MET)


Startpoint: _421_ (rising edge-triggered flip-flop clocked by clk)
Endpoint: rx_done (output port clocked by clk)
Path Group: clk
Path Type: max
Corner: Typical

Fanout     Cap    Slew   Delay    Time   Description
-----------------------------------------------------------------------------
                          0.00    0.00   clock clk (rise edge)
                          0.00    0.00   clock source latency
                  0.09    0.07    0.07 ^ clk (in)
     2    0.02                           clk (net)
                  0.09    0.00    0.07 ^ clkbuf_0_clk/A (sky130_fd_sc_hd__clkbuf_16)
                  0.07    0.17    0.24 ^ clkbuf_0_clk/X (sky130_fd_sc_hd__clkbuf_16)
     4    0.05                           clknet_0_clk (net)
                  0.07    0.00    0.24 ^ clkbuf_2_0__f_clk/A (sky130_fd_sc_hd__clkbuf_16)
                  0.06    0.15    0.39 ^ clkbuf_2_0__f_clk/X (sky130_fd_sc_hd__clkbuf_16)
    11    0.04                           clknet_2_0__leaf_clk (net)
                  0.06    0.00    0.40 ^ _421_/CLK (sky130_fd_sc_hd__dfrtp_1)
                  0.07    0.42    0.82 v _421_/Q (sky130_fd_sc_hd__dfrtp_1)
     2    0.01                           net19 (net)
                  0.07    0.00    0.82 v output19/A (sky130_fd_sc_hd__clkbuf_4)
                  0.08    0.20    1.02 v output19/X (sky130_fd_sc_hd__clkbuf_4)
     1    0.03                           rx_done (net)
                  0.08    0.00    1.02 v rx_done (out)
                                  1.02   data arrival time

                         10.00   10.00   clock clk (rise edge)
                          0.00   10.00   clock network delay (propagated)
                         -0.25    9.75   clock uncertainty
                          0.00    9.75   clock reconvergence pessimism
                         -2.00    7.75   output external delay
                                  7.75   data required time
-----------------------------------------------------------------------------
                                  7.75   data required time
                                 -1.02   data arrival time
-----------------------------------------------------------------------------
                                  6.73   slack (MET)


Startpoint: _439_ (rising edge-triggered flip-flop clocked by clk)
Endpoint: rx_data[7] (output port clocked by clk)
Path Group: clk
Path Type: max
Corner: Typical

Fanout     Cap    Slew   Delay    Time   Description
-----------------------------------------------------------------------------
                          0.00    0.00   clock clk (rise edge)
                          0.00    0.00   clock source latency
                  0.09    0.07    0.07 ^ clk (in)
     2    0.02                           clk (net)
                  0.09    0.00    0.07 ^ clkbuf_0_clk/A (sky130_fd_sc_hd__clkbuf_16)
                  0.07    0.17    0.24 ^ clkbuf_0_clk/X (sky130_fd_sc_hd__clkbuf_16)
     4    0.05                           clknet_0_clk (net)
                  0.07    0.00    0.24 ^ clkbuf_2_0__f_clk/A (sky130_fd_sc_hd__clkbuf_16)
                  0.06    0.15    0.39 ^ clkbuf_2_0__f_clk/X (sky130_fd_sc_hd__clkbuf_16)
    11    0.04                           clknet_2_0__leaf_clk (net)
                  0.06    0.00    0.40 ^ _439_/CLK (sky130_fd_sc_hd__dfrtp_1)
                  0.07    0.41    0.81 v _439_/Q (sky130_fd_sc_hd__dfrtp_1)
     2    0.01                           net18 (net)
                  0.07    0.00    0.81 v output18/A (sky130_fd_sc_hd__clkbuf_4)
                  0.08    0.20    1.01 v output18/X (sky130_fd_sc_hd__clkbuf_4)
     1    0.03                           rx_data[7] (net)
                  0.08    0.00    1.02 v rx_data[7] (out)
                                  1.02   data arrival time

                         10.00   10.00   clock clk (rise edge)
                          0.00   10.00   clock network delay (propagated)
                         -0.25    9.75   clock uncertainty
                          0.00    9.75   clock reconvergence pessimism
                         -2.00    7.75   output external delay
                                  7.75   data required time
-----------------------------------------------------------------------------
                                  7.75   data required time
                                 -1.02   data arrival time
-----------------------------------------------------------------------------
                                  6.73   slack (MET)


Startpoint: _443_ (rising edge-triggered flip-flop clocked by clk)
Endpoint: _437_ (rising edge-triggered flip-flop clocked by clk)
Path Group: clk
Path Type: max
Corner: Typical

Fanout     Cap    Slew   Delay    Time   Description
-----------------------------------------------------------------------------
                          0.00    0.00   clock clk (rise edge)
                          0.00    0.00   clock source latency
                  0.09    0.07    0.07 ^ clk (in)
     2    0.02                           clk (net)
                  0.09    0.00    0.07 ^ clkbuf_0_clk/A (sky130_fd_sc_hd__clkbuf_16)
                  0.07    0.17    0.24 ^ clkbuf_0_clk/X (sky130_fd_sc_hd__clkbuf_16)
     4    0.05                           clknet_0_clk (net)
                  0.07    0.00    0.24 ^ clkbuf_2_1__f_clk/A (sky130_fd_sc_hd__clkbuf_16)
                  0.07    0.16    0.40 ^ clkbuf_2_1__f_clk/X (sky130_fd_sc_hd__clkbuf_16)
    15    0.05                           clknet_2_1__leaf_clk (net)
                  0.07    0.00    0.40 ^ _443_/CLK (sky130_fd_sc_hd__dfrtp_4)
                  0.10    0.47    0.88 ^ _443_/Q (sky130_fd_sc_hd__dfrtp_4)
     7    0.02                           rx_inst.clk_count[0] (net)
                  0.10    0.00    0.88 ^ _220_/C_N (sky130_fd_sc_hd__or4bb_1)
                  0.09    0.52    1.40 v _220_/X (sky130_fd_sc_hd__or4bb_1)
     1    0.00                           _101_ (net)
                  0.09    0.00    1.40 v _223_/A2 (sky130_fd_sc_hd__o211a_2)
                  0.08    0.32    1.72 v _223_/X (sky130_fd_sc_hd__o211a_2)
     7    0.02                           _104_ (net)
                  0.08    0.00    1.72 v _257_/C (sky130_fd_sc_hd__or4_2)
                  0.13    0.70    2.43 v _257_/X (sky130_fd_sc_hd__or4_2)
     3    0.01                           _131_ (net)
                  0.13    0.00    2.43 v _265_/A (sky130_fd_sc_hd__or3b_1)
                  0.07    0.43    2.86 v _265_/X (sky130_fd_sc_hd__or3b_1)
     1    0.00                           _137_ (net)
                  0.07    0.00    2.86 v _266_/S (sky130_fd_sc_hd__mux2_1)
                  0.06    0.33    3.19 v _266_/X (sky130_fd_sc_hd__mux2_1)
     1    0.00                           _138_ (net)
                  0.06    0.00    3.19 v _267_/A (sky130_fd_sc_hd__clkbuf_1)
                  0.02    0.09    3.28 v _267_/X (sky130_fd_sc_hd__clkbuf_1)
     1    0.00                           _076_ (net)
                  0.02    0.00    3.28 v _437_/D (sky130_fd_sc_hd__dfrtp_1)
                                  3.28   data arrival time

                         10.00   10.00   clock clk (rise edge)
                          0.00   10.00   clock source latency
                  0.09    0.06   10.06 ^ clk (in)
     2    0.02                           clk (net)
                  0.09    0.00   10.06 ^ clkbuf_0_clk/A (sky130_fd_sc_hd__clkbuf_16)
                  0.07    0.16   10.22 ^ clkbuf_0_clk/X (sky130_fd_sc_hd__clkbuf_16)
     4    0.05                           clknet_0_clk (net)
                  0.07    0.00   10.22 ^ clkbuf_2_0__f_clk/A (sky130_fd_sc_hd__clkbuf_16)
                  0.06    0.14   10.36 ^ clkbuf_2_0__f_clk/X (sky130_fd_sc_hd__clkbuf_16)
    11    0.04                           clknet_2_0__leaf_clk (net)
                  0.06    0.00   10.36 ^ _437_/CLK (sky130_fd_sc_hd__dfrtp_1)
                         -0.25   10.11   clock uncertainty
                          0.02   10.13   clock reconvergence pessimism
                         -0.10   10.03   library setup time
                                 10.03   data required time
-----------------------------------------------------------------------------
                                 10.03   data required time
                                 -3.28   data arrival time
-----------------------------------------------------------------------------
                                  6.74   slack (MET)


Startpoint: _435_ (rising edge-triggered flip-flop clocked by clk)
Endpoint: rx_data[3] (output port clocked by clk)
Path Group: clk
Path Type: max
Corner: Typical

Fanout     Cap    Slew   Delay    Time   Description
-----------------------------------------------------------------------------
                          0.00    0.00   clock clk (rise edge)
                          0.00    0.00   clock source latency
                  0.09    0.07    0.07 ^ clk (in)
     2    0.02                           clk (net)
                  0.09    0.00    0.07 ^ clkbuf_0_clk/A (sky130_fd_sc_hd__clkbuf_16)
                  0.07    0.17    0.24 ^ clkbuf_0_clk/X (sky130_fd_sc_hd__clkbuf_16)
     4    0.05                           clknet_0_clk (net)
                  0.07    0.00    0.24 ^ clkbuf_2_0__f_clk/A (sky130_fd_sc_hd__clkbuf_16)
                  0.06    0.15    0.39 ^ clkbuf_2_0__f_clk/X (sky130_fd_sc_hd__clkbuf_16)
    11    0.04                           clknet_2_0__leaf_clk (net)
                  0.06    0.00    0.40 ^ _435_/CLK (sky130_fd_sc_hd__dfrtp_1)
                  0.07    0.41    0.80 v _435_/Q (sky130_fd_sc_hd__dfrtp_1)
     2    0.01                           net14 (net)
                  0.07    0.00    0.80 v output14/A (sky130_fd_sc_hd__clkbuf_4)
                  0.08    0.20    1.01 v output14/X (sky130_fd_sc_hd__clkbuf_4)
     1    0.03                           rx_data[3] (net)
                  0.08    0.00    1.01 v rx_data[3] (out)
                                  1.01   data arrival time

                         10.00   10.00   clock clk (rise edge)
                          0.00   10.00   clock network delay (propagated)
                         -0.25    9.75   clock uncertainty
                          0.00    9.75   clock reconvergence pessimism
                         -2.00    7.75   output external delay
                                  7.75   data required time
-----------------------------------------------------------------------------
                                  7.75   data required time
                                 -1.01   data arrival time
-----------------------------------------------------------------------------
                                  6.74   slack (MET)


Startpoint: _434_ (rising edge-triggered flip-flop clocked by clk)
Endpoint: rx_data[2] (output port clocked by clk)
Path Group: clk
Path Type: max
Corner: Typical

Fanout     Cap    Slew   Delay    Time   Description
-----------------------------------------------------------------------------
                          0.00    0.00   clock clk (rise edge)
                          0.00    0.00   clock source latency
                  0.09    0.07    0.07 ^ clk (in)
     2    0.02                           clk (net)
                  0.09    0.00    0.07 ^ clkbuf_0_clk/A (sky130_fd_sc_hd__clkbuf_16)
                  0.07    0.17    0.24 ^ clkbuf_0_clk/X (sky130_fd_sc_hd__clkbuf_16)
     4    0.05                           clknet_0_clk (net)
                  0.07    0.00    0.24 ^ clkbuf_2_0__f_clk/A (sky130_fd_sc_hd__clkbuf_16)
                  0.06    0.15    0.39 ^ clkbuf_2_0__f_clk/X (sky130_fd_sc_hd__clkbuf_16)
    11    0.04                           clknet_2_0__leaf_clk (net)
                  0.06    0.00    0.40 ^ _434_/CLK (sky130_fd_sc_hd__dfrtp_1)
                  0.06    0.40    0.80 v _434_/Q (sky130_fd_sc_hd__dfrtp_1)
     2    0.01                           net13 (net)
                  0.06    0.00    0.80 v output13/A (sky130_fd_sc_hd__clkbuf_4)
                  0.08    0.20    1.00 v output13/X (sky130_fd_sc_hd__clkbuf_4)
     1    0.03                           rx_data[2] (net)
                  0.08    0.00    1.00 v rx_data[2] (out)
                                  1.00   data arrival time

                         10.00   10.00   clock clk (rise edge)
                          0.00   10.00   clock network delay (propagated)
                         -0.25    9.75   clock uncertainty
                          0.00    9.75   clock reconvergence pessimism
                         -2.00    7.75   output external delay
                                  7.75   data required time
-----------------------------------------------------------------------------
                                  7.75   data required time
                                 -1.00   data arrival time
-----------------------------------------------------------------------------
                                  6.75   slack (MET)


Startpoint: _443_ (rising edge-triggered flip-flop clocked by clk)
Endpoint: _438_ (rising edge-triggered flip-flop clocked by clk)
Path Group: clk
Path Type: max
Corner: Typical

Fanout     Cap    Slew   Delay    Time   Description
-----------------------------------------------------------------------------
                          0.00    0.00   clock clk (rise edge)
                          0.00    0.00   clock source latency
                  0.09    0.07    0.07 ^ clk (in)
     2    0.02                           clk (net)
                  0.09    0.00    0.07 ^ clkbuf_0_clk/A (sky130_fd_sc_hd__clkbuf_16)
                  0.07    0.17    0.24 ^ clkbuf_0_clk/X (sky130_fd_sc_hd__clkbuf_16)
     4    0.05                           clknet_0_clk (net)
                  0.07    0.00    0.24 ^ clkbuf_2_1__f_clk/A (sky130_fd_sc_hd__clkbuf_16)
                  0.07    0.16    0.40 ^ clkbuf_2_1__f_clk/X (sky130_fd_sc_hd__clkbuf_16)
    15    0.05                           clknet_2_1__leaf_clk (net)
                  0.07    0.00    0.40 ^ _443_/CLK (sky130_fd_sc_hd__dfrtp_4)
                  0.10    0.47    0.88 ^ _443_/Q (sky130_fd_sc_hd__dfrtp_4)
     7    0.02                           rx_inst.clk_count[0] (net)
                  0.10    0.00    0.88 ^ _220_/C_N (sky130_fd_sc_hd__or4bb_1)
                  0.09    0.52    1.40 v _220_/X (sky130_fd_sc_hd__or4bb_1)
     1    0.00                           _101_ (net)
                  0.09    0.00    1.40 v _223_/A2 (sky130_fd_sc_hd__o211a_2)
                  0.08    0.32    1.72 v _223_/X (sky130_fd_sc_hd__o211a_2)
     7    0.02                           _104_ (net)
                  0.08    0.00    1.72 v _257_/C (sky130_fd_sc_hd__or4_2)
                  0.13    0.70    2.43 v _257_/X (sky130_fd_sc_hd__or4_2)
     3    0.01                           _131_ (net)
                  0.13    0.00    2.43 v _262_/B (sky130_fd_sc_hd__or3b_1)
                  0.08    0.41    2.83 v _262_/X (sky130_fd_sc_hd__or3b_1)
     1    0.00                           _135_ (net)
                  0.08    0.00    2.83 v _263_/S (sky130_fd_sc_hd__mux2_1)
                  0.06    0.33    3.16 v _263_/X (sky130_fd_sc_hd__mux2_1)
     1    0.00                           _136_ (net)
                  0.06    0.00    3.16 v _264_/A (sky130_fd_sc_hd__clkbuf_1)
                  0.02    0.09    3.26 v _264_/X (sky130_fd_sc_hd__clkbuf_1)
     1    0.00                           _077_ (net)
                  0.02    0.00    3.26 v _438_/D (sky130_fd_sc_hd__dfrtp_2)
                                  3.26   data arrival time

                         10.00   10.00   clock clk (rise edge)
                          0.00   10.00   clock source latency
                  0.09    0.06   10.06 ^ clk (in)
     2    0.02                           clk (net)
                  0.09    0.00   10.06 ^ clkbuf_0_clk/A (sky130_fd_sc_hd__clkbuf_16)
                  0.07    0.16   10.22 ^ clkbuf_0_clk/X (sky130_fd_sc_hd__clkbuf_16)
     4    0.05                           clknet_0_clk (net)
                  0.07    0.00   10.22 ^ clkbuf_2_1__f_clk/A (sky130_fd_sc_hd__clkbuf_16)
                  0.07    0.15   10.37 ^ clkbuf_2_1__f_clk/X (sky130_fd_sc_hd__clkbuf_16)
    15    0.05                           clknet_2_1__leaf_clk (net)
                  0.07    0.00   10.37 ^ _438_/CLK (sky130_fd_sc_hd__dfrtp_2)
                         -0.25   10.12   clock uncertainty
                          0.04   10.15   clock reconvergence pessimism
                         -0.10   10.05   library setup time
                                 10.05   data required time
-----------------------------------------------------------------------------
                                 10.05   data required time
                                 -3.26   data arrival time
-----------------------------------------------------------------------------
                                  6.79   slack (MET)


Startpoint: _443_ (rising edge-triggered flip-flop clocked by clk)
Endpoint: _436_ (rising edge-triggered flip-flop clocked by clk)
Path Group: clk
Path Type: max
Corner: Typical

Fanout     Cap    Slew   Delay    Time   Description
-----------------------------------------------------------------------------
                          0.00    0.00   clock clk (rise edge)
                          0.00    0.00   clock source latency
                  0.09    0.07    0.07 ^ clk (in)
     2    0.02                           clk (net)
                  0.09    0.00    0.07 ^ clkbuf_0_clk/A (sky130_fd_sc_hd__clkbuf_16)
                  0.07    0.17    0.24 ^ clkbuf_0_clk/X (sky130_fd_sc_hd__clkbuf_16)
     4    0.05                           clknet_0_clk (net)
                  0.07    0.00    0.24 ^ clkbuf_2_1__f_clk/A (sky130_fd_sc_hd__clkbuf_16)
                  0.07    0.16    0.40 ^ clkbuf_2_1__f_clk/X (sky130_fd_sc_hd__clkbuf_16)
    15    0.05                           clknet_2_1__leaf_clk (net)
                  0.07    0.00    0.40 ^ _443_/CLK (sky130_fd_sc_hd__dfrtp_4)
                  0.10    0.47    0.88 ^ _443_/Q (sky130_fd_sc_hd__dfrtp_4)
     7    0.02                           rx_inst.clk_count[0] (net)
                  0.10    0.00    0.88 ^ _220_/C_N (sky130_fd_sc_hd__or4bb_1)
                  0.09    0.52    1.40 v _220_/X (sky130_fd_sc_hd__or4bb_1)
     1    0.00                           _101_ (net)
                  0.09    0.00    1.40 v _223_/A2 (sky130_fd_sc_hd__o211a_2)
                  0.08    0.32    1.72 v _223_/X (sky130_fd_sc_hd__o211a_2)
     7    0.02                           _104_ (net)
                  0.08    0.00    1.72 v _250_/C (sky130_fd_sc_hd__or3_2)
                  0.12    0.50    2.22 v _250_/X (sky130_fd_sc_hd__or3_2)
     5    0.02                           _126_ (net)
                  0.12    0.00    2.22 v _268_/C (sky130_fd_sc_hd__or4b_1)
                  0.09    0.52    2.74 v _268_/X (sky130_fd_sc_hd__or4b_1)
     1    0.00                           _139_ (net)
                  0.09    0.00    2.74 v _269_/S (sky130_fd_sc_hd__mux2_1)
                  0.05    0.33    3.08 v _269_/X (sky130_fd_sc_hd__mux2_1)
     1    0.00                           _140_ (net)
                  0.05    0.00    3.08 v _270_/A (sky130_fd_sc_hd__clkbuf_1)
                  0.02    0.09    3.17 v _270_/X (sky130_fd_sc_hd__clkbuf_1)
     1    0.00                           _075_ (net)
                  0.02    0.00    3.17 v _436_/D (sky130_fd_sc_hd__dfrtp_1)
                                  3.17   data arrival time

                         10.00   10.00   clock clk (rise edge)
                          0.00   10.00   clock source latency
                  0.09    0.06   10.06 ^ clk (in)
     2    0.02                           clk (net)
                  0.09    0.00   10.06 ^ clkbuf_0_clk/A (sky130_fd_sc_hd__clkbuf_16)
                  0.07    0.16   10.22 ^ clkbuf_0_clk/X (sky130_fd_sc_hd__clkbuf_16)
     4    0.05                           clknet_0_clk (net)
                  0.07    0.00   10.22 ^ clkbuf_2_0__f_clk/A (sky130_fd_sc_hd__clkbuf_16)
                  0.06    0.14   10.36 ^ clkbuf_2_0__f_clk/X (sky130_fd_sc_hd__clkbuf_16)
    11    0.04                           clknet_2_0__leaf_clk (net)
                  0.06    0.00   10.36 ^ _436_/CLK (sky130_fd_sc_hd__dfrtp_1)
                         -0.25   10.11   clock uncertainty
                          0.02   10.13   clock reconvergence pessimism
                         -0.10   10.03   library setup time
                                 10.03   data required time
-----------------------------------------------------------------------------
                                 10.03   data required time
                                 -3.17   data arrival time
-----------------------------------------------------------------------------
                                  6.86   slack (MET)


Startpoint: _443_ (rising edge-triggered flip-flop clocked by clk)
Endpoint: _432_ (rising edge-triggered flip-flop clocked by clk)
Path Group: clk
Path Type: max
Corner: Typical

Fanout     Cap    Slew   Delay    Time   Description
-----------------------------------------------------------------------------
                          0.00    0.00   clock clk (rise edge)
                          0.00    0.00   clock source latency
                  0.09    0.07    0.07 ^ clk (in)
     2    0.02                           clk (net)
                  0.09    0.00    0.07 ^ clkbuf_0_clk/A (sky130_fd_sc_hd__clkbuf_16)
                  0.07    0.17    0.24 ^ clkbuf_0_clk/X (sky130_fd_sc_hd__clkbuf_16)
     4    0.05                           clknet_0_clk (net)
                  0.07    0.00    0.24 ^ clkbuf_2_1__f_clk/A (sky130_fd_sc_hd__clkbuf_16)
                  0.07    0.16    0.40 ^ clkbuf_2_1__f_clk/X (sky130_fd_sc_hd__clkbuf_16)
    15    0.05                           clknet_2_1__leaf_clk (net)
                  0.07    0.00    0.40 ^ _443_/CLK (sky130_fd_sc_hd__dfrtp_4)
                  0.10    0.47    0.88 ^ _443_/Q (sky130_fd_sc_hd__dfrtp_4)
     7    0.02                           rx_inst.clk_count[0] (net)
                  0.10    0.00    0.88 ^ _220_/C_N (sky130_fd_sc_hd__or4bb_1)
                  0.09    0.52    1.40 v _220_/X (sky130_fd_sc_hd__or4bb_1)
     1    0.00                           _101_ (net)
                  0.09    0.00    1.40 v _223_/A2 (sky130_fd_sc_hd__o211a_2)
                  0.08    0.32    1.72 v _223_/X (sky130_fd_sc_hd__o211a_2)
     7    0.02                           _104_ (net)
                  0.08    0.00    1.72 v _250_/C (sky130_fd_sc_hd__or3_2)
                  0.12    0.50    2.22 v _250_/X (sky130_fd_sc_hd__or3_2)
     5    0.02                           _126_ (net)
                  0.12    0.00    2.22 v _281_/A (sky130_fd_sc_hd__nor3b_1)
                  0.31    0.35    2.57 ^ _281_/Y (sky130_fd_sc_hd__nor3b_1)
     1    0.01                           _148_ (net)
                  0.31    0.00    2.57 ^ _282_/S (sky130_fd_sc_hd__mux2_1)
                  0.05    0.37    2.94 v _282_/X (sky130_fd_sc_hd__mux2_1)
     1    0.00                           _149_ (net)
                  0.05    0.00    2.94 v _283_/A (sky130_fd_sc_hd__clkbuf_1)
                  0.02    0.09    3.03 v _283_/X (sky130_fd_sc_hd__clkbuf_1)
     1    0.00                           _071_ (net)
                  0.02    0.00    3.03 v _432_/D (sky130_fd_sc_hd__dfrtp_2)
                                  3.03   data arrival time

                         10.00   10.00   clock clk (rise edge)
                          0.00   10.00   clock source latency
                  0.09    0.06   10.06 ^ clk (in)
     2    0.02                           clk (net)
                  0.09    0.00   10.06 ^ clkbuf_0_clk/A (sky130_fd_sc_hd__clkbuf_16)
                  0.07    0.16   10.22 ^ clkbuf_0_clk/X (sky130_fd_sc_hd__clkbuf_16)
     4    0.05                           clknet_0_clk (net)
                  0.07    0.00   10.22 ^ clkbuf_2_1__f_clk/A (sky130_fd_sc_hd__clkbuf_16)
                  0.07    0.15   10.37 ^ clkbuf_2_1__f_clk/X (sky130_fd_sc_hd__clkbuf_16)
    15    0.05                           clknet_2_1__leaf_clk (net)
                  0.07    0.00   10.37 ^ _432_/CLK (sky130_fd_sc_hd__dfrtp_2)
                         -0.25   10.12   clock uncertainty
                          0.04   10.15   clock reconvergence pessimism
                         -0.10   10.05   library setup time
                                 10.05   data required time
-----------------------------------------------------------------------------
                                 10.05   data required time
                                 -3.03   data arrival time
-----------------------------------------------------------------------------
                                  7.02   slack (MET)


Startpoint: tx_start (input port clocked by clk)
Endpoint: _430_ (rising edge-triggered flip-flop clocked by clk)
Path Group: clk
Path Type: max
Corner: Typical

Fanout     Cap    Slew   Delay    Time   Description
-----------------------------------------------------------------------------
                          0.00    0.00   clock clk (rise edge)
                          0.00    0.00   clock network delay (propagated)
                          2.00    2.00 v input external delay
                  0.01    0.01    2.01 v tx_start (in)
     2    0.00                           tx_start (net)
                  0.01    0.00    2.01 v input10/A (sky130_fd_sc_hd__clkbuf_2)
                  0.09    0.15    2.16 v input10/X (sky130_fd_sc_hd__clkbuf_2)
     3    0.02                           net10 (net)
                  0.09    0.00    2.16 v _293_/B2 (sky130_fd_sc_hd__a32o_1)
                  0.04    0.23    2.39 v _293_/X (sky130_fd_sc_hd__a32o_1)
     1    0.00                           _158_ (net)
                  0.04    0.00    2.39 v _294_/A0 (sky130_fd_sc_hd__mux2_1)
                  0.06    0.30    2.69 v _294_/X (sky130_fd_sc_hd__mux2_1)
     1    0.00                           _159_ (net)
                  0.06    0.00    2.69 v _295_/A (sky130_fd_sc_hd__clkbuf_1)
                  0.03    0.10    2.79 v _295_/X (sky130_fd_sc_hd__clkbuf_1)
     1    0.00                           _069_ (net)
                  0.03    0.00    2.79 v _430_/D (sky130_fd_sc_hd__dfrtp_4)
                                  2.79   data arrival time

                         10.00   10.00   clock clk (rise edge)
                          0.00   10.00   clock source latency
                  0.09    0.06   10.06 ^ clk (in)
     2    0.02                           clk (net)
                  0.09    0.00   10.06 ^ clkbuf_0_clk/A (sky130_fd_sc_hd__clkbuf_16)
                  0.07    0.16   10.22 ^ clkbuf_0_clk/X (sky130_fd_sc_hd__clkbuf_16)
     4    0.05                           clknet_0_clk (net)
                  0.07    0.00   10.22 ^ clkbuf_2_2__f_clk/A (sky130_fd_sc_hd__clkbuf_16)
                  0.05    0.14   10.35 ^ clkbuf_2_2__f_clk/X (sky130_fd_sc_hd__clkbuf_16)
    11    0.03                           clknet_2_2__leaf_clk (net)
                  0.05    0.00   10.36 ^ _430_/CLK (sky130_fd_sc_hd__dfrtp_4)
                         -0.25   10.11   clock uncertainty
                          0.00   10.11   clock reconvergence pessimism
                         -0.10   10.00   library setup time
                                 10.00   data required time
-----------------------------------------------------------------------------
                                 10.00   data required time
                                 -2.79   data arrival time
-----------------------------------------------------------------------------
                                  7.21   slack (MET)


Startpoint: tx_start (input port clocked by clk)
Endpoint: _427_ (rising edge-triggered flip-flop clocked by clk)
Path Group: clk
Path Type: max
Corner: Typical

Fanout     Cap    Slew   Delay    Time   Description
-----------------------------------------------------------------------------
                          0.00    0.00   clock clk (rise edge)
                          0.00    0.00   clock network delay (propagated)
                          2.00    2.00 ^ input external delay
                  0.03    0.02    2.02 ^ tx_start (in)
     2    0.00                           tx_start (net)
                  0.03    0.00    2.02 ^ input10/A (sky130_fd_sc_hd__clkbuf_2)
                  0.14    0.17    2.19 ^ input10/X (sky130_fd_sc_hd__clkbuf_2)
     3    0.02                           net10 (net)
                  0.14    0.00    2.19 ^ _296_/A (sky130_fd_sc_hd__nand2_4)
                  0.13    0.13    2.32 v _296_/Y (sky130_fd_sc_hd__nand2_4)
     8    0.04                           _160_ (net)
                  0.13    0.00    2.32 v _301_/S (sky130_fd_sc_hd__mux2_1)
                  0.05    0.35    2.67 v _301_/X (sky130_fd_sc_hd__mux2_1)
     1    0.00                           _163_ (net)
                  0.05    0.00    2.67 v _302_/A (sky130_fd_sc_hd__clkbuf_1)
                  0.03    0.10    2.77 v _302_/X (sky130_fd_sc_hd__clkbuf_1)
     1    0.00                           _066_ (net)
                  0.03    0.00    2.77 v _427_/D (sky130_fd_sc_hd__dfrtp_1)
                                  2.77   data arrival time

                         10.00   10.00   clock clk (rise edge)
                          0.00   10.00   clock source latency
                  0.09    0.06   10.06 ^ clk (in)
     2    0.02                           clk (net)
                  0.09    0.00   10.06 ^ clkbuf_0_clk/A (sky130_fd_sc_hd__clkbuf_16)
                  0.07    0.16   10.22 ^ clkbuf_0_clk/X (sky130_fd_sc_hd__clkbuf_16)
     4    0.05                           clknet_0_clk (net)
                  0.07    0.00   10.22 ^ clkbuf_2_3__f_clk/A (sky130_fd_sc_hd__clkbuf_16)
                  0.05    0.13   10.35 ^ clkbuf_2_3__f_clk/X (sky130_fd_sc_hd__clkbuf_16)
     8    0.03                           clknet_2_3__leaf_clk (net)
                  0.05    0.00   10.35 ^ _427_/CLK (sky130_fd_sc_hd__dfrtp_1)
                         -0.25   10.10   clock uncertainty
                          0.00   10.10   clock reconvergence pessimism
                         -0.11   10.00   library setup time
                                 10.00   data required time
-----------------------------------------------------------------------------
                                 10.00   data required time
                                 -2.77   data arrival time
-----------------------------------------------------------------------------
                                  7.23   slack (MET)


Startpoint: tx_start (input port clocked by clk)
Endpoint: _424_ (rising edge-triggered flip-flop clocked by clk)
Path Group: clk
Path Type: max
Corner: Typical

Fanout     Cap    Slew   Delay    Time   Description
-----------------------------------------------------------------------------
                          0.00    0.00   clock clk (rise edge)
                          0.00    0.00   clock network delay (propagated)
                          2.00    2.00 ^ input external delay
                  0.03    0.02    2.02 ^ tx_start (in)
     2    0.00                           tx_start (net)
                  0.03    0.00    2.02 ^ input10/A (sky130_fd_sc_hd__clkbuf_2)
                  0.14    0.17    2.19 ^ input10/X (sky130_fd_sc_hd__clkbuf_2)
     3    0.02                           net10 (net)
                  0.14    0.00    2.19 ^ _296_/A (sky130_fd_sc_hd__nand2_4)
                  0.13    0.13    2.32 v _296_/Y (sky130_fd_sc_hd__nand2_4)
     8    0.04                           _160_ (net)
                  0.13    0.00    2.32 v _307_/S (sky130_fd_sc_hd__mux2_1)
                  0.05    0.35    2.67 v _307_/X (sky130_fd_sc_hd__mux2_1)
     1    0.00                           _166_ (net)
                  0.05    0.00    2.67 v _308_/A (sky130_fd_sc_hd__clkbuf_1)
                  0.02    0.09    2.76 v _308_/X (sky130_fd_sc_hd__clkbuf_1)
     1    0.00                           _063_ (net)
                  0.02    0.00    2.76 v _424_/D (sky130_fd_sc_hd__dfrtp_1)
                                  2.76   data arrival time

                         10.00   10.00   clock clk (rise edge)
                          0.00   10.00   clock source latency
                  0.09    0.06   10.06 ^ clk (in)
     2    0.02                           clk (net)
                  0.09    0.00   10.06 ^ clkbuf_0_clk/A (sky130_fd_sc_hd__clkbuf_16)
                  0.07    0.16   10.22 ^ clkbuf_0_clk/X (sky130_fd_sc_hd__clkbuf_16)
     4    0.05                           clknet_0_clk (net)
                  0.07    0.00   10.22 ^ clkbuf_2_3__f_clk/A (sky130_fd_sc_hd__clkbuf_16)
                  0.05    0.13   10.35 ^ clkbuf_2_3__f_clk/X (sky130_fd_sc_hd__clkbuf_16)
     8    0.03                           clknet_2_3__leaf_clk (net)
                  0.05    0.00   10.35 ^ _424_/CLK (sky130_fd_sc_hd__dfrtp_1)
                         -0.25   10.10   clock uncertainty
                          0.00   10.10   clock reconvergence pessimism
                         -0.10   10.00   library setup time
                                 10.00   data required time
-----------------------------------------------------------------------------
                                 10.00   data required time
                                 -2.76   data arrival time
-----------------------------------------------------------------------------
                                  7.24   slack (MET)


Startpoint: tx_start (input port clocked by clk)
Endpoint: _426_ (rising edge-triggered flip-flop clocked by clk)
Path Group: clk
Path Type: max
Corner: Typical

Fanout     Cap    Slew   Delay    Time   Description
-----------------------------------------------------------------------------
                          0.00    0.00   clock clk (rise edge)
                          0.00    0.00   clock network delay (propagated)
                          2.00    2.00 ^ input external delay
                  0.03    0.02    2.02 ^ tx_start (in)
     2    0.00                           tx_start (net)
                  0.03    0.00    2.02 ^ input10/A (sky130_fd_sc_hd__clkbuf_2)
                  0.14    0.17    2.19 ^ input10/X (sky130_fd_sc_hd__clkbuf_2)
     3    0.02                           net10 (net)
                  0.14    0.00    2.19 ^ _296_/A (sky130_fd_sc_hd__nand2_4)
                  0.13    0.13    2.32 v _296_/Y (sky130_fd_sc_hd__nand2_4)
     8    0.04                           _160_ (net)
                  0.13    0.00    2.32 v _303_/S (sky130_fd_sc_hd__mux2_1)
                  0.05    0.35    2.66 v _303_/X (sky130_fd_sc_hd__mux2_1)
     1    0.00                           _164_ (net)
                  0.05    0.00    2.66 v _304_/A (sky130_fd_sc_hd__clkbuf_1)
                  0.02    0.09    2.76 v _304_/X (sky130_fd_sc_hd__clkbuf_1)
     1    0.00                           _065_ (net)
                  0.02    0.00    2.76 v _426_/D (sky130_fd_sc_hd__dfrtp_1)
                                  2.76   data arrival time

                         10.00   10.00   clock clk (rise edge)
                          0.00   10.00   clock source latency
                  0.09    0.06   10.06 ^ clk (in)
     2    0.02                           clk (net)
                  0.09    0.00   10.06 ^ clkbuf_0_clk/A (sky130_fd_sc_hd__clkbuf_16)
                  0.07    0.16   10.22 ^ clkbuf_0_clk/X (sky130_fd_sc_hd__clkbuf_16)
     4    0.05                           clknet_0_clk (net)
                  0.07    0.00   10.22 ^ clkbuf_2_3__f_clk/A (sky130_fd_sc_hd__clkbuf_16)
                  0.05    0.13   10.35 ^ clkbuf_2_3__f_clk/X (sky130_fd_sc_hd__clkbuf_16)
     8    0.03                           clknet_2_3__leaf_clk (net)
                  0.05    0.00   10.35 ^ _426_/CLK (sky130_fd_sc_hd__dfrtp_1)
                         -0.25   10.10   clock uncertainty
                          0.00   10.10   clock reconvergence pessimism
                         -0.10   10.00   library setup time
                                 10.00   data required time
-----------------------------------------------------------------------------
                                 10.00   data required time
                                 -2.76   data arrival time
-----------------------------------------------------------------------------
                                  7.24   slack (MET)


Startpoint: tx_start (input port clocked by clk)
Endpoint: _425_ (rising edge-triggered flip-flop clocked by clk)
Path Group: clk
Path Type: max
Corner: Typical

Fanout     Cap    Slew   Delay    Time   Description
-----------------------------------------------------------------------------
                          0.00    0.00   clock clk (rise edge)
                          0.00    0.00   clock network delay (propagated)
                          2.00    2.00 ^ input external delay
                  0.03    0.02    2.02 ^ tx_start (in)
     2    0.00                           tx_start (net)
                  0.03    0.00    2.02 ^ input10/A (sky130_fd_sc_hd__clkbuf_2)
                  0.14    0.17    2.19 ^ input10/X (sky130_fd_sc_hd__clkbuf_2)
     3    0.02                           net10 (net)
                  0.14    0.00    2.19 ^ _296_/A (sky130_fd_sc_hd__nand2_4)
                  0.13    0.13    2.32 v _296_/Y (sky130_fd_sc_hd__nand2_4)
     8    0.04                           _160_ (net)
                  0.13    0.00    2.32 v _305_/S (sky130_fd_sc_hd__mux2_1)
                  0.06    0.35    2.67 v _305_/X (sky130_fd_sc_hd__mux2_1)
     1    0.00                           _165_ (net)
                  0.06    0.00    2.67 v _306_/A (sky130_fd_sc_hd__clkbuf_1)
                  0.03    0.10    2.77 v _306_/X (sky130_fd_sc_hd__clkbuf_1)
     1    0.00                           _064_ (net)
                  0.03    0.00    2.77 v _425_/D (sky130_fd_sc_hd__dfrtp_1)
                                  2.77   data arrival time

                         10.00   10.00   clock clk (rise edge)
                          0.00   10.00   clock source latency
                  0.09    0.06   10.06 ^ clk (in)
     2    0.02                           clk (net)
                  0.09    0.00   10.06 ^ clkbuf_0_clk/A (sky130_fd_sc_hd__clkbuf_16)
                  0.07    0.16   10.22 ^ clkbuf_0_clk/X (sky130_fd_sc_hd__clkbuf_16)
     4    0.05                           clknet_0_clk (net)
                  0.07    0.00   10.22 ^ clkbuf_2_1__f_clk/A (sky130_fd_sc_hd__clkbuf_16)
                  0.07    0.15   10.37 ^ clkbuf_2_1__f_clk/X (sky130_fd_sc_hd__clkbuf_16)
    15    0.05                           clknet_2_1__leaf_clk (net)
                  0.07    0.00   10.37 ^ _425_/CLK (sky130_fd_sc_hd__dfrtp_1)
                         -0.25   10.12   clock uncertainty
                          0.00   10.12   clock reconvergence pessimism
                         -0.10   10.01   library setup time
                                 10.01   data required time
-----------------------------------------------------------------------------
                                 10.01   data required time
                                 -2.77   data arrival time
-----------------------------------------------------------------------------
                                  7.24   slack (MET)


Startpoint: tx_start (input port clocked by clk)
Endpoint: _429_ (rising edge-triggered flip-flop clocked by clk)
Path Group: clk
Path Type: max
Corner: Typical

Fanout     Cap    Slew   Delay    Time   Description
-----------------------------------------------------------------------------
                          0.00    0.00   clock clk (rise edge)
                          0.00    0.00   clock network delay (propagated)
                          2.00    2.00 ^ input external delay
                  0.03    0.02    2.02 ^ tx_start (in)
     2    0.00                           tx_start (net)
                  0.03    0.00    2.02 ^ input10/A (sky130_fd_sc_hd__clkbuf_2)
                  0.14    0.17    2.19 ^ input10/X (sky130_fd_sc_hd__clkbuf_2)
     3    0.02                           net10 (net)
                  0.14    0.00    2.19 ^ _296_/A (sky130_fd_sc_hd__nand2_4)
                  0.13    0.13    2.32 v _296_/Y (sky130_fd_sc_hd__nand2_4)
     8    0.04                           _160_ (net)
                  0.13    0.00    2.32 v _297_/S (sky130_fd_sc_hd__mux2_1)
                  0.05    0.35    2.67 v _297_/X (sky130_fd_sc_hd__mux2_1)
     1    0.00                           _161_ (net)
                  0.05    0.00    2.67 v _298_/A (sky130_fd_sc_hd__clkbuf_1)
                  0.02    0.09    2.76 v _298_/X (sky130_fd_sc_hd__clkbuf_1)
     1    0.00                           _068_ (net)
                  0.02    0.00    2.76 v _429_/D (sky130_fd_sc_hd__dfrtp_1)
                                  2.76   data arrival time

                         10.00   10.00   clock clk (rise edge)
                          0.00   10.00   clock source latency
                  0.09    0.06   10.06 ^ clk (in)
     2    0.02                           clk (net)
                  0.09    0.00   10.06 ^ clkbuf_0_clk/A (sky130_fd_sc_hd__clkbuf_16)
                  0.07    0.16   10.22 ^ clkbuf_0_clk/X (sky130_fd_sc_hd__clkbuf_16)
     4    0.05                           clknet_0_clk (net)
                  0.07    0.00   10.22 ^ clkbuf_2_1__f_clk/A (sky130_fd_sc_hd__clkbuf_16)
                  0.07    0.15   10.37 ^ clkbuf_2_1__f_clk/X (sky130_fd_sc_hd__clkbuf_16)
    15    0.05                           clknet_2_1__leaf_clk (net)
                  0.07    0.00   10.37 ^ _429_/CLK (sky130_fd_sc_hd__dfrtp_1)
                         -0.25   10.12   clock uncertainty
                          0.00   10.12   clock reconvergence pessimism
                         -0.10   10.02   library setup time
                                 10.02   data required time
-----------------------------------------------------------------------------
                                 10.02   data required time
                                 -2.76   data arrival time
-----------------------------------------------------------------------------
                                  7.25   slack (MET)


Startpoint: tx_start (input port clocked by clk)
Endpoint: _428_ (rising edge-triggered flip-flop clocked by clk)
Path Group: clk
Path Type: max
Corner: Typical

Fanout     Cap    Slew   Delay    Time   Description
-----------------------------------------------------------------------------
                          0.00    0.00   clock clk (rise edge)
                          0.00    0.00   clock network delay (propagated)
                          2.00    2.00 ^ input external delay
                  0.03    0.02    2.02 ^ tx_start (in)
     2    0.00                           tx_start (net)
                  0.03    0.00    2.02 ^ input10/A (sky130_fd_sc_hd__clkbuf_2)
                  0.14    0.17    2.19 ^ input10/X (sky130_fd_sc_hd__clkbuf_2)
     3    0.02                           net10 (net)
                  0.14    0.00    2.19 ^ _296_/A (sky130_fd_sc_hd__nand2_4)
                  0.13    0.13    2.32 v _296_/Y (sky130_fd_sc_hd__nand2_4)
     8    0.04                           _160_ (net)
                  0.13    0.00    2.32 v _299_/S (sky130_fd_sc_hd__mux2_1)
                  0.05    0.35    2.67 v _299_/X (sky130_fd_sc_hd__mux2_1)
     1    0.00                           _162_ (net)
                  0.05    0.00    2.67 v _300_/A (sky130_fd_sc_hd__clkbuf_1)
                  0.03    0.09    2.76 v _300_/X (sky130_fd_sc_hd__clkbuf_1)
     1    0.00                           _067_ (net)
                  0.03    0.00    2.76 v _428_/D (sky130_fd_sc_hd__dfrtp_1)
                                  2.76   data arrival time

                         10.00   10.00   clock clk (rise edge)
                          0.00   10.00   clock source latency
                  0.09    0.06   10.06 ^ clk (in)
     2    0.02                           clk (net)
                  0.09    0.00   10.06 ^ clkbuf_0_clk/A (sky130_fd_sc_hd__clkbuf_16)
                  0.07    0.16   10.22 ^ clkbuf_0_clk/X (sky130_fd_sc_hd__clkbuf_16)
     4    0.05                           clknet_0_clk (net)
                  0.07    0.00   10.22 ^ clkbuf_2_1__f_clk/A (sky130_fd_sc_hd__clkbuf_16)
                  0.07    0.15   10.37 ^ clkbuf_2_1__f_clk/X (sky130_fd_sc_hd__clkbuf_16)
    15    0.05                           clknet_2_1__leaf_clk (net)
                  0.07    0.00   10.37 ^ _428_/CLK (sky130_fd_sc_hd__dfrtp_1)
                         -0.25   10.12   clock uncertainty
                          0.00   10.12   clock reconvergence pessimism
                         -0.10   10.02   library setup time
                                 10.02   data required time
-----------------------------------------------------------------------------
                                 10.02   data required time
                                 -2.76   data arrival time
-----------------------------------------------------------------------------
                                  7.25   slack (MET)


Startpoint: tx_start (input port clocked by clk)
Endpoint: _422_ (rising edge-triggered flip-flop clocked by clk)
Path Group: clk
Path Type: max
Corner: Typical

Fanout     Cap    Slew   Delay    Time   Description
-----------------------------------------------------------------------------
                          0.00    0.00   clock clk (rise edge)
                          0.00    0.00   clock network delay (propagated)
                          2.00    2.00 ^ input external delay
                  0.03    0.02    2.02 ^ tx_start (in)
     2    0.00                           tx_start (net)
                  0.03    0.00    2.02 ^ input10/A (sky130_fd_sc_hd__clkbuf_2)
                  0.14    0.17    2.19 ^ input10/X (sky130_fd_sc_hd__clkbuf_2)
     3    0.02                           net10 (net)
                  0.14    0.00    2.19 ^ _296_/A (sky130_fd_sc_hd__nand2_4)
                  0.13    0.13    2.32 v _296_/Y (sky130_fd_sc_hd__nand2_4)
     8    0.04                           _160_ (net)
                  0.13    0.00    2.32 v _311_/S (sky130_fd_sc_hd__mux2_1)
                  0.05    0.35    2.67 v _311_/X (sky130_fd_sc_hd__mux2_1)
     1    0.00                           _168_ (net)
                  0.05    0.00    2.67 v _312_/A (sky130_fd_sc_hd__clkbuf_1)
                  0.02    0.09    2.76 v _312_/X (sky130_fd_sc_hd__clkbuf_1)
     1    0.00                           _061_ (net)
                  0.02    0.00    2.76 v _422_/D (sky130_fd_sc_hd__dfrtp_1)
                                  2.76   data arrival time

                         10.00   10.00   clock clk (rise edge)
                          0.00   10.00   clock source latency
                  0.09    0.06   10.06 ^ clk (in)
     2    0.02                           clk (net)
                  0.09    0.00   10.06 ^ clkbuf_0_clk/A (sky130_fd_sc_hd__clkbuf_16)
                  0.07    0.16   10.22 ^ clkbuf_0_clk/X (sky130_fd_sc_hd__clkbuf_16)
     4    0.05                           clknet_0_clk (net)
                  0.07    0.00   10.22 ^ clkbuf_2_1__f_clk/A (sky130_fd_sc_hd__clkbuf_16)
                  0.07    0.15   10.37 ^ clkbuf_2_1__f_clk/X (sky130_fd_sc_hd__clkbuf_16)
    15    0.05                           clknet_2_1__leaf_clk (net)
                  0.07    0.00   10.37 ^ _422_/CLK (sky130_fd_sc_hd__dfrtp_1)
                         -0.25   10.12   clock uncertainty
                          0.00   10.12   clock reconvergence pessimism
                         -0.10   10.02   library setup time
                                 10.02   data required time
-----------------------------------------------------------------------------
                                 10.02   data required time
                                 -2.76   data arrival time
-----------------------------------------------------------------------------
                                  7.25   slack (MET)


Startpoint: tx_start (input port clocked by clk)
Endpoint: _423_ (rising edge-triggered flip-flop clocked by clk)
Path Group: clk
Path Type: max
Corner: Typical

Fanout     Cap    Slew   Delay    Time   Description
-----------------------------------------------------------------------------
                          0.00    0.00   clock clk (rise edge)
                          0.00    0.00   clock network delay (propagated)
                          2.00    2.00 ^ input external delay
                  0.03    0.02    2.02 ^ tx_start (in)
     2    0.00                           tx_start (net)
                  0.03    0.00    2.02 ^ input10/A (sky130_fd_sc_hd__clkbuf_2)
                  0.14    0.17    2.19 ^ input10/X (sky130_fd_sc_hd__clkbuf_2)
     3    0.02                           net10 (net)
                  0.14    0.00    2.19 ^ _296_/A (sky130_fd_sc_hd__nand2_4)
                  0.13    0.13    2.32 v _296_/Y (sky130_fd_sc_hd__nand2_4)
     8    0.04                           _160_ (net)
                  0.13    0.00    2.32 v _309_/S (sky130_fd_sc_hd__mux2_1)
                  0.05    0.35    2.67 v _309_/X (sky130_fd_sc_hd__mux2_1)
     1    0.00                           _167_ (net)
                  0.05    0.00    2.67 v _310_/A (sky130_fd_sc_hd__clkbuf_1)
                  0.02    0.09    2.76 v _310_/X (sky130_fd_sc_hd__clkbuf_1)
     1    0.00                           _062_ (net)
                  0.02    0.00    2.76 v _423_/D (sky130_fd_sc_hd__dfrtp_1)
                                  2.76   data arrival time

                         10.00   10.00   clock clk (rise edge)
                          0.00   10.00   clock source latency
                  0.09    0.06   10.06 ^ clk (in)
     2    0.02                           clk (net)
                  0.09    0.00   10.06 ^ clkbuf_0_clk/A (sky130_fd_sc_hd__clkbuf_16)
                  0.07    0.16   10.22 ^ clkbuf_0_clk/X (sky130_fd_sc_hd__clkbuf_16)
     4    0.05                           clknet_0_clk (net)
                  0.07    0.00   10.22 ^ clkbuf_2_1__f_clk/A (sky130_fd_sc_hd__clkbuf_16)
                  0.07    0.15   10.37 ^ clkbuf_2_1__f_clk/X (sky130_fd_sc_hd__clkbuf_16)
    15    0.05                           clknet_2_1__leaf_clk (net)
                  0.07    0.00   10.37 ^ _423_/CLK (sky130_fd_sc_hd__dfrtp_1)
                         -0.25   10.12   clock uncertainty
                          0.00   10.12   clock reconvergence pessimism
                         -0.10   10.02   library setup time
                                 10.02   data required time
-----------------------------------------------------------------------------
                                 10.02   data required time
                                 -2.76   data arrival time
-----------------------------------------------------------------------------
                                  7.26   slack (MET)


Startpoint: _443_ (rising edge-triggered flip-flop clocked by clk)
Endpoint: _441_ (rising edge-triggered flip-flop clocked by clk)
Path Group: clk
Path Type: max
Corner: Typical

Fanout     Cap    Slew   Delay    Time   Description
-----------------------------------------------------------------------------
                          0.00    0.00   clock clk (rise edge)
                          0.00    0.00   clock source latency
                  0.09    0.07    0.07 ^ clk (in)
     2    0.02                           clk (net)
                  0.09    0.00    0.07 ^ clkbuf_0_clk/A (sky130_fd_sc_hd__clkbuf_16)
                  0.07    0.17    0.24 ^ clkbuf_0_clk/X (sky130_fd_sc_hd__clkbuf_16)
     4    0.05                           clknet_0_clk (net)
                  0.07    0.00    0.24 ^ clkbuf_2_1__f_clk/A (sky130_fd_sc_hd__clkbuf_16)
                  0.07    0.16    0.40 ^ clkbuf_2_1__f_clk/X (sky130_fd_sc_hd__clkbuf_16)
    15    0.05                           clknet_2_1__leaf_clk (net)
                  0.07    0.00    0.40 ^ _443_/CLK (sky130_fd_sc_hd__dfrtp_4)
                  0.10    0.47    0.88 ^ _443_/Q (sky130_fd_sc_hd__dfrtp_4)
     7    0.02                           rx_inst.clk_count[0] (net)
                  0.10    0.00    0.88 ^ _220_/C_N (sky130_fd_sc_hd__or4bb_1)
                  0.09    0.52    1.40 v _220_/X (sky130_fd_sc_hd__or4bb_1)
     1    0.00                           _101_ (net)
                  0.09    0.00    1.40 v _223_/A2 (sky130_fd_sc_hd__o211a_2)
                  0.08    0.32    1.72 v _223_/X (sky130_fd_sc_hd__o211a_2)
     7    0.02                           _104_ (net)
                  0.08    0.00    1.72 v _250_/C (sky130_fd_sc_hd__or3_2)
                  0.12    0.50    2.22 v _250_/X (sky130_fd_sc_hd__or3_2)
     5    0.02                           _126_ (net)
                  0.12    0.00    2.22 v _251_/C (sky130_fd_sc_hd__or3_1)
                  0.07    0.35    2.58 v _251_/X (sky130_fd_sc_hd__or3_1)
     1    0.00                           _127_ (net)
                  0.07    0.00    2.58 v _252_/B1_N (sky130_fd_sc_hd__a21bo_1)
                  0.04    0.20    2.77 ^ _252_/X (sky130_fd_sc_hd__a21bo_1)
     1    0.00                           _080_ (net)
                  0.04    0.00    2.77 ^ _441_/D (sky130_fd_sc_hd__dfrtp_2)
                                  2.77   data arrival time

                         10.00   10.00   clock clk (rise edge)
                          0.00   10.00   clock source latency
                  0.09    0.06   10.06 ^ clk (in)
     2    0.02                           clk (net)
                  0.09    0.00   10.06 ^ clkbuf_0_clk/A (sky130_fd_sc_hd__clkbuf_16)
                  0.07    0.16   10.22 ^ clkbuf_0_clk/X (sky130_fd_sc_hd__clkbuf_16)
     4    0.05                           clknet_0_clk (net)
                  0.07    0.00   10.22 ^ clkbuf_2_0__f_clk/A (sky130_fd_sc_hd__clkbuf_16)
                  0.06    0.14   10.36 ^ clkbuf_2_0__f_clk/X (sky130_fd_sc_hd__clkbuf_16)
    11    0.04                           clknet_2_0__leaf_clk (net)
                  0.06    0.00   10.36 ^ _441_/CLK (sky130_fd_sc_hd__dfrtp_2)
                         -0.25   10.11   clock uncertainty
                          0.02   10.13   clock reconvergence pessimism
                         -0.06   10.07   library setup time
                                 10.07   data required time
-----------------------------------------------------------------------------
                                 10.07   data required time
                                 -2.77   data arrival time
-----------------------------------------------------------------------------
                                  7.30   slack (MET)


Startpoint: _443_ (rising edge-triggered flip-flop clocked by clk)
Endpoint: _418_ (rising edge-triggered flip-flop clocked by clk)
Path Group: clk
Path Type: max
Corner: Typical

Fanout     Cap    Slew   Delay    Time   Description
-----------------------------------------------------------------------------
                          0.00    0.00   clock clk (rise edge)
                          0.00    0.00   clock source latency
                  0.09    0.07    0.07 ^ clk (in)
     2    0.02                           clk (net)
                  0.09    0.00    0.07 ^ clkbuf_0_clk/A (sky130_fd_sc_hd__clkbuf_16)
                  0.07    0.17    0.24 ^ clkbuf_0_clk/X (sky130_fd_sc_hd__clkbuf_16)
     4    0.05                           clknet_0_clk (net)
                  0.07    0.00    0.24 ^ clkbuf_2_1__f_clk/A (sky130_fd_sc_hd__clkbuf_16)
                  0.07    0.16    0.40 ^ clkbuf_2_1__f_clk/X (sky130_fd_sc_hd__clkbuf_16)
    15    0.05                           clknet_2_1__leaf_clk (net)
                  0.07    0.00    0.40 ^ _443_/CLK (sky130_fd_sc_hd__dfrtp_4)
                  0.10    0.47    0.88 ^ _443_/Q (sky130_fd_sc_hd__dfrtp_4)
     7    0.02                           rx_inst.clk_count[0] (net)
                  0.10    0.00    0.88 ^ _220_/C_N (sky130_fd_sc_hd__or4bb_1)
                  0.09    0.52    1.40 v _220_/X (sky130_fd_sc_hd__or4bb_1)
     1    0.00                           _101_ (net)
                  0.09    0.00    1.40 v _223_/A2 (sky130_fd_sc_hd__o211a_2)
                  0.08    0.32    1.72 v _223_/X (sky130_fd_sc_hd__o211a_2)
     7    0.02                           _104_ (net)
                  0.08    0.00    1.72 v _232_/B1 (sky130_fd_sc_hd__a2bb2o_1)
                  0.11    0.37    2.09 v _232_/X (sky130_fd_sc_hd__a2bb2o_1)
     5    0.02                           _112_ (net)
                  0.11    0.00    2.09 v _324_/B (sky130_fd_sc_hd__or3_1)
                  0.07    0.39    2.48 v _324_/X (sky130_fd_sc_hd__or3_1)
     1    0.00                           _177_ (net)
                  0.07    0.00    2.48 v _326_/A2 (sky130_fd_sc_hd__a21bo_1)
                  0.03    0.20    2.68 v _326_/X (sky130_fd_sc_hd__a21bo_1)
     1    0.00                           _057_ (net)
                  0.03    0.00    2.68 v _418_/D (sky130_fd_sc_hd__dfrtp_1)
                                  2.68   data arrival time

                         10.00   10.00   clock clk (rise edge)
                          0.00   10.00   clock source latency
                  0.09    0.06   10.06 ^ clk (in)
     2    0.02                           clk (net)
                  0.09    0.00   10.06 ^ clkbuf_0_clk/A (sky130_fd_sc_hd__clkbuf_16)
                  0.07    0.16   10.22 ^ clkbuf_0_clk/X (sky130_fd_sc_hd__clkbuf_16)
     4    0.05                           clknet_0_clk (net)
                  0.07    0.00   10.22 ^ clkbuf_2_0__f_clk/A (sky130_fd_sc_hd__clkbuf_16)
                  0.06    0.14   10.36 ^ clkbuf_2_0__f_clk/X (sky130_fd_sc_hd__clkbuf_16)
    11    0.04                           clknet_2_0__leaf_clk (net)
                  0.06    0.00   10.36 ^ _418_/CLK (sky130_fd_sc_hd__dfrtp_1)
                         -0.25   10.11   clock uncertainty
                          0.02   10.13   clock reconvergence pessimism
                         -0.11   10.03   library setup time
                                 10.03   data required time
-----------------------------------------------------------------------------
                                 10.03   data required time
                                 -2.68   data arrival time
-----------------------------------------------------------------------------
                                  7.34   slack (MET)


Startpoint: _443_ (rising edge-triggered flip-flop clocked by clk)
Endpoint: _433_ (rising edge-triggered flip-flop clocked by clk)
Path Group: clk
Path Type: max
Corner: Typical

Fanout     Cap    Slew   Delay    Time   Description
-----------------------------------------------------------------------------
                          0.00    0.00   clock clk (rise edge)
                          0.00    0.00   clock source latency
                  0.09    0.07    0.07 ^ clk (in)
     2    0.02                           clk (net)
                  0.09    0.00    0.07 ^ clkbuf_0_clk/A (sky130_fd_sc_hd__clkbuf_16)
                  0.07    0.17    0.24 ^ clkbuf_0_clk/X (sky130_fd_sc_hd__clkbuf_16)
     4    0.05                           clknet_0_clk (net)
                  0.07    0.00    0.24 ^ clkbuf_2_1__f_clk/A (sky130_fd_sc_hd__clkbuf_16)
                  0.07    0.16    0.40 ^ clkbuf_2_1__f_clk/X (sky130_fd_sc_hd__clkbuf_16)
    15    0.05                           clknet_2_1__leaf_clk (net)
                  0.07    0.00    0.40 ^ _443_/CLK (sky130_fd_sc_hd__dfrtp_4)
                  0.10    0.47    0.88 ^ _443_/Q (sky130_fd_sc_hd__dfrtp_4)
     7    0.02                           rx_inst.clk_count[0] (net)
                  0.10    0.00    0.88 ^ _220_/C_N (sky130_fd_sc_hd__or4bb_1)
                  0.09    0.52    1.40 v _220_/X (sky130_fd_sc_hd__or4bb_1)
     1    0.00                           _101_ (net)
                  0.09    0.00    1.40 v _223_/A2 (sky130_fd_sc_hd__o211a_2)
                  0.08    0.32    1.72 v _223_/X (sky130_fd_sc_hd__o211a_2)
     7    0.02                           _104_ (net)
                  0.08    0.00    1.72 v _271_/B_N (sky130_fd_sc_hd__and4bb_1)
                  0.11    0.34    2.06 ^ _271_/X (sky130_fd_sc_hd__and4bb_1)
     3    0.01                           _141_ (net)
                  0.11    0.00    2.06 ^ _278_/C (sky130_fd_sc_hd__and3b_1)
                  0.10    0.22    2.27 ^ _278_/X (sky130_fd_sc_hd__and3b_1)
     1    0.01                           _146_ (net)
                  0.10    0.00    2.27 ^ _279_/S (sky130_fd_sc_hd__mux2_1)
                  0.05    0.33    2.61 v _279_/X (sky130_fd_sc_hd__mux2_1)
     1    0.00                           _147_ (net)
                  0.05    0.00    2.61 v _280_/A (sky130_fd_sc_hd__clkbuf_1)
                  0.02    0.09    2.70 v _280_/X (sky130_fd_sc_hd__clkbuf_1)
     1    0.00                           _072_ (net)
                  0.02    0.00    2.70 v _433_/D (sky130_fd_sc_hd__dfrtp_1)
                                  2.70   data arrival time

                         10.00   10.00   clock clk (rise edge)
                          0.00   10.00   clock source latency
                  0.09    0.06   10.06 ^ clk (in)
     2    0.02                           clk (net)
                  0.09    0.00   10.06 ^ clkbuf_0_clk/A (sky130_fd_sc_hd__clkbuf_16)
                  0.07    0.16   10.22 ^ clkbuf_0_clk/X (sky130_fd_sc_hd__clkbuf_16)
     4    0.05                           clknet_0_clk (net)
                  0.07    0.00   10.22 ^ clkbuf_2_1__f_clk/A (sky130_fd_sc_hd__clkbuf_16)
                  0.07    0.15   10.37 ^ clkbuf_2_1__f_clk/X (sky130_fd_sc_hd__clkbuf_16)
    15    0.05                           clknet_2_1__leaf_clk (net)
                  0.07    0.00   10.37 ^ _433_/CLK (sky130_fd_sc_hd__dfrtp_1)
                         -0.25   10.12   clock uncertainty
                          0.04   10.15   clock reconvergence pessimism
                         -0.10   10.05   library setup time
                                 10.05   data required time
-----------------------------------------------------------------------------
                                 10.05   data required time
                                 -2.70   data arrival time
-----------------------------------------------------------------------------
                                  7.35   slack (MET)


Startpoint: _443_ (rising edge-triggered flip-flop clocked by clk)
Endpoint: _434_ (rising edge-triggered flip-flop clocked by clk)
Path Group: clk
Path Type: max
Corner: Typical

Fanout     Cap    Slew   Delay    Time   Description
-----------------------------------------------------------------------------
                          0.00    0.00   clock clk (rise edge)
                          0.00    0.00   clock source latency
                  0.09    0.07    0.07 ^ clk (in)
     2    0.02                           clk (net)
                  0.09    0.00    0.07 ^ clkbuf_0_clk/A (sky130_fd_sc_hd__clkbuf_16)
                  0.07    0.17    0.24 ^ clkbuf_0_clk/X (sky130_fd_sc_hd__clkbuf_16)
     4    0.05                           clknet_0_clk (net)
                  0.07    0.00    0.24 ^ clkbuf_2_1__f_clk/A (sky130_fd_sc_hd__clkbuf_16)
                  0.07    0.16    0.40 ^ clkbuf_2_1__f_clk/X (sky130_fd_sc_hd__clkbuf_16)
    15    0.05                           clknet_2_1__leaf_clk (net)
                  0.07    0.00    0.40 ^ _443_/CLK (sky130_fd_sc_hd__dfrtp_4)
                  0.10    0.47    0.88 ^ _443_/Q (sky130_fd_sc_hd__dfrtp_4)
     7    0.02                           rx_inst.clk_count[0] (net)
                  0.10    0.00    0.88 ^ _220_/C_N (sky130_fd_sc_hd__or4bb_1)
                  0.09    0.52    1.40 v _220_/X (sky130_fd_sc_hd__or4bb_1)
     1    0.00                           _101_ (net)
                  0.09    0.00    1.40 v _223_/A2 (sky130_fd_sc_hd__o211a_2)
                  0.08    0.32    1.72 v _223_/X (sky130_fd_sc_hd__o211a_2)
     7    0.02                           _104_ (net)
                  0.08    0.00    1.72 v _271_/B_N (sky130_fd_sc_hd__and4bb_1)
                  0.11    0.34    2.06 ^ _271_/X (sky130_fd_sc_hd__and4bb_1)
     3    0.01                           _141_ (net)
                  0.11    0.00    2.06 ^ _275_/B (sky130_fd_sc_hd__and3b_1)
                  0.06    0.18    2.24 ^ _275_/X (sky130_fd_sc_hd__and3b_1)
     1    0.00                           _144_ (net)
                  0.06    0.00    2.24 ^ _276_/S (sky130_fd_sc_hd__mux2_1)
                  0.06    0.33    2.57 v _276_/X (sky130_fd_sc_hd__mux2_1)
     1    0.00                           _145_ (net)
                  0.06    0.00    2.57 v _277_/A (sky130_fd_sc_hd__clkbuf_1)
                  0.02    0.09    2.66 v _277_/X (sky130_fd_sc_hd__clkbuf_1)
     1    0.00                           _073_ (net)
                  0.02    0.00    2.66 v _434_/D (sky130_fd_sc_hd__dfrtp_1)
                                  2.66   data arrival time

                         10.00   10.00   clock clk (rise edge)
                          0.00   10.00   clock source latency
                  0.09    0.06   10.06 ^ clk (in)
     2    0.02                           clk (net)
                  0.09    0.00   10.06 ^ clkbuf_0_clk/A (sky130_fd_sc_hd__clkbuf_16)
                  0.07    0.16   10.22 ^ clkbuf_0_clk/X (sky130_fd_sc_hd__clkbuf_16)
     4    0.05                           clknet_0_clk (net)
                  0.07    0.00   10.22 ^ clkbuf_2_0__f_clk/A (sky130_fd_sc_hd__clkbuf_16)
                  0.06    0.14   10.36 ^ clkbuf_2_0__f_clk/X (sky130_fd_sc_hd__clkbuf_16)
    11    0.04                           clknet_2_0__leaf_clk (net)
                  0.06    0.00   10.36 ^ _434_/CLK (sky130_fd_sc_hd__dfrtp_1)
                         -0.25   10.11   clock uncertainty
                          0.02   10.13   clock reconvergence pessimism
                         -0.10   10.03   library setup time
                                 10.03   data required time
-----------------------------------------------------------------------------
                                 10.03   data required time
                                 -2.66   data arrival time
-----------------------------------------------------------------------------
                                  7.36   slack (MET)


Startpoint: _443_ (rising edge-triggered flip-flop clocked by clk)
Endpoint: _439_ (rising edge-triggered flip-flop clocked by clk)
Path Group: clk
Path Type: max
Corner: Typical

Fanout     Cap    Slew   Delay    Time   Description
-----------------------------------------------------------------------------
                          0.00    0.00   clock clk (rise edge)
                          0.00    0.00   clock source latency
                  0.09    0.07    0.07 ^ clk (in)
     2    0.02                           clk (net)
                  0.09    0.00    0.07 ^ clkbuf_0_clk/A (sky130_fd_sc_hd__clkbuf_16)
                  0.07    0.17    0.24 ^ clkbuf_0_clk/X (sky130_fd_sc_hd__clkbuf_16)
     4    0.05                           clknet_0_clk (net)
                  0.07    0.00    0.24 ^ clkbuf_2_1__f_clk/A (sky130_fd_sc_hd__clkbuf_16)
                  0.07    0.16    0.40 ^ clkbuf_2_1__f_clk/X (sky130_fd_sc_hd__clkbuf_16)
    15    0.05                           clknet_2_1__leaf_clk (net)
                  0.07    0.00    0.40 ^ _443_/CLK (sky130_fd_sc_hd__dfrtp_4)
                  0.10    0.47    0.88 ^ _443_/Q (sky130_fd_sc_hd__dfrtp_4)
     7    0.02                           rx_inst.clk_count[0] (net)
                  0.10    0.00    0.88 ^ _220_/C_N (sky130_fd_sc_hd__or4bb_1)
                  0.09    0.52    1.40 v _220_/X (sky130_fd_sc_hd__or4bb_1)
     1    0.00                           _101_ (net)
                  0.09    0.00    1.40 v _223_/A2 (sky130_fd_sc_hd__o211a_2)
                  0.08    0.32    1.72 v _223_/X (sky130_fd_sc_hd__o211a_2)
     7    0.02                           _104_ (net)
                  0.08    0.00    1.72 v _250_/C (sky130_fd_sc_hd__or3_2)
                  0.12    0.50    2.22 v _250_/X (sky130_fd_sc_hd__or3_2)
     5    0.02                           _126_ (net)
                  0.12    0.00    2.22 v _260_/A2 (sky130_fd_sc_hd__o21a_1)
                  0.04    0.21    2.43 v _260_/X (sky130_fd_sc_hd__o21a_1)
     1    0.00                           _134_ (net)
                  0.04    0.00    2.43 v _261_/B1 (sky130_fd_sc_hd__a31o_1)
                  0.04    0.19    2.62 v _261_/X (sky130_fd_sc_hd__a31o_1)
     1    0.00                           _078_ (net)
                  0.04    0.00    2.62 v _439_/D (sky130_fd_sc_hd__dfrtp_1)
                                  2.62   data arrival time

                         10.00   10.00   clock clk (rise edge)
                          0.00   10.00   clock source latency
                  0.09    0.06   10.06 ^ clk (in)
     2    0.02                           clk (net)
                  0.09    0.00   10.06 ^ clkbuf_0_clk/A (sky130_fd_sc_hd__clkbuf_16)
                  0.07    0.16   10.22 ^ clkbuf_0_clk/X (sky130_fd_sc_hd__clkbuf_16)
     4    0.05                           clknet_0_clk (net)
                  0.07    0.00   10.22 ^ clkbuf_2_0__f_clk/A (sky130_fd_sc_hd__clkbuf_16)
                  0.06    0.14   10.36 ^ clkbuf_2_0__f_clk/X (sky130_fd_sc_hd__clkbuf_16)
    11    0.04                           clknet_2_0__leaf_clk (net)
                  0.06    0.00   10.36 ^ _439_/CLK (sky130_fd_sc_hd__dfrtp_1)
                         -0.25   10.11   clock uncertainty
                          0.02   10.13   clock reconvergence pessimism
                         -0.11   10.02   library setup time
                                 10.02   data required time
-----------------------------------------------------------------------------
                                 10.02   data required time
                                 -2.62   data arrival time
-----------------------------------------------------------------------------
                                  7.41   slack (MET)


Startpoint: _443_ (rising edge-triggered flip-flop clocked by clk)
Endpoint: _417_ (rising edge-triggered flip-flop clocked by clk)
Path Group: clk
Path Type: max
Corner: Typical

Fanout     Cap    Slew   Delay    Time   Description
-----------------------------------------------------------------------------
                          0.00    0.00   clock clk (rise edge)
                          0.00    0.00   clock source latency
                  0.09    0.07    0.07 ^ clk (in)
     2    0.02                           clk (net)
                  0.09    0.00    0.07 ^ clkbuf_0_clk/A (sky130_fd_sc_hd__clkbuf_16)
                  0.07    0.17    0.24 ^ clkbuf_0_clk/X (sky130_fd_sc_hd__clkbuf_16)
     4    0.05                           clknet_0_clk (net)
                  0.07    0.00    0.24 ^ clkbuf_2_1__f_clk/A (sky130_fd_sc_hd__clkbuf_16)
                  0.07    0.16    0.40 ^ clkbuf_2_1__f_clk/X (sky130_fd_sc_hd__clkbuf_16)
    15    0.05                           clknet_2_1__leaf_clk (net)
                  0.07    0.00    0.40 ^ _443_/CLK (sky130_fd_sc_hd__dfrtp_4)
                  0.10    0.47    0.88 ^ _443_/Q (sky130_fd_sc_hd__dfrtp_4)
     7    0.02                           rx_inst.clk_count[0] (net)
                  0.10    0.00    0.88 ^ _220_/C_N (sky130_fd_sc_hd__or4bb_1)
                  0.09    0.52    1.40 v _220_/X (sky130_fd_sc_hd__or4bb_1)
     1    0.00                           _101_ (net)
                  0.09    0.00    1.40 v _223_/A2 (sky130_fd_sc_hd__o211a_2)
                  0.08    0.32    1.72 v _223_/X (sky130_fd_sc_hd__o211a_2)
     7    0.02                           _104_ (net)
                  0.08    0.00    1.72 v _232_/B1 (sky130_fd_sc_hd__a2bb2o_1)
                  0.11    0.37    2.09 v _232_/X (sky130_fd_sc_hd__a2bb2o_1)
     5    0.02                           _112_ (net)
                  0.11    0.00    2.09 v _327_/B1 (sky130_fd_sc_hd__a311o_1)
                  0.06    0.37    2.46 v _327_/X (sky130_fd_sc_hd__a311o_1)
     1    0.01                           _179_ (net)
                  0.06    0.00    2.46 v _328_/B (sky130_fd_sc_hd__xnor2_1)
                  0.05    0.14    2.60 v _328_/Y (sky130_fd_sc_hd__xnor2_1)
     1    0.00                           _056_ (net)
                  0.05    0.00    2.60 v _417_/D (sky130_fd_sc_hd__dfrtp_4)
                                  2.60   data arrival time

                         10.00   10.00   clock clk (rise edge)
                          0.00   10.00   clock source latency
                  0.09    0.06   10.06 ^ clk (in)
     2    0.02                           clk (net)
                  0.09    0.00   10.06 ^ clkbuf_0_clk/A (sky130_fd_sc_hd__clkbuf_16)
                  0.07    0.16   10.22 ^ clkbuf_0_clk/X (sky130_fd_sc_hd__clkbuf_16)
     4    0.05                           clknet_0_clk (net)
                  0.07    0.00   10.22 ^ clkbuf_2_2__f_clk/A (sky130_fd_sc_hd__clkbuf_16)
                  0.05    0.14   10.35 ^ clkbuf_2_2__f_clk/X (sky130_fd_sc_hd__clkbuf_16)
    11    0.03                           clknet_2_2__leaf_clk (net)
                  0.05    0.00   10.36 ^ _417_/CLK (sky130_fd_sc_hd__dfrtp_4)
                         -0.25   10.11   clock uncertainty
                          0.02   10.13   clock reconvergence pessimism
                         -0.11   10.01   library setup time
                                 10.01   data required time
-----------------------------------------------------------------------------
                                 10.01   data required time
                                 -2.60   data arrival time
-----------------------------------------------------------------------------
                                  7.42   slack (MET)


Startpoint: tx_start (input port clocked by clk)
Endpoint: _419_ (rising edge-triggered flip-flop clocked by clk)
Path Group: clk
Path Type: max
Corner: Typical

Fanout     Cap    Slew   Delay    Time   Description
-----------------------------------------------------------------------------
                          0.00    0.00   clock clk (rise edge)
                          0.00    0.00   clock network delay (propagated)
                          2.00    2.00 v input external delay
                  0.01    0.01    2.01 v tx_start (in)
     2    0.00                           tx_start (net)
                  0.01    0.00    2.01 v input10/A (sky130_fd_sc_hd__clkbuf_2)
                  0.09    0.15    2.16 v input10/X (sky130_fd_sc_hd__clkbuf_2)
     3    0.02                           net10 (net)
                  0.09    0.00    2.16 v _321_/A1 (sky130_fd_sc_hd__mux2_1)
                  0.05    0.31    2.47 v _321_/X (sky130_fd_sc_hd__mux2_1)
     1    0.00                           _175_ (net)
                  0.05    0.00    2.47 v _322_/A (sky130_fd_sc_hd__clkbuf_1)
                  0.02    0.09    2.56 v _322_/X (sky130_fd_sc_hd__clkbuf_1)
     1    0.00                           _058_ (net)
                  0.02    0.00    2.56 v _419_/D (sky130_fd_sc_hd__dfrtp_1)
                                  2.56   data arrival time

                         10.00   10.00   clock clk (rise edge)
                          0.00   10.00   clock source latency
                  0.09    0.06   10.06 ^ clk (in)
     2    0.02                           clk (net)
                  0.09    0.00   10.06 ^ clkbuf_0_clk/A (sky130_fd_sc_hd__clkbuf_16)
                  0.07    0.16   10.22 ^ clkbuf_0_clk/X (sky130_fd_sc_hd__clkbuf_16)
     4    0.05                           clknet_0_clk (net)
                  0.07    0.00   10.22 ^ clkbuf_2_2__f_clk/A (sky130_fd_sc_hd__clkbuf_16)
                  0.05    0.14   10.35 ^ clkbuf_2_2__f_clk/X (sky130_fd_sc_hd__clkbuf_16)
    11    0.03                           clknet_2_2__leaf_clk (net)
                  0.05    0.00   10.36 ^ _419_/CLK (sky130_fd_sc_hd__dfrtp_1)
                         -0.25   10.11   clock uncertainty
                          0.00   10.11   clock reconvergence pessimism
                         -0.10   10.00   library setup time
                                 10.00   data required time
-----------------------------------------------------------------------------
                                 10.00   data required time
                                 -2.56   data arrival time
-----------------------------------------------------------------------------
                                  7.44   slack (MET)


Startpoint: _443_ (rising edge-triggered flip-flop clocked by clk)
Endpoint: _435_ (rising edge-triggered flip-flop clocked by clk)
Path Group: clk
Path Type: max
Corner: Typical

Fanout     Cap    Slew   Delay    Time   Description
-----------------------------------------------------------------------------
                          0.00    0.00   clock clk (rise edge)
                          0.00    0.00   clock source latency
                  0.09    0.07    0.07 ^ clk (in)
     2    0.02                           clk (net)
                  0.09    0.00    0.07 ^ clkbuf_0_clk/A (sky130_fd_sc_hd__clkbuf_16)
                  0.07    0.17    0.24 ^ clkbuf_0_clk/X (sky130_fd_sc_hd__clkbuf_16)
     4    0.05                           clknet_0_clk (net)
                  0.07    0.00    0.24 ^ clkbuf_2_1__f_clk/A (sky130_fd_sc_hd__clkbuf_16)
                  0.07    0.16    0.40 ^ clkbuf_2_1__f_clk/X (sky130_fd_sc_hd__clkbuf_16)
    15    0.05                           clknet_2_1__leaf_clk (net)
                  0.07    0.00    0.40 ^ _443_/CLK (sky130_fd_sc_hd__dfrtp_4)
                  0.10    0.47    0.88 ^ _443_/Q (sky130_fd_sc_hd__dfrtp_4)
     7    0.02                           rx_inst.clk_count[0] (net)
                  0.10    0.00    0.88 ^ _220_/C_N (sky130_fd_sc_hd__or4bb_1)
                  0.09    0.52    1.40 v _220_/X (sky130_fd_sc_hd__or4bb_1)
     1    0.00                           _101_ (net)
                  0.09    0.00    1.40 v _223_/A2 (sky130_fd_sc_hd__o211a_2)
                  0.08    0.32    1.72 v _223_/X (sky130_fd_sc_hd__o211a_2)
     7    0.02                           _104_ (net)
                  0.08    0.00    1.72 v _271_/B_N (sky130_fd_sc_hd__and4bb_1)
                  0.11    0.34    2.06 ^ _271_/X (sky130_fd_sc_hd__and4bb_1)
     3    0.01                           _141_ (net)
                  0.11    0.00    2.06 ^ _272_/B (sky130_fd_sc_hd__nand2_1)
                  0.06    0.08    2.13 v _272_/Y (sky130_fd_sc_hd__nand2_1)
     1    0.00                           _142_ (net)
                  0.06    0.00    2.13 v _273_/S (sky130_fd_sc_hd__mux2_1)
                  0.06    0.34    2.47 v _273_/X (sky130_fd_sc_hd__mux2_1)
     1    0.00                           _143_ (net)
                  0.06    0.00    2.47 v _274_/A (sky130_fd_sc_hd__clkbuf_1)
                  0.02    0.10    2.57 v _274_/X (sky130_fd_sc_hd__clkbuf_1)
     1    0.00                           _074_ (net)
                  0.02    0.00    2.57 v _435_/D (sky130_fd_sc_hd__dfrtp_1)
                                  2.57   data arrival time

                         10.00   10.00   clock clk (rise edge)
                          0.00   10.00   clock source latency
                  0.09    0.06   10.06 ^ clk (in)
     2    0.02                           clk (net)
                  0.09    0.00   10.06 ^ clkbuf_0_clk/A (sky130_fd_sc_hd__clkbuf_16)
                  0.07    0.16   10.22 ^ clkbuf_0_clk/X (sky130_fd_sc_hd__clkbuf_16)
     4    0.05                           clknet_0_clk (net)
                  0.07    0.00   10.22 ^ clkbuf_2_0__f_clk/A (sky130_fd_sc_hd__clkbuf_16)
                  0.06    0.14   10.36 ^ clkbuf_2_0__f_clk/X (sky130_fd_sc_hd__clkbuf_16)
    11    0.04                           clknet_2_0__leaf_clk (net)
                  0.06    0.00   10.36 ^ _435_/CLK (sky130_fd_sc_hd__dfrtp_1)
                         -0.25   10.11   clock uncertainty
                          0.02   10.13   clock reconvergence pessimism
                         -0.10   10.03   library setup time
                                 10.03   data required time
-----------------------------------------------------------------------------
                                 10.03   data required time
                                 -2.57   data arrival time
-----------------------------------------------------------------------------
                                  7.46   slack (MET)


Startpoint: _443_ (rising edge-triggered flip-flop clocked by clk)
Endpoint: _440_ (rising edge-triggered flip-flop clocked by clk)
Path Group: clk
Path Type: max
Corner: Typical

Fanout     Cap    Slew   Delay    Time   Description
-----------------------------------------------------------------------------
                          0.00    0.00   clock clk (rise edge)
                          0.00    0.00   clock source latency
                  0.09    0.07    0.07 ^ clk (in)
     2    0.02                           clk (net)
                  0.09    0.00    0.07 ^ clkbuf_0_clk/A (sky130_fd_sc_hd__clkbuf_16)
                  0.07    0.17    0.24 ^ clkbuf_0_clk/X (sky130_fd_sc_hd__clkbuf_16)
     4    0.05                           clknet_0_clk (net)
                  0.07    0.00    0.24 ^ clkbuf_2_1__f_clk/A (sky130_fd_sc_hd__clkbuf_16)
                  0.07    0.16    0.40 ^ clkbuf_2_1__f_clk/X (sky130_fd_sc_hd__clkbuf_16)
    15    0.05                           clknet_2_1__leaf_clk (net)
                  0.07    0.00    0.40 ^ _443_/CLK (sky130_fd_sc_hd__dfrtp_4)
                  0.10    0.47    0.88 ^ _443_/Q (sky130_fd_sc_hd__dfrtp_4)
     7    0.02                           rx_inst.clk_count[0] (net)
                  0.10    0.00    0.88 ^ _220_/C_N (sky130_fd_sc_hd__or4bb_1)
                  0.09    0.52    1.40 v _220_/X (sky130_fd_sc_hd__or4bb_1)
     1    0.00                           _101_ (net)
                  0.09    0.00    1.40 v _223_/A2 (sky130_fd_sc_hd__o211a_2)
                  0.08    0.32    1.72 v _223_/X (sky130_fd_sc_hd__o211a_2)
     7    0.02                           _104_ (net)
                  0.08    0.00    1.72 v _250_/C (sky130_fd_sc_hd__or3_2)
                  0.12    0.50    2.22 v _250_/X (sky130_fd_sc_hd__or3_2)
     5    0.02                           _126_ (net)
                  0.12    0.00    2.22 v _253_/A (sky130_fd_sc_hd__inv_2)
                  0.03    0.06    2.29 ^ _253_/Y (sky130_fd_sc_hd__inv_2)
     1    0.00                           _128_ (net)
                  0.03    0.00    2.29 ^ _254_/A0 (sky130_fd_sc_hd__mux2_1)
                  0.05    0.12    2.41 ^ _254_/X (sky130_fd_sc_hd__mux2_1)
     1    0.00                           _129_ (net)
                  0.05    0.00    2.41 ^ _255_/A (sky130_fd_sc_hd__clkbuf_1)
                  0.05    0.09    2.50 ^ _255_/X (sky130_fd_sc_hd__clkbuf_1)
     1    0.00                           _079_ (net)
                  0.05    0.00    2.50 ^ _440_/D (sky130_fd_sc_hd__dfrtp_4)
                                  2.50   data arrival time

                         10.00   10.00   clock clk (rise edge)
                          0.00   10.00   clock source latency
                  0.09    0.06   10.06 ^ clk (in)
     2    0.02                           clk (net)
                  0.09    0.00   10.06 ^ clkbuf_0_clk/A (sky130_fd_sc_hd__clkbuf_16)
                  0.07    0.16   10.22 ^ clkbuf_0_clk/X (sky130_fd_sc_hd__clkbuf_16)
     4    0.05                           clknet_0_clk (net)
                  0.07    0.00   10.22 ^ clkbuf_2_0__f_clk/A (sky130_fd_sc_hd__clkbuf_16)
                  0.06    0.14   10.36 ^ clkbuf_2_0__f_clk/X (sky130_fd_sc_hd__clkbuf_16)
    11    0.04                           clknet_2_0__leaf_clk (net)
                  0.06    0.00   10.36 ^ _440_/CLK (sky130_fd_sc_hd__dfrtp_4)
                         -0.25   10.11   clock uncertainty
                          0.02   10.13   clock reconvergence pessimism
                         -0.06   10.07   library setup time
                                 10.07   data required time
-----------------------------------------------------------------------------
                                 10.07   data required time
                                 -2.50   data arrival time
-----------------------------------------------------------------------------
                                  7.57   slack (MET)


Startpoint: rst (input port clocked by clk)
Endpoint: _420_ (recovery check against rising-edge clock clk)
Path Group: asynchronous
Path Type: max
Corner: Typical

Fanout     Cap    Slew   Delay    Time   Description
-----------------------------------------------------------------------------
                          0.00    0.00   clock clk (rise edge)
                          0.00    0.00   clock network delay (propagated)
                          2.00    2.00 v input external delay
                  0.01    0.01    2.01 v rst (in)
     2    0.00                           rst (net)
                  0.01    0.00    2.01 v input1/A (sky130_fd_sc_hd__buf_1)
                  0.07    0.11    2.12 v input1/X (sky130_fd_sc_hd__buf_1)
     1    0.01                           net1 (net)
                  0.07    0.00    2.12 v _356_/A (sky130_fd_sc_hd__clkbuf_4)
                  0.10    0.22    2.34 v _356_/X (sky130_fd_sc_hd__clkbuf_4)
     9    0.05                           _200_ (net)
                  0.10    0.00    2.34 v _368_/A (sky130_fd_sc_hd__buf_4)
                  0.08    0.23    2.57 v _368_/X (sky130_fd_sc_hd__buf_4)
    10    0.06                           _202_ (net)
                  0.08    0.00    2.57 v _373_/A (sky130_fd_sc_hd__inv_2)
                  0.03    0.06    2.64 ^ _373_/Y (sky130_fd_sc_hd__inv_2)
     1    0.00                           _014_ (net)
                  0.03    0.00    2.64 ^ _420_/SET_B (sky130_fd_sc_hd__dfstp_1)
                                  2.64   data arrival time

                         10.00   10.00   clock clk (rise edge)
                          0.00   10.00   clock source latency
                  0.09    0.06   10.06 ^ clk (in)
     2    0.02                           clk (net)
                  0.09    0.00   10.06 ^ clkbuf_0_clk/A (sky130_fd_sc_hd__clkbuf_16)
                  0.07    0.16   10.22 ^ clkbuf_0_clk/X (sky130_fd_sc_hd__clkbuf_16)
     4    0.05                           clknet_0_clk (net)
                  0.07    0.00   10.22 ^ clkbuf_2_2__f_clk/A (sky130_fd_sc_hd__clkbuf_16)
                  0.05    0.14   10.35 ^ clkbuf_2_2__f_clk/X (sky130_fd_sc_hd__clkbuf_16)
    11    0.03                           clknet_2_2__leaf_clk (net)
                  0.05    0.00   10.36 ^ _420_/CLK (sky130_fd_sc_hd__dfstp_1)
                         -0.25   10.11   clock uncertainty
                          0.00   10.11   clock reconvergence pessimism
                          0.14   10.25   library recovery time
                                 10.25   data required time
-----------------------------------------------------------------------------
                                 10.25   data required time
                                 -2.64   data arrival time
-----------------------------------------------------------------------------
                                  7.61   slack (MET)


Startpoint: rst (input port clocked by clk)
Endpoint: _431_ (recovery check against rising-edge clock clk)
Path Group: asynchronous
Path Type: max
Corner: Typical

Fanout     Cap    Slew   Delay    Time   Description
-----------------------------------------------------------------------------
                          0.00    0.00   clock clk (rise edge)
                          0.00    0.00   clock network delay (propagated)
                          2.00    2.00 v input external delay
                  0.01    0.01    2.01 v rst (in)
     2    0.00                           rst (net)
                  0.01    0.00    2.01 v input1/A (sky130_fd_sc_hd__buf_1)
                  0.07    0.11    2.12 v input1/X (sky130_fd_sc_hd__buf_1)
     1    0.01                           net1 (net)
                  0.07    0.00    2.12 v _356_/A (sky130_fd_sc_hd__clkbuf_4)
                  0.10    0.22    2.34 v _356_/X (sky130_fd_sc_hd__clkbuf_4)
     9    0.05                           _200_ (net)
                  0.10    0.00    2.34 v _379_/A (sky130_fd_sc_hd__buf_4)
                  0.10    0.24    2.59 v _379_/X (sky130_fd_sc_hd__buf_4)
    20    0.07                           _203_ (net)
                  0.10    0.00    2.59 v _385_/A (sky130_fd_sc_hd__inv_2)
                  0.04    0.07    2.66 ^ _385_/Y (sky130_fd_sc_hd__inv_2)
     1    0.00                           _025_ (net)
                  0.04    0.00    2.66 ^ _431_/RESET_B (sky130_fd_sc_hd__dfrtp_4)
                                  2.66   data arrival time

                         10.00   10.00   clock clk (rise edge)
                          0.00   10.00   clock source latency
                  0.09    0.06   10.06 ^ clk (in)
     2    0.02                           clk (net)
                  0.09    0.00   10.06 ^ clkbuf_0_clk/A (sky130_fd_sc_hd__clkbuf_16)
                  0.07    0.16   10.22 ^ clkbuf_0_clk/X (sky130_fd_sc_hd__clkbuf_16)
     4    0.05                           clknet_0_clk (net)
                  0.07    0.00   10.22 ^ clkbuf_2_2__f_clk/A (sky130_fd_sc_hd__clkbuf_16)
                  0.05    0.14   10.35 ^ clkbuf_2_2__f_clk/X (sky130_fd_sc_hd__clkbuf_16)
    11    0.03                           clknet_2_2__leaf_clk (net)
                  0.05    0.00   10.36 ^ _431_/CLK (sky130_fd_sc_hd__dfrtp_4)
                         -0.25   10.11   clock uncertainty
                          0.00   10.11   clock reconvergence pessimism
                          0.22   10.33   library recovery time
                                 10.33   data required time
-----------------------------------------------------------------------------
                                 10.33   data required time
                                 -2.66   data arrival time
-----------------------------------------------------------------------------
                                  7.67   slack (MET)


Startpoint: rst (input port clocked by clk)
Endpoint: _430_ (recovery check against rising-edge clock clk)
Path Group: asynchronous
Path Type: max
Corner: Typical

Fanout     Cap    Slew   Delay    Time   Description
-----------------------------------------------------------------------------
                          0.00    0.00   clock clk (rise edge)
                          0.00    0.00   clock network delay (propagated)
                          2.00    2.00 v input external delay
                  0.01    0.01    2.01 v rst (in)
     2    0.00                           rst (net)
                  0.01    0.00    2.01 v input1/A (sky130_fd_sc_hd__buf_1)
                  0.07    0.11    2.12 v input1/X (sky130_fd_sc_hd__buf_1)
     1    0.01                           net1 (net)
                  0.07    0.00    2.12 v _356_/A (sky130_fd_sc_hd__clkbuf_4)
                  0.10    0.22    2.34 v _356_/X (sky130_fd_sc_hd__clkbuf_4)
     9    0.05                           _200_ (net)
                  0.10    0.00    2.34 v _379_/A (sky130_fd_sc_hd__buf_4)
                  0.10    0.24    2.59 v _379_/X (sky130_fd_sc_hd__buf_4)
    20    0.07                           _203_ (net)
                  0.10    0.00    2.59 v _384_/A (sky130_fd_sc_hd__inv_2)
                  0.04    0.07    2.66 ^ _384_/Y (sky130_fd_sc_hd__inv_2)
     1    0.00                           _024_ (net)
                  0.04    0.00    2.66 ^ _430_/RESET_B (sky130_fd_sc_hd__dfrtp_4)
                                  2.66   data arrival time

                         10.00   10.00   clock clk (rise edge)
                          0.00   10.00   clock source latency
                  0.09    0.06   10.06 ^ clk (in)
     2    0.02                           clk (net)
                  0.09    0.00   10.06 ^ clkbuf_0_clk/A (sky130_fd_sc_hd__clkbuf_16)
                  0.07    0.16   10.22 ^ clkbuf_0_clk/X (sky130_fd_sc_hd__clkbuf_16)
     4    0.05                           clknet_0_clk (net)
                  0.07    0.00   10.22 ^ clkbuf_2_2__f_clk/A (sky130_fd_sc_hd__clkbuf_16)
                  0.05    0.14   10.35 ^ clkbuf_2_2__f_clk/X (sky130_fd_sc_hd__clkbuf_16)
    11    0.03                           clknet_2_2__leaf_clk (net)
                  0.05    0.00   10.36 ^ _430_/CLK (sky130_fd_sc_hd__dfrtp_4)
                         -0.25   10.11   clock uncertainty
                          0.00   10.11   clock reconvergence pessimism
                          0.22   10.33   library recovery time
                                 10.33   data required time
-----------------------------------------------------------------------------
                                 10.33   data required time
                                 -2.66   data arrival time
-----------------------------------------------------------------------------
                                  7.67   slack (MET)


Startpoint: rst (input port clocked by clk)
Endpoint: _426_ (recovery check against rising-edge clock clk)
Path Group: asynchronous
Path Type: max
Corner: Typical

Fanout     Cap    Slew   Delay    Time   Description
-----------------------------------------------------------------------------
                          0.00    0.00   clock clk (rise edge)
                          0.00    0.00   clock network delay (propagated)
                          2.00    2.00 v input external delay
                  0.01    0.01    2.01 v rst (in)
     2    0.00                           rst (net)
                  0.01    0.00    2.01 v input1/A (sky130_fd_sc_hd__buf_1)
                  0.07    0.11    2.12 v input1/X (sky130_fd_sc_hd__buf_1)
     1    0.01                           net1 (net)
                  0.07    0.00    2.12 v _356_/A (sky130_fd_sc_hd__clkbuf_4)
                  0.10    0.22    2.34 v _356_/X (sky130_fd_sc_hd__clkbuf_4)
     9    0.05                           _200_ (net)
                  0.10    0.00    2.34 v _379_/A (sky130_fd_sc_hd__buf_4)
                  0.10    0.24    2.59 v _379_/X (sky130_fd_sc_hd__buf_4)
    20    0.07                           _203_ (net)
                  0.10    0.00    2.59 v _380_/A (sky130_fd_sc_hd__inv_2)
                  0.04    0.07    2.66 ^ _380_/Y (sky130_fd_sc_hd__inv_2)
     1    0.01                           _020_ (net)
                  0.04    0.00    2.66 ^ _426_/RESET_B (sky130_fd_sc_hd__dfrtp_1)
                                  2.66   data arrival time

                         10.00   10.00   clock clk (rise edge)
                          0.00   10.00   clock source latency
                  0.09    0.06   10.06 ^ clk (in)
     2    0.02                           clk (net)
                  0.09    0.00   10.06 ^ clkbuf_0_clk/A (sky130_fd_sc_hd__clkbuf_16)
                  0.07    0.16   10.22 ^ clkbuf_0_clk/X (sky130_fd_sc_hd__clkbuf_16)
     4    0.05                           clknet_0_clk (net)
                  0.07    0.00   10.22 ^ clkbuf_2_3__f_clk/A (sky130_fd_sc_hd__clkbuf_16)
                  0.05    0.13   10.35 ^ clkbuf_2_3__f_clk/X (sky130_fd_sc_hd__clkbuf_16)
     8    0.03                           clknet_2_3__leaf_clk (net)
                  0.05    0.00   10.35 ^ _426_/CLK (sky130_fd_sc_hd__dfrtp_1)
                         -0.25   10.10   clock uncertainty
                          0.00   10.10   clock reconvergence pessimism
                          0.23   10.33   library recovery time
                                 10.33   data required time
-----------------------------------------------------------------------------
                                 10.33   data required time
                                 -2.66   data arrival time
-----------------------------------------------------------------------------
                                  7.67   slack (MET)


Startpoint: rst (input port clocked by clk)
Endpoint: _427_ (recovery check against rising-edge clock clk)
Path Group: asynchronous
Path Type: max
Corner: Typical

Fanout     Cap    Slew   Delay    Time   Description
-----------------------------------------------------------------------------
                          0.00    0.00   clock clk (rise edge)
                          0.00    0.00   clock network delay (propagated)
                          2.00    2.00 v input external delay
                  0.01    0.01    2.01 v rst (in)
     2    0.00                           rst (net)
                  0.01    0.00    2.01 v input1/A (sky130_fd_sc_hd__buf_1)
                  0.07    0.11    2.12 v input1/X (sky130_fd_sc_hd__buf_1)
     1    0.01                           net1 (net)
                  0.07    0.00    2.12 v _356_/A (sky130_fd_sc_hd__clkbuf_4)
                  0.10    0.22    2.34 v _356_/X (sky130_fd_sc_hd__clkbuf_4)
     9    0.05                           _200_ (net)
                  0.10    0.00    2.34 v _379_/A (sky130_fd_sc_hd__buf_4)
                  0.10    0.24    2.59 v _379_/X (sky130_fd_sc_hd__buf_4)
    20    0.07                           _203_ (net)
                  0.10    0.00    2.59 v _381_/A (sky130_fd_sc_hd__inv_2)
                  0.04    0.07    2.66 ^ _381_/Y (sky130_fd_sc_hd__inv_2)
     1    0.00                           _021_ (net)
                  0.04    0.00    2.66 ^ _427_/RESET_B (sky130_fd_sc_hd__dfrtp_1)
                                  2.66   data arrival time

                         10.00   10.00   clock clk (rise edge)
                          0.00   10.00   clock source latency
                  0.09    0.06   10.06 ^ clk (in)
     2    0.02                           clk (net)
                  0.09    0.00   10.06 ^ clkbuf_0_clk/A (sky130_fd_sc_hd__clkbuf_16)
                  0.07    0.16   10.22 ^ clkbuf_0_clk/X (sky130_fd_sc_hd__clkbuf_16)
     4    0.05                           clknet_0_clk (net)
                  0.07    0.00   10.22 ^ clkbuf_2_3__f_clk/A (sky130_fd_sc_hd__clkbuf_16)
                  0.05    0.13   10.35 ^ clkbuf_2_3__f_clk/X (sky130_fd_sc_hd__clkbuf_16)
     8    0.03                           clknet_2_3__leaf_clk (net)
                  0.05    0.00   10.35 ^ _427_/CLK (sky130_fd_sc_hd__dfrtp_1)
                         -0.25   10.10   clock uncertainty
                          0.00   10.10   clock reconvergence pessimism
                          0.23   10.33   library recovery time
                                 10.33   data required time
-----------------------------------------------------------------------------
                                 10.33   data required time
                                 -2.66   data arrival time
-----------------------------------------------------------------------------
                                  7.68   slack (MET)


Startpoint: rst (input port clocked by clk)
Endpoint: _435_ (recovery check against rising-edge clock clk)
Path Group: asynchronous
Path Type: max
Corner: Typical

Fanout     Cap    Slew   Delay    Time   Description
-----------------------------------------------------------------------------
                          0.00    0.00   clock clk (rise edge)
                          0.00    0.00   clock network delay (propagated)
                          2.00    2.00 v input external delay
                  0.01    0.01    2.01 v rst (in)
     2    0.00                           rst (net)
                  0.01    0.00    2.01 v input1/A (sky130_fd_sc_hd__buf_1)
                  0.07    0.11    2.12 v input1/X (sky130_fd_sc_hd__buf_1)
     1    0.01                           net1 (net)
                  0.07    0.00    2.12 v _356_/A (sky130_fd_sc_hd__clkbuf_4)
                  0.10    0.22    2.34 v _356_/X (sky130_fd_sc_hd__clkbuf_4)
     9    0.05                           _200_ (net)
                  0.10    0.00    2.34 v _379_/A (sky130_fd_sc_hd__buf_4)
                  0.10    0.24    2.59 v _379_/X (sky130_fd_sc_hd__buf_4)
    20    0.07                           _203_ (net)
                  0.10    0.00    2.59 v _389_/A (sky130_fd_sc_hd__inv_2)
                  0.04    0.07    2.66 ^ _389_/Y (sky130_fd_sc_hd__inv_2)
     1    0.00                           _029_ (net)
                  0.04    0.00    2.66 ^ _435_/RESET_B (sky130_fd_sc_hd__dfrtp_1)
                                  2.66   data arrival time

                         10.00   10.00   clock clk (rise edge)
                          0.00   10.00   clock source latency
                  0.09    0.06   10.06 ^ clk (in)
     2    0.02                           clk (net)
                  0.09    0.00   10.06 ^ clkbuf_0_clk/A (sky130_fd_sc_hd__clkbuf_16)
                  0.07    0.16   10.22 ^ clkbuf_0_clk/X (sky130_fd_sc_hd__clkbuf_16)
     4    0.05                           clknet_0_clk (net)
                  0.07    0.00   10.22 ^ clkbuf_2_0__f_clk/A (sky130_fd_sc_hd__clkbuf_16)
                  0.06    0.14   10.36 ^ clkbuf_2_0__f_clk/X (sky130_fd_sc_hd__clkbuf_16)
    11    0.04                           clknet_2_0__leaf_clk (net)
                  0.06    0.00   10.36 ^ _435_/CLK (sky130_fd_sc_hd__dfrtp_1)
                         -0.25   10.11   clock uncertainty
                          0.00   10.11   clock reconvergence pessimism
                          0.24   10.34   library recovery time
                                 10.34   data required time
-----------------------------------------------------------------------------
                                 10.34   data required time
                                 -2.66   data arrival time
-----------------------------------------------------------------------------
                                  7.68   slack (MET)


Startpoint: rst (input port clocked by clk)
Endpoint: _432_ (recovery check against rising-edge clock clk)
Path Group: asynchronous
Path Type: max
Corner: Typical

Fanout     Cap    Slew   Delay    Time   Description
-----------------------------------------------------------------------------
                          0.00    0.00   clock clk (rise edge)
                          0.00    0.00   clock network delay (propagated)
                          2.00    2.00 v input external delay
                  0.01    0.01    2.01 v rst (in)
     2    0.00                           rst (net)
                  0.01    0.00    2.01 v input1/A (sky130_fd_sc_hd__buf_1)
                  0.07    0.11    2.12 v input1/X (sky130_fd_sc_hd__buf_1)
     1    0.01                           net1 (net)
                  0.07    0.00    2.12 v _356_/A (sky130_fd_sc_hd__clkbuf_4)
                  0.10    0.22    2.34 v _356_/X (sky130_fd_sc_hd__clkbuf_4)
     9    0.05                           _200_ (net)
                  0.10    0.00    2.34 v _379_/A (sky130_fd_sc_hd__buf_4)
                  0.10    0.24    2.59 v _379_/X (sky130_fd_sc_hd__buf_4)
    20    0.07                           _203_ (net)
                  0.10    0.00    2.59 v _386_/A (sky130_fd_sc_hd__inv_2)
                  0.04    0.07    2.66 ^ _386_/Y (sky130_fd_sc_hd__inv_2)
     1    0.00                           _026_ (net)
                  0.04    0.00    2.66 ^ _432_/RESET_B (sky130_fd_sc_hd__dfrtp_2)
                                  2.66   data arrival time

                         10.00   10.00   clock clk (rise edge)
                          0.00   10.00   clock source latency
                  0.09    0.06   10.06 ^ clk (in)
     2    0.02                           clk (net)
                  0.09    0.00   10.06 ^ clkbuf_0_clk/A (sky130_fd_sc_hd__clkbuf_16)
                  0.07    0.16   10.22 ^ clkbuf_0_clk/X (sky130_fd_sc_hd__clkbuf_16)
     4    0.05                           clknet_0_clk (net)
                  0.07    0.00   10.22 ^ clkbuf_2_1__f_clk/A (sky130_fd_sc_hd__clkbuf_16)
                  0.07    0.15   10.37 ^ clkbuf_2_1__f_clk/X (sky130_fd_sc_hd__clkbuf_16)
    15    0.05                           clknet_2_1__leaf_clk (net)
                  0.07    0.00   10.37 ^ _432_/CLK (sky130_fd_sc_hd__dfrtp_2)
                         -0.25   10.12   clock uncertainty
                          0.00   10.12   clock reconvergence pessimism
                          0.23   10.34   library recovery time
                                 10.34   data required time
-----------------------------------------------------------------------------
                                 10.34   data required time
                                 -2.66   data arrival time
-----------------------------------------------------------------------------
                                  7.68   slack (MET)


Startpoint: rst (input port clocked by clk)
Endpoint: _434_ (recovery check against rising-edge clock clk)
Path Group: asynchronous
Path Type: max
Corner: Typical

Fanout     Cap    Slew   Delay    Time   Description
-----------------------------------------------------------------------------
                          0.00    0.00   clock clk (rise edge)
                          0.00    0.00   clock network delay (propagated)
                          2.00    2.00 v input external delay
                  0.01    0.01    2.01 v rst (in)
     2    0.00                           rst (net)
                  0.01    0.00    2.01 v input1/A (sky130_fd_sc_hd__buf_1)
                  0.07    0.11    2.12 v input1/X (sky130_fd_sc_hd__buf_1)
     1    0.01                           net1 (net)
                  0.07    0.00    2.12 v _356_/A (sky130_fd_sc_hd__clkbuf_4)
                  0.10    0.22    2.34 v _356_/X (sky130_fd_sc_hd__clkbuf_4)
     9    0.05                           _200_ (net)
                  0.10    0.00    2.34 v _379_/A (sky130_fd_sc_hd__buf_4)
                  0.10    0.24    2.59 v _379_/X (sky130_fd_sc_hd__buf_4)
    20    0.07                           _203_ (net)
                  0.10    0.00    2.59 v _388_/A (sky130_fd_sc_hd__inv_2)
                  0.04    0.07    2.66 ^ _388_/Y (sky130_fd_sc_hd__inv_2)
     1    0.00                           _028_ (net)
                  0.04    0.00    2.66 ^ _434_/RESET_B (sky130_fd_sc_hd__dfrtp_1)
                                  2.66   data arrival time

                         10.00   10.00   clock clk (rise edge)
                          0.00   10.00   clock source latency
                  0.09    0.06   10.06 ^ clk (in)
     2    0.02                           clk (net)
                  0.09    0.00   10.06 ^ clkbuf_0_clk/A (sky130_fd_sc_hd__clkbuf_16)
                  0.07    0.16   10.22 ^ clkbuf_0_clk/X (sky130_fd_sc_hd__clkbuf_16)
     4    0.05                           clknet_0_clk (net)
                  0.07    0.00   10.22 ^ clkbuf_2_0__f_clk/A (sky130_fd_sc_hd__clkbuf_16)
                  0.06    0.14   10.36 ^ clkbuf_2_0__f_clk/X (sky130_fd_sc_hd__clkbuf_16)
    11    0.04                           clknet_2_0__leaf_clk (net)
                  0.06    0.00   10.36 ^ _434_/CLK (sky130_fd_sc_hd__dfrtp_1)
                         -0.25   10.11   clock uncertainty
                          0.00   10.11   clock reconvergence pessimism
                          0.24   10.34   library recovery time
                                 10.34   data required time
-----------------------------------------------------------------------------
                                 10.34   data required time
                                 -2.66   data arrival time
-----------------------------------------------------------------------------
                                  7.68   slack (MET)


Startpoint: rst (input port clocked by clk)
Endpoint: _417_ (recovery check against rising-edge clock clk)
Path Group: asynchronous
Path Type: max
Corner: Typical

Fanout     Cap    Slew   Delay    Time   Description
-----------------------------------------------------------------------------
                          0.00    0.00   clock clk (rise edge)
                          0.00    0.00   clock network delay (propagated)
                          2.00    2.00 v input external delay
                  0.01    0.01    2.01 v rst (in)
     2    0.00                           rst (net)
                  0.01    0.00    2.01 v input1/A (sky130_fd_sc_hd__buf_1)
                  0.07    0.11    2.12 v input1/X (sky130_fd_sc_hd__buf_1)
     1    0.01                           net1 (net)
                  0.07    0.00    2.12 v _356_/A (sky130_fd_sc_hd__clkbuf_4)
                  0.10    0.22    2.34 v _356_/X (sky130_fd_sc_hd__clkbuf_4)
     9    0.05                           _200_ (net)
                  0.10    0.00    2.34 v _368_/A (sky130_fd_sc_hd__buf_4)
                  0.08    0.23    2.57 v _368_/X (sky130_fd_sc_hd__buf_4)
    10    0.06                           _202_ (net)
                  0.08    0.00    2.57 v _370_/A (sky130_fd_sc_hd__inv_2)
                  0.03    0.06    2.64 ^ _370_/Y (sky130_fd_sc_hd__inv_2)
     1    0.00                           _011_ (net)
                  0.03    0.00    2.64 ^ _417_/RESET_B (sky130_fd_sc_hd__dfrtp_4)
                                  2.64   data arrival time

                         10.00   10.00   clock clk (rise edge)
                          0.00   10.00   clock source latency
                  0.09    0.06   10.06 ^ clk (in)
     2    0.02                           clk (net)
                  0.09    0.00   10.06 ^ clkbuf_0_clk/A (sky130_fd_sc_hd__clkbuf_16)
                  0.07    0.16   10.22 ^ clkbuf_0_clk/X (sky130_fd_sc_hd__clkbuf_16)
     4    0.05                           clknet_0_clk (net)
                  0.07    0.00   10.22 ^ clkbuf_2_2__f_clk/A (sky130_fd_sc_hd__clkbuf_16)
                  0.05    0.14   10.35 ^ clkbuf_2_2__f_clk/X (sky130_fd_sc_hd__clkbuf_16)
    11    0.03                           clknet_2_2__leaf_clk (net)
                  0.05    0.00   10.36 ^ _417_/CLK (sky130_fd_sc_hd__dfrtp_4)
                         -0.25   10.11   clock uncertainty
                          0.00   10.11   clock reconvergence pessimism
                          0.22   10.33   library recovery time
                                 10.33   data required time
-----------------------------------------------------------------------------
                                 10.33   data required time
                                 -2.64   data arrival time
-----------------------------------------------------------------------------
                                  7.69   slack (MET)


Startpoint: rst (input port clocked by clk)
Endpoint: _428_ (recovery check against rising-edge clock clk)
Path Group: asynchronous
Path Type: max
Corner: Typical

Fanout     Cap    Slew   Delay    Time   Description
-----------------------------------------------------------------------------
                          0.00    0.00   clock clk (rise edge)
                          0.00    0.00   clock network delay (propagated)
                          2.00    2.00 v input external delay
                  0.01    0.01    2.01 v rst (in)
     2    0.00                           rst (net)
                  0.01    0.00    2.01 v input1/A (sky130_fd_sc_hd__buf_1)
                  0.07    0.11    2.12 v input1/X (sky130_fd_sc_hd__buf_1)
     1    0.01                           net1 (net)
                  0.07    0.00    2.12 v _356_/A (sky130_fd_sc_hd__clkbuf_4)
                  0.10    0.22    2.34 v _356_/X (sky130_fd_sc_hd__clkbuf_4)
     9    0.05                           _200_ (net)
                  0.10    0.00    2.34 v _379_/A (sky130_fd_sc_hd__buf_4)
                  0.10    0.24    2.59 v _379_/X (sky130_fd_sc_hd__buf_4)
    20    0.07                           _203_ (net)
                  0.10    0.00    2.59 v _382_/A (sky130_fd_sc_hd__inv_2)
                  0.04    0.07    2.66 ^ _382_/Y (sky130_fd_sc_hd__inv_2)
     1    0.00                           _022_ (net)
                  0.04    0.00    2.66 ^ _428_/RESET_B (sky130_fd_sc_hd__dfrtp_1)
                                  2.66   data arrival time

                         10.00   10.00   clock clk (rise edge)
                          0.00   10.00   clock source latency
                  0.09    0.06   10.06 ^ clk (in)
     2    0.02                           clk (net)
                  0.09    0.00   10.06 ^ clkbuf_0_clk/A (sky130_fd_sc_hd__clkbuf_16)
                  0.07    0.16   10.22 ^ clkbuf_0_clk/X (sky130_fd_sc_hd__clkbuf_16)
     4    0.05                           clknet_0_clk (net)
                  0.07    0.00   10.22 ^ clkbuf_2_1__f_clk/A (sky130_fd_sc_hd__clkbuf_16)
                  0.07    0.15   10.37 ^ clkbuf_2_1__f_clk/X (sky130_fd_sc_hd__clkbuf_16)
    15    0.05                           clknet_2_1__leaf_clk (net)
                  0.07    0.00   10.37 ^ _428_/CLK (sky130_fd_sc_hd__dfrtp_1)
                         -0.25   10.12   clock uncertainty
                          0.00   10.12   clock reconvergence pessimism
                          0.24   10.35   library recovery time
                                 10.35   data required time
-----------------------------------------------------------------------------
                                 10.35   data required time
                                 -2.66   data arrival time
-----------------------------------------------------------------------------
                                  7.69   slack (MET)


Startpoint: rst (input port clocked by clk)
Endpoint: _440_ (recovery check against rising-edge clock clk)
Path Group: asynchronous
Path Type: max
Corner: Typical

Fanout     Cap    Slew   Delay    Time   Description
-----------------------------------------------------------------------------
                          0.00    0.00   clock clk (rise edge)
                          0.00    0.00   clock network delay (propagated)
                          2.00    2.00 v input external delay
                  0.01    0.01    2.01 v rst (in)
     2    0.00                           rst (net)
                  0.01    0.00    2.01 v input1/A (sky130_fd_sc_hd__buf_1)
                  0.07    0.11    2.12 v input1/X (sky130_fd_sc_hd__buf_1)
     1    0.01                           net1 (net)
                  0.07    0.00    2.12 v _356_/A (sky130_fd_sc_hd__clkbuf_4)
                  0.10    0.22    2.34 v _356_/X (sky130_fd_sc_hd__clkbuf_4)
     9    0.05                           _200_ (net)
                  0.10    0.00    2.34 v _390_/A (sky130_fd_sc_hd__buf_4)
                  0.08    0.23    2.57 v _390_/X (sky130_fd_sc_hd__buf_4)
    10    0.06                           _204_ (net)
                  0.08    0.00    2.58 v _395_/A (sky130_fd_sc_hd__inv_2)
                  0.03    0.06    2.64 ^ _395_/Y (sky130_fd_sc_hd__inv_2)
     1    0.00                           _034_ (net)
                  0.03    0.00    2.64 ^ _440_/RESET_B (sky130_fd_sc_hd__dfrtp_4)
                                  2.64   data arrival time

                         10.00   10.00   clock clk (rise edge)
                          0.00   10.00   clock source latency
                  0.09    0.06   10.06 ^ clk (in)
     2    0.02                           clk (net)
                  0.09    0.00   10.06 ^ clkbuf_0_clk/A (sky130_fd_sc_hd__clkbuf_16)
                  0.07    0.16   10.22 ^ clkbuf_0_clk/X (sky130_fd_sc_hd__clkbuf_16)
     4    0.05                           clknet_0_clk (net)
                  0.07    0.00   10.22 ^ clkbuf_2_0__f_clk/A (sky130_fd_sc_hd__clkbuf_16)
                  0.06    0.14   10.36 ^ clkbuf_2_0__f_clk/X (sky130_fd_sc_hd__clkbuf_16)
    11    0.04                           clknet_2_0__leaf_clk (net)
                  0.06    0.00   10.36 ^ _440_/CLK (sky130_fd_sc_hd__dfrtp_4)
                         -0.25   10.11   clock uncertainty
                          0.00   10.11   clock reconvergence pessimism
                          0.22   10.33   library recovery time
                                 10.33   data required time
-----------------------------------------------------------------------------
                                 10.33   data required time
                                 -2.64   data arrival time
-----------------------------------------------------------------------------
                                  7.69   slack (MET)


Startpoint: rst (input port clocked by clk)
Endpoint: _416_ (recovery check against rising-edge clock clk)
Path Group: asynchronous
Path Type: max
Corner: Typical

Fanout     Cap    Slew   Delay    Time   Description
-----------------------------------------------------------------------------
                          0.00    0.00   clock clk (rise edge)
                          0.00    0.00   clock network delay (propagated)
                          2.00    2.00 v input external delay
                  0.01    0.01    2.01 v rst (in)
     2    0.00                           rst (net)
                  0.01    0.00    2.01 v input1/A (sky130_fd_sc_hd__buf_1)
                  0.07    0.11    2.12 v input1/X (sky130_fd_sc_hd__buf_1)
     1    0.01                           net1 (net)
                  0.07    0.00    2.12 v _356_/A (sky130_fd_sc_hd__clkbuf_4)
                  0.10    0.22    2.34 v _356_/X (sky130_fd_sc_hd__clkbuf_4)
     9    0.05                           _200_ (net)
                  0.10    0.00    2.34 v _368_/A (sky130_fd_sc_hd__buf_4)
                  0.08    0.23    2.57 v _368_/X (sky130_fd_sc_hd__buf_4)
    10    0.06                           _202_ (net)
                  0.08    0.00    2.57 v _369_/A (sky130_fd_sc_hd__inv_2)
                  0.04    0.07    2.64 ^ _369_/Y (sky130_fd_sc_hd__inv_2)
     1    0.01                           _010_ (net)
                  0.04    0.00    2.64 ^ _416_/RESET_B (sky130_fd_sc_hd__dfrtp_1)
                                  2.64   data arrival time

                         10.00   10.00   clock clk (rise edge)
                          0.00   10.00   clock source latency
                  0.09    0.06   10.06 ^ clk (in)
     2    0.02                           clk (net)
                  0.09    0.00   10.06 ^ clkbuf_0_clk/A (sky130_fd_sc_hd__clkbuf_16)
                  0.07    0.16   10.22 ^ clkbuf_0_clk/X (sky130_fd_sc_hd__clkbuf_16)
     4    0.05                           clknet_0_clk (net)
                  0.07    0.00   10.22 ^ clkbuf_2_2__f_clk/A (sky130_fd_sc_hd__clkbuf_16)
                  0.05    0.14   10.35 ^ clkbuf_2_2__f_clk/X (sky130_fd_sc_hd__clkbuf_16)
    11    0.03                           clknet_2_2__leaf_clk (net)
                  0.05    0.00   10.36 ^ _416_/CLK (sky130_fd_sc_hd__dfrtp_1)
                         -0.25   10.11   clock uncertainty
                          0.00   10.11   clock reconvergence pessimism
                          0.23   10.34   library recovery time
                                 10.34   data required time
-----------------------------------------------------------------------------
                                 10.34   data required time
                                 -2.64   data arrival time
-----------------------------------------------------------------------------
                                  7.70   slack (MET)


Startpoint: rst (input port clocked by clk)
Endpoint: _441_ (recovery check against rising-edge clock clk)
Path Group: asynchronous
Path Type: max
Corner: Typical

Fanout     Cap    Slew   Delay    Time   Description
-----------------------------------------------------------------------------
                          0.00    0.00   clock clk (rise edge)
                          0.00    0.00   clock network delay (propagated)
                          2.00    2.00 v input external delay
                  0.01    0.01    2.01 v rst (in)
     2    0.00                           rst (net)
                  0.01    0.00    2.01 v input1/A (sky130_fd_sc_hd__buf_1)
                  0.07    0.11    2.12 v input1/X (sky130_fd_sc_hd__buf_1)
     1    0.01                           net1 (net)
                  0.07    0.00    2.12 v _356_/A (sky130_fd_sc_hd__clkbuf_4)
                  0.10    0.22    2.34 v _356_/X (sky130_fd_sc_hd__clkbuf_4)
     9    0.05                           _200_ (net)
                  0.10    0.00    2.34 v _390_/A (sky130_fd_sc_hd__buf_4)
                  0.08    0.23    2.57 v _390_/X (sky130_fd_sc_hd__buf_4)
    10    0.06                           _204_ (net)
                  0.08    0.00    2.58 v _396_/A (sky130_fd_sc_hd__inv_2)
                  0.03    0.06    2.64 ^ _396_/Y (sky130_fd_sc_hd__inv_2)
     1    0.00                           _035_ (net)
                  0.03    0.00    2.64 ^ _441_/RESET_B (sky130_fd_sc_hd__dfrtp_2)
                                  2.64   data arrival time

                         10.00   10.00   clock clk (rise edge)
                          0.00   10.00   clock source latency
                  0.09    0.06   10.06 ^ clk (in)
     2    0.02                           clk (net)
                  0.09    0.00   10.06 ^ clkbuf_0_clk/A (sky130_fd_sc_hd__clkbuf_16)
                  0.07    0.16   10.22 ^ clkbuf_0_clk/X (sky130_fd_sc_hd__clkbuf_16)
     4    0.05                           clknet_0_clk (net)
                  0.07    0.00   10.22 ^ clkbuf_2_0__f_clk/A (sky130_fd_sc_hd__clkbuf_16)
                  0.06    0.14   10.36 ^ clkbuf_2_0__f_clk/X (sky130_fd_sc_hd__clkbuf_16)
    11    0.04                           clknet_2_0__leaf_clk (net)
                  0.06    0.00   10.36 ^ _441_/CLK (sky130_fd_sc_hd__dfrtp_2)
                         -0.25   10.11   clock uncertainty
                          0.00   10.11   clock reconvergence pessimism
                          0.23   10.33   library recovery time
                                 10.33   data required time
-----------------------------------------------------------------------------
                                 10.33   data required time
                                 -2.64   data arrival time
-----------------------------------------------------------------------------
                                  7.70   slack (MET)


Startpoint: rst (input port clocked by clk)
Endpoint: _442_ (recovery check against rising-edge clock clk)
Path Group: asynchronous
Path Type: max
Corner: Typical

Fanout     Cap    Slew   Delay    Time   Description
-----------------------------------------------------------------------------
                          0.00    0.00   clock clk (rise edge)
                          0.00    0.00   clock network delay (propagated)
                          2.00    2.00 v input external delay
                  0.01    0.01    2.01 v rst (in)
     2    0.00                           rst (net)
                  0.01    0.00    2.01 v input1/A (sky130_fd_sc_hd__buf_1)
                  0.07    0.11    2.12 v input1/X (sky130_fd_sc_hd__buf_1)
     1    0.01                           net1 (net)
                  0.07    0.00    2.12 v _356_/A (sky130_fd_sc_hd__clkbuf_4)
                  0.10    0.22    2.34 v _356_/X (sky130_fd_sc_hd__clkbuf_4)
     9    0.05                           _200_ (net)
                  0.10    0.00    2.34 v _390_/A (sky130_fd_sc_hd__buf_4)
                  0.08    0.23    2.57 v _390_/X (sky130_fd_sc_hd__buf_4)
    10    0.06                           _204_ (net)
                  0.08    0.00    2.58 v _397_/A (sky130_fd_sc_hd__inv_2)
                  0.03    0.06    2.64 ^ _397_/Y (sky130_fd_sc_hd__inv_2)
     1    0.00                           _036_ (net)
                  0.03    0.00    2.64 ^ _442_/RESET_B (sky130_fd_sc_hd__dfrtp_2)
                                  2.64   data arrival time

                         10.00   10.00   clock clk (rise edge)
                          0.00   10.00   clock source latency
                  0.09    0.06   10.06 ^ clk (in)
     2    0.02                           clk (net)
                  0.09    0.00   10.06 ^ clkbuf_0_clk/A (sky130_fd_sc_hd__clkbuf_16)
                  0.07    0.16   10.22 ^ clkbuf_0_clk/X (sky130_fd_sc_hd__clkbuf_16)
     4    0.05                           clknet_0_clk (net)
                  0.07    0.00   10.22 ^ clkbuf_2_0__f_clk/A (sky130_fd_sc_hd__clkbuf_16)
                  0.06    0.14   10.36 ^ clkbuf_2_0__f_clk/X (sky130_fd_sc_hd__clkbuf_16)
    11    0.04                           clknet_2_0__leaf_clk (net)
                  0.06    0.00   10.36 ^ _442_/CLK (sky130_fd_sc_hd__dfrtp_2)
                         -0.25   10.11   clock uncertainty
                          0.00   10.11   clock reconvergence pessimism
                          0.23   10.33   library recovery time
                                 10.33   data required time
-----------------------------------------------------------------------------
                                 10.33   data required time
                                 -2.64   data arrival time
-----------------------------------------------------------------------------
                                  7.70   slack (MET)


Startpoint: rst (input port clocked by clk)
Endpoint: _406_ (recovery check against rising-edge clock clk)
Path Group: asynchronous
Path Type: max
Corner: Typical

Fanout     Cap    Slew   Delay    Time   Description
-----------------------------------------------------------------------------
                          0.00    0.00   clock clk (rise edge)
                          0.00    0.00   clock network delay (propagated)
                          2.00    2.00 v input external delay
                  0.01    0.01    2.01 v rst (in)
     2    0.00                           rst (net)
                  0.01    0.00    2.01 v input1/A (sky130_fd_sc_hd__buf_1)
                  0.07    0.11    2.12 v input1/X (sky130_fd_sc_hd__buf_1)
     1    0.01                           net1 (net)
                  0.07    0.00    2.12 v _356_/A (sky130_fd_sc_hd__clkbuf_4)
                  0.10    0.22    2.34 v _356_/X (sky130_fd_sc_hd__clkbuf_4)
     9    0.05                           _200_ (net)
                  0.10    0.00    2.34 v _357_/A (sky130_fd_sc_hd__buf_4)
                  0.08    0.23    2.57 v _357_/X (sky130_fd_sc_hd__buf_4)
    10    0.06                           _201_ (net)
                  0.08    0.00    2.57 v _358_/A (sky130_fd_sc_hd__inv_2)
                  0.03    0.06    2.63 ^ _358_/Y (sky130_fd_sc_hd__inv_2)
     1    0.00                           _000_ (net)
                  0.03    0.00    2.63 ^ _406_/RESET_B (sky130_fd_sc_hd__dfrtp_2)
                                  2.63   data arrival time

                         10.00   10.00   clock clk (rise edge)
                          0.00   10.00   clock source latency
                  0.09    0.06   10.06 ^ clk (in)
     2    0.02                           clk (net)
                  0.09    0.00   10.06 ^ clkbuf_0_clk/A (sky130_fd_sc_hd__clkbuf_16)
                  0.07    0.16   10.22 ^ clkbuf_0_clk/X (sky130_fd_sc_hd__clkbuf_16)
     4    0.05                           clknet_0_clk (net)
                  0.07    0.00   10.22 ^ clkbuf_2_3__f_clk/A (sky130_fd_sc_hd__clkbuf_16)
                  0.05    0.13   10.35 ^ clkbuf_2_3__f_clk/X (sky130_fd_sc_hd__clkbuf_16)
     8    0.03                           clknet_2_3__leaf_clk (net)
                  0.05    0.00   10.35 ^ _406_/CLK (sky130_fd_sc_hd__dfrtp_2)
                         -0.25   10.10   clock uncertainty
                          0.00   10.10   clock reconvergence pessimism
                          0.22   10.33   library recovery time
                                 10.33   data required time
-----------------------------------------------------------------------------
                                 10.33   data required time
                                 -2.63   data arrival time
-----------------------------------------------------------------------------
                                  7.70   slack (MET)


Startpoint: rst (input port clocked by clk)
Endpoint: _445_ (recovery check against rising-edge clock clk)
Path Group: asynchronous
Path Type: max
Corner: Typical

Fanout     Cap    Slew   Delay    Time   Description
-----------------------------------------------------------------------------
                          0.00    0.00   clock clk (rise edge)
                          0.00    0.00   clock network delay (propagated)
                          2.00    2.00 v input external delay
                  0.01    0.01    2.01 v rst (in)
     2    0.00                           rst (net)
                  0.01    0.00    2.01 v input1/A (sky130_fd_sc_hd__buf_1)
                  0.07    0.11    2.12 v input1/X (sky130_fd_sc_hd__buf_1)
     1    0.01                           net1 (net)
                  0.07    0.00    2.12 v _356_/A (sky130_fd_sc_hd__clkbuf_4)
                  0.10    0.22    2.34 v _356_/X (sky130_fd_sc_hd__clkbuf_4)
     9    0.05                           _200_ (net)
                  0.10    0.00    2.34 v _390_/A (sky130_fd_sc_hd__buf_4)
                  0.08    0.23    2.57 v _390_/X (sky130_fd_sc_hd__buf_4)
    10    0.06                           _204_ (net)
                  0.08    0.00    2.57 v _400_/A (sky130_fd_sc_hd__inv_2)
                  0.03    0.06    2.64 ^ _400_/Y (sky130_fd_sc_hd__inv_2)
     1    0.00                           _039_ (net)
                  0.03    0.00    2.64 ^ _445_/RESET_B (sky130_fd_sc_hd__dfrtp_2)
                                  2.64   data arrival time

                         10.00   10.00   clock clk (rise edge)
                          0.00   10.00   clock source latency
                  0.09    0.06   10.06 ^ clk (in)
     2    0.02                           clk (net)
                  0.09    0.00   10.06 ^ clkbuf_0_clk/A (sky130_fd_sc_hd__clkbuf_16)
                  0.07    0.16   10.22 ^ clkbuf_0_clk/X (sky130_fd_sc_hd__clkbuf_16)
     4    0.05                           clknet_0_clk (net)
                  0.07    0.00   10.22 ^ clkbuf_2_0__f_clk/A (sky130_fd_sc_hd__clkbuf_16)
                  0.06    0.14   10.36 ^ clkbuf_2_0__f_clk/X (sky130_fd_sc_hd__clkbuf_16)
    11    0.04                           clknet_2_0__leaf_clk (net)
                  0.06    0.00   10.36 ^ _445_/CLK (sky130_fd_sc_hd__dfrtp_2)
                         -0.25   10.11   clock uncertainty
                          0.00   10.11   clock reconvergence pessimism
                          0.23   10.33   library recovery time
                                 10.33   data required time
-----------------------------------------------------------------------------
                                 10.33   data required time
                                 -2.64   data arrival time
-----------------------------------------------------------------------------
                                  7.70   slack (MET)


Startpoint: rst (input port clocked by clk)
Endpoint: _429_ (recovery check against rising-edge clock clk)
Path Group: asynchronous
Path Type: max
Corner: Typical

Fanout     Cap    Slew   Delay    Time   Description
-----------------------------------------------------------------------------
                          0.00    0.00   clock clk (rise edge)
                          0.00    0.00   clock network delay (propagated)
                          2.00    2.00 v input external delay
                  0.01    0.01    2.01 v rst (in)
     2    0.00                           rst (net)
                  0.01    0.00    2.01 v input1/A (sky130_fd_sc_hd__buf_1)
                  0.07    0.11    2.12 v input1/X (sky130_fd_sc_hd__buf_1)
     1    0.01                           net1 (net)
                  0.07    0.00    2.12 v _356_/A (sky130_fd_sc_hd__clkbuf_4)
                  0.10    0.22    2.34 v _356_/X (sky130_fd_sc_hd__clkbuf_4)
     9    0.05                           _200_ (net)
                  0.10    0.00    2.34 v _379_/A (sky130_fd_sc_hd__buf_4)
                  0.10    0.24    2.59 v _379_/X (sky130_fd_sc_hd__buf_4)
    20    0.07                           _203_ (net)
                  0.10    0.00    2.59 v _383_/A (sky130_fd_sc_hd__inv_2)
                  0.04    0.07    2.66 ^ _383_/Y (sky130_fd_sc_hd__inv_2)
     1    0.00                           _023_ (net)
                  0.04    0.00    2.66 ^ _429_/RESET_B (sky130_fd_sc_hd__dfrtp_1)
                                  2.66   data arrival time

                         10.00   10.00   clock clk (rise edge)
                          0.00   10.00   clock source latency
                  0.09    0.06   10.06 ^ clk (in)
     2    0.02                           clk (net)
                  0.09    0.00   10.06 ^ clkbuf_0_clk/A (sky130_fd_sc_hd__clkbuf_16)
                  0.07    0.16   10.22 ^ clkbuf_0_clk/X (sky130_fd_sc_hd__clkbuf_16)
     4    0.05                           clknet_0_clk (net)
                  0.07    0.00   10.22 ^ clkbuf_2_1__f_clk/A (sky130_fd_sc_hd__clkbuf_16)
                  0.07    0.15   10.37 ^ clkbuf_2_1__f_clk/X (sky130_fd_sc_hd__clkbuf_16)
    15    0.05                           clknet_2_1__leaf_clk (net)
                  0.07    0.00   10.37 ^ _429_/CLK (sky130_fd_sc_hd__dfrtp_1)
                         -0.25   10.12   clock uncertainty
                          0.00   10.12   clock reconvergence pessimism
                          0.24   10.35   library recovery time
                                 10.35   data required time
-----------------------------------------------------------------------------
                                 10.35   data required time
                                 -2.66   data arrival time
-----------------------------------------------------------------------------
                                  7.70   slack (MET)


Startpoint: _443_ (rising edge-triggered flip-flop clocked by clk)
Endpoint: _445_ (rising edge-triggered flip-flop clocked by clk)
Path Group: clk
Path Type: max
Corner: Typical

Fanout     Cap    Slew   Delay    Time   Description
-----------------------------------------------------------------------------
                          0.00    0.00   clock clk (rise edge)
                          0.00    0.00   clock source latency
                  0.09    0.07    0.07 ^ clk (in)
     2    0.02                           clk (net)
                  0.09    0.00    0.07 ^ clkbuf_0_clk/A (sky130_fd_sc_hd__clkbuf_16)
                  0.07    0.17    0.24 ^ clkbuf_0_clk/X (sky130_fd_sc_hd__clkbuf_16)
     4    0.05                           clknet_0_clk (net)
                  0.07    0.00    0.24 ^ clkbuf_2_1__f_clk/A (sky130_fd_sc_hd__clkbuf_16)
                  0.07    0.16    0.40 ^ clkbuf_2_1__f_clk/X (sky130_fd_sc_hd__clkbuf_16)
    15    0.05                           clknet_2_1__leaf_clk (net)
                  0.07    0.00    0.40 ^ _443_/CLK (sky130_fd_sc_hd__dfrtp_4)
                  0.10    0.47    0.88 ^ _443_/Q (sky130_fd_sc_hd__dfrtp_4)
     7    0.02                           rx_inst.clk_count[0] (net)
                  0.10    0.00    0.88 ^ _220_/C_N (sky130_fd_sc_hd__or4bb_1)
                  0.09    0.52    1.40 v _220_/X (sky130_fd_sc_hd__or4bb_1)
     1    0.00                           _101_ (net)
                  0.09    0.00    1.40 v _223_/A2 (sky130_fd_sc_hd__o211a_2)
                  0.08    0.32    1.72 v _223_/X (sky130_fd_sc_hd__o211a_2)
     7    0.02                           _104_ (net)
                  0.08    0.00    1.72 v _232_/B1 (sky130_fd_sc_hd__a2bb2o_1)
                  0.11    0.37    2.09 v _232_/X (sky130_fd_sc_hd__a2bb2o_1)
     5    0.02                           _112_ (net)
                  0.11    0.00    2.09 v _235_/B1 (sky130_fd_sc_hd__a32o_1)
                  0.04    0.23    2.32 v _235_/X (sky130_fd_sc_hd__a32o_1)
     1    0.00                           _084_ (net)
                  0.04    0.00    2.32 v _445_/D (sky130_fd_sc_hd__dfrtp_2)
                                  2.32   data arrival time

                         10.00   10.00   clock clk (rise edge)
                          0.00   10.00   clock source latency
                  0.09    0.06   10.06 ^ clk (in)
     2    0.02                           clk (net)
                  0.09    0.00   10.06 ^ clkbuf_0_clk/A (sky130_fd_sc_hd__clkbuf_16)
                  0.07    0.16   10.22 ^ clkbuf_0_clk/X (sky130_fd_sc_hd__clkbuf_16)
     4    0.05                           clknet_0_clk (net)
                  0.07    0.00   10.22 ^ clkbuf_2_0__f_clk/A (sky130_fd_sc_hd__clkbuf_16)
                  0.06    0.14   10.36 ^ clkbuf_2_0__f_clk/X (sky130_fd_sc_hd__clkbuf_16)
    11    0.04                           clknet_2_0__leaf_clk (net)
                  0.06    0.00   10.36 ^ _445_/CLK (sky130_fd_sc_hd__dfrtp_2)
                         -0.25   10.11   clock uncertainty
                          0.02   10.13   clock reconvergence pessimism
                         -0.11   10.02   library setup time
                                 10.02   data required time
-----------------------------------------------------------------------------
                                 10.02   data required time
                                 -2.32   data arrival time
-----------------------------------------------------------------------------
                                  7.70   slack (MET)


Startpoint: rst (input port clocked by clk)
Endpoint: _433_ (recovery check against rising-edge clock clk)
Path Group: asynchronous
Path Type: max
Corner: Typical

Fanout     Cap    Slew   Delay    Time   Description
-----------------------------------------------------------------------------
                          0.00    0.00   clock clk (rise edge)
                          0.00    0.00   clock network delay (propagated)
                          2.00    2.00 v input external delay
                  0.01    0.01    2.01 v rst (in)
     2    0.00                           rst (net)
                  0.01    0.00    2.01 v input1/A (sky130_fd_sc_hd__buf_1)
                  0.07    0.11    2.12 v input1/X (sky130_fd_sc_hd__buf_1)
     1    0.01                           net1 (net)
                  0.07    0.00    2.12 v _356_/A (sky130_fd_sc_hd__clkbuf_4)
                  0.10    0.22    2.34 v _356_/X (sky130_fd_sc_hd__clkbuf_4)
     9    0.05                           _200_ (net)
                  0.10    0.00    2.34 v _379_/A (sky130_fd_sc_hd__buf_4)
                  0.10    0.24    2.59 v _379_/X (sky130_fd_sc_hd__buf_4)
    20    0.07                           _203_ (net)
                  0.10    0.00    2.59 v _387_/A (sky130_fd_sc_hd__inv_2)
                  0.04    0.07    2.66 ^ _387_/Y (sky130_fd_sc_hd__inv_2)
     1    0.00                           _027_ (net)
                  0.04    0.00    2.66 ^ _433_/RESET_B (sky130_fd_sc_hd__dfrtp_1)
                                  2.66   data arrival time

                         10.00   10.00   clock clk (rise edge)
                          0.00   10.00   clock source latency
                  0.09    0.06   10.06 ^ clk (in)
     2    0.02                           clk (net)
                  0.09    0.00   10.06 ^ clkbuf_0_clk/A (sky130_fd_sc_hd__clkbuf_16)
                  0.07    0.16   10.22 ^ clkbuf_0_clk/X (sky130_fd_sc_hd__clkbuf_16)
     4    0.05                           clknet_0_clk (net)
                  0.07    0.00   10.22 ^ clkbuf_2_1__f_clk/A (sky130_fd_sc_hd__clkbuf_16)
                  0.07    0.15   10.37 ^ clkbuf_2_1__f_clk/X (sky130_fd_sc_hd__clkbuf_16)
    15    0.05                           clknet_2_1__leaf_clk (net)
                  0.07    0.00   10.37 ^ _433_/CLK (sky130_fd_sc_hd__dfrtp_1)
                         -0.25   10.12   clock uncertainty
                          0.00   10.12   clock reconvergence pessimism
                          0.24   10.35   library recovery time
                                 10.35   data required time
-----------------------------------------------------------------------------
                                 10.35   data required time
                                 -2.66   data arrival time
-----------------------------------------------------------------------------
                                  7.70   slack (MET)


Startpoint: rst (input port clocked by clk)
Endpoint: _424_ (recovery check against rising-edge clock clk)
Path Group: asynchronous
Path Type: max
Corner: Typical

Fanout     Cap    Slew   Delay    Time   Description
-----------------------------------------------------------------------------
                          0.00    0.00   clock clk (rise edge)
                          0.00    0.00   clock network delay (propagated)
                          2.00    2.00 v input external delay
                  0.01    0.01    2.01 v rst (in)
     2    0.00                           rst (net)
                  0.01    0.00    2.01 v input1/A (sky130_fd_sc_hd__buf_1)
                  0.07    0.11    2.12 v input1/X (sky130_fd_sc_hd__buf_1)
     1    0.01                           net1 (net)
                  0.07    0.00    2.12 v _356_/A (sky130_fd_sc_hd__clkbuf_4)
                  0.10    0.22    2.34 v _356_/X (sky130_fd_sc_hd__clkbuf_4)
     9    0.05                           _200_ (net)
                  0.10    0.00    2.34 v _368_/A (sky130_fd_sc_hd__buf_4)
                  0.08    0.23    2.57 v _368_/X (sky130_fd_sc_hd__buf_4)
    10    0.06                           _202_ (net)
                  0.08    0.00    2.57 v _377_/A (sky130_fd_sc_hd__inv_2)
                  0.04    0.06    2.64 ^ _377_/Y (sky130_fd_sc_hd__inv_2)
     1    0.00                           _018_ (net)
                  0.04    0.00    2.64 ^ _424_/RESET_B (sky130_fd_sc_hd__dfrtp_1)
                                  2.64   data arrival time

                         10.00   10.00   clock clk (rise edge)
                          0.00   10.00   clock source latency
                  0.09    0.06   10.06 ^ clk (in)
     2    0.02                           clk (net)
                  0.09    0.00   10.06 ^ clkbuf_0_clk/A (sky130_fd_sc_hd__clkbuf_16)
                  0.07    0.16   10.22 ^ clkbuf_0_clk/X (sky130_fd_sc_hd__clkbuf_16)
     4    0.05                           clknet_0_clk (net)
                  0.07    0.00   10.22 ^ clkbuf_2_3__f_clk/A (sky130_fd_sc_hd__clkbuf_16)
                  0.05    0.13   10.35 ^ clkbuf_2_3__f_clk/X (sky130_fd_sc_hd__clkbuf_16)
     8    0.03                           clknet_2_3__leaf_clk (net)
                  0.05    0.00   10.35 ^ _424_/CLK (sky130_fd_sc_hd__dfrtp_1)
                         -0.25   10.10   clock uncertainty
                          0.00   10.10   clock reconvergence pessimism
                          0.23   10.34   library recovery time
                                 10.34   data required time
-----------------------------------------------------------------------------
                                 10.34   data required time
                                 -2.64   data arrival time
-----------------------------------------------------------------------------
                                  7.70   slack (MET)


Startpoint: _443_ (rising edge-triggered flip-flop clocked by clk)
Endpoint: _444_ (rising edge-triggered flip-flop clocked by clk)
Path Group: clk
Path Type: max
Corner: Typical

Fanout     Cap    Slew   Delay    Time   Description
-----------------------------------------------------------------------------
                          0.00    0.00   clock clk (rise edge)
                          0.00    0.00   clock source latency
                  0.09    0.07    0.07 ^ clk (in)
     2    0.02                           clk (net)
                  0.09    0.00    0.07 ^ clkbuf_0_clk/A (sky130_fd_sc_hd__clkbuf_16)
                  0.07    0.17    0.24 ^ clkbuf_0_clk/X (sky130_fd_sc_hd__clkbuf_16)
     4    0.05                           clknet_0_clk (net)
                  0.07    0.00    0.24 ^ clkbuf_2_1__f_clk/A (sky130_fd_sc_hd__clkbuf_16)
                  0.07    0.16    0.40 ^ clkbuf_2_1__f_clk/X (sky130_fd_sc_hd__clkbuf_16)
    15    0.05                           clknet_2_1__leaf_clk (net)
                  0.07    0.00    0.40 ^ _443_/CLK (sky130_fd_sc_hd__dfrtp_4)
                  0.10    0.47    0.88 ^ _443_/Q (sky130_fd_sc_hd__dfrtp_4)
     7    0.02                           rx_inst.clk_count[0] (net)
                  0.10    0.00    0.88 ^ _220_/C_N (sky130_fd_sc_hd__or4bb_1)
                  0.09    0.52    1.40 v _220_/X (sky130_fd_sc_hd__or4bb_1)
     1    0.00                           _101_ (net)
                  0.09    0.00    1.40 v _223_/A2 (sky130_fd_sc_hd__o211a_2)
                  0.08    0.32    1.72 v _223_/X (sky130_fd_sc_hd__o211a_2)
     7    0.02                           _104_ (net)
                  0.08    0.00    1.72 v _232_/B1 (sky130_fd_sc_hd__a2bb2o_1)
                  0.11    0.37    2.09 v _232_/X (sky130_fd_sc_hd__a2bb2o_1)
     5    0.02                           _112_ (net)
                  0.11    0.00    2.09 v _237_/A (sky130_fd_sc_hd__and2_1)
                  0.03    0.17    2.26 v _237_/X (sky130_fd_sc_hd__and2_1)
     1    0.00                           _116_ (net)
                  0.03    0.00    2.26 v _238_/A (sky130_fd_sc_hd__clkbuf_1)
                  0.03    0.09    2.35 v _238_/X (sky130_fd_sc_hd__clkbuf_1)
     1    0.00                           _083_ (net)
                  0.03    0.00    2.35 v _444_/D (sky130_fd_sc_hd__dfrtp_2)
                                  2.35   data arrival time

                         10.00   10.00   clock clk (rise edge)
                          0.00   10.00   clock source latency
                  0.09    0.06   10.06 ^ clk (in)
     2    0.02                           clk (net)
                  0.09    0.00   10.06 ^ clkbuf_0_clk/A (sky130_fd_sc_hd__clkbuf_16)
                  0.07    0.16   10.22 ^ clkbuf_0_clk/X (sky130_fd_sc_hd__clkbuf_16)
     4    0.05                           clknet_0_clk (net)
                  0.07    0.00   10.22 ^ clkbuf_2_1__f_clk/A (sky130_fd_sc_hd__clkbuf_16)
                  0.07    0.15   10.37 ^ clkbuf_2_1__f_clk/X (sky130_fd_sc_hd__clkbuf_16)
    15    0.05                           clknet_2_1__leaf_clk (net)
                  0.07    0.00   10.37 ^ _444_/CLK (sky130_fd_sc_hd__dfrtp_2)
                         -0.25   10.12   clock uncertainty
                          0.04   10.15   clock reconvergence pessimism
                         -0.10   10.05   library setup time
                                 10.05   data required time
-----------------------------------------------------------------------------
                                 10.05   data required time
                                 -2.35   data arrival time
-----------------------------------------------------------------------------
                                  7.70   slack (MET)


Startpoint: rst (input port clocked by clk)
Endpoint: _409_ (recovery check against rising-edge clock clk)
Path Group: asynchronous
Path Type: max
Corner: Typical

Fanout     Cap    Slew   Delay    Time   Description
-----------------------------------------------------------------------------
                          0.00    0.00   clock clk (rise edge)
                          0.00    0.00   clock network delay (propagated)
                          2.00    2.00 v input external delay
                  0.01    0.01    2.01 v rst (in)
     2    0.00                           rst (net)
                  0.01    0.00    2.01 v input1/A (sky130_fd_sc_hd__buf_1)
                  0.07    0.11    2.12 v input1/X (sky130_fd_sc_hd__buf_1)
     1    0.01                           net1 (net)
                  0.07    0.00    2.12 v _356_/A (sky130_fd_sc_hd__clkbuf_4)
                  0.10    0.22    2.34 v _356_/X (sky130_fd_sc_hd__clkbuf_4)
     9    0.05                           _200_ (net)
                  0.10    0.00    2.34 v _357_/A (sky130_fd_sc_hd__buf_4)
                  0.08    0.23    2.57 v _357_/X (sky130_fd_sc_hd__buf_4)
    10    0.06                           _201_ (net)
                  0.08    0.00    2.57 v _361_/A (sky130_fd_sc_hd__inv_2)
                  0.03    0.06    2.63 ^ _361_/Y (sky130_fd_sc_hd__inv_2)
     1    0.00                           _003_ (net)
                  0.03    0.00    2.63 ^ _409_/RESET_B (sky130_fd_sc_hd__dfrtp_2)
                                  2.63   data arrival time

                         10.00   10.00   clock clk (rise edge)
                          0.00   10.00   clock source latency
                  0.09    0.06   10.06 ^ clk (in)
     2    0.02                           clk (net)
                  0.09    0.00   10.06 ^ clkbuf_0_clk/A (sky130_fd_sc_hd__clkbuf_16)
                  0.07    0.16   10.22 ^ clkbuf_0_clk/X (sky130_fd_sc_hd__clkbuf_16)
     4    0.05                           clknet_0_clk (net)
                  0.07    0.00   10.22 ^ clkbuf_2_2__f_clk/A (sky130_fd_sc_hd__clkbuf_16)
                  0.05    0.14   10.35 ^ clkbuf_2_2__f_clk/X (sky130_fd_sc_hd__clkbuf_16)
    11    0.03                           clknet_2_2__leaf_clk (net)
                  0.05    0.00   10.36 ^ _409_/CLK (sky130_fd_sc_hd__dfrtp_2)
                         -0.25   10.11   clock uncertainty
                          0.00   10.11   clock reconvergence pessimism
                          0.23   10.33   library recovery time
                                 10.33   data required time
-----------------------------------------------------------------------------
                                 10.33   data required time
                                 -2.63   data arrival time
-----------------------------------------------------------------------------
                                  7.70   slack (MET)


Startpoint: rst (input port clocked by clk)
Endpoint: _407_ (recovery check against rising-edge clock clk)
Path Group: asynchronous
Path Type: max
Corner: Typical

Fanout     Cap    Slew   Delay    Time   Description
-----------------------------------------------------------------------------
                          0.00    0.00   clock clk (rise edge)
                          0.00    0.00   clock network delay (propagated)
                          2.00    2.00 v input external delay
                  0.01    0.01    2.01 v rst (in)
     2    0.00                           rst (net)
                  0.01    0.00    2.01 v input1/A (sky130_fd_sc_hd__buf_1)
                  0.07    0.11    2.12 v input1/X (sky130_fd_sc_hd__buf_1)
     1    0.01                           net1 (net)
                  0.07    0.00    2.12 v _356_/A (sky130_fd_sc_hd__clkbuf_4)
                  0.10    0.22    2.34 v _356_/X (sky130_fd_sc_hd__clkbuf_4)
     9    0.05                           _200_ (net)
                  0.10    0.00    2.34 v _357_/A (sky130_fd_sc_hd__buf_4)
                  0.08    0.23    2.57 v _357_/X (sky130_fd_sc_hd__buf_4)
    10    0.06                           _201_ (net)
                  0.08    0.00    2.57 v _359_/A (sky130_fd_sc_hd__inv_2)
                  0.04    0.07    2.63 ^ _359_/Y (sky130_fd_sc_hd__inv_2)
     1    0.01                           _001_ (net)
                  0.04    0.00    2.63 ^ _407_/RESET_B (sky130_fd_sc_hd__dfrtp_1)
                                  2.63   data arrival time

                         10.00   10.00   clock clk (rise edge)
                          0.00   10.00   clock source latency
                  0.09    0.06   10.06 ^ clk (in)
     2    0.02                           clk (net)
                  0.09    0.00   10.06 ^ clkbuf_0_clk/A (sky130_fd_sc_hd__clkbuf_16)
                  0.07    0.16   10.22 ^ clkbuf_0_clk/X (sky130_fd_sc_hd__clkbuf_16)
     4    0.05                           clknet_0_clk (net)
                  0.07    0.00   10.22 ^ clkbuf_2_3__f_clk/A (sky130_fd_sc_hd__clkbuf_16)
                  0.05    0.13   10.35 ^ clkbuf_2_3__f_clk/X (sky130_fd_sc_hd__clkbuf_16)
     8    0.03                           clknet_2_3__leaf_clk (net)
                  0.05    0.00   10.35 ^ _407_/CLK (sky130_fd_sc_hd__dfrtp_1)
                         -0.25   10.10   clock uncertainty
                          0.00   10.10   clock reconvergence pessimism
                          0.23   10.33   library recovery time
                                 10.33   data required time
-----------------------------------------------------------------------------
                                 10.33   data required time
                                 -2.63   data arrival time
-----------------------------------------------------------------------------
                                  7.70   slack (MET)


Startpoint: rst (input port clocked by clk)
Endpoint: _443_ (recovery check against rising-edge clock clk)
Path Group: asynchronous
Path Type: max
Corner: Typical

Fanout     Cap    Slew   Delay    Time   Description
-----------------------------------------------------------------------------
                          0.00    0.00   clock clk (rise edge)
                          0.00    0.00   clock network delay (propagated)
                          2.00    2.00 v input external delay
                  0.01    0.01    2.01 v rst (in)
     2    0.00                           rst (net)
                  0.01    0.00    2.01 v input1/A (sky130_fd_sc_hd__buf_1)
                  0.07    0.11    2.12 v input1/X (sky130_fd_sc_hd__buf_1)
     1    0.01                           net1 (net)
                  0.07    0.00    2.12 v _356_/A (sky130_fd_sc_hd__clkbuf_4)
                  0.10    0.22    2.34 v _356_/X (sky130_fd_sc_hd__clkbuf_4)
     9    0.05                           _200_ (net)
                  0.10    0.00    2.34 v _390_/A (sky130_fd_sc_hd__buf_4)
                  0.08    0.23    2.57 v _390_/X (sky130_fd_sc_hd__buf_4)
    10    0.06                           _204_ (net)
                  0.08    0.00    2.57 v _398_/A (sky130_fd_sc_hd__inv_2)
                  0.04    0.06    2.64 ^ _398_/Y (sky130_fd_sc_hd__inv_2)
     1    0.00                           _037_ (net)
                  0.04    0.00    2.64 ^ _443_/RESET_B (sky130_fd_sc_hd__dfrtp_4)
                                  2.64   data arrival time

                         10.00   10.00   clock clk (rise edge)
                          0.00   10.00   clock source latency
                  0.09    0.06   10.06 ^ clk (in)
     2    0.02                           clk (net)
                  0.09    0.00   10.06 ^ clkbuf_0_clk/A (sky130_fd_sc_hd__clkbuf_16)
                  0.07    0.16   10.22 ^ clkbuf_0_clk/X (sky130_fd_sc_hd__clkbuf_16)
     4    0.05                           clknet_0_clk (net)
                  0.07    0.00   10.22 ^ clkbuf_2_1__f_clk/A (sky130_fd_sc_hd__clkbuf_16)
                  0.07    0.15   10.37 ^ clkbuf_2_1__f_clk/X (sky130_fd_sc_hd__clkbuf_16)
    15    0.05                           clknet_2_1__leaf_clk (net)
                  0.07    0.00   10.37 ^ _443_/CLK (sky130_fd_sc_hd__dfrtp_4)
                         -0.25   10.12   clock uncertainty
                          0.00   10.12   clock reconvergence pessimism
                          0.23   10.34   library recovery time
                                 10.34   data required time
-----------------------------------------------------------------------------
                                 10.34   data required time
                                 -2.64   data arrival time
-----------------------------------------------------------------------------
                                  7.70   slack (MET)


Startpoint: rst (input port clocked by clk)
Endpoint: _419_ (recovery check against rising-edge clock clk)
Path Group: asynchronous
Path Type: max
Corner: Typical

Fanout     Cap    Slew   Delay    Time   Description
-----------------------------------------------------------------------------
                          0.00    0.00   clock clk (rise edge)
                          0.00    0.00   clock network delay (propagated)
                          2.00    2.00 v input external delay
                  0.01    0.01    2.01 v rst (in)
     2    0.00                           rst (net)
                  0.01    0.00    2.01 v input1/A (sky130_fd_sc_hd__buf_1)
                  0.07    0.11    2.12 v input1/X (sky130_fd_sc_hd__buf_1)
     1    0.01                           net1 (net)
                  0.07    0.00    2.12 v _356_/A (sky130_fd_sc_hd__clkbuf_4)
                  0.10    0.22    2.34 v _356_/X (sky130_fd_sc_hd__clkbuf_4)
     9    0.05                           _200_ (net)
                  0.10    0.00    2.34 v _368_/A (sky130_fd_sc_hd__buf_4)
                  0.08    0.23    2.57 v _368_/X (sky130_fd_sc_hd__buf_4)
    10    0.06                           _202_ (net)
                  0.08    0.00    2.58 v _372_/A (sky130_fd_sc_hd__inv_2)
                  0.03    0.06    2.64 ^ _372_/Y (sky130_fd_sc_hd__inv_2)
     1    0.00                           _013_ (net)
                  0.03    0.00    2.64 ^ _419_/RESET_B (sky130_fd_sc_hd__dfrtp_1)
                                  2.64   data arrival time

                         10.00   10.00   clock clk (rise edge)
                          0.00   10.00   clock source latency
                  0.09    0.06   10.06 ^ clk (in)
     2    0.02                           clk (net)
                  0.09    0.00   10.06 ^ clkbuf_0_clk/A (sky130_fd_sc_hd__clkbuf_16)
                  0.07    0.16   10.22 ^ clkbuf_0_clk/X (sky130_fd_sc_hd__clkbuf_16)
     4    0.05                           clknet_0_clk (net)
                  0.07    0.00   10.22 ^ clkbuf_2_2__f_clk/A (sky130_fd_sc_hd__clkbuf_16)
                  0.05    0.14   10.35 ^ clkbuf_2_2__f_clk/X (sky130_fd_sc_hd__clkbuf_16)
    11    0.03                           clknet_2_2__leaf_clk (net)
                  0.05    0.00   10.36 ^ _419_/CLK (sky130_fd_sc_hd__dfrtp_1)
                         -0.25   10.11   clock uncertainty
                          0.00   10.11   clock reconvergence pessimism
                          0.24   10.34   library recovery time
                                 10.34   data required time
-----------------------------------------------------------------------------
                                 10.34   data required time
                                 -2.64   data arrival time
-----------------------------------------------------------------------------
                                  7.70   slack (MET)


Startpoint: rst (input port clocked by clk)
Endpoint: _411_ (recovery check against rising-edge clock clk)
Path Group: asynchronous
Path Type: max
Corner: Typical

Fanout     Cap    Slew   Delay    Time   Description
-----------------------------------------------------------------------------
                          0.00    0.00   clock clk (rise edge)
                          0.00    0.00   clock network delay (propagated)
                          2.00    2.00 v input external delay
                  0.01    0.01    2.01 v rst (in)
     2    0.00                           rst (net)
                  0.01    0.00    2.01 v input1/A (sky130_fd_sc_hd__buf_1)
                  0.07    0.11    2.12 v input1/X (sky130_fd_sc_hd__buf_1)
     1    0.01                           net1 (net)
                  0.07    0.00    2.12 v _356_/A (sky130_fd_sc_hd__clkbuf_4)
                  0.10    0.22    2.34 v _356_/X (sky130_fd_sc_hd__clkbuf_4)
     9    0.05                           _200_ (net)
                  0.10    0.00    2.34 v _357_/A (sky130_fd_sc_hd__buf_4)
                  0.08    0.23    2.57 v _357_/X (sky130_fd_sc_hd__buf_4)
    10    0.06                           _201_ (net)
                  0.08    0.00    2.57 v _363_/A (sky130_fd_sc_hd__inv_2)
                  0.03    0.06    2.63 ^ _363_/Y (sky130_fd_sc_hd__inv_2)
     1    0.00                           _005_ (net)
                  0.03    0.00    2.63 ^ _411_/RESET_B (sky130_fd_sc_hd__dfrtp_1)
                                  2.63   data arrival time

                         10.00   10.00   clock clk (rise edge)
                          0.00   10.00   clock source latency
                  0.09    0.06   10.06 ^ clk (in)
     2    0.02                           clk (net)
                  0.09    0.00   10.06 ^ clkbuf_0_clk/A (sky130_fd_sc_hd__clkbuf_16)
                  0.07    0.16   10.22 ^ clkbuf_0_clk/X (sky130_fd_sc_hd__clkbuf_16)
     4    0.05                           clknet_0_clk (net)
                  0.07    0.00   10.22 ^ clkbuf_2_3__f_clk/A (sky130_fd_sc_hd__clkbuf_16)
                  0.05    0.13   10.35 ^ clkbuf_2_3__f_clk/X (sky130_fd_sc_hd__clkbuf_16)
     8    0.03                           clknet_2_3__leaf_clk (net)
                  0.05    0.00   10.35 ^ _411_/CLK (sky130_fd_sc_hd__dfrtp_1)
                         -0.25   10.10   clock uncertainty
                          0.00   10.10   clock reconvergence pessimism
                          0.23   10.34   library recovery time
                                 10.34   data required time
-----------------------------------------------------------------------------
                                 10.34   data required time
                                 -2.63   data arrival time
-----------------------------------------------------------------------------
                                  7.70   slack (MET)


Startpoint: rst (input port clocked by clk)
Endpoint: _408_ (recovery check against rising-edge clock clk)
Path Group: asynchronous
Path Type: max
Corner: Typical

Fanout     Cap    Slew   Delay    Time   Description
-----------------------------------------------------------------------------
                          0.00    0.00   clock clk (rise edge)
                          0.00    0.00   clock network delay (propagated)
                          2.00    2.00 v input external delay
                  0.01    0.01    2.01 v rst (in)
     2    0.00                           rst (net)
                  0.01    0.00    2.01 v input1/A (sky130_fd_sc_hd__buf_1)
                  0.07    0.11    2.12 v input1/X (sky130_fd_sc_hd__buf_1)
     1    0.01                           net1 (net)
                  0.07    0.00    2.12 v _356_/A (sky130_fd_sc_hd__clkbuf_4)
                  0.10    0.22    2.34 v _356_/X (sky130_fd_sc_hd__clkbuf_4)
     9    0.05                           _200_ (net)
                  0.10    0.00    2.34 v _357_/A (sky130_fd_sc_hd__buf_4)
                  0.08    0.23    2.57 v _357_/X (sky130_fd_sc_hd__buf_4)
    10    0.06                           _201_ (net)
                  0.08    0.00    2.57 v _360_/A (sky130_fd_sc_hd__inv_2)
                  0.03    0.06    2.63 ^ _360_/Y (sky130_fd_sc_hd__inv_2)
     1    0.00                           _002_ (net)
                  0.03    0.00    2.63 ^ _408_/RESET_B (sky130_fd_sc_hd__dfrtp_1)
                                  2.63   data arrival time

                         10.00   10.00   clock clk (rise edge)
                          0.00   10.00   clock source latency
                  0.09    0.06   10.06 ^ clk (in)
     2    0.02                           clk (net)
                  0.09    0.00   10.06 ^ clkbuf_0_clk/A (sky130_fd_sc_hd__clkbuf_16)
                  0.07    0.16   10.22 ^ clkbuf_0_clk/X (sky130_fd_sc_hd__clkbuf_16)
     4    0.05                           clknet_0_clk (net)
                  0.07    0.00   10.22 ^ clkbuf_2_3__f_clk/A (sky130_fd_sc_hd__clkbuf_16)
                  0.05    0.13   10.35 ^ clkbuf_2_3__f_clk/X (sky130_fd_sc_hd__clkbuf_16)
     8    0.03                           clknet_2_3__leaf_clk (net)
                  0.05    0.00   10.35 ^ _408_/CLK (sky130_fd_sc_hd__dfrtp_1)
                         -0.25   10.10   clock uncertainty
                          0.00   10.10   clock reconvergence pessimism
                          0.23   10.34   library recovery time
                                 10.34   data required time
-----------------------------------------------------------------------------
                                 10.34   data required time
                                 -2.63   data arrival time
-----------------------------------------------------------------------------
                                  7.71   slack (MET)


Startpoint: rst (input port clocked by clk)
Endpoint: _444_ (recovery check against rising-edge clock clk)
Path Group: asynchronous
Path Type: max
Corner: Typical

Fanout     Cap    Slew   Delay    Time   Description
-----------------------------------------------------------------------------
                          0.00    0.00   clock clk (rise edge)
                          0.00    0.00   clock network delay (propagated)
                          2.00    2.00 v input external delay
                  0.01    0.01    2.01 v rst (in)
     2    0.00                           rst (net)
                  0.01    0.00    2.01 v input1/A (sky130_fd_sc_hd__buf_1)
                  0.07    0.11    2.12 v input1/X (sky130_fd_sc_hd__buf_1)
     1    0.01                           net1 (net)
                  0.07    0.00    2.12 v _356_/A (sky130_fd_sc_hd__clkbuf_4)
                  0.10    0.22    2.34 v _356_/X (sky130_fd_sc_hd__clkbuf_4)
     9    0.05                           _200_ (net)
                  0.10    0.00    2.34 v _390_/A (sky130_fd_sc_hd__buf_4)
                  0.08    0.23    2.57 v _390_/X (sky130_fd_sc_hd__buf_4)
    10    0.06                           _204_ (net)
                  0.08    0.00    2.57 v _399_/A (sky130_fd_sc_hd__inv_2)
                  0.03    0.06    2.64 ^ _399_/Y (sky130_fd_sc_hd__inv_2)
     1    0.00                           _038_ (net)
                  0.03    0.00    2.64 ^ _444_/RESET_B (sky130_fd_sc_hd__dfrtp_2)
                                  2.64   data arrival time

                         10.00   10.00   clock clk (rise edge)
                          0.00   10.00   clock source latency
                  0.09    0.06   10.06 ^ clk (in)
     2    0.02                           clk (net)
                  0.09    0.00   10.06 ^ clkbuf_0_clk/A (sky130_fd_sc_hd__clkbuf_16)
                  0.07    0.16   10.22 ^ clkbuf_0_clk/X (sky130_fd_sc_hd__clkbuf_16)
     4    0.05                           clknet_0_clk (net)
                  0.07    0.00   10.22 ^ clkbuf_2_1__f_clk/A (sky130_fd_sc_hd__clkbuf_16)
                  0.07    0.15   10.37 ^ clkbuf_2_1__f_clk/X (sky130_fd_sc_hd__clkbuf_16)
    15    0.05                           clknet_2_1__leaf_clk (net)
                  0.07    0.00   10.37 ^ _444_/CLK (sky130_fd_sc_hd__dfrtp_2)
                         -0.25   10.12   clock uncertainty
                          0.00   10.12   clock reconvergence pessimism
                          0.23   10.34   library recovery time
                                 10.34   data required time
-----------------------------------------------------------------------------
                                 10.34   data required time
                                 -2.64   data arrival time
-----------------------------------------------------------------------------
                                  7.71   slack (MET)


Startpoint: rst (input port clocked by clk)
Endpoint: _413_ (recovery check against rising-edge clock clk)
Path Group: asynchronous
Path Type: max
Corner: Typical

Fanout     Cap    Slew   Delay    Time   Description
-----------------------------------------------------------------------------
                          0.00    0.00   clock clk (rise edge)
                          0.00    0.00   clock network delay (propagated)
                          2.00    2.00 v input external delay
                  0.01    0.01    2.01 v rst (in)
     2    0.00                           rst (net)
                  0.01    0.00    2.01 v input1/A (sky130_fd_sc_hd__buf_1)
                  0.07    0.11    2.12 v input1/X (sky130_fd_sc_hd__buf_1)
     1    0.01                           net1 (net)
                  0.07    0.00    2.12 v _356_/A (sky130_fd_sc_hd__clkbuf_4)
                  0.10    0.22    2.34 v _356_/X (sky130_fd_sc_hd__clkbuf_4)
     9    0.05                           _200_ (net)
                  0.10    0.00    2.34 v _357_/A (sky130_fd_sc_hd__buf_4)
                  0.08    0.23    2.57 v _357_/X (sky130_fd_sc_hd__buf_4)
    10    0.06                           _201_ (net)
                  0.08    0.00    2.57 v _365_/A (sky130_fd_sc_hd__inv_2)
                  0.04    0.06    2.63 ^ _365_/Y (sky130_fd_sc_hd__inv_2)
     1    0.00                           _007_ (net)
                  0.04    0.00    2.63 ^ _413_/RESET_B (sky130_fd_sc_hd__dfrtp_1)
                                  2.63   data arrival time

                         10.00   10.00   clock clk (rise edge)
                          0.00   10.00   clock source latency
                  0.09    0.06   10.06 ^ clk (in)
     2    0.02                           clk (net)
                  0.09    0.00   10.06 ^ clkbuf_0_clk/A (sky130_fd_sc_hd__clkbuf_16)
                  0.07    0.16   10.22 ^ clkbuf_0_clk/X (sky130_fd_sc_hd__clkbuf_16)
     4    0.05                           clknet_0_clk (net)
                  0.07    0.00   10.22 ^ clkbuf_2_2__f_clk/A (sky130_fd_sc_hd__clkbuf_16)
                  0.05    0.14   10.35 ^ clkbuf_2_2__f_clk/X (sky130_fd_sc_hd__clkbuf_16)
    11    0.03                           clknet_2_2__leaf_clk (net)
                  0.05    0.00   10.36 ^ _413_/CLK (sky130_fd_sc_hd__dfrtp_1)
                         -0.25   10.11   clock uncertainty
                          0.00   10.11   clock reconvergence pessimism
                          0.24   10.34   library recovery time
                                 10.34   data required time
-----------------------------------------------------------------------------
                                 10.34   data required time
                                 -2.63   data arrival time
-----------------------------------------------------------------------------
                                  7.71   slack (MET)


Startpoint: rst (input port clocked by clk)
Endpoint: _436_ (recovery check against rising-edge clock clk)
Path Group: asynchronous
Path Type: max
Corner: Typical

Fanout     Cap    Slew   Delay    Time   Description
-----------------------------------------------------------------------------
                          0.00    0.00   clock clk (rise edge)
                          0.00    0.00   clock network delay (propagated)
                          2.00    2.00 v input external delay
                  0.01    0.01    2.01 v rst (in)
     2    0.00                           rst (net)
                  0.01    0.00    2.01 v input1/A (sky130_fd_sc_hd__buf_1)
                  0.07    0.11    2.12 v input1/X (sky130_fd_sc_hd__buf_1)
     1    0.01                           net1 (net)
                  0.07    0.00    2.12 v _356_/A (sky130_fd_sc_hd__clkbuf_4)
                  0.10    0.22    2.34 v _356_/X (sky130_fd_sc_hd__clkbuf_4)
     9    0.05                           _200_ (net)
                  0.10    0.00    2.34 v _390_/A (sky130_fd_sc_hd__buf_4)
                  0.08    0.23    2.57 v _390_/X (sky130_fd_sc_hd__buf_4)
    10    0.06                           _204_ (net)
                  0.08    0.00    2.58 v _391_/A (sky130_fd_sc_hd__inv_2)
                  0.03    0.06    2.64 ^ _391_/Y (sky130_fd_sc_hd__inv_2)
     1    0.00                           _030_ (net)
                  0.03    0.00    2.64 ^ _436_/RESET_B (sky130_fd_sc_hd__dfrtp_1)
                                  2.64   data arrival time

                         10.00   10.00   clock clk (rise edge)
                          0.00   10.00   clock source latency
                  0.09    0.06   10.06 ^ clk (in)
     2    0.02                           clk (net)
                  0.09    0.00   10.06 ^ clkbuf_0_clk/A (sky130_fd_sc_hd__clkbuf_16)
                  0.07    0.16   10.22 ^ clkbuf_0_clk/X (sky130_fd_sc_hd__clkbuf_16)
     4    0.05                           clknet_0_clk (net)
                  0.07    0.00   10.22 ^ clkbuf_2_0__f_clk/A (sky130_fd_sc_hd__clkbuf_16)
                  0.06    0.14   10.36 ^ clkbuf_2_0__f_clk/X (sky130_fd_sc_hd__clkbuf_16)
    11    0.04                           clknet_2_0__leaf_clk (net)
                  0.06    0.00   10.36 ^ _436_/CLK (sky130_fd_sc_hd__dfrtp_1)
                         -0.25   10.11   clock uncertainty
                          0.00   10.11   clock reconvergence pessimism
                          0.24   10.35   library recovery time
                                 10.35   data required time
-----------------------------------------------------------------------------
                                 10.35   data required time
                                 -2.64   data arrival time
-----------------------------------------------------------------------------
                                  7.71   slack (MET)


Startpoint: rst (input port clocked by clk)
Endpoint: _439_ (recovery check against rising-edge clock clk)
Path Group: asynchronous
Path Type: max
Corner: Typical

Fanout     Cap    Slew   Delay    Time   Description
-----------------------------------------------------------------------------
                          0.00    0.00   clock clk (rise edge)
                          0.00    0.00   clock network delay (propagated)
                          2.00    2.00 v input external delay
                  0.01    0.01    2.01 v rst (in)
     2    0.00                           rst (net)
                  0.01    0.00    2.01 v input1/A (sky130_fd_sc_hd__buf_1)
                  0.07    0.11    2.12 v input1/X (sky130_fd_sc_hd__buf_1)
     1    0.01                           net1 (net)
                  0.07    0.00    2.12 v _356_/A (sky130_fd_sc_hd__clkbuf_4)
                  0.10    0.22    2.34 v _356_/X (sky130_fd_sc_hd__clkbuf_4)
     9    0.05                           _200_ (net)
                  0.10    0.00    2.34 v _390_/A (sky130_fd_sc_hd__buf_4)
                  0.08    0.23    2.57 v _390_/X (sky130_fd_sc_hd__buf_4)
    10    0.06                           _204_ (net)
                  0.08    0.00    2.58 v _394_/A (sky130_fd_sc_hd__inv_2)
                  0.03    0.06    2.64 ^ _394_/Y (sky130_fd_sc_hd__inv_2)
     1    0.00                           _033_ (net)
                  0.03    0.00    2.64 ^ _439_/RESET_B (sky130_fd_sc_hd__dfrtp_1)
                                  2.64   data arrival time

                         10.00   10.00   clock clk (rise edge)
                          0.00   10.00   clock source latency
                  0.09    0.06   10.06 ^ clk (in)
     2    0.02                           clk (net)
                  0.09    0.00   10.06 ^ clkbuf_0_clk/A (sky130_fd_sc_hd__clkbuf_16)
                  0.07    0.16   10.22 ^ clkbuf_0_clk/X (sky130_fd_sc_hd__clkbuf_16)
     4    0.05                           clknet_0_clk (net)
                  0.07    0.00   10.22 ^ clkbuf_2_0__f_clk/A (sky130_fd_sc_hd__clkbuf_16)
                  0.06    0.14   10.36 ^ clkbuf_2_0__f_clk/X (sky130_fd_sc_hd__clkbuf_16)
    11    0.04                           clknet_2_0__leaf_clk (net)
                  0.06    0.00   10.36 ^ _439_/CLK (sky130_fd_sc_hd__dfrtp_1)
                         -0.25   10.11   clock uncertainty
                          0.00   10.11   clock reconvergence pessimism
                          0.24   10.35   library recovery time
                                 10.35   data required time
-----------------------------------------------------------------------------
                                 10.35   data required time
                                 -2.64   data arrival time
-----------------------------------------------------------------------------
                                  7.71   slack (MET)


Startpoint: rst (input port clocked by clk)
Endpoint: _412_ (recovery check against rising-edge clock clk)
Path Group: asynchronous
Path Type: max
Corner: Typical

Fanout     Cap    Slew   Delay    Time   Description
-----------------------------------------------------------------------------
                          0.00    0.00   clock clk (rise edge)
                          0.00    0.00   clock network delay (propagated)
                          2.00    2.00 v input external delay
                  0.01    0.01    2.01 v rst (in)
     2    0.00                           rst (net)
                  0.01    0.00    2.01 v input1/A (sky130_fd_sc_hd__buf_1)
                  0.07    0.11    2.12 v input1/X (sky130_fd_sc_hd__buf_1)
     1    0.01                           net1 (net)
                  0.07    0.00    2.12 v _356_/A (sky130_fd_sc_hd__clkbuf_4)
                  0.10    0.22    2.34 v _356_/X (sky130_fd_sc_hd__clkbuf_4)
     9    0.05                           _200_ (net)
                  0.10    0.00    2.34 v _357_/A (sky130_fd_sc_hd__buf_4)
                  0.08    0.23    2.57 v _357_/X (sky130_fd_sc_hd__buf_4)
    10    0.06                           _201_ (net)
                  0.08    0.00    2.57 v _364_/A (sky130_fd_sc_hd__inv_2)
                  0.03    0.06    2.63 ^ _364_/Y (sky130_fd_sc_hd__inv_2)
     1    0.00                           _006_ (net)
                  0.03    0.00    2.63 ^ _412_/RESET_B (sky130_fd_sc_hd__dfrtp_1)
                                  2.63   data arrival time

                         10.00   10.00   clock clk (rise edge)
                          0.00   10.00   clock source latency
                  0.09    0.06   10.06 ^ clk (in)
     2    0.02                           clk (net)
                  0.09    0.00   10.06 ^ clkbuf_0_clk/A (sky130_fd_sc_hd__clkbuf_16)
                  0.07    0.16   10.22 ^ clkbuf_0_clk/X (sky130_fd_sc_hd__clkbuf_16)
     4    0.05                           clknet_0_clk (net)
                  0.07    0.00   10.22 ^ clkbuf_2_3__f_clk/A (sky130_fd_sc_hd__clkbuf_16)
                  0.05    0.13   10.35 ^ clkbuf_2_3__f_clk/X (sky130_fd_sc_hd__clkbuf_16)
     8    0.03                           clknet_2_3__leaf_clk (net)
                  0.05    0.00   10.35 ^ _412_/CLK (sky130_fd_sc_hd__dfrtp_1)
                         -0.25   10.10   clock uncertainty
                          0.00   10.10   clock reconvergence pessimism
                          0.23   10.34   library recovery time
                                 10.34   data required time
-----------------------------------------------------------------------------
                                 10.34   data required time
                                 -2.63   data arrival time
-----------------------------------------------------------------------------
                                  7.71   slack (MET)


Startpoint: rst (input port clocked by clk)
Endpoint: _437_ (recovery check against rising-edge clock clk)
Path Group: asynchronous
Path Type: max
Corner: Typical

Fanout     Cap    Slew   Delay    Time   Description
-----------------------------------------------------------------------------
                          0.00    0.00   clock clk (rise edge)
                          0.00    0.00   clock network delay (propagated)
                          2.00    2.00 v input external delay
                  0.01    0.01    2.01 v rst (in)
     2    0.00                           rst (net)
                  0.01    0.00    2.01 v input1/A (sky130_fd_sc_hd__buf_1)
                  0.07    0.11    2.12 v input1/X (sky130_fd_sc_hd__buf_1)
     1    0.01                           net1 (net)
                  0.07    0.00    2.12 v _356_/A (sky130_fd_sc_hd__clkbuf_4)
                  0.10    0.22    2.34 v _356_/X (sky130_fd_sc_hd__clkbuf_4)
     9    0.05                           _200_ (net)
                  0.10    0.00    2.34 v _390_/A (sky130_fd_sc_hd__buf_4)
                  0.08    0.23    2.57 v _390_/X (sky130_fd_sc_hd__buf_4)
    10    0.06                           _204_ (net)
                  0.08    0.00    2.57 v _392_/A (sky130_fd_sc_hd__inv_2)
                  0.03    0.06    2.64 ^ _392_/Y (sky130_fd_sc_hd__inv_2)
     1    0.00                           _031_ (net)
                  0.03    0.00    2.64 ^ _437_/RESET_B (sky130_fd_sc_hd__dfrtp_1)
                                  2.64   data arrival time

                         10.00   10.00   clock clk (rise edge)
                          0.00   10.00   clock source latency
                  0.09    0.06   10.06 ^ clk (in)
     2    0.02                           clk (net)
                  0.09    0.00   10.06 ^ clkbuf_0_clk/A (sky130_fd_sc_hd__clkbuf_16)
                  0.07    0.16   10.22 ^ clkbuf_0_clk/X (sky130_fd_sc_hd__clkbuf_16)
     4    0.05                           clknet_0_clk (net)
                  0.07    0.00   10.22 ^ clkbuf_2_0__f_clk/A (sky130_fd_sc_hd__clkbuf_16)
                  0.06    0.14   10.36 ^ clkbuf_2_0__f_clk/X (sky130_fd_sc_hd__clkbuf_16)
    11    0.04                           clknet_2_0__leaf_clk (net)
                  0.06    0.00   10.36 ^ _437_/CLK (sky130_fd_sc_hd__dfrtp_1)
                         -0.25   10.11   clock uncertainty
                          0.00   10.11   clock reconvergence pessimism
                          0.24   10.34   library recovery time
                                 10.34   data required time
-----------------------------------------------------------------------------
                                 10.34   data required time
                                 -2.64   data arrival time
-----------------------------------------------------------------------------
                                  7.71   slack (MET)


Startpoint: rst (input port clocked by clk)
Endpoint: _421_ (recovery check against rising-edge clock clk)
Path Group: asynchronous
Path Type: max
Corner: Typical

Fanout     Cap    Slew   Delay    Time   Description
-----------------------------------------------------------------------------
                          0.00    0.00   clock clk (rise edge)
                          0.00    0.00   clock network delay (propagated)
                          2.00    2.00 v input external delay
                  0.01    0.01    2.01 v rst (in)
     2    0.00                           rst (net)
                  0.01    0.00    2.01 v input1/A (sky130_fd_sc_hd__buf_1)
                  0.07    0.11    2.12 v input1/X (sky130_fd_sc_hd__buf_1)
     1    0.01                           net1 (net)
                  0.07    0.00    2.12 v _356_/A (sky130_fd_sc_hd__clkbuf_4)
                  0.10    0.22    2.34 v _356_/X (sky130_fd_sc_hd__clkbuf_4)
     9    0.05                           _200_ (net)
                  0.10    0.00    2.34 v _368_/A (sky130_fd_sc_hd__buf_4)
                  0.08    0.23    2.57 v _368_/X (sky130_fd_sc_hd__buf_4)
    10    0.06                           _202_ (net)
                  0.08    0.00    2.57 v _374_/A (sky130_fd_sc_hd__inv_2)
                  0.03    0.06    2.64 ^ _374_/Y (sky130_fd_sc_hd__inv_2)
     1    0.00                           _015_ (net)
                  0.03    0.00    2.64 ^ _421_/RESET_B (sky130_fd_sc_hd__dfrtp_1)
                                  2.64   data arrival time

                         10.00   10.00   clock clk (rise edge)
                          0.00   10.00   clock source latency
                  0.09    0.06   10.06 ^ clk (in)
     2    0.02                           clk (net)
                  0.09    0.00   10.06 ^ clkbuf_0_clk/A (sky130_fd_sc_hd__clkbuf_16)
                  0.07    0.16   10.22 ^ clkbuf_0_clk/X (sky130_fd_sc_hd__clkbuf_16)
     4    0.05                           clknet_0_clk (net)
                  0.07    0.00   10.22 ^ clkbuf_2_0__f_clk/A (sky130_fd_sc_hd__clkbuf_16)
                  0.06    0.14   10.36 ^ clkbuf_2_0__f_clk/X (sky130_fd_sc_hd__clkbuf_16)
    11    0.04                           clknet_2_0__leaf_clk (net)
                  0.06    0.00   10.36 ^ _421_/CLK (sky130_fd_sc_hd__dfrtp_1)
                         -0.25   10.11   clock uncertainty
                          0.00   10.11   clock reconvergence pessimism
                          0.24   10.35   library recovery time
                                 10.35   data required time
-----------------------------------------------------------------------------
                                 10.35   data required time
                                 -2.64   data arrival time
-----------------------------------------------------------------------------
                                  7.71   slack (MET)


Startpoint: rst (input port clocked by clk)
Endpoint: _414_ (recovery check against rising-edge clock clk)
Path Group: asynchronous
Path Type: max
Corner: Typical

Fanout     Cap    Slew   Delay    Time   Description
-----------------------------------------------------------------------------
                          0.00    0.00   clock clk (rise edge)
                          0.00    0.00   clock network delay (propagated)
                          2.00    2.00 v input external delay
                  0.01    0.01    2.01 v rst (in)
     2    0.00                           rst (net)
                  0.01    0.00    2.01 v input1/A (sky130_fd_sc_hd__buf_1)
                  0.07    0.11    2.12 v input1/X (sky130_fd_sc_hd__buf_1)
     1    0.01                           net1 (net)
                  0.07    0.00    2.12 v _356_/A (sky130_fd_sc_hd__clkbuf_4)
                  0.10    0.22    2.34 v _356_/X (sky130_fd_sc_hd__clkbuf_4)
     9    0.05                           _200_ (net)
                  0.10    0.00    2.34 v _357_/A (sky130_fd_sc_hd__buf_4)
                  0.08    0.23    2.57 v _357_/X (sky130_fd_sc_hd__buf_4)
    10    0.06                           _201_ (net)
                  0.08    0.00    2.57 v _366_/A (sky130_fd_sc_hd__inv_2)
                  0.03    0.06    2.63 ^ _366_/Y (sky130_fd_sc_hd__inv_2)
     1    0.00                           _008_ (net)
                  0.03    0.00    2.63 ^ _414_/RESET_B (sky130_fd_sc_hd__dfrtp_1)
                                  2.63   data arrival time

                         10.00   10.00   clock clk (rise edge)
                          0.00   10.00   clock source latency
                  0.09    0.06   10.06 ^ clk (in)
     2    0.02                           clk (net)
                  0.09    0.00   10.06 ^ clkbuf_0_clk/A (sky130_fd_sc_hd__clkbuf_16)
                  0.07    0.16   10.22 ^ clkbuf_0_clk/X (sky130_fd_sc_hd__clkbuf_16)
     4    0.05                           clknet_0_clk (net)
                  0.07    0.00   10.22 ^ clkbuf_2_2__f_clk/A (sky130_fd_sc_hd__clkbuf_16)
                  0.05    0.14   10.35 ^ clkbuf_2_2__f_clk/X (sky130_fd_sc_hd__clkbuf_16)
    11    0.03                           clknet_2_2__leaf_clk (net)
                  0.05    0.00   10.36 ^ _414_/CLK (sky130_fd_sc_hd__dfrtp_1)
                         -0.25   10.11   clock uncertainty
                          0.00   10.11   clock reconvergence pessimism
                          0.24   10.34   library recovery time
                                 10.34   data required time
-----------------------------------------------------------------------------
                                 10.34   data required time
                                 -2.63   data arrival time
-----------------------------------------------------------------------------
                                  7.71   slack (MET)


Startpoint: rst (input port clocked by clk)
Endpoint: _418_ (recovery check against rising-edge clock clk)
Path Group: asynchronous
Path Type: max
Corner: Typical

Fanout     Cap    Slew   Delay    Time   Description
-----------------------------------------------------------------------------
                          0.00    0.00   clock clk (rise edge)
                          0.00    0.00   clock network delay (propagated)
                          2.00    2.00 v input external delay
                  0.01    0.01    2.01 v rst (in)
     2    0.00                           rst (net)
                  0.01    0.00    2.01 v input1/A (sky130_fd_sc_hd__buf_1)
                  0.07    0.11    2.12 v input1/X (sky130_fd_sc_hd__buf_1)
     1    0.01                           net1 (net)
                  0.07    0.00    2.12 v _356_/A (sky130_fd_sc_hd__clkbuf_4)
                  0.10    0.22    2.34 v _356_/X (sky130_fd_sc_hd__clkbuf_4)
     9    0.05                           _200_ (net)
                  0.10    0.00    2.34 v _368_/A (sky130_fd_sc_hd__buf_4)
                  0.08    0.23    2.57 v _368_/X (sky130_fd_sc_hd__buf_4)
    10    0.06                           _202_ (net)
                  0.08    0.00    2.57 v _371_/A (sky130_fd_sc_hd__inv_2)
                  0.03    0.06    2.64 ^ _371_/Y (sky130_fd_sc_hd__inv_2)
     1    0.00                           _012_ (net)
                  0.03    0.00    2.64 ^ _418_/RESET_B (sky130_fd_sc_hd__dfrtp_1)
                                  2.64   data arrival time

                         10.00   10.00   clock clk (rise edge)
                          0.00   10.00   clock source latency
                  0.09    0.06   10.06 ^ clk (in)
     2    0.02                           clk (net)
                  0.09    0.00   10.06 ^ clkbuf_0_clk/A (sky130_fd_sc_hd__clkbuf_16)
                  0.07    0.16   10.22 ^ clkbuf_0_clk/X (sky130_fd_sc_hd__clkbuf_16)
     4    0.05                           clknet_0_clk (net)
                  0.07    0.00   10.22 ^ clkbuf_2_0__f_clk/A (sky130_fd_sc_hd__clkbuf_16)
                  0.06    0.14   10.36 ^ clkbuf_2_0__f_clk/X (sky130_fd_sc_hd__clkbuf_16)
    11    0.04                           clknet_2_0__leaf_clk (net)
                  0.06    0.00   10.36 ^ _418_/CLK (sky130_fd_sc_hd__dfrtp_1)
                         -0.25   10.11   clock uncertainty
                          0.00   10.11   clock reconvergence pessimism
                          0.24   10.35   library recovery time
                                 10.35   data required time
-----------------------------------------------------------------------------
                                 10.35   data required time
                                 -2.64   data arrival time
-----------------------------------------------------------------------------
                                  7.71   slack (MET)


Startpoint: rst (input port clocked by clk)
Endpoint: _415_ (recovery check against rising-edge clock clk)
Path Group: asynchronous
Path Type: max
Corner: Typical

Fanout     Cap    Slew   Delay    Time   Description
-----------------------------------------------------------------------------
                          0.00    0.00   clock clk (rise edge)
                          0.00    0.00   clock network delay (propagated)
                          2.00    2.00 v input external delay
                  0.01    0.01    2.01 v rst (in)
     2    0.00                           rst (net)
                  0.01    0.00    2.01 v input1/A (sky130_fd_sc_hd__buf_1)
                  0.07    0.11    2.12 v input1/X (sky130_fd_sc_hd__buf_1)
     1    0.01                           net1 (net)
                  0.07    0.00    2.12 v _356_/A (sky130_fd_sc_hd__clkbuf_4)
                  0.10    0.22    2.34 v _356_/X (sky130_fd_sc_hd__clkbuf_4)
     9    0.05                           _200_ (net)
                  0.10    0.00    2.34 v _357_/A (sky130_fd_sc_hd__buf_4)
                  0.08    0.23    2.57 v _357_/X (sky130_fd_sc_hd__buf_4)
    10    0.06                           _201_ (net)
                  0.08    0.00    2.57 v _367_/A (sky130_fd_sc_hd__inv_2)
                  0.03    0.06    2.63 ^ _367_/Y (sky130_fd_sc_hd__inv_2)
     1    0.00                           _009_ (net)
                  0.03    0.00    2.63 ^ _415_/RESET_B (sky130_fd_sc_hd__dfrtp_1)
                                  2.63   data arrival time

                         10.00   10.00   clock clk (rise edge)
                          0.00   10.00   clock source latency
                  0.09    0.06   10.06 ^ clk (in)
     2    0.02                           clk (net)
                  0.09    0.00   10.06 ^ clkbuf_0_clk/A (sky130_fd_sc_hd__clkbuf_16)
                  0.07    0.16   10.22 ^ clkbuf_0_clk/X (sky130_fd_sc_hd__clkbuf_16)
     4    0.05                           clknet_0_clk (net)
                  0.07    0.00   10.22 ^ clkbuf_2_2__f_clk/A (sky130_fd_sc_hd__clkbuf_16)
                  0.05    0.14   10.35 ^ clkbuf_2_2__f_clk/X (sky130_fd_sc_hd__clkbuf_16)
    11    0.03                           clknet_2_2__leaf_clk (net)
                  0.05    0.00   10.36 ^ _415_/CLK (sky130_fd_sc_hd__dfrtp_1)
                         -0.25   10.11   clock uncertainty
                          0.00   10.11   clock reconvergence pessimism
                          0.24   10.34   library recovery time
                                 10.34   data required time
-----------------------------------------------------------------------------
                                 10.34   data required time
                                 -2.63   data arrival time
-----------------------------------------------------------------------------
                                  7.71   slack (MET)


Startpoint: rst (input port clocked by clk)
Endpoint: _410_ (recovery check against rising-edge clock clk)
Path Group: asynchronous
Path Type: max
Corner: Typical

Fanout     Cap    Slew   Delay    Time   Description
-----------------------------------------------------------------------------
                          0.00    0.00   clock clk (rise edge)
                          0.00    0.00   clock network delay (propagated)
                          2.00    2.00 v input external delay
                  0.01    0.01    2.01 v rst (in)
     2    0.00                           rst (net)
                  0.01    0.00    2.01 v input1/A (sky130_fd_sc_hd__buf_1)
                  0.07    0.11    2.12 v input1/X (sky130_fd_sc_hd__buf_1)
     1    0.01                           net1 (net)
                  0.07    0.00    2.12 v _356_/A (sky130_fd_sc_hd__clkbuf_4)
                  0.10    0.22    2.34 v _356_/X (sky130_fd_sc_hd__clkbuf_4)
     9    0.05                           _200_ (net)
                  0.10    0.00    2.34 v _357_/A (sky130_fd_sc_hd__buf_4)
                  0.08    0.23    2.57 v _357_/X (sky130_fd_sc_hd__buf_4)
    10    0.06                           _201_ (net)
                  0.08    0.00    2.57 v _362_/A (sky130_fd_sc_hd__inv_2)
                  0.03    0.06    2.63 ^ _362_/Y (sky130_fd_sc_hd__inv_2)
     1    0.00                           _004_ (net)
                  0.03    0.00    2.63 ^ _410_/RESET_B (sky130_fd_sc_hd__dfrtp_1)
                                  2.63   data arrival time

                         10.00   10.00   clock clk (rise edge)
                          0.00   10.00   clock source latency
                  0.09    0.06   10.06 ^ clk (in)
     2    0.02                           clk (net)
                  0.09    0.00   10.06 ^ clkbuf_0_clk/A (sky130_fd_sc_hd__clkbuf_16)
                  0.07    0.16   10.22 ^ clkbuf_0_clk/X (sky130_fd_sc_hd__clkbuf_16)
     4    0.05                           clknet_0_clk (net)
                  0.07    0.00   10.22 ^ clkbuf_2_2__f_clk/A (sky130_fd_sc_hd__clkbuf_16)
                  0.05    0.14   10.35 ^ clkbuf_2_2__f_clk/X (sky130_fd_sc_hd__clkbuf_16)
    11    0.03                           clknet_2_2__leaf_clk (net)
                  0.05    0.00   10.36 ^ _410_/CLK (sky130_fd_sc_hd__dfrtp_1)
                         -0.25   10.11   clock uncertainty
                          0.00   10.11   clock reconvergence pessimism
                          0.24   10.34   library recovery time
                                 10.34   data required time
-----------------------------------------------------------------------------
                                 10.34   data required time
                                 -2.63   data arrival time
-----------------------------------------------------------------------------
                                  7.71   slack (MET)


Startpoint: rst (input port clocked by clk)
Endpoint: _438_ (recovery check against rising-edge clock clk)
Path Group: asynchronous
Path Type: max
Corner: Typical

Fanout     Cap    Slew   Delay    Time   Description
-----------------------------------------------------------------------------
                          0.00    0.00   clock clk (rise edge)
                          0.00    0.00   clock network delay (propagated)
                          2.00    2.00 v input external delay
                  0.01    0.01    2.01 v rst (in)
     2    0.00                           rst (net)
                  0.01    0.00    2.01 v input1/A (sky130_fd_sc_hd__buf_1)
                  0.07    0.11    2.12 v input1/X (sky130_fd_sc_hd__buf_1)
     1    0.01                           net1 (net)
                  0.07    0.00    2.12 v _356_/A (sky130_fd_sc_hd__clkbuf_4)
                  0.10    0.22    2.34 v _356_/X (sky130_fd_sc_hd__clkbuf_4)
     9    0.05                           _200_ (net)
                  0.10    0.00    2.34 v _390_/A (sky130_fd_sc_hd__buf_4)
                  0.08    0.23    2.57 v _390_/X (sky130_fd_sc_hd__buf_4)
    10    0.06                           _204_ (net)
                  0.08    0.00    2.57 v _393_/A (sky130_fd_sc_hd__inv_2)
                  0.03    0.06    2.63 ^ _393_/Y (sky130_fd_sc_hd__inv_2)
     1    0.00                           _032_ (net)
                  0.03    0.00    2.63 ^ _438_/RESET_B (sky130_fd_sc_hd__dfrtp_2)
                                  2.63   data arrival time

                         10.00   10.00   clock clk (rise edge)
                          0.00   10.00   clock source latency
                  0.09    0.06   10.06 ^ clk (in)
     2    0.02                           clk (net)
                  0.09    0.00   10.06 ^ clkbuf_0_clk/A (sky130_fd_sc_hd__clkbuf_16)
                  0.07    0.16   10.22 ^ clkbuf_0_clk/X (sky130_fd_sc_hd__clkbuf_16)
     4    0.05                           clknet_0_clk (net)
                  0.07    0.00   10.22 ^ clkbuf_2_1__f_clk/A (sky130_fd_sc_hd__clkbuf_16)
                  0.07    0.15   10.37 ^ clkbuf_2_1__f_clk/X (sky130_fd_sc_hd__clkbuf_16)
    15    0.05                           clknet_2_1__leaf_clk (net)
                  0.07    0.00   10.37 ^ _438_/CLK (sky130_fd_sc_hd__dfrtp_2)
                         -0.25   10.12   clock uncertainty
                          0.00   10.12   clock reconvergence pessimism
                          0.23   10.35   library recovery time
                                 10.35   data required time
-----------------------------------------------------------------------------
                                 10.35   data required time
                                 -2.63   data arrival time
-----------------------------------------------------------------------------
                                  7.71   slack (MET)


Startpoint: rst (input port clocked by clk)
Endpoint: _425_ (recovery check against rising-edge clock clk)
Path Group: asynchronous
Path Type: max
Corner: Typical

Fanout     Cap    Slew   Delay    Time   Description
-----------------------------------------------------------------------------
                          0.00    0.00   clock clk (rise edge)
                          0.00    0.00   clock network delay (propagated)
                          2.00    2.00 v input external delay
                  0.01    0.01    2.01 v rst (in)
     2    0.00                           rst (net)
                  0.01    0.00    2.01 v input1/A (sky130_fd_sc_hd__buf_1)
                  0.07    0.11    2.12 v input1/X (sky130_fd_sc_hd__buf_1)
     1    0.01                           net1 (net)
                  0.07    0.00    2.12 v _356_/A (sky130_fd_sc_hd__clkbuf_4)
                  0.10    0.22    2.34 v _356_/X (sky130_fd_sc_hd__clkbuf_4)
     9    0.05                           _200_ (net)
                  0.10    0.00    2.34 v _368_/A (sky130_fd_sc_hd__buf_4)
                  0.08    0.23    2.57 v _368_/X (sky130_fd_sc_hd__buf_4)
    10    0.06                           _202_ (net)
                  0.08    0.00    2.57 v _378_/A (sky130_fd_sc_hd__inv_2)
                  0.04    0.07    2.64 ^ _378_/Y (sky130_fd_sc_hd__inv_2)
     1    0.01                           _019_ (net)
                  0.04    0.00    2.64 ^ _425_/RESET_B (sky130_fd_sc_hd__dfrtp_1)
                                  2.64   data arrival time

                         10.00   10.00   clock clk (rise edge)
                          0.00   10.00   clock source latency
                  0.09    0.06   10.06 ^ clk (in)
     2    0.02                           clk (net)
                  0.09    0.00   10.06 ^ clkbuf_0_clk/A (sky130_fd_sc_hd__clkbuf_16)
                  0.07    0.16   10.22 ^ clkbuf_0_clk/X (sky130_fd_sc_hd__clkbuf_16)
     4    0.05                           clknet_0_clk (net)
                  0.07    0.00   10.22 ^ clkbuf_2_1__f_clk/A (sky130_fd_sc_hd__clkbuf_16)
                  0.07    0.15   10.37 ^ clkbuf_2_1__f_clk/X (sky130_fd_sc_hd__clkbuf_16)
    15    0.05                           clknet_2_1__leaf_clk (net)
                  0.07    0.00   10.37 ^ _425_/CLK (sky130_fd_sc_hd__dfrtp_1)
                         -0.25   10.12   clock uncertainty
                          0.00   10.12   clock reconvergence pessimism
                          0.24   10.35   library recovery time
                                 10.35   data required time
-----------------------------------------------------------------------------
                                 10.35   data required time
                                 -2.64   data arrival time
-----------------------------------------------------------------------------
                                  7.72   slack (MET)


Startpoint: rst (input port clocked by clk)
Endpoint: _422_ (recovery check against rising-edge clock clk)
Path Group: asynchronous
Path Type: max
Corner: Typical

Fanout     Cap    Slew   Delay    Time   Description
-----------------------------------------------------------------------------
                          0.00    0.00   clock clk (rise edge)
                          0.00    0.00   clock network delay (propagated)
                          2.00    2.00 v input external delay
                  0.01    0.01    2.01 v rst (in)
     2    0.00                           rst (net)
                  0.01    0.00    2.01 v input1/A (sky130_fd_sc_hd__buf_1)
                  0.07    0.11    2.12 v input1/X (sky130_fd_sc_hd__buf_1)
     1    0.01                           net1 (net)
                  0.07    0.00    2.12 v _356_/A (sky130_fd_sc_hd__clkbuf_4)
                  0.10    0.22    2.34 v _356_/X (sky130_fd_sc_hd__clkbuf_4)
     9    0.05                           _200_ (net)
                  0.10    0.00    2.34 v _368_/A (sky130_fd_sc_hd__buf_4)
                  0.08    0.23    2.57 v _368_/X (sky130_fd_sc_hd__buf_4)
    10    0.06                           _202_ (net)
                  0.08    0.00    2.57 v _375_/A (sky130_fd_sc_hd__inv_2)
                  0.03    0.06    2.64 ^ _375_/Y (sky130_fd_sc_hd__inv_2)
     1    0.00                           _016_ (net)
                  0.03    0.00    2.64 ^ _422_/RESET_B (sky130_fd_sc_hd__dfrtp_1)
                                  2.64   data arrival time

                         10.00   10.00   clock clk (rise edge)
                          0.00   10.00   clock source latency
                  0.09    0.06   10.06 ^ clk (in)
     2    0.02                           clk (net)
                  0.09    0.00   10.06 ^ clkbuf_0_clk/A (sky130_fd_sc_hd__clkbuf_16)
                  0.07    0.16   10.22 ^ clkbuf_0_clk/X (sky130_fd_sc_hd__clkbuf_16)
     4    0.05                           clknet_0_clk (net)
                  0.07    0.00   10.22 ^ clkbuf_2_1__f_clk/A (sky130_fd_sc_hd__clkbuf_16)
                  0.07    0.15   10.37 ^ clkbuf_2_1__f_clk/X (sky130_fd_sc_hd__clkbuf_16)
    15    0.05                           clknet_2_1__leaf_clk (net)
                  0.07    0.00   10.37 ^ _422_/CLK (sky130_fd_sc_hd__dfrtp_1)
                         -0.25   10.12   clock uncertainty
                          0.00   10.12   clock reconvergence pessimism
                          0.24   10.36   library recovery time
                                 10.36   data required time
-----------------------------------------------------------------------------
                                 10.36   data required time
                                 -2.64   data arrival time
-----------------------------------------------------------------------------
                                  7.72   slack (MET)


Startpoint: rst (input port clocked by clk)
Endpoint: _423_ (recovery check against rising-edge clock clk)
Path Group: asynchronous
Path Type: max
Corner: Typical

Fanout     Cap    Slew   Delay    Time   Description
-----------------------------------------------------------------------------
                          0.00    0.00   clock clk (rise edge)
                          0.00    0.00   clock network delay (propagated)
                          2.00    2.00 v input external delay
                  0.01    0.01    2.01 v rst (in)
     2    0.00                           rst (net)
                  0.01    0.00    2.01 v input1/A (sky130_fd_sc_hd__buf_1)
                  0.07    0.11    2.12 v input1/X (sky130_fd_sc_hd__buf_1)
     1    0.01                           net1 (net)
                  0.07    0.00    2.12 v _356_/A (sky130_fd_sc_hd__clkbuf_4)
                  0.10    0.22    2.34 v _356_/X (sky130_fd_sc_hd__clkbuf_4)
     9    0.05                           _200_ (net)
                  0.10    0.00    2.34 v _368_/A (sky130_fd_sc_hd__buf_4)
                  0.08    0.23    2.57 v _368_/X (sky130_fd_sc_hd__buf_4)
    10    0.06                           _202_ (net)
                  0.08    0.00    2.57 v _376_/A (sky130_fd_sc_hd__inv_2)
                  0.03    0.06    2.63 ^ _376_/Y (sky130_fd_sc_hd__inv_2)
     1    0.00                           _017_ (net)
                  0.03    0.00    2.63 ^ _423_/RESET_B (sky130_fd_sc_hd__dfrtp_1)
                                  2.63   data arrival time

                         10.00   10.00   clock clk (rise edge)
                          0.00   10.00   clock source latency
                  0.09    0.06   10.06 ^ clk (in)
     2    0.02                           clk (net)
                  0.09    0.00   10.06 ^ clkbuf_0_clk/A (sky130_fd_sc_hd__clkbuf_16)
                  0.07    0.16   10.22 ^ clkbuf_0_clk/X (sky130_fd_sc_hd__clkbuf_16)
     4    0.05                           clknet_0_clk (net)
                  0.07    0.00   10.22 ^ clkbuf_2_1__f_clk/A (sky130_fd_sc_hd__clkbuf_16)
                  0.07    0.15   10.37 ^ clkbuf_2_1__f_clk/X (sky130_fd_sc_hd__clkbuf_16)
    15    0.05                           clknet_2_1__leaf_clk (net)
                  0.07    0.00   10.37 ^ _423_/CLK (sky130_fd_sc_hd__dfrtp_1)
                         -0.25   10.12   clock uncertainty
                          0.00   10.12   clock reconvergence pessimism
                          0.24   10.36   library recovery time
                                 10.36   data required time
-----------------------------------------------------------------------------
                                 10.36   data required time
                                 -2.63   data arrival time
-----------------------------------------------------------------------------
                                  7.72   slack (MET)


Startpoint: _406_ (rising edge-triggered flip-flop clocked by clk)
Endpoint: _420_ (rising edge-triggered flip-flop clocked by clk)
Path Group: clk
Path Type: max
Corner: Typical

Fanout     Cap    Slew   Delay    Time   Description
-----------------------------------------------------------------------------
                          0.00    0.00   clock clk (rise edge)
                          0.00    0.00   clock source latency
                  0.09    0.07    0.07 ^ clk (in)
     2    0.02                           clk (net)
                  0.09    0.00    0.07 ^ clkbuf_0_clk/A (sky130_fd_sc_hd__clkbuf_16)
                  0.07    0.17    0.24 ^ clkbuf_0_clk/X (sky130_fd_sc_hd__clkbuf_16)
     4    0.05                           clknet_0_clk (net)
                  0.07    0.00    0.24 ^ clkbuf_2_3__f_clk/A (sky130_fd_sc_hd__clkbuf_16)
                  0.05    0.15    0.39 ^ clkbuf_2_3__f_clk/X (sky130_fd_sc_hd__clkbuf_16)
     8    0.03                           clknet_2_3__leaf_clk (net)
                  0.05    0.00    0.39 ^ _406_/CLK (sky130_fd_sc_hd__dfrtp_2)
                  0.13    0.44    0.83 ^ _406_/Q (sky130_fd_sc_hd__dfrtp_2)
     5    0.03                           tx_inst.bit_index[0] (net)
                  0.13    0.00    0.83 ^ _316_/S0 (sky130_fd_sc_hd__mux4_1)
                  0.08    0.58    1.41 v _316_/X (sky130_fd_sc_hd__mux4_1)
     1    0.00                           _171_ (net)
                  0.08    0.00    1.41 v _317_/A1 (sky130_fd_sc_hd__mux2_1)
                  0.06    0.32    1.73 v _317_/X (sky130_fd_sc_hd__mux2_1)
     1    0.00                           _172_ (net)
                  0.06    0.00    1.73 v _318_/B (sky130_fd_sc_hd__and3b_1)
                  0.03    0.16    1.90 v _318_/X (sky130_fd_sc_hd__and3b_1)
     1    0.00                           _173_ (net)
                  0.03    0.00    1.90 v _319_/C (sky130_fd_sc_hd__or3_1)
                  0.07    0.32    2.22 v _319_/X (sky130_fd_sc_hd__or3_1)
     1    0.00                           _174_ (net)
                  0.07    0.00    2.22 v _320_/A (sky130_fd_sc_hd__clkbuf_1)
                  0.03    0.10    2.32 v _320_/X (sky130_fd_sc_hd__clkbuf_1)
     1    0.00                           _059_ (net)
                  0.03    0.00    2.32 v _420_/D (sky130_fd_sc_hd__dfstp_1)
                                  2.32   data arrival time

                         10.00   10.00   clock clk (rise edge)
                          0.00   10.00   clock source latency
                  0.09    0.06   10.06 ^ clk (in)
     2    0.02                           clk (net)
                  0.09    0.00   10.06 ^ clkbuf_0_clk/A (sky130_fd_sc_hd__clkbuf_16)
                  0.07    0.16   10.22 ^ clkbuf_0_clk/X (sky130_fd_sc_hd__clkbuf_16)
     4    0.05                           clknet_0_clk (net)
                  0.07    0.00   10.22 ^ clkbuf_2_2__f_clk/A (sky130_fd_sc_hd__clkbuf_16)
                  0.05    0.14   10.35 ^ clkbuf_2_2__f_clk/X (sky130_fd_sc_hd__clkbuf_16)
    11    0.03                           clknet_2_2__leaf_clk (net)
                  0.05    0.00   10.36 ^ _420_/CLK (sky130_fd_sc_hd__dfstp_1)
                         -0.25   10.11   clock uncertainty
                          0.02   10.13   clock reconvergence pessimism
                         -0.06   10.07   library setup time
                                 10.07   data required time
-----------------------------------------------------------------------------
                                 10.07   data required time
                                 -2.32   data arrival time
-----------------------------------------------------------------------------
                                  7.75   slack (MET)


Startpoint: _443_ (rising edge-triggered flip-flop clocked by clk)
Endpoint: _442_ (rising edge-triggered flip-flop clocked by clk)
Path Group: clk
Path Type: max
Corner: Typical

Fanout     Cap    Slew   Delay    Time   Description
-----------------------------------------------------------------------------
                          0.00    0.00   clock clk (rise edge)
                          0.00    0.00   clock source latency
                  0.09    0.07    0.07 ^ clk (in)
     2    0.02                           clk (net)
                  0.09    0.00    0.07 ^ clkbuf_0_clk/A (sky130_fd_sc_hd__clkbuf_16)
                  0.07    0.17    0.24 ^ clkbuf_0_clk/X (sky130_fd_sc_hd__clkbuf_16)
     4    0.05                           clknet_0_clk (net)
                  0.07    0.00    0.24 ^ clkbuf_2_1__f_clk/A (sky130_fd_sc_hd__clkbuf_16)
                  0.07    0.16    0.40 ^ clkbuf_2_1__f_clk/X (sky130_fd_sc_hd__clkbuf_16)
    15    0.05                           clknet_2_1__leaf_clk (net)
                  0.07    0.00    0.40 ^ _443_/CLK (sky130_fd_sc_hd__dfrtp_4)
                  0.10    0.47    0.88 ^ _443_/Q (sky130_fd_sc_hd__dfrtp_4)
     7    0.02                           rx_inst.clk_count[0] (net)
                  0.10    0.00    0.88 ^ _220_/C_N (sky130_fd_sc_hd__or4bb_1)
                  0.09    0.52    1.40 v _220_/X (sky130_fd_sc_hd__or4bb_1)
     1    0.00                           _101_ (net)
                  0.09    0.00    1.40 v _223_/A2 (sky130_fd_sc_hd__o211a_2)
                  0.08    0.32    1.72 v _223_/X (sky130_fd_sc_hd__o211a_2)
     7    0.02                           _104_ (net)
                  0.08    0.00    1.72 v _244_/A1 (sky130_fd_sc_hd__o21ai_1)
                  0.16    0.20    1.92 ^ _244_/Y (sky130_fd_sc_hd__o21ai_1)
     2    0.01                           _121_ (net)
                  0.16    0.00    1.92 ^ _245_/A3 (sky130_fd_sc_hd__a31o_1)
                  0.05    0.17    2.09 ^ _245_/X (sky130_fd_sc_hd__a31o_1)
     1    0.00                           _122_ (net)
                  0.05    0.00    2.09 ^ _246_/B1 (sky130_fd_sc_hd__o21a_1)
                  0.05    0.12    2.21 ^ _246_/X (sky130_fd_sc_hd__o21a_1)
     1    0.00                           _081_ (net)
                  0.05    0.00    2.21 ^ _442_/D (sky130_fd_sc_hd__dfrtp_2)
                                  2.21   data arrival time

                         10.00   10.00   clock clk (rise edge)
                          0.00   10.00   clock source latency
                  0.09    0.06   10.06 ^ clk (in)
     2    0.02                           clk (net)
                  0.09    0.00   10.06 ^ clkbuf_0_clk/A (sky130_fd_sc_hd__clkbuf_16)
                  0.07    0.16   10.22 ^ clkbuf_0_clk/X (sky130_fd_sc_hd__clkbuf_16)
     4    0.05                           clknet_0_clk (net)
                  0.07    0.00   10.22 ^ clkbuf_2_0__f_clk/A (sky130_fd_sc_hd__clkbuf_16)
                  0.06    0.14   10.36 ^ clkbuf_2_0__f_clk/X (sky130_fd_sc_hd__clkbuf_16)
    11    0.04                           clknet_2_0__leaf_clk (net)
                  0.06    0.00   10.36 ^ _442_/CLK (sky130_fd_sc_hd__dfrtp_2)
                         -0.25   10.11   clock uncertainty
                          0.02   10.13   clock reconvergence pessimism
                         -0.06   10.07   library setup time
                                 10.07   data required time
-----------------------------------------------------------------------------
                                 10.07   data required time
                                 -2.21   data arrival time
-----------------------------------------------------------------------------
                                  7.86   slack (MET)


Startpoint: _443_ (rising edge-triggered flip-flop clocked by clk)
Endpoint: _446_ (rising edge-triggered flip-flop clocked by clk)
Path Group: clk
Path Type: max
Corner: Typical

Fanout     Cap    Slew   Delay    Time   Description
-----------------------------------------------------------------------------
                          0.00    0.00   clock clk (rise edge)
                          0.00    0.00   clock source latency
                  0.09    0.07    0.07 ^ clk (in)
     2    0.02                           clk (net)
                  0.09    0.00    0.07 ^ clkbuf_0_clk/A (sky130_fd_sc_hd__clkbuf_16)
                  0.07    0.17    0.24 ^ clkbuf_0_clk/X (sky130_fd_sc_hd__clkbuf_16)
     4    0.05                           clknet_0_clk (net)
                  0.07    0.00    0.24 ^ clkbuf_2_1__f_clk/A (sky130_fd_sc_hd__clkbuf_16)
                  0.07    0.16    0.40 ^ clkbuf_2_1__f_clk/X (sky130_fd_sc_hd__clkbuf_16)
    15    0.05                           clknet_2_1__leaf_clk (net)
                  0.07    0.00    0.40 ^ _443_/CLK (sky130_fd_sc_hd__dfrtp_4)
                  0.10    0.47    0.88 ^ _443_/Q (sky130_fd_sc_hd__dfrtp_4)
     7    0.02                           rx_inst.clk_count[0] (net)
                  0.10    0.00    0.88 ^ _220_/C_N (sky130_fd_sc_hd__or4bb_1)
                  0.09    0.52    1.40 v _220_/X (sky130_fd_sc_hd__or4bb_1)
     1    0.00                           _101_ (net)
                  0.09    0.00    1.40 v _223_/A2 (sky130_fd_sc_hd__o211a_2)
                  0.08    0.32    1.72 v _223_/X (sky130_fd_sc_hd__o211a_2)
     7    0.02                           _104_ (net)
                  0.08    0.00    1.72 v _224_/A2 (sky130_fd_sc_hd__a21o_1)
                  0.05    0.22    1.94 v _224_/X (sky130_fd_sc_hd__a21o_1)
     2    0.01                           _105_ (net)
                  0.05    0.00    1.94 v _226_/B (sky130_fd_sc_hd__and3b_1)
                  0.03    0.16    2.10 v _226_/X (sky130_fd_sc_hd__and3b_1)
     1    0.00                           _107_ (net)
                  0.03    0.00    2.10 v _227_/A (sky130_fd_sc_hd__clkbuf_1)
                  0.03    0.09    2.19 v _227_/X (sky130_fd_sc_hd__clkbuf_1)
     1    0.00                           _085_ (net)
                  0.03    0.00    2.19 v _446_/D (sky130_fd_sc_hd__dfrtp_1)
                                  2.19   data arrival time

                         10.00   10.00   clock clk (rise edge)
                          0.00   10.00   clock source latency
                  0.09    0.06   10.06 ^ clk (in)
     2    0.02                           clk (net)
                  0.09    0.00   10.06 ^ clkbuf_0_clk/A (sky130_fd_sc_hd__clkbuf_16)
                  0.07    0.16   10.22 ^ clkbuf_0_clk/X (sky130_fd_sc_hd__clkbuf_16)
     4    0.05                           clknet_0_clk (net)
                  0.07    0.00   10.22 ^ clkbuf_2_1__f_clk/A (sky130_fd_sc_hd__clkbuf_16)
                  0.07    0.15   10.37 ^ clkbuf_2_1__f_clk/X (sky130_fd_sc_hd__clkbuf_16)
    15    0.05                           clknet_2_1__leaf_clk (net)
                  0.07    0.00   10.37 ^ _446_/CLK (sky130_fd_sc_hd__dfrtp_1)
                         -0.25   10.12   clock uncertainty
                          0.04   10.15   clock reconvergence pessimism
                         -0.10   10.05   library setup time
                                 10.05   data required time
-----------------------------------------------------------------------------
                                 10.05   data required time
                                 -2.19   data arrival time
-----------------------------------------------------------------------------
                                  7.87   slack (MET)


Startpoint: _443_ (rising edge-triggered flip-flop clocked by clk)
Endpoint: _443_ (rising edge-triggered flip-flop clocked by clk)
Path Group: clk
Path Type: max
Corner: Typical

Fanout     Cap    Slew   Delay    Time   Description
-----------------------------------------------------------------------------
                          0.00    0.00   clock clk (rise edge)
                          0.00    0.00   clock source latency
                  0.09    0.07    0.07 ^ clk (in)
     2    0.02                           clk (net)
                  0.09    0.00    0.07 ^ clkbuf_0_clk/A (sky130_fd_sc_hd__clkbuf_16)
                  0.07    0.17    0.24 ^ clkbuf_0_clk/X (sky130_fd_sc_hd__clkbuf_16)
     4    0.05                           clknet_0_clk (net)
                  0.07    0.00    0.24 ^ clkbuf_2_1__f_clk/A (sky130_fd_sc_hd__clkbuf_16)
                  0.07    0.16    0.40 ^ clkbuf_2_1__f_clk/X (sky130_fd_sc_hd__clkbuf_16)
    15    0.05                           clknet_2_1__leaf_clk (net)
                  0.07    0.00    0.40 ^ _443_/CLK (sky130_fd_sc_hd__dfrtp_4)
                  0.10    0.47    0.88 ^ _443_/Q (sky130_fd_sc_hd__dfrtp_4)
     7    0.02                           rx_inst.clk_count[0] (net)
                  0.10    0.00    0.88 ^ _220_/C_N (sky130_fd_sc_hd__or4bb_1)
                  0.09    0.52    1.40 v _220_/X (sky130_fd_sc_hd__or4bb_1)
     1    0.00                           _101_ (net)
                  0.09    0.00    1.40 v _223_/A2 (sky130_fd_sc_hd__o211a_2)
                  0.08    0.32    1.72 v _223_/X (sky130_fd_sc_hd__o211a_2)
     7    0.02                           _104_ (net)
                  0.08    0.00    1.72 v _224_/A2 (sky130_fd_sc_hd__a21o_1)
                  0.05    0.22    1.94 v _224_/X (sky130_fd_sc_hd__a21o_1)
     2    0.01                           _105_ (net)
                  0.05    0.00    1.94 v _240_/B1 (sky130_fd_sc_hd__a32o_1)
                  0.05    0.21    2.15 v _240_/X (sky130_fd_sc_hd__a32o_1)
     1    0.00                           _082_ (net)
                  0.05    0.00    2.15 v _443_/D (sky130_fd_sc_hd__dfrtp_4)
                                  2.15   data arrival time

                         10.00   10.00   clock clk (rise edge)
                          0.00   10.00   clock source latency
                  0.09    0.06   10.06 ^ clk (in)
     2    0.02                           clk (net)
                  0.09    0.00   10.06 ^ clkbuf_0_clk/A (sky130_fd_sc_hd__clkbuf_16)
                  0.07    0.16   10.22 ^ clkbuf_0_clk/X (sky130_fd_sc_hd__clkbuf_16)
     4    0.05                           clknet_0_clk (net)
                  0.07    0.00   10.22 ^ clkbuf_2_1__f_clk/A (sky130_fd_sc_hd__clkbuf_16)
                  0.07    0.15   10.37 ^ clkbuf_2_1__f_clk/X (sky130_fd_sc_hd__clkbuf_16)
    15    0.05                           clknet_2_1__leaf_clk (net)
                  0.07    0.00   10.37 ^ _443_/CLK (sky130_fd_sc_hd__dfrtp_4)
                         -0.25   10.12   clock uncertainty
                          0.04   10.15   clock reconvergence pessimism
                         -0.11   10.04   library setup time
                                 10.04   data required time
-----------------------------------------------------------------------------
                                 10.04   data required time
                                 -2.15   data arrival time
-----------------------------------------------------------------------------
                                  7.89   slack (MET)


Startpoint: _421_ (rising edge-triggered flip-flop clocked by clk)
Endpoint: _421_ (rising edge-triggered flip-flop clocked by clk)
Path Group: clk
Path Type: max
Corner: Typical

Fanout     Cap    Slew   Delay    Time   Description
-----------------------------------------------------------------------------
                          0.00    0.00   clock clk (rise edge)
                          0.00    0.00   clock source latency
                  0.09    0.07    0.07 ^ clk (in)
     2    0.02                           clk (net)
                  0.09    0.00    0.07 ^ clkbuf_0_clk/A (sky130_fd_sc_hd__clkbuf_16)
                  0.07    0.17    0.24 ^ clkbuf_0_clk/X (sky130_fd_sc_hd__clkbuf_16)
     4    0.05                           clknet_0_clk (net)
                  0.07    0.00    0.24 ^ clkbuf_2_0__f_clk/A (sky130_fd_sc_hd__clkbuf_16)
                  0.06    0.15    0.39 ^ clkbuf_2_0__f_clk/X (sky130_fd_sc_hd__clkbuf_16)
    11    0.04                           clknet_2_0__leaf_clk (net)
                  0.06    0.00    0.40 ^ _421_/CLK (sky130_fd_sc_hd__dfrtp_1)
                  0.07    0.42    0.82 v _421_/Q (sky130_fd_sc_hd__dfrtp_1)
     2    0.01                           net19 (net)
                  0.07    0.00    0.82 v hold2/A (sky130_fd_sc_hd__dlygate4sd3_1)
                  0.05    0.58    1.40 v hold2/X (sky130_fd_sc_hd__dlygate4sd3_1)
     1    0.00                           net26 (net)
                  0.05    0.00    1.40 v _313_/B1 (sky130_fd_sc_hd__o21ai_1)
                  0.09    0.07    1.46 ^ _313_/Y (sky130_fd_sc_hd__o21ai_1)
     1    0.00                           _169_ (net)
                  0.09    0.00    1.46 ^ hold3/A (sky130_fd_sc_hd__dlygate4sd3_1)
                  0.05    0.57    2.04 ^ hold3/X (sky130_fd_sc_hd__dlygate4sd3_1)
     1    0.00                           net27 (net)
                  0.05    0.00    2.04 ^ _314_/B1 (sky130_fd_sc_hd__o31ai_1)
                  0.05    0.07    2.10 v _314_/Y (sky130_fd_sc_hd__o31ai_1)
     1    0.00                           _060_ (net)
                  0.05    0.00    2.10 v _421_/D (sky130_fd_sc_hd__dfrtp_1)
                                  2.10   data arrival time

                         10.00   10.00   clock clk (rise edge)
                          0.00   10.00   clock source latency
                  0.09    0.06   10.06 ^ clk (in)
     2    0.02                           clk (net)
                  0.09    0.00   10.06 ^ clkbuf_0_clk/A (sky130_fd_sc_hd__clkbuf_16)
                  0.07    0.16   10.22 ^ clkbuf_0_clk/X (sky130_fd_sc_hd__clkbuf_16)
     4    0.05                           clknet_0_clk (net)
                  0.07    0.00   10.22 ^ clkbuf_2_0__f_clk/A (sky130_fd_sc_hd__clkbuf_16)
                  0.06    0.14   10.36 ^ clkbuf_2_0__f_clk/X (sky130_fd_sc_hd__clkbuf_16)
    11    0.04                           clknet_2_0__leaf_clk (net)
                  0.06    0.00   10.36 ^ _421_/CLK (sky130_fd_sc_hd__dfrtp_1)
                         -0.25   10.11   clock uncertainty
                          0.04   10.15   clock reconvergence pessimism
                         -0.11   10.03   library setup time
                                 10.03   data required time
-----------------------------------------------------------------------------
                                 10.03   data required time
                                 -2.10   data arrival time
-----------------------------------------------------------------------------
                                  7.93   slack (MET)


Startpoint: rst (input port clocked by clk)
Endpoint: _449_ (recovery check against rising-edge clock clk)
Path Group: asynchronous
Path Type: max
Corner: Typical

Fanout     Cap    Slew   Delay    Time   Description
-----------------------------------------------------------------------------
                          0.00    0.00   clock clk (rise edge)
                          0.00    0.00   clock network delay (propagated)
                          2.00    2.00 v input external delay
                  0.01    0.01    2.01 v rst (in)
     2    0.00                           rst (net)
                  0.01    0.00    2.01 v input1/A (sky130_fd_sc_hd__buf_1)
                  0.07    0.11    2.12 v input1/X (sky130_fd_sc_hd__buf_1)
     1    0.01                           net1 (net)
                  0.07    0.00    2.12 v _356_/A (sky130_fd_sc_hd__clkbuf_4)
                  0.10    0.22    2.34 v _356_/X (sky130_fd_sc_hd__clkbuf_4)
     9    0.05                           _200_ (net)
                  0.10    0.00    2.34 v _404_/A (sky130_fd_sc_hd__inv_2)
                  0.04    0.07    2.42 ^ _404_/Y (sky130_fd_sc_hd__inv_2)
     1    0.00                           _043_ (net)
                  0.04    0.00    2.42 ^ _449_/RESET_B (sky130_fd_sc_hd__dfrtp_1)
                                  2.42   data arrival time

                         10.00   10.00   clock clk (rise edge)
                          0.00   10.00   clock source latency
                  0.09    0.06   10.06 ^ clk (in)
     2    0.02                           clk (net)
                  0.09    0.00   10.06 ^ clkbuf_0_clk/A (sky130_fd_sc_hd__clkbuf_16)
                  0.07    0.16   10.22 ^ clkbuf_0_clk/X (sky130_fd_sc_hd__clkbuf_16)
     4    0.05                           clknet_0_clk (net)
                  0.07    0.00   10.22 ^ clkbuf_2_1__f_clk/A (sky130_fd_sc_hd__clkbuf_16)
                  0.07    0.15   10.37 ^ clkbuf_2_1__f_clk/X (sky130_fd_sc_hd__clkbuf_16)
    15    0.05                           clknet_2_1__leaf_clk (net)
                  0.07    0.00   10.37 ^ _449_/CLK (sky130_fd_sc_hd__dfrtp_1)
                         -0.25   10.12   clock uncertainty
                          0.00   10.12   clock reconvergence pessimism
                          0.24   10.35   library recovery time
                                 10.35   data required time
-----------------------------------------------------------------------------
                                 10.35   data required time
                                 -2.42   data arrival time
-----------------------------------------------------------------------------
                                  7.94   slack (MET)


Startpoint: rst (input port clocked by clk)
Endpoint: _446_ (recovery check against rising-edge clock clk)
Path Group: asynchronous
Path Type: max
Corner: Typical

Fanout     Cap    Slew   Delay    Time   Description
-----------------------------------------------------------------------------
                          0.00    0.00   clock clk (rise edge)
                          0.00    0.00   clock network delay (propagated)
                          2.00    2.00 v input external delay
                  0.01    0.01    2.01 v rst (in)
     2    0.00                           rst (net)
                  0.01    0.00    2.01 v input1/A (sky130_fd_sc_hd__buf_1)
                  0.07    0.11    2.12 v input1/X (sky130_fd_sc_hd__buf_1)
     1    0.01                           net1 (net)
                  0.07    0.00    2.12 v _356_/A (sky130_fd_sc_hd__clkbuf_4)
                  0.10    0.22    2.34 v _356_/X (sky130_fd_sc_hd__clkbuf_4)
     9    0.05                           _200_ (net)
                  0.10    0.00    2.34 v _401_/A (sky130_fd_sc_hd__inv_2)
                  0.04    0.07    2.41 ^ _401_/Y (sky130_fd_sc_hd__inv_2)
     1    0.00                           _040_ (net)
                  0.04    0.00    2.41 ^ _446_/RESET_B (sky130_fd_sc_hd__dfrtp_1)
                                  2.41   data arrival time

                         10.00   10.00   clock clk (rise edge)
                          0.00   10.00   clock source latency
                  0.09    0.06   10.06 ^ clk (in)
     2    0.02                           clk (net)
                  0.09    0.00   10.06 ^ clkbuf_0_clk/A (sky130_fd_sc_hd__clkbuf_16)
                  0.07    0.16   10.22 ^ clkbuf_0_clk/X (sky130_fd_sc_hd__clkbuf_16)
     4    0.05                           clknet_0_clk (net)
                  0.07    0.00   10.22 ^ clkbuf_2_1__f_clk/A (sky130_fd_sc_hd__clkbuf_16)
                  0.07    0.15   10.37 ^ clkbuf_2_1__f_clk/X (sky130_fd_sc_hd__clkbuf_16)
    15    0.05                           clknet_2_1__leaf_clk (net)
                  0.07    0.00   10.37 ^ _446_/CLK (sky130_fd_sc_hd__dfrtp_1)
                         -0.25   10.12   clock uncertainty
                          0.00   10.12   clock reconvergence pessimism
                          0.24   10.35   library recovery time
                                 10.35   data required time
-----------------------------------------------------------------------------
                                 10.35   data required time
                                 -2.41   data arrival time
-----------------------------------------------------------------------------
                                  7.94   slack (MET)


Startpoint: rst (input port clocked by clk)
Endpoint: _450_ (recovery check against rising-edge clock clk)
Path Group: asynchronous
Path Type: max
Corner: Typical

Fanout     Cap    Slew   Delay    Time   Description
-----------------------------------------------------------------------------
                          0.00    0.00   clock clk (rise edge)
                          0.00    0.00   clock network delay (propagated)
                          2.00    2.00 v input external delay
                  0.01    0.01    2.01 v rst (in)
     2    0.00                           rst (net)
                  0.01    0.00    2.01 v input1/A (sky130_fd_sc_hd__buf_1)
                  0.07    0.11    2.12 v input1/X (sky130_fd_sc_hd__buf_1)
     1    0.01                           net1 (net)
                  0.07    0.00    2.12 v _356_/A (sky130_fd_sc_hd__clkbuf_4)
                  0.10    0.22    2.34 v _356_/X (sky130_fd_sc_hd__clkbuf_4)
     9    0.05                           _200_ (net)
                  0.10    0.00    2.34 v _405_/A (sky130_fd_sc_hd__inv_2)
                  0.04    0.07    2.41 ^ _405_/Y (sky130_fd_sc_hd__inv_2)
     1    0.00                           _044_ (net)
                  0.04    0.00    2.41 ^ _450_/RESET_B (sky130_fd_sc_hd__dfrtp_1)
                                  2.41   data arrival time

                         10.00   10.00   clock clk (rise edge)
                          0.00   10.00   clock source latency
                  0.09    0.06   10.06 ^ clk (in)
     2    0.02                           clk (net)
                  0.09    0.00   10.06 ^ clkbuf_0_clk/A (sky130_fd_sc_hd__clkbuf_16)
                  0.07    0.16   10.22 ^ clkbuf_0_clk/X (sky130_fd_sc_hd__clkbuf_16)
     4    0.05                           clknet_0_clk (net)
                  0.07    0.00   10.22 ^ clkbuf_2_1__f_clk/A (sky130_fd_sc_hd__clkbuf_16)
                  0.07    0.15   10.37 ^ clkbuf_2_1__f_clk/X (sky130_fd_sc_hd__clkbuf_16)
    15    0.05                           clknet_2_1__leaf_clk (net)
                  0.07    0.00   10.37 ^ _450_/CLK (sky130_fd_sc_hd__dfrtp_1)
                         -0.25   10.12   clock uncertainty
                          0.00   10.12   clock reconvergence pessimism
                          0.24   10.35   library recovery time
                                 10.35   data required time
-----------------------------------------------------------------------------
                                 10.35   data required time
                                 -2.41   data arrival time
-----------------------------------------------------------------------------
                                  7.94   slack (MET)


Startpoint: rst (input port clocked by clk)
Endpoint: _448_ (recovery check against rising-edge clock clk)
Path Group: asynchronous
Path Type: max
Corner: Typical

Fanout     Cap    Slew   Delay    Time   Description
-----------------------------------------------------------------------------
                          0.00    0.00   clock clk (rise edge)
                          0.00    0.00   clock network delay (propagated)
                          2.00    2.00 v input external delay
                  0.01    0.01    2.01 v rst (in)
     2    0.00                           rst (net)
                  0.01    0.00    2.01 v input1/A (sky130_fd_sc_hd__buf_1)
                  0.07    0.11    2.12 v input1/X (sky130_fd_sc_hd__buf_1)
     1    0.01                           net1 (net)
                  0.07    0.00    2.12 v _356_/A (sky130_fd_sc_hd__clkbuf_4)
                  0.10    0.22    2.34 v _356_/X (sky130_fd_sc_hd__clkbuf_4)
     9    0.05                           _200_ (net)
                  0.10    0.00    2.34 v _403_/A (sky130_fd_sc_hd__inv_2)
                  0.04    0.07    2.41 ^ _403_/Y (sky130_fd_sc_hd__inv_2)
     1    0.00                           _042_ (net)
                  0.04    0.00    2.41 ^ _448_/RESET_B (sky130_fd_sc_hd__dfrtp_1)
                                  2.41   data arrival time

                         10.00   10.00   clock clk (rise edge)
                          0.00   10.00   clock source latency
                  0.09    0.06   10.06 ^ clk (in)
     2    0.02                           clk (net)
                  0.09    0.00   10.06 ^ clkbuf_0_clk/A (sky130_fd_sc_hd__clkbuf_16)
                  0.07    0.16   10.22 ^ clkbuf_0_clk/X (sky130_fd_sc_hd__clkbuf_16)
     4    0.05                           clknet_0_clk (net)
                  0.07    0.00   10.22 ^ clkbuf_2_1__f_clk/A (sky130_fd_sc_hd__clkbuf_16)
                  0.07    0.15   10.37 ^ clkbuf_2_1__f_clk/X (sky130_fd_sc_hd__clkbuf_16)
    15    0.05                           clknet_2_1__leaf_clk (net)
                  0.07    0.00   10.37 ^ _448_/CLK (sky130_fd_sc_hd__dfrtp_1)
                         -0.25   10.12   clock uncertainty
                          0.00   10.12   clock reconvergence pessimism
                          0.24   10.36   library recovery time
                                 10.36   data required time
-----------------------------------------------------------------------------
                                 10.36   data required time
                                 -2.41   data arrival time
-----------------------------------------------------------------------------
                                  7.94   slack (MET)


Startpoint: rst (input port clocked by clk)
Endpoint: _447_ (recovery check against rising-edge clock clk)
Path Group: asynchronous
Path Type: max
Corner: Typical

Fanout     Cap    Slew   Delay    Time   Description
-----------------------------------------------------------------------------
                          0.00    0.00   clock clk (rise edge)
                          0.00    0.00   clock network delay (propagated)
                          2.00    2.00 v input external delay
                  0.01    0.01    2.01 v rst (in)
     2    0.00                           rst (net)
                  0.01    0.00    2.01 v input1/A (sky130_fd_sc_hd__buf_1)
                  0.07    0.11    2.12 v input1/X (sky130_fd_sc_hd__buf_1)
     1    0.01                           net1 (net)
                  0.07    0.00    2.12 v _356_/A (sky130_fd_sc_hd__clkbuf_4)
                  0.10    0.22    2.34 v _356_/X (sky130_fd_sc_hd__clkbuf_4)
     9    0.05                           _200_ (net)
                  0.10    0.00    2.34 v _402_/A (sky130_fd_sc_hd__inv_2)
                  0.04    0.07    2.41 ^ _402_/Y (sky130_fd_sc_hd__inv_2)
     1    0.00                           _041_ (net)
                  0.04    0.00    2.41 ^ _447_/RESET_B (sky130_fd_sc_hd__dfrtp_1)
                                  2.41   data arrival time

                         10.00   10.00   clock clk (rise edge)
                          0.00   10.00   clock source latency
                  0.09    0.06   10.06 ^ clk (in)
     2    0.02                           clk (net)
                  0.09    0.00   10.06 ^ clkbuf_0_clk/A (sky130_fd_sc_hd__clkbuf_16)
                  0.07    0.16   10.22 ^ clkbuf_0_clk/X (sky130_fd_sc_hd__clkbuf_16)
     4    0.05                           clknet_0_clk (net)
                  0.07    0.00   10.22 ^ clkbuf_2_1__f_clk/A (sky130_fd_sc_hd__clkbuf_16)
                  0.07    0.15   10.37 ^ clkbuf_2_1__f_clk/X (sky130_fd_sc_hd__clkbuf_16)
    15    0.05                           clknet_2_1__leaf_clk (net)
                  0.07    0.00   10.37 ^ _447_/CLK (sky130_fd_sc_hd__dfrtp_1)
                         -0.25   10.12   clock uncertainty
                          0.00   10.12   clock reconvergence pessimism
                          0.24   10.36   library recovery time
                                 10.36   data required time
-----------------------------------------------------------------------------
                                 10.36   data required time
                                 -2.41   data arrival time
-----------------------------------------------------------------------------
                                  7.94   slack (MET)


Startpoint: _416_ (rising edge-triggered flip-flop clocked by clk)
Endpoint: _412_ (rising edge-triggered flip-flop clocked by clk)
Path Group: clk
Path Type: max
Corner: Typical

Fanout     Cap    Slew   Delay    Time   Description
-----------------------------------------------------------------------------
                          0.00    0.00   clock clk (rise edge)
                          0.00    0.00   clock source latency
                  0.09    0.07    0.07 ^ clk (in)
     2    0.02                           clk (net)
                  0.09    0.00    0.07 ^ clkbuf_0_clk/A (sky130_fd_sc_hd__clkbuf_16)
                  0.07    0.17    0.24 ^ clkbuf_0_clk/X (sky130_fd_sc_hd__clkbuf_16)
     4    0.05                           clknet_0_clk (net)
                  0.07    0.00    0.24 ^ clkbuf_2_2__f_clk/A (sky130_fd_sc_hd__clkbuf_16)
                  0.05    0.15    0.39 ^ clkbuf_2_2__f_clk/X (sky130_fd_sc_hd__clkbuf_16)
    11    0.03                           clknet_2_2__leaf_clk (net)
                  0.05    0.00    0.39 ^ _416_/CLK (sky130_fd_sc_hd__dfrtp_1)
                  0.04    0.38    0.77 v _416_/Q (sky130_fd_sc_hd__dfrtp_1)
     1    0.00                           tx_inst.clk_count[7] (net)
                  0.04    0.00    0.77 v _285_/A (sky130_fd_sc_hd__or4_1)
                  0.13    0.60    1.37 v _285_/X (sky130_fd_sc_hd__or4_1)
     3    0.01                           _151_ (net)
                  0.13    0.00    1.37 v _291_/B (sky130_fd_sc_hd__or2_1)
                  0.06    0.27    1.64 v _291_/X (sky130_fd_sc_hd__or2_1)
     2    0.01                           _156_ (net)
                  0.06    0.00    1.64 v _329_/A (sky130_fd_sc_hd__nor2_1)
                  0.19    0.20    1.84 ^ _329_/Y (sky130_fd_sc_hd__nor2_1)
     4    0.01                           _180_ (net)
                  0.19    0.00    1.84 ^ _334_/A (sky130_fd_sc_hd__and3_1)
                  0.06    0.19    2.04 ^ _334_/X (sky130_fd_sc_hd__and3_1)
     1    0.00                           _185_ (net)
                  0.06    0.00    2.04 ^ _335_/A (sky130_fd_sc_hd__clkbuf_1)
                  0.04    0.09    2.12 ^ _335_/X (sky130_fd_sc_hd__clkbuf_1)
     1    0.00                           _051_ (net)
                  0.04    0.00    2.12 ^ _412_/D (sky130_fd_sc_hd__dfrtp_1)
                                  2.12   data arrival time

                         10.00   10.00   clock clk (rise edge)
                          0.00   10.00   clock source latency
                  0.09    0.06   10.06 ^ clk (in)
     2    0.02                           clk (net)
                  0.09    0.00   10.06 ^ clkbuf_0_clk/A (sky130_fd_sc_hd__clkbuf_16)
                  0.07    0.16   10.22 ^ clkbuf_0_clk/X (sky130_fd_sc_hd__clkbuf_16)
     4    0.05                           clknet_0_clk (net)
                  0.07    0.00   10.22 ^ clkbuf_2_3__f_clk/A (sky130_fd_sc_hd__clkbuf_16)
                  0.05    0.13   10.35 ^ clkbuf_2_3__f_clk/X (sky130_fd_sc_hd__clkbuf_16)
     8    0.03                           clknet_2_3__leaf_clk (net)
                  0.05    0.00   10.35 ^ _412_/CLK (sky130_fd_sc_hd__dfrtp_1)
                         -0.25   10.10   clock uncertainty
                          0.02   10.12   clock reconvergence pessimism
                         -0.06   10.07   library setup time
                                 10.07   data required time
-----------------------------------------------------------------------------
                                 10.07   data required time
                                 -2.12   data arrival time
-----------------------------------------------------------------------------
                                  7.94   slack (MET)


Startpoint: _416_ (rising edge-triggered flip-flop clocked by clk)
Endpoint: _411_ (rising edge-triggered flip-flop clocked by clk)
Path Group: clk
Path Type: max
Corner: Typical

Fanout     Cap    Slew   Delay    Time   Description
-----------------------------------------------------------------------------
                          0.00    0.00   clock clk (rise edge)
                          0.00    0.00   clock source latency
                  0.09    0.07    0.07 ^ clk (in)
     2    0.02                           clk (net)
                  0.09    0.00    0.07 ^ clkbuf_0_clk/A (sky130_fd_sc_hd__clkbuf_16)
                  0.07    0.17    0.24 ^ clkbuf_0_clk/X (sky130_fd_sc_hd__clkbuf_16)
     4    0.05                           clknet_0_clk (net)
                  0.07    0.00    0.24 ^ clkbuf_2_2__f_clk/A (sky130_fd_sc_hd__clkbuf_16)
                  0.05    0.15    0.39 ^ clkbuf_2_2__f_clk/X (sky130_fd_sc_hd__clkbuf_16)
    11    0.03                           clknet_2_2__leaf_clk (net)
                  0.05    0.00    0.39 ^ _416_/CLK (sky130_fd_sc_hd__dfrtp_1)
                  0.04    0.38    0.77 v _416_/Q (sky130_fd_sc_hd__dfrtp_1)
     1    0.00                           tx_inst.clk_count[7] (net)
                  0.04    0.00    0.77 v _285_/A (sky130_fd_sc_hd__or4_1)
                  0.13    0.60    1.37 v _285_/X (sky130_fd_sc_hd__or4_1)
     3    0.01                           _151_ (net)
                  0.13    0.00    1.37 v _291_/B (sky130_fd_sc_hd__or2_1)
                  0.06    0.27    1.64 v _291_/X (sky130_fd_sc_hd__or2_1)
     2    0.01                           _156_ (net)
                  0.06    0.00    1.64 v _329_/A (sky130_fd_sc_hd__nor2_1)
                  0.19    0.20    1.84 ^ _329_/Y (sky130_fd_sc_hd__nor2_1)
     4    0.01                           _180_ (net)
                  0.19    0.00    1.84 ^ _337_/A (sky130_fd_sc_hd__and3_1)
                  0.05    0.19    2.03 ^ _337_/X (sky130_fd_sc_hd__and3_1)
     1    0.00                           _187_ (net)
                  0.05    0.00    2.03 ^ _338_/A (sky130_fd_sc_hd__clkbuf_1)
                  0.04    0.09    2.12 ^ _338_/X (sky130_fd_sc_hd__clkbuf_1)
     1    0.00                           _050_ (net)
                  0.04    0.00    2.12 ^ _411_/D (sky130_fd_sc_hd__dfrtp_1)
                                  2.12   data arrival time

                         10.00   10.00   clock clk (rise edge)
                          0.00   10.00   clock source latency
                  0.09    0.06   10.06 ^ clk (in)
     2    0.02                           clk (net)
                  0.09    0.00   10.06 ^ clkbuf_0_clk/A (sky130_fd_sc_hd__clkbuf_16)
                  0.07    0.16   10.22 ^ clkbuf_0_clk/X (sky130_fd_sc_hd__clkbuf_16)
     4    0.05                           clknet_0_clk (net)
                  0.07    0.00   10.22 ^ clkbuf_2_3__f_clk/A (sky130_fd_sc_hd__clkbuf_16)
                  0.05    0.13   10.35 ^ clkbuf_2_3__f_clk/X (sky130_fd_sc_hd__clkbuf_16)
     8    0.03                           clknet_2_3__leaf_clk (net)
                  0.05    0.00   10.35 ^ _411_/CLK (sky130_fd_sc_hd__dfrtp_1)
                         -0.25   10.10   clock uncertainty
                          0.02   10.12   clock reconvergence pessimism
                         -0.06   10.07   library setup time
                                 10.07   data required time
-----------------------------------------------------------------------------
                                 10.07   data required time
                                 -2.12   data arrival time
-----------------------------------------------------------------------------
                                  7.95   slack (MET)


Startpoint: _416_ (rising edge-triggered flip-flop clocked by clk)
Endpoint: _410_ (rising edge-triggered flip-flop clocked by clk)
Path Group: clk
Path Type: max
Corner: Typical

Fanout     Cap    Slew   Delay    Time   Description
-----------------------------------------------------------------------------
                          0.00    0.00   clock clk (rise edge)
                          0.00    0.00   clock source latency
                  0.09    0.07    0.07 ^ clk (in)
     2    0.02                           clk (net)
                  0.09    0.00    0.07 ^ clkbuf_0_clk/A (sky130_fd_sc_hd__clkbuf_16)
                  0.07    0.17    0.24 ^ clkbuf_0_clk/X (sky130_fd_sc_hd__clkbuf_16)
     4    0.05                           clknet_0_clk (net)
                  0.07    0.00    0.24 ^ clkbuf_2_2__f_clk/A (sky130_fd_sc_hd__clkbuf_16)
                  0.05    0.15    0.39 ^ clkbuf_2_2__f_clk/X (sky130_fd_sc_hd__clkbuf_16)
    11    0.03                           clknet_2_2__leaf_clk (net)
                  0.05    0.00    0.39 ^ _416_/CLK (sky130_fd_sc_hd__dfrtp_1)
                  0.04    0.38    0.77 v _416_/Q (sky130_fd_sc_hd__dfrtp_1)
     1    0.00                           tx_inst.clk_count[7] (net)
                  0.04    0.00    0.77 v _285_/A (sky130_fd_sc_hd__or4_1)
                  0.13    0.60    1.37 v _285_/X (sky130_fd_sc_hd__or4_1)
     3    0.01                           _151_ (net)
                  0.13    0.00    1.37 v _291_/B (sky130_fd_sc_hd__or2_1)
                  0.06    0.27    1.64 v _291_/X (sky130_fd_sc_hd__or2_1)
     2    0.01                           _156_ (net)
                  0.06    0.00    1.64 v _329_/A (sky130_fd_sc_hd__nor2_1)
                  0.19    0.20    1.84 ^ _329_/Y (sky130_fd_sc_hd__nor2_1)
     4    0.01                           _180_ (net)
                  0.19    0.00    1.84 ^ _341_/B (sky130_fd_sc_hd__and3_1)
                  0.06    0.20    2.04 ^ _341_/X (sky130_fd_sc_hd__and3_1)
     1    0.00                           _190_ (net)
                  0.06    0.00    2.04 ^ _342_/A (sky130_fd_sc_hd__clkbuf_1)
                  0.05    0.09    2.13 ^ _342_/X (sky130_fd_sc_hd__clkbuf_1)
     1    0.00                           _049_ (net)
                  0.05    0.00    2.13 ^ _410_/D (sky130_fd_sc_hd__dfrtp_1)
                                  2.13   data arrival time

                         10.00   10.00   clock clk (rise edge)
                          0.00   10.00   clock source latency
                  0.09    0.06   10.06 ^ clk (in)
     2    0.02                           clk (net)
                  0.09    0.00   10.06 ^ clkbuf_0_clk/A (sky130_fd_sc_hd__clkbuf_16)
                  0.07    0.16   10.22 ^ clkbuf_0_clk/X (sky130_fd_sc_hd__clkbuf_16)
     4    0.05                           clknet_0_clk (net)
                  0.07    0.00   10.22 ^ clkbuf_2_2__f_clk/A (sky130_fd_sc_hd__clkbuf_16)
                  0.05    0.14   10.35 ^ clkbuf_2_2__f_clk/X (sky130_fd_sc_hd__clkbuf_16)
    11    0.03                           clknet_2_2__leaf_clk (net)
                  0.05    0.00   10.36 ^ _410_/CLK (sky130_fd_sc_hd__dfrtp_1)
                         -0.25   10.11   clock uncertainty
                          0.04   10.14   clock reconvergence pessimism
                         -0.06   10.08   library setup time
                                 10.08   data required time
-----------------------------------------------------------------------------
                                 10.08   data required time
                                 -2.13   data arrival time
-----------------------------------------------------------------------------
                                  7.95   slack (MET)


Startpoint: _416_ (rising edge-triggered flip-flop clocked by clk)
Endpoint: _409_ (rising edge-triggered flip-flop clocked by clk)
Path Group: clk
Path Type: max
Corner: Typical

Fanout     Cap    Slew   Delay    Time   Description
-----------------------------------------------------------------------------
                          0.00    0.00   clock clk (rise edge)
                          0.00    0.00   clock source latency
                  0.09    0.07    0.07 ^ clk (in)
     2    0.02                           clk (net)
                  0.09    0.00    0.07 ^ clkbuf_0_clk/A (sky130_fd_sc_hd__clkbuf_16)
                  0.07    0.17    0.24 ^ clkbuf_0_clk/X (sky130_fd_sc_hd__clkbuf_16)
     4    0.05                           clknet_0_clk (net)
                  0.07    0.00    0.24 ^ clkbuf_2_2__f_clk/A (sky130_fd_sc_hd__clkbuf_16)
                  0.05    0.15    0.39 ^ clkbuf_2_2__f_clk/X (sky130_fd_sc_hd__clkbuf_16)
    11    0.03                           clknet_2_2__leaf_clk (net)
                  0.05    0.00    0.39 ^ _416_/CLK (sky130_fd_sc_hd__dfrtp_1)
                  0.04    0.38    0.77 v _416_/Q (sky130_fd_sc_hd__dfrtp_1)
     1    0.00                           tx_inst.clk_count[7] (net)
                  0.04    0.00    0.77 v _285_/A (sky130_fd_sc_hd__or4_1)
                  0.13    0.60    1.37 v _285_/X (sky130_fd_sc_hd__or4_1)
     3    0.01                           _151_ (net)
                  0.13    0.00    1.37 v _291_/B (sky130_fd_sc_hd__or2_1)
                  0.06    0.27    1.64 v _291_/X (sky130_fd_sc_hd__or2_1)
     2    0.01                           _156_ (net)
                  0.06    0.00    1.64 v _329_/A (sky130_fd_sc_hd__nor2_1)
                  0.19    0.20    1.84 ^ _329_/Y (sky130_fd_sc_hd__nor2_1)
     4    0.01                           _180_ (net)
                  0.19    0.00    1.84 ^ _343_/B (sky130_fd_sc_hd__and2b_1)
                  0.04    0.16    2.00 ^ _343_/X (sky130_fd_sc_hd__and2b_1)
     1    0.00                           _191_ (net)
                  0.04    0.00    2.00 ^ _344_/A (sky130_fd_sc_hd__clkbuf_1)
                  0.04    0.08    2.08 ^ _344_/X (sky130_fd_sc_hd__clkbuf_1)
     1    0.00                           _048_ (net)
                  0.04    0.00    2.08 ^ _409_/D (sky130_fd_sc_hd__dfrtp_2)
                                  2.08   data arrival time

                         10.00   10.00   clock clk (rise edge)
                          0.00   10.00   clock source latency
                  0.09    0.06   10.06 ^ clk (in)
     2    0.02                           clk (net)
                  0.09    0.00   10.06 ^ clkbuf_0_clk/A (sky130_fd_sc_hd__clkbuf_16)
                  0.07    0.16   10.22 ^ clkbuf_0_clk/X (sky130_fd_sc_hd__clkbuf_16)
     4    0.05                           clknet_0_clk (net)
                  0.07    0.00   10.22 ^ clkbuf_2_2__f_clk/A (sky130_fd_sc_hd__clkbuf_16)
                  0.05    0.14   10.35 ^ clkbuf_2_2__f_clk/X (sky130_fd_sc_hd__clkbuf_16)
    11    0.03                           clknet_2_2__leaf_clk (net)
                  0.05    0.00   10.36 ^ _409_/CLK (sky130_fd_sc_hd__dfrtp_2)
                         -0.25   10.11   clock uncertainty
                          0.04   10.14   clock reconvergence pessimism
                         -0.06   10.08   library setup time
                                 10.08   data required time
-----------------------------------------------------------------------------
                                 10.08   data required time
                                 -2.08   data arrival time
-----------------------------------------------------------------------------
                                  8.00   slack (MET)


Startpoint: _416_ (rising edge-triggered flip-flop clocked by clk)
Endpoint: _407_ (rising edge-triggered flip-flop clocked by clk)
Path Group: clk
Path Type: max
Corner: Typical

Fanout     Cap    Slew   Delay    Time   Description
-----------------------------------------------------------------------------
                          0.00    0.00   clock clk (rise edge)
                          0.00    0.00   clock source latency
                  0.09    0.07    0.07 ^ clk (in)
     2    0.02                           clk (net)
                  0.09    0.00    0.07 ^ clkbuf_0_clk/A (sky130_fd_sc_hd__clkbuf_16)
                  0.07    0.17    0.24 ^ clkbuf_0_clk/X (sky130_fd_sc_hd__clkbuf_16)
     4    0.05                           clknet_0_clk (net)
                  0.07    0.00    0.24 ^ clkbuf_2_2__f_clk/A (sky130_fd_sc_hd__clkbuf_16)
                  0.05    0.15    0.39 ^ clkbuf_2_2__f_clk/X (sky130_fd_sc_hd__clkbuf_16)
    11    0.03                           clknet_2_2__leaf_clk (net)
                  0.05    0.00    0.39 ^ _416_/CLK (sky130_fd_sc_hd__dfrtp_1)
                  0.04    0.38    0.77 v _416_/Q (sky130_fd_sc_hd__dfrtp_1)
     1    0.00                           tx_inst.clk_count[7] (net)
                  0.04    0.00    0.77 v _285_/A (sky130_fd_sc_hd__or4_1)
                  0.13    0.60    1.37 v _285_/X (sky130_fd_sc_hd__or4_1)
     3    0.01                           _151_ (net)
                  0.13    0.00    1.37 v _346_/A2 (sky130_fd_sc_hd__o21bai_1)
                  0.12    0.17    1.54 ^ _346_/Y (sky130_fd_sc_hd__o21bai_1)
     1    0.00                           _193_ (net)
                  0.12    0.00    1.54 ^ _347_/A2 (sky130_fd_sc_hd__a21o_1)
                  0.10    0.18    1.72 ^ _347_/X (sky130_fd_sc_hd__a21o_1)
     3    0.01                           _194_ (net)
                  0.10    0.00    1.72 ^ _351_/B (sky130_fd_sc_hd__nor2_1)
                  0.05    0.08    1.80 v _351_/Y (sky130_fd_sc_hd__nor2_1)
     2    0.01                           _197_ (net)
                  0.05    0.00    1.80 v _353_/A2 (sky130_fd_sc_hd__o21a_1)
                  0.03    0.17    1.97 v _353_/X (sky130_fd_sc_hd__o21a_1)
     1    0.00                           _046_ (net)
                  0.03    0.00    1.97 v _407_/D (sky130_fd_sc_hd__dfrtp_1)
                                  1.97   data arrival time

                         10.00   10.00   clock clk (rise edge)
                          0.00   10.00   clock source latency
                  0.09    0.06   10.06 ^ clk (in)
     2    0.02                           clk (net)
                  0.09    0.00   10.06 ^ clkbuf_0_clk/A (sky130_fd_sc_hd__clkbuf_16)
                  0.07    0.16   10.22 ^ clkbuf_0_clk/X (sky130_fd_sc_hd__clkbuf_16)
     4    0.05                           clknet_0_clk (net)
                  0.07    0.00   10.22 ^ clkbuf_2_3__f_clk/A (sky130_fd_sc_hd__clkbuf_16)
                  0.05    0.13   10.35 ^ clkbuf_2_3__f_clk/X (sky130_fd_sc_hd__clkbuf_16)
     8    0.03                           clknet_2_3__leaf_clk (net)
                  0.05    0.00   10.35 ^ _407_/CLK (sky130_fd_sc_hd__dfrtp_1)
                         -0.25   10.10   clock uncertainty
                          0.02   10.12   clock reconvergence pessimism
                         -0.11   10.02   library setup time
                                 10.02   data required time
-----------------------------------------------------------------------------
                                 10.02   data required time
                                 -1.97   data arrival time
-----------------------------------------------------------------------------
                                  8.05   slack (MET)


Startpoint: _416_ (rising edge-triggered flip-flop clocked by clk)
Endpoint: _431_ (rising edge-triggered flip-flop clocked by clk)
Path Group: clk
Path Type: max
Corner: Typical

Fanout     Cap    Slew   Delay    Time   Description
-----------------------------------------------------------------------------
                          0.00    0.00   clock clk (rise edge)
                          0.00    0.00   clock source latency
                  0.09    0.07    0.07 ^ clk (in)
     2    0.02                           clk (net)
                  0.09    0.00    0.07 ^ clkbuf_0_clk/A (sky130_fd_sc_hd__clkbuf_16)
                  0.07    0.17    0.24 ^ clkbuf_0_clk/X (sky130_fd_sc_hd__clkbuf_16)
     4    0.05                           clknet_0_clk (net)
                  0.07    0.00    0.24 ^ clkbuf_2_2__f_clk/A (sky130_fd_sc_hd__clkbuf_16)
                  0.05    0.15    0.39 ^ clkbuf_2_2__f_clk/X (sky130_fd_sc_hd__clkbuf_16)
    11    0.03                           clknet_2_2__leaf_clk (net)
                  0.05    0.00    0.39 ^ _416_/CLK (sky130_fd_sc_hd__dfrtp_1)
                  0.04    0.38    0.77 v _416_/Q (sky130_fd_sc_hd__dfrtp_1)
     1    0.00                           tx_inst.clk_count[7] (net)
                  0.04    0.00    0.77 v _285_/A (sky130_fd_sc_hd__or4_1)
                  0.13    0.60    1.37 v _285_/X (sky130_fd_sc_hd__or4_1)
     3    0.01                           _151_ (net)
                  0.13    0.00    1.37 v _286_/B (sky130_fd_sc_hd__nor2_1)
                  0.23    0.24    1.61 ^ _286_/Y (sky130_fd_sc_hd__nor2_1)
     4    0.01                           _152_ (net)
                  0.23    0.00    1.61 ^ _289_/A2 (sky130_fd_sc_hd__a211o_1)
                  0.04    0.16    1.77 ^ _289_/X (sky130_fd_sc_hd__a211o_1)
     1    0.00                           _155_ (net)
                  0.04    0.00    1.77 ^ _290_/B1_N (sky130_fd_sc_hd__a21bo_1)
                  0.03    0.19    1.97 v _290_/X (sky130_fd_sc_hd__a21bo_1)
     1    0.00                           _070_ (net)
                  0.03    0.00    1.97 v _431_/D (sky130_fd_sc_hd__dfrtp_4)
                                  1.97   data arrival time

                         10.00   10.00   clock clk (rise edge)
                          0.00   10.00   clock source latency
                  0.09    0.06   10.06 ^ clk (in)
     2    0.02                           clk (net)
                  0.09    0.00   10.06 ^ clkbuf_0_clk/A (sky130_fd_sc_hd__clkbuf_16)
                  0.07    0.16   10.22 ^ clkbuf_0_clk/X (sky130_fd_sc_hd__clkbuf_16)
     4    0.05                           clknet_0_clk (net)
                  0.07    0.00   10.22 ^ clkbuf_2_2__f_clk/A (sky130_fd_sc_hd__clkbuf_16)
                  0.05    0.14   10.35 ^ clkbuf_2_2__f_clk/X (sky130_fd_sc_hd__clkbuf_16)
    11    0.03                           clknet_2_2__leaf_clk (net)
                  0.05    0.00   10.36 ^ _431_/CLK (sky130_fd_sc_hd__dfrtp_4)
                         -0.25   10.11   clock uncertainty
                          0.04   10.14   clock reconvergence pessimism
                         -0.11   10.04   library setup time
                                 10.04   data required time
-----------------------------------------------------------------------------
                                 10.04   data required time
                                 -1.97   data arrival time
-----------------------------------------------------------------------------
                                  8.07   slack (MET)


Startpoint: _416_ (rising edge-triggered flip-flop clocked by clk)
Endpoint: _408_ (rising edge-triggered flip-flop clocked by clk)
Path Group: clk
Path Type: max
Corner: Typical

Fanout     Cap    Slew   Delay    Time   Description
-----------------------------------------------------------------------------
                          0.00    0.00   clock clk (rise edge)
                          0.00    0.00   clock source latency
                  0.09    0.07    0.07 ^ clk (in)
     2    0.02                           clk (net)
                  0.09    0.00    0.07 ^ clkbuf_0_clk/A (sky130_fd_sc_hd__clkbuf_16)
                  0.07    0.17    0.24 ^ clkbuf_0_clk/X (sky130_fd_sc_hd__clkbuf_16)
     4    0.05                           clknet_0_clk (net)
                  0.07    0.00    0.24 ^ clkbuf_2_2__f_clk/A (sky130_fd_sc_hd__clkbuf_16)
                  0.05    0.15    0.39 ^ clkbuf_2_2__f_clk/X (sky130_fd_sc_hd__clkbuf_16)
    11    0.03                           clknet_2_2__leaf_clk (net)
                  0.05    0.00    0.39 ^ _416_/CLK (sky130_fd_sc_hd__dfrtp_1)
                  0.04    0.38    0.77 v _416_/Q (sky130_fd_sc_hd__dfrtp_1)
     1    0.00                           tx_inst.clk_count[7] (net)
                  0.04    0.00    0.77 v _285_/A (sky130_fd_sc_hd__or4_1)
                  0.13    0.60    1.37 v _285_/X (sky130_fd_sc_hd__or4_1)
     3    0.01                           _151_ (net)
                  0.13    0.00    1.37 v _346_/A2 (sky130_fd_sc_hd__o21bai_1)
                  0.12    0.17    1.54 ^ _346_/Y (sky130_fd_sc_hd__o21bai_1)
     1    0.00                           _193_ (net)
                  0.12    0.00    1.54 ^ _347_/A2 (sky130_fd_sc_hd__a21o_1)
                  0.10    0.18    1.72 ^ _347_/X (sky130_fd_sc_hd__a21o_1)
     3    0.01                           _194_ (net)
                  0.10    0.00    1.72 ^ _348_/A2 (sky130_fd_sc_hd__o21ba_1)
                  0.04    0.13    1.85 ^ _348_/X (sky130_fd_sc_hd__o21ba_1)
     1    0.00                           _195_ (net)
                  0.04    0.00    1.85 ^ _349_/B (sky130_fd_sc_hd__nor2_1)
                  0.08    0.04    1.89 v _349_/Y (sky130_fd_sc_hd__nor2_1)
     1    0.00                           _047_ (net)
                  0.08    0.00    1.89 v _408_/D (sky130_fd_sc_hd__dfrtp_1)
                                  1.89   data arrival time

                         10.00   10.00   clock clk (rise edge)
                          0.00   10.00   clock source latency
                  0.09    0.06   10.06 ^ clk (in)
     2    0.02                           clk (net)
                  0.09    0.00   10.06 ^ clkbuf_0_clk/A (sky130_fd_sc_hd__clkbuf_16)
                  0.07    0.16   10.22 ^ clkbuf_0_clk/X (sky130_fd_sc_hd__clkbuf_16)
     4    0.05                           clknet_0_clk (net)
                  0.07    0.00   10.22 ^ clkbuf_2_3__f_clk/A (sky130_fd_sc_hd__clkbuf_16)
                  0.05    0.13   10.35 ^ clkbuf_2_3__f_clk/X (sky130_fd_sc_hd__clkbuf_16)
     8    0.03                           clknet_2_3__leaf_clk (net)
                  0.05    0.00   10.35 ^ _408_/CLK (sky130_fd_sc_hd__dfrtp_1)
                         -0.25   10.10   clock uncertainty
                          0.02   10.12   clock reconvergence pessimism
                         -0.13   10.00   library setup time
                                 10.00   data required time
-----------------------------------------------------------------------------
                                 10.00   data required time
                                 -1.89   data arrival time
-----------------------------------------------------------------------------
                                  8.11   slack (MET)


Startpoint: _416_ (rising edge-triggered flip-flop clocked by clk)
Endpoint: _406_ (rising edge-triggered flip-flop clocked by clk)
Path Group: clk
Path Type: max
Corner: Typical

Fanout     Cap    Slew   Delay    Time   Description
-----------------------------------------------------------------------------
                          0.00    0.00   clock clk (rise edge)
                          0.00    0.00   clock source latency
                  0.09    0.07    0.07 ^ clk (in)
     2    0.02                           clk (net)
                  0.09    0.00    0.07 ^ clkbuf_0_clk/A (sky130_fd_sc_hd__clkbuf_16)
                  0.07    0.17    0.24 ^ clkbuf_0_clk/X (sky130_fd_sc_hd__clkbuf_16)
     4    0.05                           clknet_0_clk (net)
                  0.07    0.00    0.24 ^ clkbuf_2_2__f_clk/A (sky130_fd_sc_hd__clkbuf_16)
                  0.05    0.15    0.39 ^ clkbuf_2_2__f_clk/X (sky130_fd_sc_hd__clkbuf_16)
    11    0.03                           clknet_2_2__leaf_clk (net)
                  0.05    0.00    0.39 ^ _416_/CLK (sky130_fd_sc_hd__dfrtp_1)
                  0.04    0.38    0.77 v _416_/Q (sky130_fd_sc_hd__dfrtp_1)
     1    0.00                           tx_inst.clk_count[7] (net)
                  0.04    0.00    0.77 v _285_/A (sky130_fd_sc_hd__or4_1)
                  0.13    0.60    1.37 v _285_/X (sky130_fd_sc_hd__or4_1)
     3    0.01                           _151_ (net)
                  0.13    0.00    1.37 v _346_/A2 (sky130_fd_sc_hd__o21bai_1)
                  0.12    0.17    1.54 ^ _346_/Y (sky130_fd_sc_hd__o21bai_1)
     1    0.00                           _193_ (net)
                  0.12    0.00    1.54 ^ _347_/A2 (sky130_fd_sc_hd__a21o_1)
                  0.10    0.18    1.72 ^ _347_/X (sky130_fd_sc_hd__a21o_1)
     3    0.01                           _194_ (net)
                  0.10    0.00    1.72 ^ _351_/B (sky130_fd_sc_hd__nor2_1)
                  0.05    0.08    1.80 v _351_/Y (sky130_fd_sc_hd__nor2_1)
     2    0.01                           _197_ (net)
                  0.05    0.00    1.80 v _355_/B1 (sky130_fd_sc_hd__a21oi_1)
                  0.10    0.11    1.91 ^ _355_/Y (sky130_fd_sc_hd__a21oi_1)
     1    0.00                           _045_ (net)
                  0.10    0.00    1.91 ^ _406_/D (sky130_fd_sc_hd__dfrtp_2)
                                  1.91   data arrival time

                         10.00   10.00   clock clk (rise edge)
                          0.00   10.00   clock source latency
                  0.09    0.06   10.06 ^ clk (in)
     2    0.02                           clk (net)
                  0.09    0.00   10.06 ^ clkbuf_0_clk/A (sky130_fd_sc_hd__clkbuf_16)
                  0.07    0.16   10.22 ^ clkbuf_0_clk/X (sky130_fd_sc_hd__clkbuf_16)
     4    0.05                           clknet_0_clk (net)
                  0.07    0.00   10.22 ^ clkbuf_2_3__f_clk/A (sky130_fd_sc_hd__clkbuf_16)
                  0.05    0.13   10.35 ^ clkbuf_2_3__f_clk/X (sky130_fd_sc_hd__clkbuf_16)
     8    0.03                           clknet_2_3__leaf_clk (net)
                  0.05    0.00   10.35 ^ _406_/CLK (sky130_fd_sc_hd__dfrtp_2)
                         -0.25   10.10   clock uncertainty
                          0.02   10.12   clock reconvergence pessimism
                         -0.08   10.05   library setup time
                                 10.05   data required time
-----------------------------------------------------------------------------
                                 10.05   data required time
                                 -1.91   data arrival time
-----------------------------------------------------------------------------
                                  8.14   slack (MET)


Startpoint: _443_ (rising edge-triggered flip-flop clocked by clk)
Endpoint: _450_ (rising edge-triggered flip-flop clocked by clk)
Path Group: clk
Path Type: max
Corner: Typical

Fanout     Cap    Slew   Delay    Time   Description
-----------------------------------------------------------------------------
                          0.00    0.00   clock clk (rise edge)
                          0.00    0.00   clock source latency
                  0.09    0.07    0.07 ^ clk (in)
     2    0.02                           clk (net)
                  0.09    0.00    0.07 ^ clkbuf_0_clk/A (sky130_fd_sc_hd__clkbuf_16)
                  0.07    0.17    0.24 ^ clkbuf_0_clk/X (sky130_fd_sc_hd__clkbuf_16)
     4    0.05                           clknet_0_clk (net)
                  0.07    0.00    0.24 ^ clkbuf_2_1__f_clk/A (sky130_fd_sc_hd__clkbuf_16)
                  0.07    0.16    0.40 ^ clkbuf_2_1__f_clk/X (sky130_fd_sc_hd__clkbuf_16)
    15    0.05                           clknet_2_1__leaf_clk (net)
                  0.07    0.00    0.40 ^ _443_/CLK (sky130_fd_sc_hd__dfrtp_4)
                  0.08    0.54    0.94 v _443_/Q (sky130_fd_sc_hd__dfrtp_4)
     7    0.02                           rx_inst.clk_count[0] (net)
                  0.08    0.00    0.94 v _205_/D (sky130_fd_sc_hd__and4_1)
                  0.07    0.26    1.20 v _205_/X (sky130_fd_sc_hd__and4_1)
     4    0.01                           _090_ (net)
                  0.07    0.00    1.20 v _206_/C (sky130_fd_sc_hd__and3_1)
                  0.07    0.23    1.43 v _206_/X (sky130_fd_sc_hd__and3_1)
     3    0.01                           _091_ (net)
                  0.07    0.00    1.43 v _207_/B (sky130_fd_sc_hd__and2_1)
                  0.06    0.20    1.63 v _207_/X (sky130_fd_sc_hd__and2_1)
     3    0.01                           _092_ (net)
                  0.06    0.00    1.63 v _210_/A2 (sky130_fd_sc_hd__o21ai_1)
                  0.10    0.12    1.75 ^ _210_/Y (sky130_fd_sc_hd__o21ai_1)
     1    0.00                           _095_ (net)
                  0.10    0.00    1.75 ^ _211_/B1 (sky130_fd_sc_hd__a21oi_1)
                  0.04    0.05    1.80 v _211_/Y (sky130_fd_sc_hd__a21oi_1)
     1    0.00                           _089_ (net)
                  0.04    0.00    1.80 v _450_/D (sky130_fd_sc_hd__dfrtp_1)
                                  1.80   data arrival time

                         10.00   10.00   clock clk (rise edge)
                          0.00   10.00   clock source latency
                  0.09    0.06   10.06 ^ clk (in)
     2    0.02                           clk (net)
                  0.09    0.00   10.06 ^ clkbuf_0_clk/A (sky130_fd_sc_hd__clkbuf_16)
                  0.07    0.16   10.22 ^ clkbuf_0_clk/X (sky130_fd_sc_hd__clkbuf_16)
     4    0.05                           clknet_0_clk (net)
                  0.07    0.00   10.22 ^ clkbuf_2_1__f_clk/A (sky130_fd_sc_hd__clkbuf_16)
                  0.07    0.15   10.37 ^ clkbuf_2_1__f_clk/X (sky130_fd_sc_hd__clkbuf_16)
    15    0.05                           clknet_2_1__leaf_clk (net)
                  0.07    0.00   10.37 ^ _450_/CLK (sky130_fd_sc_hd__dfrtp_1)
                         -0.25   10.12   clock uncertainty
                          0.04   10.15   clock reconvergence pessimism
                         -0.11   10.05   library setup time
                                 10.05   data required time
-----------------------------------------------------------------------------
                                 10.05   data required time
                                 -1.80   data arrival time
-----------------------------------------------------------------------------
                                  8.25   slack (MET)


Startpoint: _443_ (rising edge-triggered flip-flop clocked by clk)
Endpoint: _449_ (rising edge-triggered flip-flop clocked by clk)
Path Group: clk
Path Type: max
Corner: Typical

Fanout     Cap    Slew   Delay    Time   Description
-----------------------------------------------------------------------------
                          0.00    0.00   clock clk (rise edge)
                          0.00    0.00   clock source latency
                  0.09    0.07    0.07 ^ clk (in)
     2    0.02                           clk (net)
                  0.09    0.00    0.07 ^ clkbuf_0_clk/A (sky130_fd_sc_hd__clkbuf_16)
                  0.07    0.17    0.24 ^ clkbuf_0_clk/X (sky130_fd_sc_hd__clkbuf_16)
     4    0.05                           clknet_0_clk (net)
                  0.07    0.00    0.24 ^ clkbuf_2_1__f_clk/A (sky130_fd_sc_hd__clkbuf_16)
                  0.07    0.16    0.40 ^ clkbuf_2_1__f_clk/X (sky130_fd_sc_hd__clkbuf_16)
    15    0.05                           clknet_2_1__leaf_clk (net)
                  0.07    0.00    0.40 ^ _443_/CLK (sky130_fd_sc_hd__dfrtp_4)
                  0.08    0.54    0.94 v _443_/Q (sky130_fd_sc_hd__dfrtp_4)
     7    0.02                           rx_inst.clk_count[0] (net)
                  0.08    0.00    0.94 v _205_/D (sky130_fd_sc_hd__and4_1)
                  0.07    0.26    1.20 v _205_/X (sky130_fd_sc_hd__and4_1)
     4    0.01                           _090_ (net)
                  0.07    0.00    1.20 v _206_/C (sky130_fd_sc_hd__and3_1)
                  0.07    0.23    1.43 v _206_/X (sky130_fd_sc_hd__and3_1)
     3    0.01                           _091_ (net)
                  0.07    0.00    1.43 v _207_/B (sky130_fd_sc_hd__and2_1)
                  0.06    0.20    1.63 v _207_/X (sky130_fd_sc_hd__and2_1)
     3    0.01                           _092_ (net)
                  0.06    0.00    1.63 v _213_/A (sky130_fd_sc_hd__nor2_1)
                  0.08    0.11    1.74 ^ _213_/Y (sky130_fd_sc_hd__nor2_1)
     1    0.00                           _088_ (net)
                  0.08    0.00    1.74 ^ _449_/D (sky130_fd_sc_hd__dfrtp_1)
                                  1.74   data arrival time

                         10.00   10.00   clock clk (rise edge)
                          0.00   10.00   clock source latency
                  0.09    0.06   10.06 ^ clk (in)
     2    0.02                           clk (net)
                  0.09    0.00   10.06 ^ clkbuf_0_clk/A (sky130_fd_sc_hd__clkbuf_16)
                  0.07    0.16   10.22 ^ clkbuf_0_clk/X (sky130_fd_sc_hd__clkbuf_16)
     4    0.05                           clknet_0_clk (net)
                  0.07    0.00   10.22 ^ clkbuf_2_1__f_clk/A (sky130_fd_sc_hd__clkbuf_16)
                  0.07    0.15   10.37 ^ clkbuf_2_1__f_clk/X (sky130_fd_sc_hd__clkbuf_16)
    15    0.05                           clknet_2_1__leaf_clk (net)
                  0.07    0.00   10.37 ^ _449_/CLK (sky130_fd_sc_hd__dfrtp_1)
                         -0.25   10.12   clock uncertainty
                          0.04   10.15   clock reconvergence pessimism
                         -0.07   10.09   library setup time
                                 10.09   data required time
-----------------------------------------------------------------------------
                                 10.09   data required time
                                 -1.74   data arrival time
-----------------------------------------------------------------------------
                                  8.34   slack (MET)


Startpoint: _448_ (rising edge-triggered flip-flop clocked by clk)
Endpoint: _448_ (rising edge-triggered flip-flop clocked by clk)
Path Group: clk
Path Type: max
Corner: Typical

Fanout     Cap    Slew   Delay    Time   Description
-----------------------------------------------------------------------------
                          0.00    0.00   clock clk (rise edge)
                          0.00    0.00   clock source latency
                  0.09    0.07    0.07 ^ clk (in)
     2    0.02                           clk (net)
                  0.09    0.00    0.07 ^ clkbuf_0_clk/A (sky130_fd_sc_hd__clkbuf_16)
                  0.07    0.17    0.24 ^ clkbuf_0_clk/X (sky130_fd_sc_hd__clkbuf_16)
     4    0.05                           clknet_0_clk (net)
                  0.07    0.00    0.24 ^ clkbuf_2_1__f_clk/A (sky130_fd_sc_hd__clkbuf_16)
                  0.07    0.16    0.40 ^ clkbuf_2_1__f_clk/X (sky130_fd_sc_hd__clkbuf_16)
    15    0.05                           clknet_2_1__leaf_clk (net)
                  0.07    0.00    0.40 ^ _448_/CLK (sky130_fd_sc_hd__dfrtp_1)
                  0.06    0.40    0.81 v _448_/Q (sky130_fd_sc_hd__dfrtp_1)
     3    0.01                           rx_inst.clk_count[5] (net)
                  0.06    0.00    0.81 v hold4/A (sky130_fd_sc_hd__dlygate4sd3_1)
                  0.06    0.59    1.40 v hold4/X (sky130_fd_sc_hd__dlygate4sd3_1)
     1    0.00                           net28 (net)
                  0.06    0.00    1.40 v _215_/A1 (sky130_fd_sc_hd__o21ai_1)
                  0.13    0.16    1.56 ^ _215_/Y (sky130_fd_sc_hd__o21ai_1)
     1    0.00                           _098_ (net)
                  0.13    0.00    1.56 ^ _216_/B (sky130_fd_sc_hd__nor2_1)
                  0.04    0.06    1.62 v _216_/Y (sky130_fd_sc_hd__nor2_1)
     1    0.00                           _087_ (net)
                  0.04    0.00    1.62 v _448_/D (sky130_fd_sc_hd__dfrtp_1)
                                  1.62   data arrival time

                         10.00   10.00   clock clk (rise edge)
                          0.00   10.00   clock source latency
                  0.09    0.06   10.06 ^ clk (in)
     2    0.02                           clk (net)
                  0.09    0.00   10.06 ^ clkbuf_0_clk/A (sky130_fd_sc_hd__clkbuf_16)
                  0.07    0.16   10.22 ^ clkbuf_0_clk/X (sky130_fd_sc_hd__clkbuf_16)
     4    0.05                           clknet_0_clk (net)
                  0.07    0.00   10.22 ^ clkbuf_2_1__f_clk/A (sky130_fd_sc_hd__clkbuf_16)
                  0.07    0.15   10.37 ^ clkbuf_2_1__f_clk/X (sky130_fd_sc_hd__clkbuf_16)
    15    0.05                           clknet_2_1__leaf_clk (net)
                  0.07    0.00   10.37 ^ _448_/CLK (sky130_fd_sc_hd__dfrtp_1)
                         -0.25   10.12   clock uncertainty
                          0.04   10.15   clock reconvergence pessimism
                         -0.11   10.05   library setup time
                                 10.05   data required time
-----------------------------------------------------------------------------
                                 10.05   data required time
                                 -1.62   data arrival time
-----------------------------------------------------------------------------
                                  8.43   slack (MET)


Startpoint: _447_ (rising edge-triggered flip-flop clocked by clk)
Endpoint: _447_ (rising edge-triggered flip-flop clocked by clk)
Path Group: clk
Path Type: max
Corner: Typical

Fanout     Cap    Slew   Delay    Time   Description
-----------------------------------------------------------------------------
                          0.00    0.00   clock clk (rise edge)
                          0.00    0.00   clock source latency
                  0.09    0.07    0.07 ^ clk (in)
     2    0.02                           clk (net)
                  0.09    0.00    0.07 ^ clkbuf_0_clk/A (sky130_fd_sc_hd__clkbuf_16)
                  0.07    0.17    0.24 ^ clkbuf_0_clk/X (sky130_fd_sc_hd__clkbuf_16)
     4    0.05                           clknet_0_clk (net)
                  0.07    0.00    0.24 ^ clkbuf_2_1__f_clk/A (sky130_fd_sc_hd__clkbuf_16)
                  0.07    0.16    0.40 ^ clkbuf_2_1__f_clk/X (sky130_fd_sc_hd__clkbuf_16)
    15    0.05                           clknet_2_1__leaf_clk (net)
                  0.07    0.00    0.40 ^ _447_/CLK (sky130_fd_sc_hd__dfrtp_1)
                  0.08    0.42    0.83 v _447_/Q (sky130_fd_sc_hd__dfrtp_1)
     5    0.01                           rx_inst.clk_count[4] (net)
                  0.08    0.00    0.83 v hold16/A (sky130_fd_sc_hd__dlygate4sd3_1)
                  0.06    0.59    1.42 v hold16/X (sky130_fd_sc_hd__dlygate4sd3_1)
     1    0.00                           net40 (net)
                  0.06    0.00    1.42 v _217_/A1 (sky130_fd_sc_hd__o21ai_1)
                  0.10    0.14    1.56 ^ _217_/Y (sky130_fd_sc_hd__o21ai_1)
     1    0.00                           _099_ (net)
                  0.10    0.00    1.56 ^ _218_/B (sky130_fd_sc_hd__nor2_1)
                  0.03    0.05    1.61 v _218_/Y (sky130_fd_sc_hd__nor2_1)
     1    0.00                           _086_ (net)
                  0.03    0.00    1.61 v _447_/D (sky130_fd_sc_hd__dfrtp_1)
                                  1.61   data arrival time

                         10.00   10.00   clock clk (rise edge)
                          0.00   10.00   clock source latency
                  0.09    0.06   10.06 ^ clk (in)
     2    0.02                           clk (net)
                  0.09    0.00   10.06 ^ clkbuf_0_clk/A (sky130_fd_sc_hd__clkbuf_16)
                  0.07    0.16   10.22 ^ clkbuf_0_clk/X (sky130_fd_sc_hd__clkbuf_16)
     4    0.05                           clknet_0_clk (net)
                  0.07    0.00   10.22 ^ clkbuf_2_1__f_clk/A (sky130_fd_sc_hd__clkbuf_16)
                  0.07    0.15   10.37 ^ clkbuf_2_1__f_clk/X (sky130_fd_sc_hd__clkbuf_16)
    15    0.05                           clknet_2_1__leaf_clk (net)
                  0.07    0.00   10.37 ^ _447_/CLK (sky130_fd_sc_hd__dfrtp_1)
                         -0.25   10.12   clock uncertainty
                          0.04   10.15   clock reconvergence pessimism
                         -0.10   10.05   library setup time
                                 10.05   data required time
-----------------------------------------------------------------------------
                                 10.05   data required time
                                 -1.61   data arrival time
-----------------------------------------------------------------------------
                                  8.44   slack (MET)



