
===========================================================================
report_checks -path_delay max (Setup)
============================================================================
======================= Typical Corner ===================================

Startpoint: _436_ (rising edge-triggered flip-flop clocked by clk)
Endpoint: rx_data[4] (output port clocked by clk)
Path Group: clk
Path Type: max

Fanout     Cap    Slew   Delay    Time   Description
-----------------------------------------------------------------------------
                          0.00    0.00   clock clk (rise edge)
                          0.00    0.00   clock source latency
                  0.09    0.07    0.07 ^ clk (in)
     2    0.02                           clk (net)
                  0.09    0.00    0.07 ^ clkbuf_0_clk/A (sky130_fd_sc_hd__clkbuf_16)
                  0.07    0.17    0.24 ^ clkbuf_0_clk/X (sky130_fd_sc_hd__clkbuf_16)
     4    0.05                           clknet_0_clk (net)
                  0.07    0.00    0.24 ^ clkbuf_2_0__f_clk/A (sky130_fd_sc_hd__clkbuf_16)
                  0.06    0.15    0.39 ^ clkbuf_2_0__f_clk/X (sky130_fd_sc_hd__clkbuf_16)
    11    0.04                           clknet_2_0__leaf_clk (net)
                  0.06    0.00    0.40 ^ _436_/CLK (sky130_fd_sc_hd__dfrtp_1)
                  0.19    0.46    0.85 ^ _436_/Q (sky130_fd_sc_hd__dfrtp_1)
     4    0.02                           net15 (net)
                  0.19    0.00    0.85 ^ output15/A (sky130_fd_sc_hd__buf_2)
                  0.17    0.26    1.11 ^ output15/X (sky130_fd_sc_hd__buf_2)
     1    0.03                           rx_data[4] (net)
                  0.17    0.00    1.11 ^ rx_data[4] (out)
                                  1.11   data arrival time

                         10.00   10.00   clock clk (rise edge)
                          0.00   10.00   clock network delay (propagated)
                         -0.25    9.75   clock uncertainty
                          0.00    9.75   clock reconvergence pessimism
                         -2.00    7.75   output external delay
                                  7.75   data required time
-----------------------------------------------------------------------------
                                  7.75   data required time
                                 -1.11   data arrival time
-----------------------------------------------------------------------------
                                  6.64   slack (MET)


Startpoint: _432_ (rising edge-triggered flip-flop clocked by clk)
Endpoint: rx_data[0] (output port clocked by clk)
Path Group: clk
Path Type: max

Fanout     Cap    Slew   Delay    Time   Description
-----------------------------------------------------------------------------
                          0.00    0.00   clock clk (rise edge)
                          0.00    0.00   clock source latency
                  0.09    0.07    0.07 ^ clk (in)
     2    0.02                           clk (net)
                  0.09    0.00    0.07 ^ clkbuf_0_clk/A (sky130_fd_sc_hd__clkbuf_16)
                  0.07    0.17    0.24 ^ clkbuf_0_clk/X (sky130_fd_sc_hd__clkbuf_16)
     4    0.05                           clknet_0_clk (net)
                  0.07    0.00    0.24 ^ clkbuf_2_1__f_clk/A (sky130_fd_sc_hd__clkbuf_16)
                  0.07    0.16    0.40 ^ clkbuf_2_1__f_clk/X (sky130_fd_sc_hd__clkbuf_16)
    15    0.05                           clknet_2_1__leaf_clk (net)
                  0.07    0.00    0.40 ^ _432_/CLK (sky130_fd_sc_hd__dfrtp_2)
                  0.09    0.48    0.88 v _432_/Q (sky130_fd_sc_hd__dfrtp_2)
     4    0.03                           net11 (net)
                  0.09    0.00    0.88 v output11/A (sky130_fd_sc_hd__clkbuf_4)
                  0.08    0.21    1.10 v output11/X (sky130_fd_sc_hd__clkbuf_4)
     1    0.03                           rx_data[0] (net)
                  0.08    0.00    1.10 v rx_data[0] (out)
                                  1.10   data arrival time

                         10.00   10.00   clock clk (rise edge)
                          0.00   10.00   clock network delay (propagated)
                         -0.25    9.75   clock uncertainty
                          0.00    9.75   clock reconvergence pessimism
                         -2.00    7.75   output external delay
                                  7.75   data required time
-----------------------------------------------------------------------------
                                  7.75   data required time
                                 -1.10   data arrival time
-----------------------------------------------------------------------------
                                  6.65   slack (MET)


Startpoint: _438_ (rising edge-triggered flip-flop clocked by clk)
Endpoint: rx_data[6] (output port clocked by clk)
Path Group: clk
Path Type: max

Fanout     Cap    Slew   Delay    Time   Description
-----------------------------------------------------------------------------
                          0.00    0.00   clock clk (rise edge)
                          0.00    0.00   clock source latency
                  0.09    0.07    0.07 ^ clk (in)
     2    0.02                           clk (net)
                  0.09    0.00    0.07 ^ clkbuf_0_clk/A (sky130_fd_sc_hd__clkbuf_16)
                  0.07    0.17    0.24 ^ clkbuf_0_clk/X (sky130_fd_sc_hd__clkbuf_16)
     4    0.05                           clknet_0_clk (net)
                  0.07    0.00    0.24 ^ clkbuf_2_1__f_clk/A (sky130_fd_sc_hd__clkbuf_16)
                  0.07    0.16    0.40 ^ clkbuf_2_1__f_clk/X (sky130_fd_sc_hd__clkbuf_16)
    15    0.05                           clknet_2_1__leaf_clk (net)
                  0.07    0.00    0.40 ^ _438_/CLK (sky130_fd_sc_hd__dfrtp_2)
                  0.14    0.45    0.85 ^ _438_/Q (sky130_fd_sc_hd__dfrtp_2)
     4    0.03                           net17 (net)
                  0.14    0.00    0.85 ^ output17/A (sky130_fd_sc_hd__buf_2)
                  0.17    0.24    1.10 ^ output17/X (sky130_fd_sc_hd__buf_2)
     1    0.03                           rx_data[6] (net)
                  0.17    0.00    1.10 ^ rx_data[6] (out)
                                  1.10   data arrival time

                         10.00   10.00   clock clk (rise edge)
                          0.00   10.00   clock network delay (propagated)
                         -0.25    9.75   clock uncertainty
                          0.00    9.75   clock reconvergence pessimism
                         -2.00    7.75   output external delay
                                  7.75   data required time
-----------------------------------------------------------------------------
                                  7.75   data required time
                                 -1.10   data arrival time
-----------------------------------------------------------------------------
                                  6.65   slack (MET)


Startpoint: _433_ (rising edge-triggered flip-flop clocked by clk)
Endpoint: rx_data[1] (output port clocked by clk)
Path Group: clk
Path Type: max

Fanout     Cap    Slew   Delay    Time   Description
-----------------------------------------------------------------------------
                          0.00    0.00   clock clk (rise edge)
                          0.00    0.00   clock source latency
                  0.09    0.07    0.07 ^ clk (in)
     2    0.02                           clk (net)
                  0.09    0.00    0.07 ^ clkbuf_0_clk/A (sky130_fd_sc_hd__clkbuf_16)
                  0.07    0.17    0.24 ^ clkbuf_0_clk/X (sky130_fd_sc_hd__clkbuf_16)
     4    0.05                           clknet_0_clk (net)
                  0.07    0.00    0.24 ^ clkbuf_2_1__f_clk/A (sky130_fd_sc_hd__clkbuf_16)
                  0.07    0.16    0.40 ^ clkbuf_2_1__f_clk/X (sky130_fd_sc_hd__clkbuf_16)
    15    0.05                           clknet_2_1__leaf_clk (net)
                  0.07    0.00    0.40 ^ _433_/CLK (sky130_fd_sc_hd__dfrtp_1)
                  0.16    0.44    0.84 ^ _433_/Q (sky130_fd_sc_hd__dfrtp_1)
     4    0.02                           net12 (net)
                  0.16    0.00    0.84 ^ output12/A (sky130_fd_sc_hd__clkbuf_4)
                  0.11    0.24    1.08 ^ output12/X (sky130_fd_sc_hd__clkbuf_4)
     1    0.03                           rx_data[1] (net)
                  0.11    0.00    1.08 ^ rx_data[1] (out)
                                  1.08   data arrival time

                         10.00   10.00   clock clk (rise edge)
                          0.00   10.00   clock network delay (propagated)
                         -0.25    9.75   clock uncertainty
                          0.00    9.75   clock reconvergence pessimism
                         -2.00    7.75   output external delay
                                  7.75   data required time
-----------------------------------------------------------------------------
                                  7.75   data required time
                                 -1.08   data arrival time
-----------------------------------------------------------------------------
                                  6.67   slack (MET)


Startpoint: _437_ (rising edge-triggered flip-flop clocked by clk)
Endpoint: rx_data[5] (output port clocked by clk)
Path Group: clk
Path Type: max

Fanout     Cap    Slew   Delay    Time   Description
-----------------------------------------------------------------------------
                          0.00    0.00   clock clk (rise edge)
                          0.00    0.00   clock source latency
                  0.09    0.07    0.07 ^ clk (in)
     2    0.02                           clk (net)
                  0.09    0.00    0.07 ^ clkbuf_0_clk/A (sky130_fd_sc_hd__clkbuf_16)
                  0.07    0.17    0.24 ^ clkbuf_0_clk/X (sky130_fd_sc_hd__clkbuf_16)
     4    0.05                           clknet_0_clk (net)
                  0.07    0.00    0.24 ^ clkbuf_2_0__f_clk/A (sky130_fd_sc_hd__clkbuf_16)
                  0.06    0.15    0.39 ^ clkbuf_2_0__f_clk/X (sky130_fd_sc_hd__clkbuf_16)
    11    0.04                           clknet_2_0__leaf_clk (net)
                  0.06    0.00    0.40 ^ _437_/CLK (sky130_fd_sc_hd__dfrtp_1)
                  0.09    0.43    0.83 v _437_/Q (sky130_fd_sc_hd__dfrtp_1)
     2    0.01                           net16 (net)
                  0.09    0.00    0.83 v output16/A (sky130_fd_sc_hd__clkbuf_4)
                  0.08    0.21    1.04 v output16/X (sky130_fd_sc_hd__clkbuf_4)
     1    0.03                           rx_data[5] (net)
                  0.08    0.00    1.04 v rx_data[5] (out)
                                  1.04   data arrival time

                         10.00   10.00   clock clk (rise edge)
                          0.00   10.00   clock network delay (propagated)
                         -0.25    9.75   clock uncertainty
                          0.00    9.75   clock reconvergence pessimism
                         -2.00    7.75   output external delay
                                  7.75   data required time
-----------------------------------------------------------------------------
                                  7.75   data required time
                                 -1.04   data arrival time
-----------------------------------------------------------------------------
                                  6.71   slack (MET)


Startpoint: _419_ (rising edge-triggered flip-flop clocked by clk)
Endpoint: tx_busy (output port clocked by clk)
Path Group: clk
Path Type: max

Fanout     Cap    Slew   Delay    Time   Description
-----------------------------------------------------------------------------
                          0.00    0.00   clock clk (rise edge)
                          0.00    0.00   clock source latency
                  0.09    0.07    0.07 ^ clk (in)
     2    0.02                           clk (net)
                  0.09    0.00    0.07 ^ clkbuf_0_clk/A (sky130_fd_sc_hd__clkbuf_16)
                  0.07    0.17    0.24 ^ clkbuf_0_clk/X (sky130_fd_sc_hd__clkbuf_16)
     4    0.05                           clknet_0_clk (net)
                  0.07    0.00    0.24 ^ clkbuf_2_2__f_clk/A (sky130_fd_sc_hd__clkbuf_16)
                  0.05    0.15    0.39 ^ clkbuf_2_2__f_clk/X (sky130_fd_sc_hd__clkbuf_16)
    11    0.03                           clknet_2_2__leaf_clk (net)
                  0.05    0.00    0.39 ^ _419_/CLK (sky130_fd_sc_hd__dfrtp_1)
                  0.08    0.43    0.82 v _419_/Q (sky130_fd_sc_hd__dfrtp_1)
     2    0.01                           net20 (net)
                  0.08    0.00    0.82 v output20/A (sky130_fd_sc_hd__clkbuf_4)
                  0.08    0.21    1.03 v output20/X (sky130_fd_sc_hd__clkbuf_4)
     1    0.03                           tx_busy (net)
                  0.08    0.00    1.03 v tx_busy (out)
                                  1.03   data arrival time

                         10.00   10.00   clock clk (rise edge)
                          0.00   10.00   clock network delay (propagated)
                         -0.25    9.75   clock uncertainty
                          0.00    9.75   clock reconvergence pessimism
                         -2.00    7.75   output external delay
                                  7.75   data required time
-----------------------------------------------------------------------------
                                  7.75   data required time
                                 -1.03   data arrival time
-----------------------------------------------------------------------------
                                  6.72   slack (MET)


Startpoint: _421_ (rising edge-triggered flip-flop clocked by clk)
Endpoint: rx_done (output port clocked by clk)
Path Group: clk
Path Type: max

Fanout     Cap    Slew   Delay    Time   Description
-----------------------------------------------------------------------------
                          0.00    0.00   clock clk (rise edge)
                          0.00    0.00   clock source latency
                  0.09    0.07    0.07 ^ clk (in)
     2    0.02                           clk (net)
                  0.09    0.00    0.07 ^ clkbuf_0_clk/A (sky130_fd_sc_hd__clkbuf_16)
                  0.07    0.17    0.24 ^ clkbuf_0_clk/X (sky130_fd_sc_hd__clkbuf_16)
     4    0.05                           clknet_0_clk (net)
                  0.07    0.00    0.24 ^ clkbuf_2_0__f_clk/A (sky130_fd_sc_hd__clkbuf_16)
                  0.06    0.15    0.39 ^ clkbuf_2_0__f_clk/X (sky130_fd_sc_hd__clkbuf_16)
    11    0.04                           clknet_2_0__leaf_clk (net)
                  0.06    0.00    0.40 ^ _421_/CLK (sky130_fd_sc_hd__dfrtp_1)
                  0.07    0.42    0.82 v _421_/Q (sky130_fd_sc_hd__dfrtp_1)
     2    0.01                           net19 (net)
                  0.07    0.00    0.82 v output19/A (sky130_fd_sc_hd__clkbuf_4)
                  0.08    0.20    1.02 v output19/X (sky130_fd_sc_hd__clkbuf_4)
     1    0.03                           rx_done (net)
                  0.08    0.00    1.02 v rx_done (out)
                                  1.02   data arrival time

                         10.00   10.00   clock clk (rise edge)
                          0.00   10.00   clock network delay (propagated)
                         -0.25    9.75   clock uncertainty
                          0.00    9.75   clock reconvergence pessimism
                         -2.00    7.75   output external delay
                                  7.75   data required time
-----------------------------------------------------------------------------
                                  7.75   data required time
                                 -1.02   data arrival time
-----------------------------------------------------------------------------
                                  6.73   slack (MET)


Startpoint: _439_ (rising edge-triggered flip-flop clocked by clk)
Endpoint: rx_data[7] (output port clocked by clk)
Path Group: clk
Path Type: max

Fanout     Cap    Slew   Delay    Time   Description
-----------------------------------------------------------------------------
                          0.00    0.00   clock clk (rise edge)
                          0.00    0.00   clock source latency
                  0.09    0.07    0.07 ^ clk (in)
     2    0.02                           clk (net)
                  0.09    0.00    0.07 ^ clkbuf_0_clk/A (sky130_fd_sc_hd__clkbuf_16)
                  0.07    0.17    0.24 ^ clkbuf_0_clk/X (sky130_fd_sc_hd__clkbuf_16)
     4    0.05                           clknet_0_clk (net)
                  0.07    0.00    0.24 ^ clkbuf_2_0__f_clk/A (sky130_fd_sc_hd__clkbuf_16)
                  0.06    0.15    0.39 ^ clkbuf_2_0__f_clk/X (sky130_fd_sc_hd__clkbuf_16)
    11    0.04                           clknet_2_0__leaf_clk (net)
                  0.06    0.00    0.40 ^ _439_/CLK (sky130_fd_sc_hd__dfrtp_1)
                  0.07    0.41    0.81 v _439_/Q (sky130_fd_sc_hd__dfrtp_1)
     2    0.01                           net18 (net)
                  0.07    0.00    0.81 v output18/A (sky130_fd_sc_hd__clkbuf_4)
                  0.08    0.20    1.01 v output18/X (sky130_fd_sc_hd__clkbuf_4)
     1    0.03                           rx_data[7] (net)
                  0.08    0.00    1.02 v rx_data[7] (out)
                                  1.02   data arrival time

                         10.00   10.00   clock clk (rise edge)
                          0.00   10.00   clock network delay (propagated)
                         -0.25    9.75   clock uncertainty
                          0.00    9.75   clock reconvergence pessimism
                         -2.00    7.75   output external delay
                                  7.75   data required time
-----------------------------------------------------------------------------
                                  7.75   data required time
                                 -1.02   data arrival time
-----------------------------------------------------------------------------
                                  6.73   slack (MET)


Startpoint: _443_ (rising edge-triggered flip-flop clocked by clk)
Endpoint: _437_ (rising edge-triggered flip-flop clocked by clk)
Path Group: clk
Path Type: max

Fanout     Cap    Slew   Delay    Time   Description
-----------------------------------------------------------------------------
                          0.00    0.00   clock clk (rise edge)
                          0.00    0.00   clock source latency
                  0.09    0.07    0.07 ^ clk (in)
     2    0.02                           clk (net)
                  0.09    0.00    0.07 ^ clkbuf_0_clk/A (sky130_fd_sc_hd__clkbuf_16)
                  0.07    0.17    0.24 ^ clkbuf_0_clk/X (sky130_fd_sc_hd__clkbuf_16)
     4    0.05                           clknet_0_clk (net)
                  0.07    0.00    0.24 ^ clkbuf_2_1__f_clk/A (sky130_fd_sc_hd__clkbuf_16)
                  0.07    0.16    0.40 ^ clkbuf_2_1__f_clk/X (sky130_fd_sc_hd__clkbuf_16)
    15    0.05                           clknet_2_1__leaf_clk (net)
                  0.07    0.00    0.40 ^ _443_/CLK (sky130_fd_sc_hd__dfrtp_4)
                  0.10    0.47    0.88 ^ _443_/Q (sky130_fd_sc_hd__dfrtp_4)
     7    0.02                           rx_inst.clk_count[0] (net)
                  0.10    0.00    0.88 ^ _220_/C_N (sky130_fd_sc_hd__or4bb_1)
                  0.09    0.52    1.40 v _220_/X (sky130_fd_sc_hd__or4bb_1)
     1    0.00                           _101_ (net)
                  0.09    0.00    1.40 v _223_/A2 (sky130_fd_sc_hd__o211a_2)
                  0.08    0.32    1.72 v _223_/X (sky130_fd_sc_hd__o211a_2)
     7    0.02                           _104_ (net)
                  0.08    0.00    1.72 v _257_/C (sky130_fd_sc_hd__or4_2)
                  0.13    0.70    2.43 v _257_/X (sky130_fd_sc_hd__or4_2)
     3    0.01                           _131_ (net)
                  0.13    0.00    2.43 v _265_/A (sky130_fd_sc_hd__or3b_1)
                  0.07    0.43    2.86 v _265_/X (sky130_fd_sc_hd__or3b_1)
     1    0.00                           _137_ (net)
                  0.07    0.00    2.86 v _266_/S (sky130_fd_sc_hd__mux2_1)
                  0.06    0.33    3.19 v _266_/X (sky130_fd_sc_hd__mux2_1)
     1    0.00                           _138_ (net)
                  0.06    0.00    3.19 v _267_/A (sky130_fd_sc_hd__clkbuf_1)
                  0.02    0.09    3.28 v _267_/X (sky130_fd_sc_hd__clkbuf_1)
     1    0.00                           _076_ (net)
                  0.02    0.00    3.28 v _437_/D (sky130_fd_sc_hd__dfrtp_1)
                                  3.28   data arrival time

                         10.00   10.00   clock clk (rise edge)
                          0.00   10.00   clock source latency
                  0.09    0.06   10.06 ^ clk (in)
     2    0.02                           clk (net)
                  0.09    0.00   10.06 ^ clkbuf_0_clk/A (sky130_fd_sc_hd__clkbuf_16)
                  0.07    0.16   10.22 ^ clkbuf_0_clk/X (sky130_fd_sc_hd__clkbuf_16)
     4    0.05                           clknet_0_clk (net)
                  0.07    0.00   10.22 ^ clkbuf_2_0__f_clk/A (sky130_fd_sc_hd__clkbuf_16)
                  0.06    0.14   10.36 ^ clkbuf_2_0__f_clk/X (sky130_fd_sc_hd__clkbuf_16)
    11    0.04                           clknet_2_0__leaf_clk (net)
                  0.06    0.00   10.36 ^ _437_/CLK (sky130_fd_sc_hd__dfrtp_1)
                         -0.25   10.11   clock uncertainty
                          0.02   10.13   clock reconvergence pessimism
                         -0.10   10.03   library setup time
                                 10.03   data required time
-----------------------------------------------------------------------------
                                 10.03   data required time
                                 -3.28   data arrival time
-----------------------------------------------------------------------------
                                  6.74   slack (MET)


Startpoint: _435_ (rising edge-triggered flip-flop clocked by clk)
Endpoint: rx_data[3] (output port clocked by clk)
Path Group: clk
Path Type: max

Fanout     Cap    Slew   Delay    Time   Description
-----------------------------------------------------------------------------
                          0.00    0.00   clock clk (rise edge)
                          0.00    0.00   clock source latency
                  0.09    0.07    0.07 ^ clk (in)
     2    0.02                           clk (net)
                  0.09    0.00    0.07 ^ clkbuf_0_clk/A (sky130_fd_sc_hd__clkbuf_16)
                  0.07    0.17    0.24 ^ clkbuf_0_clk/X (sky130_fd_sc_hd__clkbuf_16)
     4    0.05                           clknet_0_clk (net)
                  0.07    0.00    0.24 ^ clkbuf_2_0__f_clk/A (sky130_fd_sc_hd__clkbuf_16)
                  0.06    0.15    0.39 ^ clkbuf_2_0__f_clk/X (sky130_fd_sc_hd__clkbuf_16)
    11    0.04                           clknet_2_0__leaf_clk (net)
                  0.06    0.00    0.40 ^ _435_/CLK (sky130_fd_sc_hd__dfrtp_1)
                  0.07    0.41    0.80 v _435_/Q (sky130_fd_sc_hd__dfrtp_1)
     2    0.01                           net14 (net)
                  0.07    0.00    0.80 v output14/A (sky130_fd_sc_hd__clkbuf_4)
                  0.08    0.20    1.01 v output14/X (sky130_fd_sc_hd__clkbuf_4)
     1    0.03                           rx_data[3] (net)
                  0.08    0.00    1.01 v rx_data[3] (out)
                                  1.01   data arrival time

                         10.00   10.00   clock clk (rise edge)
                          0.00   10.00   clock network delay (propagated)
                         -0.25    9.75   clock uncertainty
                          0.00    9.75   clock reconvergence pessimism
                         -2.00    7.75   output external delay
                                  7.75   data required time
-----------------------------------------------------------------------------
                                  7.75   data required time
                                 -1.01   data arrival time
-----------------------------------------------------------------------------
                                  6.74   slack (MET)


Startpoint: _434_ (rising edge-triggered flip-flop clocked by clk)
Endpoint: rx_data[2] (output port clocked by clk)
Path Group: clk
Path Type: max

Fanout     Cap    Slew   Delay    Time   Description
-----------------------------------------------------------------------------
                          0.00    0.00   clock clk (rise edge)
                          0.00    0.00   clock source latency
                  0.09    0.07    0.07 ^ clk (in)
     2    0.02                           clk (net)
                  0.09    0.00    0.07 ^ clkbuf_0_clk/A (sky130_fd_sc_hd__clkbuf_16)
                  0.07    0.17    0.24 ^ clkbuf_0_clk/X (sky130_fd_sc_hd__clkbuf_16)
     4    0.05                           clknet_0_clk (net)
                  0.07    0.00    0.24 ^ clkbuf_2_0__f_clk/A (sky130_fd_sc_hd__clkbuf_16)
                  0.06    0.15    0.39 ^ clkbuf_2_0__f_clk/X (sky130_fd_sc_hd__clkbuf_16)
    11    0.04                           clknet_2_0__leaf_clk (net)
                  0.06    0.00    0.40 ^ _434_/CLK (sky130_fd_sc_hd__dfrtp_1)
                  0.06    0.40    0.80 v _434_/Q (sky130_fd_sc_hd__dfrtp_1)
     2    0.01                           net13 (net)
                  0.06    0.00    0.80 v output13/A (sky130_fd_sc_hd__clkbuf_4)
                  0.08    0.20    1.00 v output13/X (sky130_fd_sc_hd__clkbuf_4)
     1    0.03                           rx_data[2] (net)
                  0.08    0.00    1.00 v rx_data[2] (out)
                                  1.00   data arrival time

                         10.00   10.00   clock clk (rise edge)
                          0.00   10.00   clock network delay (propagated)
                         -0.25    9.75   clock uncertainty
                          0.00    9.75   clock reconvergence pessimism
                         -2.00    7.75   output external delay
                                  7.75   data required time
-----------------------------------------------------------------------------
                                  7.75   data required time
                                 -1.00   data arrival time
-----------------------------------------------------------------------------
                                  6.75   slack (MET)


Startpoint: _443_ (rising edge-triggered flip-flop clocked by clk)
Endpoint: _438_ (rising edge-triggered flip-flop clocked by clk)
Path Group: clk
Path Type: max

Fanout     Cap    Slew   Delay    Time   Description
-----------------------------------------------------------------------------
                          0.00    0.00   clock clk (rise edge)
                          0.00    0.00   clock source latency
                  0.09    0.07    0.07 ^ clk (in)
     2    0.02                           clk (net)
                  0.09    0.00    0.07 ^ clkbuf_0_clk/A (sky130_fd_sc_hd__clkbuf_16)
                  0.07    0.17    0.24 ^ clkbuf_0_clk/X (sky130_fd_sc_hd__clkbuf_16)
     4    0.05                           clknet_0_clk (net)
                  0.07    0.00    0.24 ^ clkbuf_2_1__f_clk/A (sky130_fd_sc_hd__clkbuf_16)
                  0.07    0.16    0.40 ^ clkbuf_2_1__f_clk/X (sky130_fd_sc_hd__clkbuf_16)
    15    0.05                           clknet_2_1__leaf_clk (net)
                  0.07    0.00    0.40 ^ _443_/CLK (sky130_fd_sc_hd__dfrtp_4)
                  0.10    0.47    0.88 ^ _443_/Q (sky130_fd_sc_hd__dfrtp_4)
     7    0.02                           rx_inst.clk_count[0] (net)
                  0.10    0.00    0.88 ^ _220_/C_N (sky130_fd_sc_hd__or4bb_1)
                  0.09    0.52    1.40 v _220_/X (sky130_fd_sc_hd__or4bb_1)
     1    0.00                           _101_ (net)
                  0.09    0.00    1.40 v _223_/A2 (sky130_fd_sc_hd__o211a_2)
                  0.08    0.32    1.72 v _223_/X (sky130_fd_sc_hd__o211a_2)
     7    0.02                           _104_ (net)
                  0.08    0.00    1.72 v _257_/C (sky130_fd_sc_hd__or4_2)
                  0.13    0.70    2.43 v _257_/X (sky130_fd_sc_hd__or4_2)
     3    0.01                           _131_ (net)
                  0.13    0.00    2.43 v _262_/B (sky130_fd_sc_hd__or3b_1)
                  0.08    0.41    2.83 v _262_/X (sky130_fd_sc_hd__or3b_1)
     1    0.00                           _135_ (net)
                  0.08    0.00    2.83 v _263_/S (sky130_fd_sc_hd__mux2_1)
                  0.06    0.33    3.16 v _263_/X (sky130_fd_sc_hd__mux2_1)
     1    0.00                           _136_ (net)
                  0.06    0.00    3.16 v _264_/A (sky130_fd_sc_hd__clkbuf_1)
                  0.02    0.09    3.26 v _264_/X (sky130_fd_sc_hd__clkbuf_1)
     1    0.00                           _077_ (net)
                  0.02    0.00    3.26 v _438_/D (sky130_fd_sc_hd__dfrtp_2)
                                  3.26   data arrival time

                         10.00   10.00   clock clk (rise edge)
                          0.00   10.00   clock source latency
                  0.09    0.06   10.06 ^ clk (in)
     2    0.02                           clk (net)
                  0.09    0.00   10.06 ^ clkbuf_0_clk/A (sky130_fd_sc_hd__clkbuf_16)
                  0.07    0.16   10.22 ^ clkbuf_0_clk/X (sky130_fd_sc_hd__clkbuf_16)
     4    0.05                           clknet_0_clk (net)
                  0.07    0.00   10.22 ^ clkbuf_2_1__f_clk/A (sky130_fd_sc_hd__clkbuf_16)
                  0.07    0.15   10.37 ^ clkbuf_2_1__f_clk/X (sky130_fd_sc_hd__clkbuf_16)
    15    0.05                           clknet_2_1__leaf_clk (net)
                  0.07    0.00   10.37 ^ _438_/CLK (sky130_fd_sc_hd__dfrtp_2)
                         -0.25   10.12   clock uncertainty
                          0.04   10.15   clock reconvergence pessimism
                         -0.10   10.05   library setup time
                                 10.05   data required time
-----------------------------------------------------------------------------
                                 10.05   data required time
                                 -3.26   data arrival time
-----------------------------------------------------------------------------
                                  6.79   slack (MET)


Startpoint: _443_ (rising edge-triggered flip-flop clocked by clk)
Endpoint: _436_ (rising edge-triggered flip-flop clocked by clk)
Path Group: clk
Path Type: max

Fanout     Cap    Slew   Delay    Time   Description
-----------------------------------------------------------------------------
                          0.00    0.00   clock clk (rise edge)
                          0.00    0.00   clock source latency
                  0.09    0.07    0.07 ^ clk (in)
     2    0.02                           clk (net)
                  0.09    0.00    0.07 ^ clkbuf_0_clk/A (sky130_fd_sc_hd__clkbuf_16)
                  0.07    0.17    0.24 ^ clkbuf_0_clk/X (sky130_fd_sc_hd__clkbuf_16)
     4    0.05                           clknet_0_clk (net)
                  0.07    0.00    0.24 ^ clkbuf_2_1__f_clk/A (sky130_fd_sc_hd__clkbuf_16)
                  0.07    0.16    0.40 ^ clkbuf_2_1__f_clk/X (sky130_fd_sc_hd__clkbuf_16)
    15    0.05                           clknet_2_1__leaf_clk (net)
                  0.07    0.00    0.40 ^ _443_/CLK (sky130_fd_sc_hd__dfrtp_4)
                  0.10    0.47    0.88 ^ _443_/Q (sky130_fd_sc_hd__dfrtp_4)
     7    0.02                           rx_inst.clk_count[0] (net)
                  0.10    0.00    0.88 ^ _220_/C_N (sky130_fd_sc_hd__or4bb_1)
                  0.09    0.52    1.40 v _220_/X (sky130_fd_sc_hd__or4bb_1)
     1    0.00                           _101_ (net)
                  0.09    0.00    1.40 v _223_/A2 (sky130_fd_sc_hd__o211a_2)
                  0.08    0.32    1.72 v _223_/X (sky130_fd_sc_hd__o211a_2)
     7    0.02                           _104_ (net)
                  0.08    0.00    1.72 v _250_/C (sky130_fd_sc_hd__or3_2)
                  0.12    0.50    2.22 v _250_/X (sky130_fd_sc_hd__or3_2)
     5    0.02                           _126_ (net)
                  0.12    0.00    2.22 v _268_/C (sky130_fd_sc_hd__or4b_1)
                  0.09    0.52    2.74 v _268_/X (sky130_fd_sc_hd__or4b_1)
     1    0.00                           _139_ (net)
                  0.09    0.00    2.74 v _269_/S (sky130_fd_sc_hd__mux2_1)
                  0.05    0.33    3.08 v _269_/X (sky130_fd_sc_hd__mux2_1)
     1    0.00                           _140_ (net)
                  0.05    0.00    3.08 v _270_/A (sky130_fd_sc_hd__clkbuf_1)
                  0.02    0.09    3.17 v _270_/X (sky130_fd_sc_hd__clkbuf_1)
     1    0.00                           _075_ (net)
                  0.02    0.00    3.17 v _436_/D (sky130_fd_sc_hd__dfrtp_1)
                                  3.17   data arrival time

                         10.00   10.00   clock clk (rise edge)
                          0.00   10.00   clock source latency
                  0.09    0.06   10.06 ^ clk (in)
     2    0.02                           clk (net)
                  0.09    0.00   10.06 ^ clkbuf_0_clk/A (sky130_fd_sc_hd__clkbuf_16)
                  0.07    0.16   10.22 ^ clkbuf_0_clk/X (sky130_fd_sc_hd__clkbuf_16)
     4    0.05                           clknet_0_clk (net)
                  0.07    0.00   10.22 ^ clkbuf_2_0__f_clk/A (sky130_fd_sc_hd__clkbuf_16)
                  0.06    0.14   10.36 ^ clkbuf_2_0__f_clk/X (sky130_fd_sc_hd__clkbuf_16)
    11    0.04                           clknet_2_0__leaf_clk (net)
                  0.06    0.00   10.36 ^ _436_/CLK (sky130_fd_sc_hd__dfrtp_1)
                         -0.25   10.11   clock uncertainty
                          0.02   10.13   clock reconvergence pessimism
                         -0.10   10.03   library setup time
                                 10.03   data required time
-----------------------------------------------------------------------------
                                 10.03   data required time
                                 -3.17   data arrival time
-----------------------------------------------------------------------------
                                  6.86   slack (MET)


Startpoint: _443_ (rising edge-triggered flip-flop clocked by clk)
Endpoint: _432_ (rising edge-triggered flip-flop clocked by clk)
Path Group: clk
Path Type: max

Fanout     Cap    Slew   Delay    Time   Description
-----------------------------------------------------------------------------
                          0.00    0.00   clock clk (rise edge)
                          0.00    0.00   clock source latency
                  0.09    0.07    0.07 ^ clk (in)
     2    0.02                           clk (net)
                  0.09    0.00    0.07 ^ clkbuf_0_clk/A (sky130_fd_sc_hd__clkbuf_16)
                  0.07    0.17    0.24 ^ clkbuf_0_clk/X (sky130_fd_sc_hd__clkbuf_16)
     4    0.05                           clknet_0_clk (net)
                  0.07    0.00    0.24 ^ clkbuf_2_1__f_clk/A (sky130_fd_sc_hd__clkbuf_16)
                  0.07    0.16    0.40 ^ clkbuf_2_1__f_clk/X (sky130_fd_sc_hd__clkbuf_16)
    15    0.05                           clknet_2_1__leaf_clk (net)
                  0.07    0.00    0.40 ^ _443_/CLK (sky130_fd_sc_hd__dfrtp_4)
                  0.10    0.47    0.88 ^ _443_/Q (sky130_fd_sc_hd__dfrtp_4)
     7    0.02                           rx_inst.clk_count[0] (net)
                  0.10    0.00    0.88 ^ _220_/C_N (sky130_fd_sc_hd__or4bb_1)
                  0.09    0.52    1.40 v _220_/X (sky130_fd_sc_hd__or4bb_1)
     1    0.00                           _101_ (net)
                  0.09    0.00    1.40 v _223_/A2 (sky130_fd_sc_hd__o211a_2)
                  0.08    0.32    1.72 v _223_/X (sky130_fd_sc_hd__o211a_2)
     7    0.02                           _104_ (net)
                  0.08    0.00    1.72 v _250_/C (sky130_fd_sc_hd__or3_2)
                  0.12    0.50    2.22 v _250_/X (sky130_fd_sc_hd__or3_2)
     5    0.02                           _126_ (net)
                  0.12    0.00    2.22 v _281_/A (sky130_fd_sc_hd__nor3b_1)
                  0.31    0.35    2.57 ^ _281_/Y (sky130_fd_sc_hd__nor3b_1)
     1    0.01                           _148_ (net)
                  0.31    0.00    2.57 ^ _282_/S (sky130_fd_sc_hd__mux2_1)
                  0.05    0.37    2.94 v _282_/X (sky130_fd_sc_hd__mux2_1)
     1    0.00                           _149_ (net)
                  0.05    0.00    2.94 v _283_/A (sky130_fd_sc_hd__clkbuf_1)
                  0.02    0.09    3.03 v _283_/X (sky130_fd_sc_hd__clkbuf_1)
     1    0.00                           _071_ (net)
                  0.02    0.00    3.03 v _432_/D (sky130_fd_sc_hd__dfrtp_2)
                                  3.03   data arrival time

                         10.00   10.00   clock clk (rise edge)
                          0.00   10.00   clock source latency
                  0.09    0.06   10.06 ^ clk (in)
     2    0.02                           clk (net)
                  0.09    0.00   10.06 ^ clkbuf_0_clk/A (sky130_fd_sc_hd__clkbuf_16)
                  0.07    0.16   10.22 ^ clkbuf_0_clk/X (sky130_fd_sc_hd__clkbuf_16)
     4    0.05                           clknet_0_clk (net)
                  0.07    0.00   10.22 ^ clkbuf_2_1__f_clk/A (sky130_fd_sc_hd__clkbuf_16)
                  0.07    0.15   10.37 ^ clkbuf_2_1__f_clk/X (sky130_fd_sc_hd__clkbuf_16)
    15    0.05                           clknet_2_1__leaf_clk (net)
                  0.07    0.00   10.37 ^ _432_/CLK (sky130_fd_sc_hd__dfrtp_2)
                         -0.25   10.12   clock uncertainty
                          0.04   10.15   clock reconvergence pessimism
                         -0.10   10.05   library setup time
                                 10.05   data required time
-----------------------------------------------------------------------------
                                 10.05   data required time
                                 -3.03   data arrival time
-----------------------------------------------------------------------------
                                  7.02   slack (MET)


Startpoint: tx_start (input port clocked by clk)
Endpoint: _430_ (rising edge-triggered flip-flop clocked by clk)
Path Group: clk
Path Type: max

Fanout     Cap    Slew   Delay    Time   Description
-----------------------------------------------------------------------------
                          0.00    0.00   clock clk (rise edge)
                          0.00    0.00   clock network delay (propagated)
                          2.00    2.00 v input external delay
                  0.01    0.01    2.01 v tx_start (in)
     2    0.00                           tx_start (net)
                  0.01    0.00    2.01 v input10/A (sky130_fd_sc_hd__clkbuf_2)
                  0.09    0.15    2.16 v input10/X (sky130_fd_sc_hd__clkbuf_2)
     3    0.02                           net10 (net)
                  0.09    0.00    2.16 v _293_/B2 (sky130_fd_sc_hd__a32o_1)
                  0.04    0.23    2.39 v _293_/X (sky130_fd_sc_hd__a32o_1)
     1    0.00                           _158_ (net)
                  0.04    0.00    2.39 v _294_/A0 (sky130_fd_sc_hd__mux2_1)
                  0.06    0.30    2.69 v _294_/X (sky130_fd_sc_hd__mux2_1)
     1    0.00                           _159_ (net)
                  0.06    0.00    2.69 v _295_/A (sky130_fd_sc_hd__clkbuf_1)
                  0.03    0.10    2.79 v _295_/X (sky130_fd_sc_hd__clkbuf_1)
     1    0.00                           _069_ (net)
                  0.03    0.00    2.79 v _430_/D (sky130_fd_sc_hd__dfrtp_4)
                                  2.79   data arrival time

                         10.00   10.00   clock clk (rise edge)
                          0.00   10.00   clock source latency
                  0.09    0.06   10.06 ^ clk (in)
     2    0.02                           clk (net)
                  0.09    0.00   10.06 ^ clkbuf_0_clk/A (sky130_fd_sc_hd__clkbuf_16)
                  0.07    0.16   10.22 ^ clkbuf_0_clk/X (sky130_fd_sc_hd__clkbuf_16)
     4    0.05                           clknet_0_clk (net)
                  0.07    0.00   10.22 ^ clkbuf_2_2__f_clk/A (sky130_fd_sc_hd__clkbuf_16)
                  0.05    0.14   10.35 ^ clkbuf_2_2__f_clk/X (sky130_fd_sc_hd__clkbuf_16)
    11    0.03                           clknet_2_2__leaf_clk (net)
                  0.05    0.00   10.36 ^ _430_/CLK (sky130_fd_sc_hd__dfrtp_4)
                         -0.25   10.11   clock uncertainty
                          0.00   10.11   clock reconvergence pessimism
                         -0.10   10.00   library setup time
                                 10.00   data required time
-----------------------------------------------------------------------------
                                 10.00   data required time
                                 -2.79   data arrival time
-----------------------------------------------------------------------------
                                  7.21   slack (MET)


Startpoint: tx_start (input port clocked by clk)
Endpoint: _427_ (rising edge-triggered flip-flop clocked by clk)
Path Group: clk
Path Type: max

Fanout     Cap    Slew   Delay    Time   Description
-----------------------------------------------------------------------------
                          0.00    0.00   clock clk (rise edge)
                          0.00    0.00   clock network delay (propagated)
                          2.00    2.00 ^ input external delay
                  0.03    0.02    2.02 ^ tx_start (in)
     2    0.00                           tx_start (net)
                  0.03    0.00    2.02 ^ input10/A (sky130_fd_sc_hd__clkbuf_2)
                  0.14    0.17    2.19 ^ input10/X (sky130_fd_sc_hd__clkbuf_2)
     3    0.02                           net10 (net)
                  0.14    0.00    2.19 ^ _296_/A (sky130_fd_sc_hd__nand2_4)
                  0.13    0.13    2.32 v _296_/Y (sky130_fd_sc_hd__nand2_4)
     8    0.04                           _160_ (net)
                  0.13    0.00    2.32 v _301_/S (sky130_fd_sc_hd__mux2_1)
                  0.05    0.35    2.67 v _301_/X (sky130_fd_sc_hd__mux2_1)
     1    0.00                           _163_ (net)
                  0.05    0.00    2.67 v _302_/A (sky130_fd_sc_hd__clkbuf_1)
                  0.03    0.10    2.77 v _302_/X (sky130_fd_sc_hd__clkbuf_1)
     1    0.00                           _066_ (net)
                  0.03    0.00    2.77 v _427_/D (sky130_fd_sc_hd__dfrtp_1)
                                  2.77   data arrival time

                         10.00   10.00   clock clk (rise edge)
                          0.00   10.00   clock source latency
                  0.09    0.06   10.06 ^ clk (in)
     2    0.02                           clk (net)
                  0.09    0.00   10.06 ^ clkbuf_0_clk/A (sky130_fd_sc_hd__clkbuf_16)
                  0.07    0.16   10.22 ^ clkbuf_0_clk/X (sky130_fd_sc_hd__clkbuf_16)
     4    0.05                           clknet_0_clk (net)
                  0.07    0.00   10.22 ^ clkbuf_2_3__f_clk/A (sky130_fd_sc_hd__clkbuf_16)
                  0.05    0.13   10.35 ^ clkbuf_2_3__f_clk/X (sky130_fd_sc_hd__clkbuf_16)
     8    0.03                           clknet_2_3__leaf_clk (net)
                  0.05    0.00   10.35 ^ _427_/CLK (sky130_fd_sc_hd__dfrtp_1)
                         -0.25   10.10   clock uncertainty
                          0.00   10.10   clock reconvergence pessimism
                         -0.11   10.00   library setup time
                                 10.00   data required time
-----------------------------------------------------------------------------
                                 10.00   data required time
                                 -2.77   data arrival time
-----------------------------------------------------------------------------
                                  7.23   slack (MET)


Startpoint: tx_start (input port clocked by clk)
Endpoint: _424_ (rising edge-triggered flip-flop clocked by clk)
Path Group: clk
Path Type: max

Fanout     Cap    Slew   Delay    Time   Description
-----------------------------------------------------------------------------
                          0.00    0.00   clock clk (rise edge)
                          0.00    0.00   clock network delay (propagated)
                          2.00    2.00 ^ input external delay
                  0.03    0.02    2.02 ^ tx_start (in)
     2    0.00                           tx_start (net)
                  0.03    0.00    2.02 ^ input10/A (sky130_fd_sc_hd__clkbuf_2)
                  0.14    0.17    2.19 ^ input10/X (sky130_fd_sc_hd__clkbuf_2)
     3    0.02                           net10 (net)
                  0.14    0.00    2.19 ^ _296_/A (sky130_fd_sc_hd__nand2_4)
                  0.13    0.13    2.32 v _296_/Y (sky130_fd_sc_hd__nand2_4)
     8    0.04                           _160_ (net)
                  0.13    0.00    2.32 v _307_/S (sky130_fd_sc_hd__mux2_1)
                  0.05    0.35    2.67 v _307_/X (sky130_fd_sc_hd__mux2_1)
     1    0.00                           _166_ (net)
                  0.05    0.00    2.67 v _308_/A (sky130_fd_sc_hd__clkbuf_1)
                  0.02    0.09    2.76 v _308_/X (sky130_fd_sc_hd__clkbuf_1)
     1    0.00                           _063_ (net)
                  0.02    0.00    2.76 v _424_/D (sky130_fd_sc_hd__dfrtp_1)
                                  2.76   data arrival time

                         10.00   10.00   clock clk (rise edge)
                          0.00   10.00   clock source latency
                  0.09    0.06   10.06 ^ clk (in)
     2    0.02                           clk (net)
                  0.09    0.00   10.06 ^ clkbuf_0_clk/A (sky130_fd_sc_hd__clkbuf_16)
                  0.07    0.16   10.22 ^ clkbuf_0_clk/X (sky130_fd_sc_hd__clkbuf_16)
     4    0.05                           clknet_0_clk (net)
                  0.07    0.00   10.22 ^ clkbuf_2_3__f_clk/A (sky130_fd_sc_hd__clkbuf_16)
                  0.05    0.13   10.35 ^ clkbuf_2_3__f_clk/X (sky130_fd_sc_hd__clkbuf_16)
     8    0.03                           clknet_2_3__leaf_clk (net)
                  0.05    0.00   10.35 ^ _424_/CLK (sky130_fd_sc_hd__dfrtp_1)
                         -0.25   10.10   clock uncertainty
                          0.00   10.10   clock reconvergence pessimism
                         -0.10   10.00   library setup time
                                 10.00   data required time
-----------------------------------------------------------------------------
                                 10.00   data required time
                                 -2.76   data arrival time
-----------------------------------------------------------------------------
                                  7.24   slack (MET)


Startpoint: tx_start (input port clocked by clk)
Endpoint: _426_ (rising edge-triggered flip-flop clocked by clk)
Path Group: clk
Path Type: max

Fanout     Cap    Slew   Delay    Time   Description
-----------------------------------------------------------------------------
                          0.00    0.00   clock clk (rise edge)
                          0.00    0.00   clock network delay (propagated)
                          2.00    2.00 ^ input external delay
                  0.03    0.02    2.02 ^ tx_start (in)
     2    0.00                           tx_start (net)
                  0.03    0.00    2.02 ^ input10/A (sky130_fd_sc_hd__clkbuf_2)
                  0.14    0.17    2.19 ^ input10/X (sky130_fd_sc_hd__clkbuf_2)
     3    0.02                           net10 (net)
                  0.14    0.00    2.19 ^ _296_/A (sky130_fd_sc_hd__nand2_4)
                  0.13    0.13    2.32 v _296_/Y (sky130_fd_sc_hd__nand2_4)
     8    0.04                           _160_ (net)
                  0.13    0.00    2.32 v _303_/S (sky130_fd_sc_hd__mux2_1)
                  0.05    0.35    2.66 v _303_/X (sky130_fd_sc_hd__mux2_1)
     1    0.00                           _164_ (net)
                  0.05    0.00    2.66 v _304_/A (sky130_fd_sc_hd__clkbuf_1)
                  0.02    0.09    2.76 v _304_/X (sky130_fd_sc_hd__clkbuf_1)
     1    0.00                           _065_ (net)
                  0.02    0.00    2.76 v _426_/D (sky130_fd_sc_hd__dfrtp_1)
                                  2.76   data arrival time

                         10.00   10.00   clock clk (rise edge)
                          0.00   10.00   clock source latency
                  0.09    0.06   10.06 ^ clk (in)
     2    0.02                           clk (net)
                  0.09    0.00   10.06 ^ clkbuf_0_clk/A (sky130_fd_sc_hd__clkbuf_16)
                  0.07    0.16   10.22 ^ clkbuf_0_clk/X (sky130_fd_sc_hd__clkbuf_16)
     4    0.05                           clknet_0_clk (net)
                  0.07    0.00   10.22 ^ clkbuf_2_3__f_clk/A (sky130_fd_sc_hd__clkbuf_16)
                  0.05    0.13   10.35 ^ clkbuf_2_3__f_clk/X (sky130_fd_sc_hd__clkbuf_16)
     8    0.03                           clknet_2_3__leaf_clk (net)
                  0.05    0.00   10.35 ^ _426_/CLK (sky130_fd_sc_hd__dfrtp_1)
                         -0.25   10.10   clock uncertainty
                          0.00   10.10   clock reconvergence pessimism
                         -0.10   10.00   library setup time
                                 10.00   data required time
-----------------------------------------------------------------------------
                                 10.00   data required time
                                 -2.76   data arrival time
-----------------------------------------------------------------------------
                                  7.24   slack (MET)


Startpoint: tx_start (input port clocked by clk)
Endpoint: _425_ (rising edge-triggered flip-flop clocked by clk)
Path Group: clk
Path Type: max

Fanout     Cap    Slew   Delay    Time   Description
-----------------------------------------------------------------------------
                          0.00    0.00   clock clk (rise edge)
                          0.00    0.00   clock network delay (propagated)
                          2.00    2.00 ^ input external delay
                  0.03    0.02    2.02 ^ tx_start (in)
     2    0.00                           tx_start (net)
                  0.03    0.00    2.02 ^ input10/A (sky130_fd_sc_hd__clkbuf_2)
                  0.14    0.17    2.19 ^ input10/X (sky130_fd_sc_hd__clkbuf_2)
     3    0.02                           net10 (net)
                  0.14    0.00    2.19 ^ _296_/A (sky130_fd_sc_hd__nand2_4)
                  0.13    0.13    2.32 v _296_/Y (sky130_fd_sc_hd__nand2_4)
     8    0.04                           _160_ (net)
                  0.13    0.00    2.32 v _305_/S (sky130_fd_sc_hd__mux2_1)
                  0.06    0.35    2.67 v _305_/X (sky130_fd_sc_hd__mux2_1)
     1    0.00                           _165_ (net)
                  0.06    0.00    2.67 v _306_/A (sky130_fd_sc_hd__clkbuf_1)
                  0.03    0.10    2.77 v _306_/X (sky130_fd_sc_hd__clkbuf_1)
     1    0.00                           _064_ (net)
                  0.03    0.00    2.77 v _425_/D (sky130_fd_sc_hd__dfrtp_1)
                                  2.77   data arrival time

                         10.00   10.00   clock clk (rise edge)
                          0.00   10.00   clock source latency
                  0.09    0.06   10.06 ^ clk (in)
     2    0.02                           clk (net)
                  0.09    0.00   10.06 ^ clkbuf_0_clk/A (sky130_fd_sc_hd__clkbuf_16)
                  0.07    0.16   10.22 ^ clkbuf_0_clk/X (sky130_fd_sc_hd__clkbuf_16)
     4    0.05                           clknet_0_clk (net)
                  0.07    0.00   10.22 ^ clkbuf_2_1__f_clk/A (sky130_fd_sc_hd__clkbuf_16)
                  0.07    0.15   10.37 ^ clkbuf_2_1__f_clk/X (sky130_fd_sc_hd__clkbuf_16)
    15    0.05                           clknet_2_1__leaf_clk (net)
                  0.07    0.00   10.37 ^ _425_/CLK (sky130_fd_sc_hd__dfrtp_1)
                         -0.25   10.12   clock uncertainty
                          0.00   10.12   clock reconvergence pessimism
                         -0.10   10.01   library setup time
                                 10.01   data required time
-----------------------------------------------------------------------------
                                 10.01   data required time
                                 -2.77   data arrival time
-----------------------------------------------------------------------------
                                  7.24   slack (MET)


Startpoint: tx_start (input port clocked by clk)
Endpoint: _429_ (rising edge-triggered flip-flop clocked by clk)
Path Group: clk
Path Type: max

Fanout     Cap    Slew   Delay    Time   Description
-----------------------------------------------------------------------------
                          0.00    0.00   clock clk (rise edge)
                          0.00    0.00   clock network delay (propagated)
                          2.00    2.00 ^ input external delay
                  0.03    0.02    2.02 ^ tx_start (in)
     2    0.00                           tx_start (net)
                  0.03    0.00    2.02 ^ input10/A (sky130_fd_sc_hd__clkbuf_2)
                  0.14    0.17    2.19 ^ input10/X (sky130_fd_sc_hd__clkbuf_2)
     3    0.02                           net10 (net)
                  0.14    0.00    2.19 ^ _296_/A (sky130_fd_sc_hd__nand2_4)
                  0.13    0.13    2.32 v _296_/Y (sky130_fd_sc_hd__nand2_4)
     8    0.04                           _160_ (net)
                  0.13    0.00    2.32 v _297_/S (sky130_fd_sc_hd__mux2_1)
                  0.05    0.35    2.67 v _297_/X (sky130_fd_sc_hd__mux2_1)
     1    0.00                           _161_ (net)
                  0.05    0.00    2.67 v _298_/A (sky130_fd_sc_hd__clkbuf_1)
                  0.02    0.09    2.76 v _298_/X (sky130_fd_sc_hd__clkbuf_1)
     1    0.00                           _068_ (net)
                  0.02    0.00    2.76 v _429_/D (sky130_fd_sc_hd__dfrtp_1)
                                  2.76   data arrival time

                         10.00   10.00   clock clk (rise edge)
                          0.00   10.00   clock source latency
                  0.09    0.06   10.06 ^ clk (in)
     2    0.02                           clk (net)
                  0.09    0.00   10.06 ^ clkbuf_0_clk/A (sky130_fd_sc_hd__clkbuf_16)
                  0.07    0.16   10.22 ^ clkbuf_0_clk/X (sky130_fd_sc_hd__clkbuf_16)
     4    0.05                           clknet_0_clk (net)
                  0.07    0.00   10.22 ^ clkbuf_2_1__f_clk/A (sky130_fd_sc_hd__clkbuf_16)
                  0.07    0.15   10.37 ^ clkbuf_2_1__f_clk/X (sky130_fd_sc_hd__clkbuf_16)
    15    0.05                           clknet_2_1__leaf_clk (net)
                  0.07    0.00   10.37 ^ _429_/CLK (sky130_fd_sc_hd__dfrtp_1)
                         -0.25   10.12   clock uncertainty
                          0.00   10.12   clock reconvergence pessimism
                         -0.10   10.02   library setup time
                                 10.02   data required time
-----------------------------------------------------------------------------
                                 10.02   data required time
                                 -2.76   data arrival time
-----------------------------------------------------------------------------
                                  7.25   slack (MET)


Startpoint: tx_start (input port clocked by clk)
Endpoint: _428_ (rising edge-triggered flip-flop clocked by clk)
Path Group: clk
Path Type: max

Fanout     Cap    Slew   Delay    Time   Description
-----------------------------------------------------------------------------
                          0.00    0.00   clock clk (rise edge)
                          0.00    0.00   clock network delay (propagated)
                          2.00    2.00 ^ input external delay
                  0.03    0.02    2.02 ^ tx_start (in)
     2    0.00                           tx_start (net)
                  0.03    0.00    2.02 ^ input10/A (sky130_fd_sc_hd__clkbuf_2)
                  0.14    0.17    2.19 ^ input10/X (sky130_fd_sc_hd__clkbuf_2)
     3    0.02                           net10 (net)
                  0.14    0.00    2.19 ^ _296_/A (sky130_fd_sc_hd__nand2_4)
                  0.13    0.13    2.32 v _296_/Y (sky130_fd_sc_hd__nand2_4)
     8    0.04                           _160_ (net)
                  0.13    0.00    2.32 v _299_/S (sky130_fd_sc_hd__mux2_1)
                  0.05    0.35    2.67 v _299_/X (sky130_fd_sc_hd__mux2_1)
     1    0.00                           _162_ (net)
                  0.05    0.00    2.67 v _300_/A (sky130_fd_sc_hd__clkbuf_1)
                  0.03    0.09    2.76 v _300_/X (sky130_fd_sc_hd__clkbuf_1)
     1    0.00                           _067_ (net)
                  0.03    0.00    2.76 v _428_/D (sky130_fd_sc_hd__dfrtp_1)
                                  2.76   data arrival time

                         10.00   10.00   clock clk (rise edge)
                          0.00   10.00   clock source latency
                  0.09    0.06   10.06 ^ clk (in)
     2    0.02                           clk (net)
                  0.09    0.00   10.06 ^ clkbuf_0_clk/A (sky130_fd_sc_hd__clkbuf_16)
                  0.07    0.16   10.22 ^ clkbuf_0_clk/X (sky130_fd_sc_hd__clkbuf_16)
     4    0.05                           clknet_0_clk (net)
                  0.07    0.00   10.22 ^ clkbuf_2_1__f_clk/A (sky130_fd_sc_hd__clkbuf_16)
                  0.07    0.15   10.37 ^ clkbuf_2_1__f_clk/X (sky130_fd_sc_hd__clkbuf_16)
    15    0.05                           clknet_2_1__leaf_clk (net)
                  0.07    0.00   10.37 ^ _428_/CLK (sky130_fd_sc_hd__dfrtp_1)
                         -0.25   10.12   clock uncertainty
                          0.00   10.12   clock reconvergence pessimism
                         -0.10   10.02   library setup time
                                 10.02   data required time
-----------------------------------------------------------------------------
                                 10.02   data required time
                                 -2.76   data arrival time
-----------------------------------------------------------------------------
                                  7.25   slack (MET)


Startpoint: tx_start (input port clocked by clk)
Endpoint: _422_ (rising edge-triggered flip-flop clocked by clk)
Path Group: clk
Path Type: max

Fanout     Cap    Slew   Delay    Time   Description
-----------------------------------------------------------------------------
                          0.00    0.00   clock clk (rise edge)
                          0.00    0.00   clock network delay (propagated)
                          2.00    2.00 ^ input external delay
                  0.03    0.02    2.02 ^ tx_start (in)
     2    0.00                           tx_start (net)
                  0.03    0.00    2.02 ^ input10/A (sky130_fd_sc_hd__clkbuf_2)
                  0.14    0.17    2.19 ^ input10/X (sky130_fd_sc_hd__clkbuf_2)
     3    0.02                           net10 (net)
                  0.14    0.00    2.19 ^ _296_/A (sky130_fd_sc_hd__nand2_4)
                  0.13    0.13    2.32 v _296_/Y (sky130_fd_sc_hd__nand2_4)
     8    0.04                           _160_ (net)
                  0.13    0.00    2.32 v _311_/S (sky130_fd_sc_hd__mux2_1)
                  0.05    0.35    2.67 v _311_/X (sky130_fd_sc_hd__mux2_1)
     1    0.00                           _168_ (net)
                  0.05    0.00    2.67 v _312_/A (sky130_fd_sc_hd__clkbuf_1)
                  0.02    0.09    2.76 v _312_/X (sky130_fd_sc_hd__clkbuf_1)
     1    0.00                           _061_ (net)
                  0.02    0.00    2.76 v _422_/D (sky130_fd_sc_hd__dfrtp_1)
                                  2.76   data arrival time

                         10.00   10.00   clock clk (rise edge)
                          0.00   10.00   clock source latency
                  0.09    0.06   10.06 ^ clk (in)
     2    0.02                           clk (net)
                  0.09    0.00   10.06 ^ clkbuf_0_clk/A (sky130_fd_sc_hd__clkbuf_16)
                  0.07    0.16   10.22 ^ clkbuf_0_clk/X (sky130_fd_sc_hd__clkbuf_16)
     4    0.05                           clknet_0_clk (net)
                  0.07    0.00   10.22 ^ clkbuf_2_1__f_clk/A (sky130_fd_sc_hd__clkbuf_16)
                  0.07    0.15   10.37 ^ clkbuf_2_1__f_clk/X (sky130_fd_sc_hd__clkbuf_16)
    15    0.05                           clknet_2_1__leaf_clk (net)
                  0.07    0.00   10.37 ^ _422_/CLK (sky130_fd_sc_hd__dfrtp_1)
                         -0.25   10.12   clock uncertainty
                          0.00   10.12   clock reconvergence pessimism
                         -0.10   10.02   library setup time
                                 10.02   data required time
-----------------------------------------------------------------------------
                                 10.02   data required time
                                 -2.76   data arrival time
-----------------------------------------------------------------------------
                                  7.25   slack (MET)


Startpoint: tx_start (input port clocked by clk)
Endpoint: _423_ (rising edge-triggered flip-flop clocked by clk)
Path Group: clk
Path Type: max

Fanout     Cap    Slew   Delay    Time   Description
-----------------------------------------------------------------------------
                          0.00    0.00   clock clk (rise edge)
                          0.00    0.00   clock network delay (propagated)
                          2.00    2.00 ^ input external delay
                  0.03    0.02    2.02 ^ tx_start (in)
     2    0.00                           tx_start (net)
                  0.03    0.00    2.02 ^ input10/A (sky130_fd_sc_hd__clkbuf_2)
                  0.14    0.17    2.19 ^ input10/X (sky130_fd_sc_hd__clkbuf_2)
     3    0.02                           net10 (net)
                  0.14    0.00    2.19 ^ _296_/A (sky130_fd_sc_hd__nand2_4)
                  0.13    0.13    2.32 v _296_/Y (sky130_fd_sc_hd__nand2_4)
     8    0.04                           _160_ (net)
                  0.13    0.00    2.32 v _309_/S (sky130_fd_sc_hd__mux2_1)
                  0.05    0.35    2.67 v _309_/X (sky130_fd_sc_hd__mux2_1)
     1    0.00                           _167_ (net)
                  0.05    0.00    2.67 v _310_/A (sky130_fd_sc_hd__clkbuf_1)
                  0.02    0.09    2.76 v _310_/X (sky130_fd_sc_hd__clkbuf_1)
     1    0.00                           _062_ (net)
                  0.02    0.00    2.76 v _423_/D (sky130_fd_sc_hd__dfrtp_1)
                                  2.76   data arrival time

                         10.00   10.00   clock clk (rise edge)
                          0.00   10.00   clock source latency
                  0.09    0.06   10.06 ^ clk (in)
     2    0.02                           clk (net)
                  0.09    0.00   10.06 ^ clkbuf_0_clk/A (sky130_fd_sc_hd__clkbuf_16)
                  0.07    0.16   10.22 ^ clkbuf_0_clk/X (sky130_fd_sc_hd__clkbuf_16)
     4    0.05                           clknet_0_clk (net)
                  0.07    0.00   10.22 ^ clkbuf_2_1__f_clk/A (sky130_fd_sc_hd__clkbuf_16)
                  0.07    0.15   10.37 ^ clkbuf_2_1__f_clk/X (sky130_fd_sc_hd__clkbuf_16)
    15    0.05                           clknet_2_1__leaf_clk (net)
                  0.07    0.00   10.37 ^ _423_/CLK (sky130_fd_sc_hd__dfrtp_1)
                         -0.25   10.12   clock uncertainty
                          0.00   10.12   clock reconvergence pessimism
                         -0.10   10.02   library setup time
                                 10.02   data required time
-----------------------------------------------------------------------------
                                 10.02   data required time
                                 -2.76   data arrival time
-----------------------------------------------------------------------------
                                  7.26   slack (MET)


Startpoint: _443_ (rising edge-triggered flip-flop clocked by clk)
Endpoint: _441_ (rising edge-triggered flip-flop clocked by clk)
Path Group: clk
Path Type: max

Fanout     Cap    Slew   Delay    Time   Description
-----------------------------------------------------------------------------
                          0.00    0.00   clock clk (rise edge)
                          0.00    0.00   clock source latency
                  0.09    0.07    0.07 ^ clk (in)
     2    0.02                           clk (net)
                  0.09    0.00    0.07 ^ clkbuf_0_clk/A (sky130_fd_sc_hd__clkbuf_16)
                  0.07    0.17    0.24 ^ clkbuf_0_clk/X (sky130_fd_sc_hd__clkbuf_16)
     4    0.05                           clknet_0_clk (net)
                  0.07    0.00    0.24 ^ clkbuf_2_1__f_clk/A (sky130_fd_sc_hd__clkbuf_16)
                  0.07    0.16    0.40 ^ clkbuf_2_1__f_clk/X (sky130_fd_sc_hd__clkbuf_16)
    15    0.05                           clknet_2_1__leaf_clk (net)
                  0.07    0.00    0.40 ^ _443_/CLK (sky130_fd_sc_hd__dfrtp_4)
                  0.10    0.47    0.88 ^ _443_/Q (sky130_fd_sc_hd__dfrtp_4)
     7    0.02                           rx_inst.clk_count[0] (net)
                  0.10    0.00    0.88 ^ _220_/C_N (sky130_fd_sc_hd__or4bb_1)
                  0.09    0.52    1.40 v _220_/X (sky130_fd_sc_hd__or4bb_1)
     1    0.00                           _101_ (net)
                  0.09    0.00    1.40 v _223_/A2 (sky130_fd_sc_hd__o211a_2)
                  0.08    0.32    1.72 v _223_/X (sky130_fd_sc_hd__o211a_2)
     7    0.02                           _104_ (net)
                  0.08    0.00    1.72 v _250_/C (sky130_fd_sc_hd__or3_2)
                  0.12    0.50    2.22 v _250_/X (sky130_fd_sc_hd__or3_2)
     5    0.02                           _126_ (net)
                  0.12    0.00    2.22 v _251_/C (sky130_fd_sc_hd__or3_1)
                  0.07    0.35    2.58 v _251_/X (sky130_fd_sc_hd__or3_1)
     1    0.00                           _127_ (net)
                  0.07    0.00    2.58 v _252_/B1_N (sky130_fd_sc_hd__a21bo_1)
                  0.04    0.20    2.77 ^ _252_/X (sky130_fd_sc_hd__a21bo_1)
     1    0.00                           _080_ (net)
                  0.04    0.00    2.77 ^ _441_/D (sky130_fd_sc_hd__dfrtp_2)
                                  2.77   data arrival time

                         10.00   10.00   clock clk (rise edge)
                          0.00   10.00   clock source latency
                  0.09    0.06   10.06 ^ clk (in)
     2    0.02                           clk (net)
                  0.09    0.00   10.06 ^ clkbuf_0_clk/A (sky130_fd_sc_hd__clkbuf_16)
                  0.07    0.16   10.22 ^ clkbuf_0_clk/X (sky130_fd_sc_hd__clkbuf_16)
     4    0.05                           clknet_0_clk (net)
                  0.07    0.00   10.22 ^ clkbuf_2_0__f_clk/A (sky130_fd_sc_hd__clkbuf_16)
                  0.06    0.14   10.36 ^ clkbuf_2_0__f_clk/X (sky130_fd_sc_hd__clkbuf_16)
    11    0.04                           clknet_2_0__leaf_clk (net)
                  0.06    0.00   10.36 ^ _441_/CLK (sky130_fd_sc_hd__dfrtp_2)
                         -0.25   10.11   clock uncertainty
                          0.02   10.13   clock reconvergence pessimism
                         -0.06   10.07   library setup time
                                 10.07   data required time
-----------------------------------------------------------------------------
                                 10.07   data required time
                                 -2.77   data arrival time
-----------------------------------------------------------------------------
                                  7.30   slack (MET)


Startpoint: _443_ (rising edge-triggered flip-flop clocked by clk)
Endpoint: _418_ (rising edge-triggered flip-flop clocked by clk)
Path Group: clk
Path Type: max

Fanout     Cap    Slew   Delay    Time   Description
-----------------------------------------------------------------------------
                          0.00    0.00   clock clk (rise edge)
                          0.00    0.00   clock source latency
                  0.09    0.07    0.07 ^ clk (in)
     2    0.02                           clk (net)
                  0.09    0.00    0.07 ^ clkbuf_0_clk/A (sky130_fd_sc_hd__clkbuf_16)
                  0.07    0.17    0.24 ^ clkbuf_0_clk/X (sky130_fd_sc_hd__clkbuf_16)
     4    0.05                           clknet_0_clk (net)
                  0.07    0.00    0.24 ^ clkbuf_2_1__f_clk/A (sky130_fd_sc_hd__clkbuf_16)
                  0.07    0.16    0.40 ^ clkbuf_2_1__f_clk/X (sky130_fd_sc_hd__clkbuf_16)
    15    0.05                           clknet_2_1__leaf_clk (net)
                  0.07    0.00    0.40 ^ _443_/CLK (sky130_fd_sc_hd__dfrtp_4)
                  0.10    0.47    0.88 ^ _443_/Q (sky130_fd_sc_hd__dfrtp_4)
     7    0.02                           rx_inst.clk_count[0] (net)
                  0.10    0.00    0.88 ^ _220_/C_N (sky130_fd_sc_hd__or4bb_1)
                  0.09    0.52    1.40 v _220_/X (sky130_fd_sc_hd__or4bb_1)
     1    0.00                           _101_ (net)
                  0.09    0.00    1.40 v _223_/A2 (sky130_fd_sc_hd__o211a_2)
                  0.08    0.32    1.72 v _223_/X (sky130_fd_sc_hd__o211a_2)
     7    0.02                           _104_ (net)
                  0.08    0.00    1.72 v _232_/B1 (sky130_fd_sc_hd__a2bb2o_1)
                  0.11    0.37    2.09 v _232_/X (sky130_fd_sc_hd__a2bb2o_1)
     5    0.02                           _112_ (net)
                  0.11    0.00    2.09 v _324_/B (sky130_fd_sc_hd__or3_1)
                  0.07    0.39    2.48 v _324_/X (sky130_fd_sc_hd__or3_1)
     1    0.00                           _177_ (net)
                  0.07    0.00    2.48 v _326_/A2 (sky130_fd_sc_hd__a21bo_1)
                  0.03    0.20    2.68 v _326_/X (sky130_fd_sc_hd__a21bo_1)
     1    0.00                           _057_ (net)
                  0.03    0.00    2.68 v _418_/D (sky130_fd_sc_hd__dfrtp_1)
                                  2.68   data arrival time

                         10.00   10.00   clock clk (rise edge)
                          0.00   10.00   clock source latency
                  0.09    0.06   10.06 ^ clk (in)
     2    0.02                           clk (net)
                  0.09    0.00   10.06 ^ clkbuf_0_clk/A (sky130_fd_sc_hd__clkbuf_16)
                  0.07    0.16   10.22 ^ clkbuf_0_clk/X (sky130_fd_sc_hd__clkbuf_16)
     4    0.05                           clknet_0_clk (net)
                  0.07    0.00   10.22 ^ clkbuf_2_0__f_clk/A (sky130_fd_sc_hd__clkbuf_16)
                  0.06    0.14   10.36 ^ clkbuf_2_0__f_clk/X (sky130_fd_sc_hd__clkbuf_16)
    11    0.04                           clknet_2_0__leaf_clk (net)
                  0.06    0.00   10.36 ^ _418_/CLK (sky130_fd_sc_hd__dfrtp_1)
                         -0.25   10.11   clock uncertainty
                          0.02   10.13   clock reconvergence pessimism
                         -0.11   10.03   library setup time
                                 10.03   data required time
-----------------------------------------------------------------------------
                                 10.03   data required time
                                 -2.68   data arrival time
-----------------------------------------------------------------------------
                                  7.34   slack (MET)


Startpoint: _443_ (rising edge-triggered flip-flop clocked by clk)
Endpoint: _433_ (rising edge-triggered flip-flop clocked by clk)
Path Group: clk
Path Type: max

Fanout     Cap    Slew   Delay    Time   Description
-----------------------------------------------------------------------------
                          0.00    0.00   clock clk (rise edge)
                          0.00    0.00   clock source latency
                  0.09    0.07    0.07 ^ clk (in)
     2    0.02                           clk (net)
                  0.09    0.00    0.07 ^ clkbuf_0_clk/A (sky130_fd_sc_hd__clkbuf_16)
                  0.07    0.17    0.24 ^ clkbuf_0_clk/X (sky130_fd_sc_hd__clkbuf_16)
     4    0.05                           clknet_0_clk (net)
                  0.07    0.00    0.24 ^ clkbuf_2_1__f_clk/A (sky130_fd_sc_hd__clkbuf_16)
                  0.07    0.16    0.40 ^ clkbuf_2_1__f_clk/X (sky130_fd_sc_hd__clkbuf_16)
    15    0.05                           clknet_2_1__leaf_clk (net)
                  0.07    0.00    0.40 ^ _443_/CLK (sky130_fd_sc_hd__dfrtp_4)
                  0.10    0.47    0.88 ^ _443_/Q (sky130_fd_sc_hd__dfrtp_4)
     7    0.02                           rx_inst.clk_count[0] (net)
                  0.10    0.00    0.88 ^ _220_/C_N (sky130_fd_sc_hd__or4bb_1)
                  0.09    0.52    1.40 v _220_/X (sky130_fd_sc_hd__or4bb_1)
     1    0.00                           _101_ (net)
                  0.09    0.00    1.40 v _223_/A2 (sky130_fd_sc_hd__o211a_2)
                  0.08    0.32    1.72 v _223_/X (sky130_fd_sc_hd__o211a_2)
     7    0.02                           _104_ (net)
                  0.08    0.00    1.72 v _271_/B_N (sky130_fd_sc_hd__and4bb_1)
                  0.11    0.34    2.06 ^ _271_/X (sky130_fd_sc_hd__and4bb_1)
     3    0.01                           _141_ (net)
                  0.11    0.00    2.06 ^ _278_/C (sky130_fd_sc_hd__and3b_1)
                  0.10    0.22    2.27 ^ _278_/X (sky130_fd_sc_hd__and3b_1)
     1    0.01                           _146_ (net)
                  0.10    0.00    2.27 ^ _279_/S (sky130_fd_sc_hd__mux2_1)
                  0.05    0.33    2.61 v _279_/X (sky130_fd_sc_hd__mux2_1)
     1    0.00                           _147_ (net)
                  0.05    0.00    2.61 v _280_/A (sky130_fd_sc_hd__clkbuf_1)
                  0.02    0.09    2.70 v _280_/X (sky130_fd_sc_hd__clkbuf_1)
     1    0.00                           _072_ (net)
                  0.02    0.00    2.70 v _433_/D (sky130_fd_sc_hd__dfrtp_1)
                                  2.70   data arrival time

                         10.00   10.00   clock clk (rise edge)
                          0.00   10.00   clock source latency
                  0.09    0.06   10.06 ^ clk (in)
     2    0.02                           clk (net)
                  0.09    0.00   10.06 ^ clkbuf_0_clk/A (sky130_fd_sc_hd__clkbuf_16)
                  0.07    0.16   10.22 ^ clkbuf_0_clk/X (sky130_fd_sc_hd__clkbuf_16)
     4    0.05                           clknet_0_clk (net)
                  0.07    0.00   10.22 ^ clkbuf_2_1__f_clk/A (sky130_fd_sc_hd__clkbuf_16)
                  0.07    0.15   10.37 ^ clkbuf_2_1__f_clk/X (sky130_fd_sc_hd__clkbuf_16)
    15    0.05                           clknet_2_1__leaf_clk (net)
                  0.07    0.00   10.37 ^ _433_/CLK (sky130_fd_sc_hd__dfrtp_1)
                         -0.25   10.12   clock uncertainty
                          0.04   10.15   clock reconvergence pessimism
                         -0.10   10.05   library setup time
                                 10.05   data required time
-----------------------------------------------------------------------------
                                 10.05   data required time
                                 -2.70   data arrival time
-----------------------------------------------------------------------------
                                  7.35   slack (MET)


Startpoint: _443_ (rising edge-triggered flip-flop clocked by clk)
Endpoint: _434_ (rising edge-triggered flip-flop clocked by clk)
Path Group: clk
Path Type: max

Fanout     Cap    Slew   Delay    Time   Description
-----------------------------------------------------------------------------
                          0.00    0.00   clock clk (rise edge)
                          0.00    0.00   clock source latency
                  0.09    0.07    0.07 ^ clk (in)
     2    0.02                           clk (net)
                  0.09    0.00    0.07 ^ clkbuf_0_clk/A (sky130_fd_sc_hd__clkbuf_16)
                  0.07    0.17    0.24 ^ clkbuf_0_clk/X (sky130_fd_sc_hd__clkbuf_16)
     4    0.05                           clknet_0_clk (net)
                  0.07    0.00    0.24 ^ clkbuf_2_1__f_clk/A (sky130_fd_sc_hd__clkbuf_16)
                  0.07    0.16    0.40 ^ clkbuf_2_1__f_clk/X (sky130_fd_sc_hd__clkbuf_16)
    15    0.05                           clknet_2_1__leaf_clk (net)
                  0.07    0.00    0.40 ^ _443_/CLK (sky130_fd_sc_hd__dfrtp_4)
                  0.10    0.47    0.88 ^ _443_/Q (sky130_fd_sc_hd__dfrtp_4)
     7    0.02                           rx_inst.clk_count[0] (net)
                  0.10    0.00    0.88 ^ _220_/C_N (sky130_fd_sc_hd__or4bb_1)
                  0.09    0.52    1.40 v _220_/X (sky130_fd_sc_hd__or4bb_1)
     1    0.00                           _101_ (net)
                  0.09    0.00    1.40 v _223_/A2 (sky130_fd_sc_hd__o211a_2)
                  0.08    0.32    1.72 v _223_/X (sky130_fd_sc_hd__o211a_2)
     7    0.02                           _104_ (net)
                  0.08    0.00    1.72 v _271_/B_N (sky130_fd_sc_hd__and4bb_1)
                  0.11    0.34    2.06 ^ _271_/X (sky130_fd_sc_hd__and4bb_1)
     3    0.01                           _141_ (net)
                  0.11    0.00    2.06 ^ _275_/B (sky130_fd_sc_hd__and3b_1)
                  0.06    0.18    2.24 ^ _275_/X (sky130_fd_sc_hd__and3b_1)
     1    0.00                           _144_ (net)
                  0.06    0.00    2.24 ^ _276_/S (sky130_fd_sc_hd__mux2_1)
                  0.06    0.33    2.57 v _276_/X (sky130_fd_sc_hd__mux2_1)
     1    0.00                           _145_ (net)
                  0.06    0.00    2.57 v _277_/A (sky130_fd_sc_hd__clkbuf_1)
                  0.02    0.09    2.66 v _277_/X (sky130_fd_sc_hd__clkbuf_1)
     1    0.00                           _073_ (net)
                  0.02    0.00    2.66 v _434_/D (sky130_fd_sc_hd__dfrtp_1)
                                  2.66   data arrival time

                         10.00   10.00   clock clk (rise edge)
                          0.00   10.00   clock source latency
                  0.09    0.06   10.06 ^ clk (in)
     2    0.02                           clk (net)
                  0.09    0.00   10.06 ^ clkbuf_0_clk/A (sky130_fd_sc_hd__clkbuf_16)
                  0.07    0.16   10.22 ^ clkbuf_0_clk/X (sky130_fd_sc_hd__clkbuf_16)
     4    0.05                           clknet_0_clk (net)
                  0.07    0.00   10.22 ^ clkbuf_2_0__f_clk/A (sky130_fd_sc_hd__clkbuf_16)
                  0.06    0.14   10.36 ^ clkbuf_2_0__f_clk/X (sky130_fd_sc_hd__clkbuf_16)
    11    0.04                           clknet_2_0__leaf_clk (net)
                  0.06    0.00   10.36 ^ _434_/CLK (sky130_fd_sc_hd__dfrtp_1)
                         -0.25   10.11   clock uncertainty
                          0.02   10.13   clock reconvergence pessimism
                         -0.10   10.03   library setup time
                                 10.03   data required time
-----------------------------------------------------------------------------
                                 10.03   data required time
                                 -2.66   data arrival time
-----------------------------------------------------------------------------
                                  7.36   slack (MET)


Startpoint: _443_ (rising edge-triggered flip-flop clocked by clk)
Endpoint: _439_ (rising edge-triggered flip-flop clocked by clk)
Path Group: clk
Path Type: max

Fanout     Cap    Slew   Delay    Time   Description
-----------------------------------------------------------------------------
                          0.00    0.00   clock clk (rise edge)
                          0.00    0.00   clock source latency
                  0.09    0.07    0.07 ^ clk (in)
     2    0.02                           clk (net)
                  0.09    0.00    0.07 ^ clkbuf_0_clk/A (sky130_fd_sc_hd__clkbuf_16)
                  0.07    0.17    0.24 ^ clkbuf_0_clk/X (sky130_fd_sc_hd__clkbuf_16)
     4    0.05                           clknet_0_clk (net)
                  0.07    0.00    0.24 ^ clkbuf_2_1__f_clk/A (sky130_fd_sc_hd__clkbuf_16)
                  0.07    0.16    0.40 ^ clkbuf_2_1__f_clk/X (sky130_fd_sc_hd__clkbuf_16)
    15    0.05                           clknet_2_1__leaf_clk (net)
                  0.07    0.00    0.40 ^ _443_/CLK (sky130_fd_sc_hd__dfrtp_4)
                  0.10    0.47    0.88 ^ _443_/Q (sky130_fd_sc_hd__dfrtp_4)
     7    0.02                           rx_inst.clk_count[0] (net)
                  0.10    0.00    0.88 ^ _220_/C_N (sky130_fd_sc_hd__or4bb_1)
                  0.09    0.52    1.40 v _220_/X (sky130_fd_sc_hd__or4bb_1)
     1    0.00                           _101_ (net)
                  0.09    0.00    1.40 v _223_/A2 (sky130_fd_sc_hd__o211a_2)
                  0.08    0.32    1.72 v _223_/X (sky130_fd_sc_hd__o211a_2)
     7    0.02                           _104_ (net)
                  0.08    0.00    1.72 v _250_/C (sky130_fd_sc_hd__or3_2)
                  0.12    0.50    2.22 v _250_/X (sky130_fd_sc_hd__or3_2)
     5    0.02                           _126_ (net)
                  0.12    0.00    2.22 v _260_/A2 (sky130_fd_sc_hd__o21a_1)
                  0.04    0.21    2.43 v _260_/X (sky130_fd_sc_hd__o21a_1)
     1    0.00                           _134_ (net)
                  0.04    0.00    2.43 v _261_/B1 (sky130_fd_sc_hd__a31o_1)
                  0.04    0.19    2.62 v _261_/X (sky130_fd_sc_hd__a31o_1)
     1    0.00                           _078_ (net)
                  0.04    0.00    2.62 v _439_/D (sky130_fd_sc_hd__dfrtp_1)
                                  2.62   data arrival time

                         10.00   10.00   clock clk (rise edge)
                          0.00   10.00   clock source latency
                  0.09    0.06   10.06 ^ clk (in)
     2    0.02                           clk (net)
                  0.09    0.00   10.06 ^ clkbuf_0_clk/A (sky130_fd_sc_hd__clkbuf_16)
                  0.07    0.16   10.22 ^ clkbuf_0_clk/X (sky130_fd_sc_hd__clkbuf_16)
     4    0.05                           clknet_0_clk (net)
                  0.07    0.00   10.22 ^ clkbuf_2_0__f_clk/A (sky130_fd_sc_hd__clkbuf_16)
                  0.06    0.14   10.36 ^ clkbuf_2_0__f_clk/X (sky130_fd_sc_hd__clkbuf_16)
    11    0.04                           clknet_2_0__leaf_clk (net)
                  0.06    0.00   10.36 ^ _439_/CLK (sky130_fd_sc_hd__dfrtp_1)
                         -0.25   10.11   clock uncertainty
                          0.02   10.13   clock reconvergence pessimism
                         -0.11   10.02   library setup time
                                 10.02   data required time
-----------------------------------------------------------------------------
                                 10.02   data required time
                                 -2.62   data arrival time
-----------------------------------------------------------------------------
                                  7.41   slack (MET)


Startpoint: _443_ (rising edge-triggered flip-flop clocked by clk)
Endpoint: _417_ (rising edge-triggered flip-flop clocked by clk)
Path Group: clk
Path Type: max

Fanout     Cap    Slew   Delay    Time   Description
-----------------------------------------------------------------------------
                          0.00    0.00   clock clk (rise edge)
                          0.00    0.00   clock source latency
                  0.09    0.07    0.07 ^ clk (in)
     2    0.02                           clk (net)
                  0.09    0.00    0.07 ^ clkbuf_0_clk/A (sky130_fd_sc_hd__clkbuf_16)
                  0.07    0.17    0.24 ^ clkbuf_0_clk/X (sky130_fd_sc_hd__clkbuf_16)
     4    0.05                           clknet_0_clk (net)
                  0.07    0.00    0.24 ^ clkbuf_2_1__f_clk/A (sky130_fd_sc_hd__clkbuf_16)
                  0.07    0.16    0.40 ^ clkbuf_2_1__f_clk/X (sky130_fd_sc_hd__clkbuf_16)
    15    0.05                           clknet_2_1__leaf_clk (net)
                  0.07    0.00    0.40 ^ _443_/CLK (sky130_fd_sc_hd__dfrtp_4)
                  0.10    0.47    0.88 ^ _443_/Q (sky130_fd_sc_hd__dfrtp_4)
     7    0.02                           rx_inst.clk_count[0] (net)
                  0.10    0.00    0.88 ^ _220_/C_N (sky130_fd_sc_hd__or4bb_1)
                  0.09    0.52    1.40 v _220_/X (sky130_fd_sc_hd__or4bb_1)
     1    0.00                           _101_ (net)
                  0.09    0.00    1.40 v _223_/A2 (sky130_fd_sc_hd__o211a_2)
                  0.08    0.32    1.72 v _223_/X (sky130_fd_sc_hd__o211a_2)
     7    0.02                           _104_ (net)
                  0.08    0.00    1.72 v _232_/B1 (sky130_fd_sc_hd__a2bb2o_1)
                  0.11    0.37    2.09 v _232_/X (sky130_fd_sc_hd__a2bb2o_1)
     5    0.02                           _112_ (net)
                  0.11    0.00    2.09 v _327_/B1 (sky130_fd_sc_hd__a311o_1)
                  0.06    0.37    2.46 v _327_/X (sky130_fd_sc_hd__a311o_1)
     1    0.01                           _179_ (net)
                  0.06    0.00    2.46 v _328_/B (sky130_fd_sc_hd__xnor2_1)
                  0.05    0.14    2.60 v _328_/Y (sky130_fd_sc_hd__xnor2_1)
     1    0.00                           _056_ (net)
                  0.05    0.00    2.60 v _417_/D (sky130_fd_sc_hd__dfrtp_4)
                                  2.60   data arrival time

                         10.00   10.00   clock clk (rise edge)
                          0.00   10.00   clock source latency
                  0.09    0.06   10.06 ^ clk (in)
     2    0.02                           clk (net)
                  0.09    0.00   10.06 ^ clkbuf_0_clk/A (sky130_fd_sc_hd__clkbuf_16)
                  0.07    0.16   10.22 ^ clkbuf_0_clk/X (sky130_fd_sc_hd__clkbuf_16)
     4    0.05                           clknet_0_clk (net)
                  0.07    0.00   10.22 ^ clkbuf_2_2__f_clk/A (sky130_fd_sc_hd__clkbuf_16)
                  0.05    0.14   10.35 ^ clkbuf_2_2__f_clk/X (sky130_fd_sc_hd__clkbuf_16)
    11    0.03                           clknet_2_2__leaf_clk (net)
                  0.05    0.00   10.36 ^ _417_/CLK (sky130_fd_sc_hd__dfrtp_4)
                         -0.25   10.11   clock uncertainty
                          0.02   10.13   clock reconvergence pessimism
                         -0.11   10.01   library setup time
                                 10.01   data required time
-----------------------------------------------------------------------------
                                 10.01   data required time
                                 -2.60   data arrival time
-----------------------------------------------------------------------------
                                  7.42   slack (MET)


Startpoint: tx_start (input port clocked by clk)
Endpoint: _419_ (rising edge-triggered flip-flop clocked by clk)
Path Group: clk
Path Type: max

Fanout     Cap    Slew   Delay    Time   Description
-----------------------------------------------------------------------------
                          0.00    0.00   clock clk (rise edge)
                          0.00    0.00   clock network delay (propagated)
                          2.00    2.00 v input external delay
                  0.01    0.01    2.01 v tx_start (in)
     2    0.00                           tx_start (net)
                  0.01    0.00    2.01 v input10/A (sky130_fd_sc_hd__clkbuf_2)
                  0.09    0.15    2.16 v input10/X (sky130_fd_sc_hd__clkbuf_2)
     3    0.02                           net10 (net)
                  0.09    0.00    2.16 v _321_/A1 (sky130_fd_sc_hd__mux2_1)
                  0.05    0.31    2.47 v _321_/X (sky130_fd_sc_hd__mux2_1)
     1    0.00                           _175_ (net)
                  0.05    0.00    2.47 v _322_/A (sky130_fd_sc_hd__clkbuf_1)
                  0.02    0.09    2.56 v _322_/X (sky130_fd_sc_hd__clkbuf_1)
     1    0.00                           _058_ (net)
                  0.02    0.00    2.56 v _419_/D (sky130_fd_sc_hd__dfrtp_1)
                                  2.56   data arrival time

                         10.00   10.00   clock clk (rise edge)
                          0.00   10.00   clock source latency
                  0.09    0.06   10.06 ^ clk (in)
     2    0.02                           clk (net)
                  0.09    0.00   10.06 ^ clkbuf_0_clk/A (sky130_fd_sc_hd__clkbuf_16)
                  0.07    0.16   10.22 ^ clkbuf_0_clk/X (sky130_fd_sc_hd__clkbuf_16)
     4    0.05                           clknet_0_clk (net)
                  0.07    0.00   10.22 ^ clkbuf_2_2__f_clk/A (sky130_fd_sc_hd__clkbuf_16)
                  0.05    0.14   10.35 ^ clkbuf_2_2__f_clk/X (sky130_fd_sc_hd__clkbuf_16)
    11    0.03                           clknet_2_2__leaf_clk (net)
                  0.05    0.00   10.36 ^ _419_/CLK (sky130_fd_sc_hd__dfrtp_1)
                         -0.25   10.11   clock uncertainty
                          0.00   10.11   clock reconvergence pessimism
                         -0.10   10.00   library setup time
                                 10.00   data required time
-----------------------------------------------------------------------------
                                 10.00   data required time
                                 -2.56   data arrival time
-----------------------------------------------------------------------------
                                  7.44   slack (MET)


Startpoint: _443_ (rising edge-triggered flip-flop clocked by clk)
Endpoint: _435_ (rising edge-triggered flip-flop clocked by clk)
Path Group: clk
Path Type: max

Fanout     Cap    Slew   Delay    Time   Description
-----------------------------------------------------------------------------
                          0.00    0.00   clock clk (rise edge)
                          0.00    0.00   clock source latency
                  0.09    0.07    0.07 ^ clk (in)
     2    0.02                           clk (net)
                  0.09    0.00    0.07 ^ clkbuf_0_clk/A (sky130_fd_sc_hd__clkbuf_16)
                  0.07    0.17    0.24 ^ clkbuf_0_clk/X (sky130_fd_sc_hd__clkbuf_16)
     4    0.05                           clknet_0_clk (net)
                  0.07    0.00    0.24 ^ clkbuf_2_1__f_clk/A (sky130_fd_sc_hd__clkbuf_16)
                  0.07    0.16    0.40 ^ clkbuf_2_1__f_clk/X (sky130_fd_sc_hd__clkbuf_16)
    15    0.05                           clknet_2_1__leaf_clk (net)
                  0.07    0.00    0.40 ^ _443_/CLK (sky130_fd_sc_hd__dfrtp_4)
                  0.10    0.47    0.88 ^ _443_/Q (sky130_fd_sc_hd__dfrtp_4)
     7    0.02                           rx_inst.clk_count[0] (net)
                  0.10    0.00    0.88 ^ _220_/C_N (sky130_fd_sc_hd__or4bb_1)
                  0.09    0.52    1.40 v _220_/X (sky130_fd_sc_hd__or4bb_1)
     1    0.00                           _101_ (net)
                  0.09    0.00    1.40 v _223_/A2 (sky130_fd_sc_hd__o211a_2)
                  0.08    0.32    1.72 v _223_/X (sky130_fd_sc_hd__o211a_2)
     7    0.02                           _104_ (net)
                  0.08    0.00    1.72 v _271_/B_N (sky130_fd_sc_hd__and4bb_1)
                  0.11    0.34    2.06 ^ _271_/X (sky130_fd_sc_hd__and4bb_1)
     3    0.01                           _141_ (net)
                  0.11    0.00    2.06 ^ _272_/B (sky130_fd_sc_hd__nand2_1)
                  0.06    0.08    2.13 v _272_/Y (sky130_fd_sc_hd__nand2_1)
     1    0.00                           _142_ (net)
                  0.06    0.00    2.13 v _273_/S (sky130_fd_sc_hd__mux2_1)
                  0.06    0.34    2.47 v _273_/X (sky130_fd_sc_hd__mux2_1)
     1    0.00                           _143_ (net)
                  0.06    0.00    2.47 v _274_/A (sky130_fd_sc_hd__clkbuf_1)
                  0.02    0.10    2.57 v _274_/X (sky130_fd_sc_hd__clkbuf_1)
     1    0.00                           _074_ (net)
                  0.02    0.00    2.57 v _435_/D (sky130_fd_sc_hd__dfrtp_1)
                                  2.57   data arrival time

                         10.00   10.00   clock clk (rise edge)
                          0.00   10.00   clock source latency
                  0.09    0.06   10.06 ^ clk (in)
     2    0.02                           clk (net)
                  0.09    0.00   10.06 ^ clkbuf_0_clk/A (sky130_fd_sc_hd__clkbuf_16)
                  0.07    0.16   10.22 ^ clkbuf_0_clk/X (sky130_fd_sc_hd__clkbuf_16)
     4    0.05                           clknet_0_clk (net)
                  0.07    0.00   10.22 ^ clkbuf_2_0__f_clk/A (sky130_fd_sc_hd__clkbuf_16)
                  0.06    0.14   10.36 ^ clkbuf_2_0__f_clk/X (sky130_fd_sc_hd__clkbuf_16)
    11    0.04                           clknet_2_0__leaf_clk (net)
                  0.06    0.00   10.36 ^ _435_/CLK (sky130_fd_sc_hd__dfrtp_1)
                         -0.25   10.11   clock uncertainty
                          0.02   10.13   clock reconvergence pessimism
                         -0.10   10.03   library setup time
                                 10.03   data required time
-----------------------------------------------------------------------------
                                 10.03   data required time
                                 -2.57   data arrival time
-----------------------------------------------------------------------------
                                  7.46   slack (MET)


Startpoint: _443_ (rising edge-triggered flip-flop clocked by clk)
Endpoint: _440_ (rising edge-triggered flip-flop clocked by clk)
Path Group: clk
Path Type: max

Fanout     Cap    Slew   Delay    Time   Description
-----------------------------------------------------------------------------
                          0.00    0.00   clock clk (rise edge)
                          0.00    0.00   clock source latency
                  0.09    0.07    0.07 ^ clk (in)
     2    0.02                           clk (net)
                  0.09    0.00    0.07 ^ clkbuf_0_clk/A (sky130_fd_sc_hd__clkbuf_16)
                  0.07    0.17    0.24 ^ clkbuf_0_clk/X (sky130_fd_sc_hd__clkbuf_16)
     4    0.05                           clknet_0_clk (net)
                  0.07    0.00    0.24 ^ clkbuf_2_1__f_clk/A (sky130_fd_sc_hd__clkbuf_16)
                  0.07    0.16    0.40 ^ clkbuf_2_1__f_clk/X (sky130_fd_sc_hd__clkbuf_16)
    15    0.05                           clknet_2_1__leaf_clk (net)
                  0.07    0.00    0.40 ^ _443_/CLK (sky130_fd_sc_hd__dfrtp_4)
                  0.10    0.47    0.88 ^ _443_/Q (sky130_fd_sc_hd__dfrtp_4)
     7    0.02                           rx_inst.clk_count[0] (net)
                  0.10    0.00    0.88 ^ _220_/C_N (sky130_fd_sc_hd__or4bb_1)
                  0.09    0.52    1.40 v _220_/X (sky130_fd_sc_hd__or4bb_1)
     1    0.00                           _101_ (net)
                  0.09    0.00    1.40 v _223_/A2 (sky130_fd_sc_hd__o211a_2)
                  0.08    0.32    1.72 v _223_/X (sky130_fd_sc_hd__o211a_2)
     7    0.02                           _104_ (net)
                  0.08    0.00    1.72 v _250_/C (sky130_fd_sc_hd__or3_2)
                  0.12    0.50    2.22 v _250_/X (sky130_fd_sc_hd__or3_2)
     5    0.02                           _126_ (net)
                  0.12    0.00    2.22 v _253_/A (sky130_fd_sc_hd__inv_2)
                  0.03    0.06    2.29 ^ _253_/Y (sky130_fd_sc_hd__inv_2)
     1    0.00                           _128_ (net)
                  0.03    0.00    2.29 ^ _254_/A0 (sky130_fd_sc_hd__mux2_1)
                  0.05    0.12    2.41 ^ _254_/X (sky130_fd_sc_hd__mux2_1)
     1    0.00                           _129_ (net)
                  0.05    0.00    2.41 ^ _255_/A (sky130_fd_sc_hd__clkbuf_1)
                  0.05    0.09    2.50 ^ _255_/X (sky130_fd_sc_hd__clkbuf_1)
     1    0.00                           _079_ (net)
                  0.05    0.00    2.50 ^ _440_/D (sky130_fd_sc_hd__dfrtp_4)
                                  2.50   data arrival time

                         10.00   10.00   clock clk (rise edge)
                          0.00   10.00   clock source latency
                  0.09    0.06   10.06 ^ clk (in)
     2    0.02                           clk (net)
                  0.09    0.00   10.06 ^ clkbuf_0_clk/A (sky130_fd_sc_hd__clkbuf_16)
                  0.07    0.16   10.22 ^ clkbuf_0_clk/X (sky130_fd_sc_hd__clkbuf_16)
     4    0.05                           clknet_0_clk (net)
                  0.07    0.00   10.22 ^ clkbuf_2_0__f_clk/A (sky130_fd_sc_hd__clkbuf_16)
                  0.06    0.14   10.36 ^ clkbuf_2_0__f_clk/X (sky130_fd_sc_hd__clkbuf_16)
    11    0.04                           clknet_2_0__leaf_clk (net)
                  0.06    0.00   10.36 ^ _440_/CLK (sky130_fd_sc_hd__dfrtp_4)
                         -0.25   10.11   clock uncertainty
                          0.02   10.13   clock reconvergence pessimism
                         -0.06   10.07   library setup time
                                 10.07   data required time
-----------------------------------------------------------------------------
                                 10.07   data required time
                                 -2.50   data arrival time
-----------------------------------------------------------------------------
                                  7.57   slack (MET)


Startpoint: rst (input port clocked by clk)
Endpoint: _420_ (recovery check against rising-edge clock clk)
Path Group: asynchronous
Path Type: max

Fanout     Cap    Slew   Delay    Time   Description
-----------------------------------------------------------------------------
                          0.00    0.00   clock clk (rise edge)
                          0.00    0.00   clock network delay (propagated)
                          2.00    2.00 v input external delay
                  0.01    0.01    2.01 v rst (in)
     2    0.00                           rst (net)
                  0.01    0.00    2.01 v input1/A (sky130_fd_sc_hd__buf_1)
                  0.07    0.11    2.12 v input1/X (sky130_fd_sc_hd__buf_1)
     1    0.01                           net1 (net)
                  0.07    0.00    2.12 v _356_/A (sky130_fd_sc_hd__clkbuf_4)
                  0.10    0.22    2.34 v _356_/X (sky130_fd_sc_hd__clkbuf_4)
     9    0.05                           _200_ (net)
                  0.10    0.00    2.34 v _368_/A (sky130_fd_sc_hd__buf_4)
                  0.08    0.23    2.57 v _368_/X (sky130_fd_sc_hd__buf_4)
    10    0.06                           _202_ (net)
                  0.08    0.00    2.57 v _373_/A (sky130_fd_sc_hd__inv_2)
                  0.03    0.06    2.64 ^ _373_/Y (sky130_fd_sc_hd__inv_2)
     1    0.00                           _014_ (net)
                  0.03    0.00    2.64 ^ _420_/SET_B (sky130_fd_sc_hd__dfstp_1)
                                  2.64   data arrival time

                         10.00   10.00   clock clk (rise edge)
                          0.00   10.00   clock source latency
                  0.09    0.06   10.06 ^ clk (in)
     2    0.02                           clk (net)
                  0.09    0.00   10.06 ^ clkbuf_0_clk/A (sky130_fd_sc_hd__clkbuf_16)
                  0.07    0.16   10.22 ^ clkbuf_0_clk/X (sky130_fd_sc_hd__clkbuf_16)
     4    0.05                           clknet_0_clk (net)
                  0.07    0.00   10.22 ^ clkbuf_2_2__f_clk/A (sky130_fd_sc_hd__clkbuf_16)
                  0.05    0.14   10.35 ^ clkbuf_2_2__f_clk/X (sky130_fd_sc_hd__clkbuf_16)
    11    0.03                           clknet_2_2__leaf_clk (net)
                  0.05    0.00   10.36 ^ _420_/CLK (sky130_fd_sc_hd__dfstp_1)
                         -0.25   10.11   clock uncertainty
                          0.00   10.11   clock reconvergence pessimism
                          0.14   10.25   library recovery time
                                 10.25   data required time
-----------------------------------------------------------------------------
                                 10.25   data required time
                                 -2.64   data arrival time
-----------------------------------------------------------------------------
                                  7.61   slack (MET)


Startpoint: rst (input port clocked by clk)
Endpoint: _431_ (recovery check against rising-edge clock clk)
Path Group: asynchronous
Path Type: max

Fanout     Cap    Slew   Delay    Time   Description
-----------------------------------------------------------------------------
                          0.00    0.00   clock clk (rise edge)
                          0.00    0.00   clock network delay (propagated)
                          2.00    2.00 v input external delay
                  0.01    0.01    2.01 v rst (in)
     2    0.00                           rst (net)
                  0.01    0.00    2.01 v input1/A (sky130_fd_sc_hd__buf_1)
                  0.07    0.11    2.12 v input1/X (sky130_fd_sc_hd__buf_1)
     1    0.01                           net1 (net)
                  0.07    0.00    2.12 v _356_/A (sky130_fd_sc_hd__clkbuf_4)
                  0.10    0.22    2.34 v _356_/X (sky130_fd_sc_hd__clkbuf_4)
     9    0.05                           _200_ (net)
                  0.10    0.00    2.34 v _379_/A (sky130_fd_sc_hd__buf_4)
                  0.10    0.24    2.59 v _379_/X (sky130_fd_sc_hd__buf_4)
    20    0.07                           _203_ (net)
                  0.10    0.00    2.59 v _385_/A (sky130_fd_sc_hd__inv_2)
                  0.04    0.07    2.66 ^ _385_/Y (sky130_fd_sc_hd__inv_2)
     1    0.00                           _025_ (net)
                  0.04    0.00    2.66 ^ _431_/RESET_B (sky130_fd_sc_hd__dfrtp_4)
                                  2.66   data arrival time

                         10.00   10.00   clock clk (rise edge)
                          0.00   10.00   clock source latency
                  0.09    0.06   10.06 ^ clk (in)
     2    0.02                           clk (net)
                  0.09    0.00   10.06 ^ clkbuf_0_clk/A (sky130_fd_sc_hd__clkbuf_16)
                  0.07    0.16   10.22 ^ clkbuf_0_clk/X (sky130_fd_sc_hd__clkbuf_16)
     4    0.05                           clknet_0_clk (net)
                  0.07    0.00   10.22 ^ clkbuf_2_2__f_clk/A (sky130_fd_sc_hd__clkbuf_16)
                  0.05    0.14   10.35 ^ clkbuf_2_2__f_clk/X (sky130_fd_sc_hd__clkbuf_16)
    11    0.03                           clknet_2_2__leaf_clk (net)
                  0.05    0.00   10.36 ^ _431_/CLK (sky130_fd_sc_hd__dfrtp_4)
                         -0.25   10.11   clock uncertainty
                          0.00   10.11   clock reconvergence pessimism
                          0.22   10.33   library recovery time
                                 10.33   data required time
-----------------------------------------------------------------------------
                                 10.33   data required time
                                 -2.66   data arrival time
-----------------------------------------------------------------------------
                                  7.67   slack (MET)


Startpoint: rst (input port clocked by clk)
Endpoint: _430_ (recovery check against rising-edge clock clk)
Path Group: asynchronous
Path Type: max

Fanout     Cap    Slew   Delay    Time   Description
-----------------------------------------------------------------------------
                          0.00    0.00   clock clk (rise edge)
                          0.00    0.00   clock network delay (propagated)
                          2.00    2.00 v input external delay
                  0.01    0.01    2.01 v rst (in)
     2    0.00                           rst (net)
                  0.01    0.00    2.01 v input1/A (sky130_fd_sc_hd__buf_1)
                  0.07    0.11    2.12 v input1/X (sky130_fd_sc_hd__buf_1)
     1    0.01                           net1 (net)
                  0.07    0.00    2.12 v _356_/A (sky130_fd_sc_hd__clkbuf_4)
                  0.10    0.22    2.34 v _356_/X (sky130_fd_sc_hd__clkbuf_4)
     9    0.05                           _200_ (net)
                  0.10    0.00    2.34 v _379_/A (sky130_fd_sc_hd__buf_4)
                  0.10    0.24    2.59 v _379_/X (sky130_fd_sc_hd__buf_4)
    20    0.07                           _203_ (net)
                  0.10    0.00    2.59 v _384_/A (sky130_fd_sc_hd__inv_2)
                  0.04    0.07    2.66 ^ _384_/Y (sky130_fd_sc_hd__inv_2)
     1    0.00                           _024_ (net)
                  0.04    0.00    2.66 ^ _430_/RESET_B (sky130_fd_sc_hd__dfrtp_4)
                                  2.66   data arrival time

                         10.00   10.00   clock clk (rise edge)
                          0.00   10.00   clock source latency
                  0.09    0.06   10.06 ^ clk (in)
     2    0.02                           clk (net)
                  0.09    0.00   10.06 ^ clkbuf_0_clk/A (sky130_fd_sc_hd__clkbuf_16)
                  0.07    0.16   10.22 ^ clkbuf_0_clk/X (sky130_fd_sc_hd__clkbuf_16)
     4    0.05                           clknet_0_clk (net)
                  0.07    0.00   10.22 ^ clkbuf_2_2__f_clk/A (sky130_fd_sc_hd__clkbuf_16)
                  0.05    0.14   10.35 ^ clkbuf_2_2__f_clk/X (sky130_fd_sc_hd__clkbuf_16)
    11    0.03                           clknet_2_2__leaf_clk (net)
                  0.05    0.00   10.36 ^ _430_/CLK (sky130_fd_sc_hd__dfrtp_4)
                         -0.25   10.11   clock uncertainty
                          0.00   10.11   clock reconvergence pessimism
                          0.22   10.33   library recovery time
                                 10.33   data required time
-----------------------------------------------------------------------------
                                 10.33   data required time
                                 -2.66   data arrival time
-----------------------------------------------------------------------------
                                  7.67   slack (MET)


Startpoint: rst (input port clocked by clk)
Endpoint: _426_ (recovery check against rising-edge clock clk)
Path Group: asynchronous
Path Type: max

Fanout     Cap    Slew   Delay    Time   Description
-----------------------------------------------------------------------------
                          0.00    0.00   clock clk (rise edge)
                          0.00    0.00   clock network delay (propagated)
                          2.00    2.00 v input external delay
                  0.01    0.01    2.01 v rst (in)
     2    0.00                           rst (net)
                  0.01    0.00    2.01 v input1/A (sky130_fd_sc_hd__buf_1)
                  0.07    0.11    2.12 v input1/X (sky130_fd_sc_hd__buf_1)
     1    0.01                           net1 (net)
                  0.07    0.00    2.12 v _356_/A (sky130_fd_sc_hd__clkbuf_4)
                  0.10    0.22    2.34 v _356_/X (sky130_fd_sc_hd__clkbuf_4)
     9    0.05                           _200_ (net)
                  0.10    0.00    2.34 v _379_/A (sky130_fd_sc_hd__buf_4)
                  0.10    0.24    2.59 v _379_/X (sky130_fd_sc_hd__buf_4)
    20    0.07                           _203_ (net)
                  0.10    0.00    2.59 v _380_/A (sky130_fd_sc_hd__inv_2)
                  0.04    0.07    2.66 ^ _380_/Y (sky130_fd_sc_hd__inv_2)
     1    0.01                           _020_ (net)
                  0.04    0.00    2.66 ^ _426_/RESET_B (sky130_fd_sc_hd__dfrtp_1)
                                  2.66   data arrival time

                         10.00   10.00   clock clk (rise edge)
                          0.00   10.00   clock source latency
                  0.09    0.06   10.06 ^ clk (in)
     2    0.02                           clk (net)
                  0.09    0.00   10.06 ^ clkbuf_0_clk/A (sky130_fd_sc_hd__clkbuf_16)
                  0.07    0.16   10.22 ^ clkbuf_0_clk/X (sky130_fd_sc_hd__clkbuf_16)
     4    0.05                           clknet_0_clk (net)
                  0.07    0.00   10.22 ^ clkbuf_2_3__f_clk/A (sky130_fd_sc_hd__clkbuf_16)
                  0.05    0.13   10.35 ^ clkbuf_2_3__f_clk/X (sky130_fd_sc_hd__clkbuf_16)
     8    0.03                           clknet_2_3__leaf_clk (net)
                  0.05    0.00   10.35 ^ _426_/CLK (sky130_fd_sc_hd__dfrtp_1)
                         -0.25   10.10   clock uncertainty
                          0.00   10.10   clock reconvergence pessimism
                          0.23   10.33   library recovery time
                                 10.33   data required time
-----------------------------------------------------------------------------
                                 10.33   data required time
                                 -2.66   data arrival time
-----------------------------------------------------------------------------
                                  7.67   slack (MET)


Startpoint: rst (input port clocked by clk)
Endpoint: _427_ (recovery check against rising-edge clock clk)
Path Group: asynchronous
Path Type: max

Fanout     Cap    Slew   Delay    Time   Description
-----------------------------------------------------------------------------
                          0.00    0.00   clock clk (rise edge)
                          0.00    0.00   clock network delay (propagated)
                          2.00    2.00 v input external delay
                  0.01    0.01    2.01 v rst (in)
     2    0.00                           rst (net)
                  0.01    0.00    2.01 v input1/A (sky130_fd_sc_hd__buf_1)
                  0.07    0.11    2.12 v input1/X (sky130_fd_sc_hd__buf_1)
     1    0.01                           net1 (net)
                  0.07    0.00    2.12 v _356_/A (sky130_fd_sc_hd__clkbuf_4)
                  0.10    0.22    2.34 v _356_/X (sky130_fd_sc_hd__clkbuf_4)
     9    0.05                           _200_ (net)
                  0.10    0.00    2.34 v _379_/A (sky130_fd_sc_hd__buf_4)
                  0.10    0.24    2.59 v _379_/X (sky130_fd_sc_hd__buf_4)
    20    0.07                           _203_ (net)
                  0.10    0.00    2.59 v _381_/A (sky130_fd_sc_hd__inv_2)
                  0.04    0.07    2.66 ^ _381_/Y (sky130_fd_sc_hd__inv_2)
     1    0.00                           _021_ (net)
                  0.04    0.00    2.66 ^ _427_/RESET_B (sky130_fd_sc_hd__dfrtp_1)
                                  2.66   data arrival time

                         10.00   10.00   clock clk (rise edge)
                          0.00   10.00   clock source latency
                  0.09    0.06   10.06 ^ clk (in)
     2    0.02                           clk (net)
                  0.09    0.00   10.06 ^ clkbuf_0_clk/A (sky130_fd_sc_hd__clkbuf_16)
                  0.07    0.16   10.22 ^ clkbuf_0_clk/X (sky130_fd_sc_hd__clkbuf_16)
     4    0.05                           clknet_0_clk (net)
                  0.07    0.00   10.22 ^ clkbuf_2_3__f_clk/A (sky130_fd_sc_hd__clkbuf_16)
                  0.05    0.13   10.35 ^ clkbuf_2_3__f_clk/X (sky130_fd_sc_hd__clkbuf_16)
     8    0.03                           clknet_2_3__leaf_clk (net)
                  0.05    0.00   10.35 ^ _427_/CLK (sky130_fd_sc_hd__dfrtp_1)
                         -0.25   10.10   clock uncertainty
                          0.00   10.10   clock reconvergence pessimism
                          0.23   10.33   library recovery time
                                 10.33   data required time
-----------------------------------------------------------------------------
                                 10.33   data required time
                                 -2.66   data arrival time
-----------------------------------------------------------------------------
                                  7.68   slack (MET)


Startpoint: rst (input port clocked by clk)
Endpoint: _435_ (recovery check against rising-edge clock clk)
Path Group: asynchronous
Path Type: max

Fanout     Cap    Slew   Delay    Time   Description
-----------------------------------------------------------------------------
                          0.00    0.00   clock clk (rise edge)
                          0.00    0.00   clock network delay (propagated)
                          2.00    2.00 v input external delay
                  0.01    0.01    2.01 v rst (in)
     2    0.00                           rst (net)
                  0.01    0.00    2.01 v input1/A (sky130_fd_sc_hd__buf_1)
                  0.07    0.11    2.12 v input1/X (sky130_fd_sc_hd__buf_1)
     1    0.01                           net1 (net)
                  0.07    0.00    2.12 v _356_/A (sky130_fd_sc_hd__clkbuf_4)
                  0.10    0.22    2.34 v _356_/X (sky130_fd_sc_hd__clkbuf_4)
     9    0.05                           _200_ (net)
                  0.10    0.00    2.34 v _379_/A (sky130_fd_sc_hd__buf_4)
                  0.10    0.24    2.59 v _379_/X (sky130_fd_sc_hd__buf_4)
    20    0.07                           _203_ (net)
                  0.10    0.00    2.59 v _389_/A (sky130_fd_sc_hd__inv_2)
                  0.04    0.07    2.66 ^ _389_/Y (sky130_fd_sc_hd__inv_2)
     1    0.00                           _029_ (net)
                  0.04    0.00    2.66 ^ _435_/RESET_B (sky130_fd_sc_hd__dfrtp_1)
                                  2.66   data arrival time

                         10.00   10.00   clock clk (rise edge)
                          0.00   10.00   clock source latency
                  0.09    0.06   10.06 ^ clk (in)
     2    0.02                           clk (net)
                  0.09    0.00   10.06 ^ clkbuf_0_clk/A (sky130_fd_sc_hd__clkbuf_16)
                  0.07    0.16   10.22 ^ clkbuf_0_clk/X (sky130_fd_sc_hd__clkbuf_16)
     4    0.05                           clknet_0_clk (net)
                  0.07    0.00   10.22 ^ clkbuf_2_0__f_clk/A (sky130_fd_sc_hd__clkbuf_16)
                  0.06    0.14   10.36 ^ clkbuf_2_0__f_clk/X (sky130_fd_sc_hd__clkbuf_16)
    11    0.04                           clknet_2_0__leaf_clk (net)
                  0.06    0.00   10.36 ^ _435_/CLK (sky130_fd_sc_hd__dfrtp_1)
                         -0.25   10.11   clock uncertainty
                          0.00   10.11   clock reconvergence pessimism
                          0.24   10.34   library recovery time
                                 10.34   data required time
-----------------------------------------------------------------------------
                                 10.34   data required time
                                 -2.66   data arrival time
-----------------------------------------------------------------------------
                                  7.68   slack (MET)


Startpoint: rst (input port clocked by clk)
Endpoint: _432_ (recovery check against rising-edge clock clk)
Path Group: asynchronous
Path Type: max

Fanout     Cap    Slew   Delay    Time   Description
-----------------------------------------------------------------------------
                          0.00    0.00   clock clk (rise edge)
                          0.00    0.00   clock network delay (propagated)
                          2.00    2.00 v input external delay
                  0.01    0.01    2.01 v rst (in)
     2    0.00                           rst (net)
                  0.01    0.00    2.01 v input1/A (sky130_fd_sc_hd__buf_1)
                  0.07    0.11    2.12 v input1/X (sky130_fd_sc_hd__buf_1)
     1    0.01                           net1 (net)
                  0.07    0.00    2.12 v _356_/A (sky130_fd_sc_hd__clkbuf_4)
                  0.10    0.22    2.34 v _356_/X (sky130_fd_sc_hd__clkbuf_4)
     9    0.05                           _200_ (net)
                  0.10    0.00    2.34 v _379_/A (sky130_fd_sc_hd__buf_4)
                  0.10    0.24    2.59 v _379_/X (sky130_fd_sc_hd__buf_4)
    20    0.07                           _203_ (net)
                  0.10    0.00    2.59 v _386_/A (sky130_fd_sc_hd__inv_2)
                  0.04    0.07    2.66 ^ _386_/Y (sky130_fd_sc_hd__inv_2)
     1    0.00                           _026_ (net)
                  0.04    0.00    2.66 ^ _432_/RESET_B (sky130_fd_sc_hd__dfrtp_2)
                                  2.66   data arrival time

                         10.00   10.00   clock clk (rise edge)
                          0.00   10.00   clock source latency
                  0.09    0.06   10.06 ^ clk (in)
     2    0.02                           clk (net)
                  0.09    0.00   10.06 ^ clkbuf_0_clk/A (sky130_fd_sc_hd__clkbuf_16)
                  0.07    0.16   10.22 ^ clkbuf_0_clk/X (sky130_fd_sc_hd__clkbuf_16)
     4    0.05                           clknet_0_clk (net)
                  0.07    0.00   10.22 ^ clkbuf_2_1__f_clk/A (sky130_fd_sc_hd__clkbuf_16)
                  0.07    0.15   10.37 ^ clkbuf_2_1__f_clk/X (sky130_fd_sc_hd__clkbuf_16)
    15    0.05                           clknet_2_1__leaf_clk (net)
                  0.07    0.00   10.37 ^ _432_/CLK (sky130_fd_sc_hd__dfrtp_2)
                         -0.25   10.12   clock uncertainty
                          0.00   10.12   clock reconvergence pessimism
                          0.23   10.34   library recovery time
                                 10.34   data required time
-----------------------------------------------------------------------------
                                 10.34   data required time
                                 -2.66   data arrival time
-----------------------------------------------------------------------------
                                  7.68   slack (MET)


Startpoint: rst (input port clocked by clk)
Endpoint: _434_ (recovery check against rising-edge clock clk)
Path Group: asynchronous
Path Type: max

Fanout     Cap    Slew   Delay    Time   Description
-----------------------------------------------------------------------------
                          0.00    0.00   clock clk (rise edge)
                          0.00    0.00   clock network delay (propagated)
                          2.00    2.00 v input external delay
                  0.01    0.01    2.01 v rst (in)
     2    0.00                           rst (net)
                  0.01    0.00    2.01 v input1/A (sky130_fd_sc_hd__buf_1)
                  0.07    0.11    2.12 v input1/X (sky130_fd_sc_hd__buf_1)
     1    0.01                           net1 (net)
                  0.07    0.00    2.12 v _356_/A (sky130_fd_sc_hd__clkbuf_4)
                  0.10    0.22    2.34 v _356_/X (sky130_fd_sc_hd__clkbuf_4)
     9    0.05                           _200_ (net)
                  0.10    0.00    2.34 v _379_/A (sky130_fd_sc_hd__buf_4)
                  0.10    0.24    2.59 v _379_/X (sky130_fd_sc_hd__buf_4)
    20    0.07                           _203_ (net)
                  0.10    0.00    2.59 v _388_/A (sky130_fd_sc_hd__inv_2)
                  0.04    0.07    2.66 ^ _388_/Y (sky130_fd_sc_hd__inv_2)
     1    0.00                           _028_ (net)
                  0.04    0.00    2.66 ^ _434_/RESET_B (sky130_fd_sc_hd__dfrtp_1)
                                  2.66   data arrival time

                         10.00   10.00   clock clk (rise edge)
                          0.00   10.00   clock source latency
                  0.09    0.06   10.06 ^ clk (in)
     2    0.02                           clk (net)
                  0.09    0.00   10.06 ^ clkbuf_0_clk/A (sky130_fd_sc_hd__clkbuf_16)
                  0.07    0.16   10.22 ^ clkbuf_0_clk/X (sky130_fd_sc_hd__clkbuf_16)
     4    0.05                           clknet_0_clk (net)
                  0.07    0.00   10.22 ^ clkbuf_2_0__f_clk/A (sky130_fd_sc_hd__clkbuf_16)
                  0.06    0.14   10.36 ^ clkbuf_2_0__f_clk/X (sky130_fd_sc_hd__clkbuf_16)
    11    0.04                           clknet_2_0__leaf_clk (net)
                  0.06    0.00   10.36 ^ _434_/CLK (sky130_fd_sc_hd__dfrtp_1)
                         -0.25   10.11   clock uncertainty
                          0.00   10.11   clock reconvergence pessimism
                          0.24   10.34   library recovery time
                                 10.34   data required time
-----------------------------------------------------------------------------
                                 10.34   data required time
                                 -2.66   data arrival time
-----------------------------------------------------------------------------
                                  7.68   slack (MET)


Startpoint: rst (input port clocked by clk)
Endpoint: _417_ (recovery check against rising-edge clock clk)
Path Group: asynchronous
Path Type: max

Fanout     Cap    Slew   Delay    Time   Description
-----------------------------------------------------------------------------
                          0.00    0.00   clock clk (rise edge)
                          0.00    0.00   clock network delay (propagated)
                          2.00    2.00 v input external delay
                  0.01    0.01    2.01 v rst (in)
     2    0.00                           rst (net)
                  0.01    0.00    2.01 v input1/A (sky130_fd_sc_hd__buf_1)
                  0.07    0.11    2.12 v input1/X (sky130_fd_sc_hd__buf_1)
     1    0.01                           net1 (net)
                  0.07    0.00    2.12 v _356_/A (sky130_fd_sc_hd__clkbuf_4)
                  0.10    0.22    2.34 v _356_/X (sky130_fd_sc_hd__clkbuf_4)
     9    0.05                           _200_ (net)
                  0.10    0.00    2.34 v _368_/A (sky130_fd_sc_hd__buf_4)
                  0.08    0.23    2.57 v _368_/X (sky130_fd_sc_hd__buf_4)
    10    0.06                           _202_ (net)
                  0.08    0.00    2.57 v _370_/A (sky130_fd_sc_hd__inv_2)
                  0.03    0.06    2.64 ^ _370_/Y (sky130_fd_sc_hd__inv_2)
     1    0.00                           _011_ (net)
                  0.03    0.00    2.64 ^ _417_/RESET_B (sky130_fd_sc_hd__dfrtp_4)
                                  2.64   data arrival time

                         10.00   10.00   clock clk (rise edge)
                          0.00   10.00   clock source latency
                  0.09    0.06   10.06 ^ clk (in)
     2    0.02                           clk (net)
                  0.09    0.00   10.06 ^ clkbuf_0_clk/A (sky130_fd_sc_hd__clkbuf_16)
                  0.07    0.16   10.22 ^ clkbuf_0_clk/X (sky130_fd_sc_hd__clkbuf_16)
     4    0.05                           clknet_0_clk (net)
                  0.07    0.00   10.22 ^ clkbuf_2_2__f_clk/A (sky130_fd_sc_hd__clkbuf_16)
                  0.05    0.14   10.35 ^ clkbuf_2_2__f_clk/X (sky130_fd_sc_hd__clkbuf_16)
    11    0.03                           clknet_2_2__leaf_clk (net)
                  0.05    0.00   10.36 ^ _417_/CLK (sky130_fd_sc_hd__dfrtp_4)
                         -0.25   10.11   clock uncertainty
                          0.00   10.11   clock reconvergence pessimism
                          0.22   10.33   library recovery time
                                 10.33   data required time
-----------------------------------------------------------------------------
                                 10.33   data required time
                                 -2.64   data arrival time
-----------------------------------------------------------------------------
                                  7.69   slack (MET)


Startpoint: rst (input port clocked by clk)
Endpoint: _428_ (recovery check against rising-edge clock clk)
Path Group: asynchronous
Path Type: max

Fanout     Cap    Slew   Delay    Time   Description
-----------------------------------------------------------------------------
                          0.00    0.00   clock clk (rise edge)
                          0.00    0.00   clock network delay (propagated)
                          2.00    2.00 v input external delay
                  0.01    0.01    2.01 v rst (in)
     2    0.00                           rst (net)
                  0.01    0.00    2.01 v input1/A (sky130_fd_sc_hd__buf_1)
                  0.07    0.11    2.12 v input1/X (sky130_fd_sc_hd__buf_1)
     1    0.01                           net1 (net)
                  0.07    0.00    2.12 v _356_/A (sky130_fd_sc_hd__clkbuf_4)
                  0.10    0.22    2.34 v _356_/X (sky130_fd_sc_hd__clkbuf_4)
     9    0.05                           _200_ (net)
                  0.10    0.00    2.34 v _379_/A (sky130_fd_sc_hd__buf_4)
                  0.10    0.24    2.59 v _379_/X (sky130_fd_sc_hd__buf_4)
    20    0.07                           _203_ (net)
                  0.10    0.00    2.59 v _382_/A (sky130_fd_sc_hd__inv_2)
                  0.04    0.07    2.66 ^ _382_/Y (sky130_fd_sc_hd__inv_2)
     1    0.00                           _022_ (net)
                  0.04    0.00    2.66 ^ _428_/RESET_B (sky130_fd_sc_hd__dfrtp_1)
                                  2.66   data arrival time

                         10.00   10.00   clock clk (rise edge)
                          0.00   10.00   clock source latency
                  0.09    0.06   10.06 ^ clk (in)
     2    0.02                           clk (net)
                  0.09    0.00   10.06 ^ clkbuf_0_clk/A (sky130_fd_sc_hd__clkbuf_16)
                  0.07    0.16   10.22 ^ clkbuf_0_clk/X (sky130_fd_sc_hd__clkbuf_16)
     4    0.05                           clknet_0_clk (net)
                  0.07    0.00   10.22 ^ clkbuf_2_1__f_clk/A (sky130_fd_sc_hd__clkbuf_16)
                  0.07    0.15   10.37 ^ clkbuf_2_1__f_clk/X (sky130_fd_sc_hd__clkbuf_16)
    15    0.05                           clknet_2_1__leaf_clk (net)
                  0.07    0.00   10.37 ^ _428_/CLK (sky130_fd_sc_hd__dfrtp_1)
                         -0.25   10.12   clock uncertainty
                          0.00   10.12   clock reconvergence pessimism
                          0.24   10.35   library recovery time
                                 10.35   data required time
-----------------------------------------------------------------------------
                                 10.35   data required time
                                 -2.66   data arrival time
-----------------------------------------------------------------------------
                                  7.69   slack (MET)


Startpoint: rst (input port clocked by clk)
Endpoint: _440_ (recovery check against rising-edge clock clk)
Path Group: asynchronous
Path Type: max

Fanout     Cap    Slew   Delay    Time   Description
-----------------------------------------------------------------------------
                          0.00    0.00   clock clk (rise edge)
                          0.00    0.00   clock network delay (propagated)
                          2.00    2.00 v input external delay
                  0.01    0.01    2.01 v rst (in)
     2    0.00                           rst (net)
                  0.01    0.00    2.01 v input1/A (sky130_fd_sc_hd__buf_1)
                  0.07    0.11    2.12 v input1/X (sky130_fd_sc_hd__buf_1)
     1    0.01                           net1 (net)
                  0.07    0.00    2.12 v _356_/A (sky130_fd_sc_hd__clkbuf_4)
                  0.10    0.22    2.34 v _356_/X (sky130_fd_sc_hd__clkbuf_4)
     9    0.05                           _200_ (net)
                  0.10    0.00    2.34 v _390_/A (sky130_fd_sc_hd__buf_4)
                  0.08    0.23    2.57 v _390_/X (sky130_fd_sc_hd__buf_4)
    10    0.06                           _204_ (net)
                  0.08    0.00    2.58 v _395_/A (sky130_fd_sc_hd__inv_2)
                  0.03    0.06    2.64 ^ _395_/Y (sky130_fd_sc_hd__inv_2)
     1    0.00                           _034_ (net)
                  0.03    0.00    2.64 ^ _440_/RESET_B (sky130_fd_sc_hd__dfrtp_4)
                                  2.64   data arrival time

                         10.00   10.00   clock clk (rise edge)
                          0.00   10.00   clock source latency
                  0.09    0.06   10.06 ^ clk (in)
     2    0.02                           clk (net)
                  0.09    0.00   10.06 ^ clkbuf_0_clk/A (sky130_fd_sc_hd__clkbuf_16)
                  0.07    0.16   10.22 ^ clkbuf_0_clk/X (sky130_fd_sc_hd__clkbuf_16)
     4    0.05                           clknet_0_clk (net)
                  0.07    0.00   10.22 ^ clkbuf_2_0__f_clk/A (sky130_fd_sc_hd__clkbuf_16)
                  0.06    0.14   10.36 ^ clkbuf_2_0__f_clk/X (sky130_fd_sc_hd__clkbuf_16)
    11    0.04                           clknet_2_0__leaf_clk (net)
                  0.06    0.00   10.36 ^ _440_/CLK (sky130_fd_sc_hd__dfrtp_4)
                         -0.25   10.11   clock uncertainty
                          0.00   10.11   clock reconvergence pessimism
                          0.22   10.33   library recovery time
                                 10.33   data required time
-----------------------------------------------------------------------------
                                 10.33   data required time
                                 -2.64   data arrival time
-----------------------------------------------------------------------------
                                  7.69   slack (MET)


Startpoint: rst (input port clocked by clk)
Endpoint: _416_ (recovery check against rising-edge clock clk)
Path Group: asynchronous
Path Type: max

Fanout     Cap    Slew   Delay    Time   Description
-----------------------------------------------------------------------------
                          0.00    0.00   clock clk (rise edge)
                          0.00    0.00   clock network delay (propagated)
                          2.00    2.00 v input external delay
                  0.01    0.01    2.01 v rst (in)
     2    0.00                           rst (net)
                  0.01    0.00    2.01 v input1/A (sky130_fd_sc_hd__buf_1)
                  0.07    0.11    2.12 v input1/X (sky130_fd_sc_hd__buf_1)
     1    0.01                           net1 (net)
                  0.07    0.00    2.12 v _356_/A (sky130_fd_sc_hd__clkbuf_4)
                  0.10    0.22    2.34 v _356_/X (sky130_fd_sc_hd__clkbuf_4)
     9    0.05                           _200_ (net)
                  0.10    0.00    2.34 v _368_/A (sky130_fd_sc_hd__buf_4)
                  0.08    0.23    2.57 v _368_/X (sky130_fd_sc_hd__buf_4)
    10    0.06                           _202_ (net)
                  0.08    0.00    2.57 v _369_/A (sky130_fd_sc_hd__inv_2)
                  0.04    0.07    2.64 ^ _369_/Y (sky130_fd_sc_hd__inv_2)
     1    0.01                           _010_ (net)
                  0.04    0.00    2.64 ^ _416_/RESET_B (sky130_fd_sc_hd__dfrtp_1)
                                  2.64   data arrival time

                         10.00   10.00   clock clk (rise edge)
                          0.00   10.00   clock source latency
                  0.09    0.06   10.06 ^ clk (in)
     2    0.02                           clk (net)
                  0.09    0.00   10.06 ^ clkbuf_0_clk/A (sky130_fd_sc_hd__clkbuf_16)
                  0.07    0.16   10.22 ^ clkbuf_0_clk/X (sky130_fd_sc_hd__clkbuf_16)
     4    0.05                           clknet_0_clk (net)
                  0.07    0.00   10.22 ^ clkbuf_2_2__f_clk/A (sky130_fd_sc_hd__clkbuf_16)
                  0.05    0.14   10.35 ^ clkbuf_2_2__f_clk/X (sky130_fd_sc_hd__clkbuf_16)
    11    0.03                           clknet_2_2__leaf_clk (net)
                  0.05    0.00   10.36 ^ _416_/CLK (sky130_fd_sc_hd__dfrtp_1)
                         -0.25   10.11   clock uncertainty
                          0.00   10.11   clock reconvergence pessimism
                          0.23   10.34   library recovery time
                                 10.34   data required time
-----------------------------------------------------------------------------
                                 10.34   data required time
                                 -2.64   data arrival time
-----------------------------------------------------------------------------
                                  7.70   slack (MET)


Startpoint: rst (input port clocked by clk)
Endpoint: _441_ (recovery check against rising-edge clock clk)
Path Group: asynchronous
Path Type: max

Fanout     Cap    Slew   Delay    Time   Description
-----------------------------------------------------------------------------
                          0.00    0.00   clock clk (rise edge)
                          0.00    0.00   clock network delay (propagated)
                          2.00    2.00 v input external delay
                  0.01    0.01    2.01 v rst (in)
     2    0.00                           rst (net)
                  0.01    0.00    2.01 v input1/A (sky130_fd_sc_hd__buf_1)
                  0.07    0.11    2.12 v input1/X (sky130_fd_sc_hd__buf_1)
     1    0.01                           net1 (net)
                  0.07    0.00    2.12 v _356_/A (sky130_fd_sc_hd__clkbuf_4)
                  0.10    0.22    2.34 v _356_/X (sky130_fd_sc_hd__clkbuf_4)
     9    0.05                           _200_ (net)
                  0.10    0.00    2.34 v _390_/A (sky130_fd_sc_hd__buf_4)
                  0.08    0.23    2.57 v _390_/X (sky130_fd_sc_hd__buf_4)
    10    0.06                           _204_ (net)
                  0.08    0.00    2.58 v _396_/A (sky130_fd_sc_hd__inv_2)
                  0.03    0.06    2.64 ^ _396_/Y (sky130_fd_sc_hd__inv_2)
     1    0.00                           _035_ (net)
                  0.03    0.00    2.64 ^ _441_/RESET_B (sky130_fd_sc_hd__dfrtp_2)
                                  2.64   data arrival time

                         10.00   10.00   clock clk (rise edge)
                          0.00   10.00   clock source latency
                  0.09    0.06   10.06 ^ clk (in)
     2    0.02                           clk (net)
                  0.09    0.00   10.06 ^ clkbuf_0_clk/A (sky130_fd_sc_hd__clkbuf_16)
                  0.07    0.16   10.22 ^ clkbuf_0_clk/X (sky130_fd_sc_hd__clkbuf_16)
     4    0.05                           clknet_0_clk (net)
                  0.07    0.00   10.22 ^ clkbuf_2_0__f_clk/A (sky130_fd_sc_hd__clkbuf_16)
                  0.06    0.14   10.36 ^ clkbuf_2_0__f_clk/X (sky130_fd_sc_hd__clkbuf_16)
    11    0.04                           clknet_2_0__leaf_clk (net)
                  0.06    0.00   10.36 ^ _441_/CLK (sky130_fd_sc_hd__dfrtp_2)
                         -0.25   10.11   clock uncertainty
                          0.00   10.11   clock reconvergence pessimism
                          0.23   10.33   library recovery time
                                 10.33   data required time
-----------------------------------------------------------------------------
                                 10.33   data required time
                                 -2.64   data arrival time
-----------------------------------------------------------------------------
                                  7.70   slack (MET)


Startpoint: rst (input port clocked by clk)
Endpoint: _442_ (recovery check against rising-edge clock clk)
Path Group: asynchronous
Path Type: max

Fanout     Cap    Slew   Delay    Time   Description
-----------------------------------------------------------------------------
                          0.00    0.00   clock clk (rise edge)
                          0.00    0.00   clock network delay (propagated)
                          2.00    2.00 v input external delay
                  0.01    0.01    2.01 v rst (in)
     2    0.00                           rst (net)
                  0.01    0.00    2.01 v input1/A (sky130_fd_sc_hd__buf_1)
                  0.07    0.11    2.12 v input1/X (sky130_fd_sc_hd__buf_1)
     1    0.01                           net1 (net)
                  0.07    0.00    2.12 v _356_/A (sky130_fd_sc_hd__clkbuf_4)
                  0.10    0.22    2.34 v _356_/X (sky130_fd_sc_hd__clkbuf_4)
     9    0.05                           _200_ (net)
                  0.10    0.00    2.34 v _390_/A (sky130_fd_sc_hd__buf_4)
                  0.08    0.23    2.57 v _390_/X (sky130_fd_sc_hd__buf_4)
    10    0.06                           _204_ (net)
                  0.08    0.00    2.58 v _397_/A (sky130_fd_sc_hd__inv_2)
                  0.03    0.06    2.64 ^ _397_/Y (sky130_fd_sc_hd__inv_2)
     1    0.00                           _036_ (net)
                  0.03    0.00    2.64 ^ _442_/RESET_B (sky130_fd_sc_hd__dfrtp_2)
                                  2.64   data arrival time

                         10.00   10.00   clock clk (rise edge)
                          0.00   10.00   clock source latency
                  0.09    0.06   10.06 ^ clk (in)
     2    0.02                           clk (net)
                  0.09    0.00   10.06 ^ clkbuf_0_clk/A (sky130_fd_sc_hd__clkbuf_16)
                  0.07    0.16   10.22 ^ clkbuf_0_clk/X (sky130_fd_sc_hd__clkbuf_16)
     4    0.05                           clknet_0_clk (net)
                  0.07    0.00   10.22 ^ clkbuf_2_0__f_clk/A (sky130_fd_sc_hd__clkbuf_16)
                  0.06    0.14   10.36 ^ clkbuf_2_0__f_clk/X (sky130_fd_sc_hd__clkbuf_16)
    11    0.04                           clknet_2_0__leaf_clk (net)
                  0.06    0.00   10.36 ^ _442_/CLK (sky130_fd_sc_hd__dfrtp_2)
                         -0.25   10.11   clock uncertainty
                          0.00   10.11   clock reconvergence pessimism
                          0.23   10.33   library recovery time
                                 10.33   data required time
-----------------------------------------------------------------------------
                                 10.33   data required time
                                 -2.64   data arrival time
-----------------------------------------------------------------------------
                                  7.70   slack (MET)


Startpoint: rst (input port clocked by clk)
Endpoint: _406_ (recovery check against rising-edge clock clk)
Path Group: asynchronous
Path Type: max

Fanout     Cap    Slew   Delay    Time   Description
-----------------------------------------------------------------------------
                          0.00    0.00   clock clk (rise edge)
                          0.00    0.00   clock network delay (propagated)
                          2.00    2.00 v input external delay
                  0.01    0.01    2.01 v rst (in)
     2    0.00                           rst (net)
                  0.01    0.00    2.01 v input1/A (sky130_fd_sc_hd__buf_1)
                  0.07    0.11    2.12 v input1/X (sky130_fd_sc_hd__buf_1)
     1    0.01                           net1 (net)
                  0.07    0.00    2.12 v _356_/A (sky130_fd_sc_hd__clkbuf_4)
                  0.10    0.22    2.34 v _356_/X (sky130_fd_sc_hd__clkbuf_4)
     9    0.05                           _200_ (net)
                  0.10    0.00    2.34 v _357_/A (sky130_fd_sc_hd__buf_4)
                  0.08    0.23    2.57 v _357_/X (sky130_fd_sc_hd__buf_4)
    10    0.06                           _201_ (net)
                  0.08    0.00    2.57 v _358_/A (sky130_fd_sc_hd__inv_2)
                  0.03    0.06    2.63 ^ _358_/Y (sky130_fd_sc_hd__inv_2)
     1    0.00                           _000_ (net)
                  0.03    0.00    2.63 ^ _406_/RESET_B (sky130_fd_sc_hd__dfrtp_2)
                                  2.63   data arrival time

                         10.00   10.00   clock clk (rise edge)
                          0.00   10.00   clock source latency
                  0.09    0.06   10.06 ^ clk (in)
     2    0.02                           clk (net)
                  0.09    0.00   10.06 ^ clkbuf_0_clk/A (sky130_fd_sc_hd__clkbuf_16)
                  0.07    0.16   10.22 ^ clkbuf_0_clk/X (sky130_fd_sc_hd__clkbuf_16)
     4    0.05                           clknet_0_clk (net)
                  0.07    0.00   10.22 ^ clkbuf_2_3__f_clk/A (sky130_fd_sc_hd__clkbuf_16)
                  0.05    0.13   10.35 ^ clkbuf_2_3__f_clk/X (sky130_fd_sc_hd__clkbuf_16)
     8    0.03                           clknet_2_3__leaf_clk (net)
                  0.05    0.00   10.35 ^ _406_/CLK (sky130_fd_sc_hd__dfrtp_2)
                         -0.25   10.10   clock uncertainty
                          0.00   10.10   clock reconvergence pessimism
                          0.22   10.33   library recovery time
                                 10.33   data required time
-----------------------------------------------------------------------------
                                 10.33   data required time
                                 -2.63   data arrival time
-----------------------------------------------------------------------------
                                  7.70   slack (MET)


Startpoint: rst (input port clocked by clk)
Endpoint: _445_ (recovery check against rising-edge clock clk)
Path Group: asynchronous
Path Type: max

Fanout     Cap    Slew   Delay    Time   Description
-----------------------------------------------------------------------------
                          0.00    0.00   clock clk (rise edge)
                          0.00    0.00   clock network delay (propagated)
                          2.00    2.00 v input external delay
                  0.01    0.01    2.01 v rst (in)
     2    0.00                           rst (net)
                  0.01    0.00    2.01 v input1/A (sky130_fd_sc_hd__buf_1)
                  0.07    0.11    2.12 v input1/X (sky130_fd_sc_hd__buf_1)
     1    0.01                           net1 (net)
                  0.07    0.00    2.12 v _356_/A (sky130_fd_sc_hd__clkbuf_4)
                  0.10    0.22    2.34 v _356_/X (sky130_fd_sc_hd__clkbuf_4)
     9    0.05                           _200_ (net)
                  0.10    0.00    2.34 v _390_/A (sky130_fd_sc_hd__buf_4)
                  0.08    0.23    2.57 v _390_/X (sky130_fd_sc_hd__buf_4)
    10    0.06                           _204_ (net)
                  0.08    0.00    2.57 v _400_/A (sky130_fd_sc_hd__inv_2)
                  0.03    0.06    2.64 ^ _400_/Y (sky130_fd_sc_hd__inv_2)
     1    0.00                           _039_ (net)
                  0.03    0.00    2.64 ^ _445_/RESET_B (sky130_fd_sc_hd__dfrtp_2)
                                  2.64   data arrival time

                         10.00   10.00   clock clk (rise edge)
                          0.00   10.00   clock source latency
                  0.09    0.06   10.06 ^ clk (in)
     2    0.02                           clk (net)
                  0.09    0.00   10.06 ^ clkbuf_0_clk/A (sky130_fd_sc_hd__clkbuf_16)
                  0.07    0.16   10.22 ^ clkbuf_0_clk/X (sky130_fd_sc_hd__clkbuf_16)
     4    0.05                           clknet_0_clk (net)
                  0.07    0.00   10.22 ^ clkbuf_2_0__f_clk/A (sky130_fd_sc_hd__clkbuf_16)
                  0.06    0.14   10.36 ^ clkbuf_2_0__f_clk/X (sky130_fd_sc_hd__clkbuf_16)
    11    0.04                           clknet_2_0__leaf_clk (net)
                  0.06    0.00   10.36 ^ _445_/CLK (sky130_fd_sc_hd__dfrtp_2)
                         -0.25   10.11   clock uncertainty
                          0.00   10.11   clock reconvergence pessimism
                          0.23   10.33   library recovery time
                                 10.33   data required time
-----------------------------------------------------------------------------
                                 10.33   data required time
                                 -2.64   data arrival time
-----------------------------------------------------------------------------
                                  7.70   slack (MET)


Startpoint: rst (input port clocked by clk)
Endpoint: _429_ (recovery check against rising-edge clock clk)
Path Group: asynchronous
Path Type: max

Fanout     Cap    Slew   Delay    Time   Description
-----------------------------------------------------------------------------
                          0.00    0.00   clock clk (rise edge)
                          0.00    0.00   clock network delay (propagated)
                          2.00    2.00 v input external delay
                  0.01    0.01    2.01 v rst (in)
     2    0.00                           rst (net)
                  0.01    0.00    2.01 v input1/A (sky130_fd_sc_hd__buf_1)
                  0.07    0.11    2.12 v input1/X (sky130_fd_sc_hd__buf_1)
     1    0.01                           net1 (net)
                  0.07    0.00    2.12 v _356_/A (sky130_fd_sc_hd__clkbuf_4)
                  0.10    0.22    2.34 v _356_/X (sky130_fd_sc_hd__clkbuf_4)
     9    0.05                           _200_ (net)
                  0.10    0.00    2.34 v _379_/A (sky130_fd_sc_hd__buf_4)
                  0.10    0.24    2.59 v _379_/X (sky130_fd_sc_hd__buf_4)
    20    0.07                           _203_ (net)
                  0.10    0.00    2.59 v _383_/A (sky130_fd_sc_hd__inv_2)
                  0.04    0.07    2.66 ^ _383_/Y (sky130_fd_sc_hd__inv_2)
     1    0.00                           _023_ (net)
                  0.04    0.00    2.66 ^ _429_/RESET_B (sky130_fd_sc_hd__dfrtp_1)
                                  2.66   data arrival time

                         10.00   10.00   clock clk (rise edge)
                          0.00   10.00   clock source latency
                  0.09    0.06   10.06 ^ clk (in)
     2    0.02                           clk (net)
                  0.09    0.00   10.06 ^ clkbuf_0_clk/A (sky130_fd_sc_hd__clkbuf_16)
                  0.07    0.16   10.22 ^ clkbuf_0_clk/X (sky130_fd_sc_hd__clkbuf_16)
     4    0.05                           clknet_0_clk (net)
                  0.07    0.00   10.22 ^ clkbuf_2_1__f_clk/A (sky130_fd_sc_hd__clkbuf_16)
                  0.07    0.15   10.37 ^ clkbuf_2_1__f_clk/X (sky130_fd_sc_hd__clkbuf_16)
    15    0.05                           clknet_2_1__leaf_clk (net)
                  0.07    0.00   10.37 ^ _429_/CLK (sky130_fd_sc_hd__dfrtp_1)
                         -0.25   10.12   clock uncertainty
                          0.00   10.12   clock reconvergence pessimism
                          0.24   10.35   library recovery time
                                 10.35   data required time
-----------------------------------------------------------------------------
                                 10.35   data required time
                                 -2.66   data arrival time
-----------------------------------------------------------------------------
                                  7.70   slack (MET)


Startpoint: _443_ (rising edge-triggered flip-flop clocked by clk)
Endpoint: _445_ (rising edge-triggered flip-flop clocked by clk)
Path Group: clk
Path Type: max

Fanout     Cap    Slew   Delay    Time   Description
-----------------------------------------------------------------------------
                          0.00    0.00   clock clk (rise edge)
                          0.00    0.00   clock source latency
                  0.09    0.07    0.07 ^ clk (in)
     2    0.02                           clk (net)
                  0.09    0.00    0.07 ^ clkbuf_0_clk/A (sky130_fd_sc_hd__clkbuf_16)
                  0.07    0.17    0.24 ^ clkbuf_0_clk/X (sky130_fd_sc_hd__clkbuf_16)
     4    0.05                           clknet_0_clk (net)
                  0.07    0.00    0.24 ^ clkbuf_2_1__f_clk/A (sky130_fd_sc_hd__clkbuf_16)
                  0.07    0.16    0.40 ^ clkbuf_2_1__f_clk/X (sky130_fd_sc_hd__clkbuf_16)
    15    0.05                           clknet_2_1__leaf_clk (net)
                  0.07    0.00    0.40 ^ _443_/CLK (sky130_fd_sc_hd__dfrtp_4)
                  0.10    0.47    0.88 ^ _443_/Q (sky130_fd_sc_hd__dfrtp_4)
     7    0.02                           rx_inst.clk_count[0] (net)
                  0.10    0.00    0.88 ^ _220_/C_N (sky130_fd_sc_hd__or4bb_1)
                  0.09    0.52    1.40 v _220_/X (sky130_fd_sc_hd__or4bb_1)
     1    0.00                           _101_ (net)
                  0.09    0.00    1.40 v _223_/A2 (sky130_fd_sc_hd__o211a_2)
                  0.08    0.32    1.72 v _223_/X (sky130_fd_sc_hd__o211a_2)
     7    0.02                           _104_ (net)
                  0.08    0.00    1.72 v _232_/B1 (sky130_fd_sc_hd__a2bb2o_1)
                  0.11    0.37    2.09 v _232_/X (sky130_fd_sc_hd__a2bb2o_1)
     5    0.02                           _112_ (net)
                  0.11    0.00    2.09 v _235_/B1 (sky130_fd_sc_hd__a32o_1)
                  0.04    0.23    2.32 v _235_/X (sky130_fd_sc_hd__a32o_1)
     1    0.00                           _084_ (net)
                  0.04    0.00    2.32 v _445_/D (sky130_fd_sc_hd__dfrtp_2)
                                  2.32   data arrival time

                         10.00   10.00   clock clk (rise edge)
                          0.00   10.00   clock source latency
                  0.09    0.06   10.06 ^ clk (in)
     2    0.02                           clk (net)
                  0.09    0.00   10.06 ^ clkbuf_0_clk/A (sky130_fd_sc_hd__clkbuf_16)
                  0.07    0.16   10.22 ^ clkbuf_0_clk/X (sky130_fd_sc_hd__clkbuf_16)
     4    0.05                           clknet_0_clk (net)
                  0.07    0.00   10.22 ^ clkbuf_2_0__f_clk/A (sky130_fd_sc_hd__clkbuf_16)
                  0.06    0.14   10.36 ^ clkbuf_2_0__f_clk/X (sky130_fd_sc_hd__clkbuf_16)
    11    0.04                           clknet_2_0__leaf_clk (net)
                  0.06    0.00   10.36 ^ _445_/CLK (sky130_fd_sc_hd__dfrtp_2)
                         -0.25   10.11   clock uncertainty
                          0.02   10.13   clock reconvergence pessimism
                         -0.11   10.02   library setup time
                                 10.02   data required time
-----------------------------------------------------------------------------
                                 10.02   data required time
                                 -2.32   data arrival time
-----------------------------------------------------------------------------
                                  7.70   slack (MET)


Startpoint: rst (input port clocked by clk)
Endpoint: _433_ (recovery check against rising-edge clock clk)
Path Group: asynchronous
Path Type: max

Fanout     Cap    Slew   Delay    Time   Description
-----------------------------------------------------------------------------
                          0.00    0.00   clock clk (rise edge)
                          0.00    0.00   clock network delay (propagated)
                          2.00    2.00 v input external delay
                  0.01    0.01    2.01 v rst (in)
     2    0.00                           rst (net)
                  0.01    0.00    2.01 v input1/A (sky130_fd_sc_hd__buf_1)
                  0.07    0.11    2.12 v input1/X (sky130_fd_sc_hd__buf_1)
     1    0.01                           net1 (net)
                  0.07    0.00    2.12 v _356_/A (sky130_fd_sc_hd__clkbuf_4)
                  0.10    0.22    2.34 v _356_/X (sky130_fd_sc_hd__clkbuf_4)
     9    0.05                           _200_ (net)
                  0.10    0.00    2.34 v _379_/A (sky130_fd_sc_hd__buf_4)
                  0.10    0.24    2.59 v _379_/X (sky130_fd_sc_hd__buf_4)
    20    0.07                           _203_ (net)
                  0.10    0.00    2.59 v _387_/A (sky130_fd_sc_hd__inv_2)
                  0.04    0.07    2.66 ^ _387_/Y (sky130_fd_sc_hd__inv_2)
     1    0.00                           _027_ (net)
                  0.04    0.00    2.66 ^ _433_/RESET_B (sky130_fd_sc_hd__dfrtp_1)
                                  2.66   data arrival time

                         10.00   10.00   clock clk (rise edge)
                          0.00   10.00   clock source latency
                  0.09    0.06   10.06 ^ clk (in)
     2    0.02                           clk (net)
                  0.09    0.00   10.06 ^ clkbuf_0_clk/A (sky130_fd_sc_hd__clkbuf_16)
                  0.07    0.16   10.22 ^ clkbuf_0_clk/X (sky130_fd_sc_hd__clkbuf_16)
     4    0.05                           clknet_0_clk (net)
                  0.07    0.00   10.22 ^ clkbuf_2_1__f_clk/A (sky130_fd_sc_hd__clkbuf_16)
                  0.07    0.15   10.37 ^ clkbuf_2_1__f_clk/X (sky130_fd_sc_hd__clkbuf_16)
    15    0.05                           clknet_2_1__leaf_clk (net)
                  0.07    0.00   10.37 ^ _433_/CLK (sky130_fd_sc_hd__dfrtp_1)
                         -0.25   10.12   clock uncertainty
                          0.00   10.12   clock reconvergence pessimism
                          0.24   10.35   library recovery time
                                 10.35   data required time
-----------------------------------------------------------------------------
                                 10.35   data required time
                                 -2.66   data arrival time
-----------------------------------------------------------------------------
                                  7.70   slack (MET)


Startpoint: rst (input port clocked by clk)
Endpoint: _424_ (recovery check against rising-edge clock clk)
Path Group: asynchronous
Path Type: max

Fanout     Cap    Slew   Delay    Time   Description
-----------------------------------------------------------------------------
                          0.00    0.00   clock clk (rise edge)
                          0.00    0.00   clock network delay (propagated)
                          2.00    2.00 v input external delay
                  0.01    0.01    2.01 v rst (in)
     2    0.00                           rst (net)
                  0.01    0.00    2.01 v input1/A (sky130_fd_sc_hd__buf_1)
                  0.07    0.11    2.12 v input1/X (sky130_fd_sc_hd__buf_1)
     1    0.01                           net1 (net)
                  0.07    0.00    2.12 v _356_/A (sky130_fd_sc_hd__clkbuf_4)
                  0.10    0.22    2.34 v _356_/X (sky130_fd_sc_hd__clkbuf_4)
     9    0.05                           _200_ (net)
                  0.10    0.00    2.34 v _368_/A (sky130_fd_sc_hd__buf_4)
                  0.08    0.23    2.57 v _368_/X (sky130_fd_sc_hd__buf_4)
    10    0.06                           _202_ (net)
                  0.08    0.00    2.57 v _377_/A (sky130_fd_sc_hd__inv_2)
                  0.04    0.06    2.64 ^ _377_/Y (sky130_fd_sc_hd__inv_2)
     1    0.00                           _018_ (net)
                  0.04    0.00    2.64 ^ _424_/RESET_B (sky130_fd_sc_hd__dfrtp_1)
                                  2.64   data arrival time

                         10.00   10.00   clock clk (rise edge)
                          0.00   10.00   clock source latency
                  0.09    0.06   10.06 ^ clk (in)
     2    0.02                           clk (net)
                  0.09    0.00   10.06 ^ clkbuf_0_clk/A (sky130_fd_sc_hd__clkbuf_16)
                  0.07    0.16   10.22 ^ clkbuf_0_clk/X (sky130_fd_sc_hd__clkbuf_16)
     4    0.05                           clknet_0_clk (net)
                  0.07    0.00   10.22 ^ clkbuf_2_3__f_clk/A (sky130_fd_sc_hd__clkbuf_16)
                  0.05    0.13   10.35 ^ clkbuf_2_3__f_clk/X (sky130_fd_sc_hd__clkbuf_16)
     8    0.03                           clknet_2_3__leaf_clk (net)
                  0.05    0.00   10.35 ^ _424_/CLK (sky130_fd_sc_hd__dfrtp_1)
                         -0.25   10.10   clock uncertainty
                          0.00   10.10   clock reconvergence pessimism
                          0.23   10.34   library recovery time
                                 10.34   data required time
-----------------------------------------------------------------------------
                                 10.34   data required time
                                 -2.64   data arrival time
-----------------------------------------------------------------------------
                                  7.70   slack (MET)


Startpoint: _443_ (rising edge-triggered flip-flop clocked by clk)
Endpoint: _444_ (rising edge-triggered flip-flop clocked by clk)
Path Group: clk
Path Type: max

Fanout     Cap    Slew   Delay    Time   Description
-----------------------------------------------------------------------------
                          0.00    0.00   clock clk (rise edge)
                          0.00    0.00   clock source latency
                  0.09    0.07    0.07 ^ clk (in)
     2    0.02                           clk (net)
                  0.09    0.00    0.07 ^ clkbuf_0_clk/A (sky130_fd_sc_hd__clkbuf_16)
                  0.07    0.17    0.24 ^ clkbuf_0_clk/X (sky130_fd_sc_hd__clkbuf_16)
     4    0.05                           clknet_0_clk (net)
                  0.07    0.00    0.24 ^ clkbuf_2_1__f_clk/A (sky130_fd_sc_hd__clkbuf_16)
                  0.07    0.16    0.40 ^ clkbuf_2_1__f_clk/X (sky130_fd_sc_hd__clkbuf_16)
    15    0.05                           clknet_2_1__leaf_clk (net)
                  0.07    0.00    0.40 ^ _443_/CLK (sky130_fd_sc_hd__dfrtp_4)
                  0.10    0.47    0.88 ^ _443_/Q (sky130_fd_sc_hd__dfrtp_4)
     7    0.02                           rx_inst.clk_count[0] (net)
                  0.10    0.00    0.88 ^ _220_/C_N (sky130_fd_sc_hd__or4bb_1)
                  0.09    0.52    1.40 v _220_/X (sky130_fd_sc_hd__or4bb_1)
     1    0.00                           _101_ (net)
                  0.09    0.00    1.40 v _223_/A2 (sky130_fd_sc_hd__o211a_2)
                  0.08    0.32    1.72 v _223_/X (sky130_fd_sc_hd__o211a_2)
     7    0.02                           _104_ (net)
                  0.08    0.00    1.72 v _232_/B1 (sky130_fd_sc_hd__a2bb2o_1)
                  0.11    0.37    2.09 v _232_/X (sky130_fd_sc_hd__a2bb2o_1)
     5    0.02                           _112_ (net)
                  0.11    0.00    2.09 v _237_/A (sky130_fd_sc_hd__and2_1)
                  0.03    0.17    2.26 v _237_/X (sky130_fd_sc_hd__and2_1)
     1    0.00                           _116_ (net)
                  0.03    0.00    2.26 v _238_/A (sky130_fd_sc_hd__clkbuf_1)
                  0.03    0.09    2.35 v _238_/X (sky130_fd_sc_hd__clkbuf_1)
     1    0.00                           _083_ (net)
                  0.03    0.00    2.35 v _444_/D (sky130_fd_sc_hd__dfrtp_2)
                                  2.35   data arrival time

                         10.00   10.00   clock clk (rise edge)
                          0.00   10.00   clock source latency
                  0.09    0.06   10.06 ^ clk (in)
     2    0.02                           clk (net)
                  0.09    0.00   10.06 ^ clkbuf_0_clk/A (sky130_fd_sc_hd__clkbuf_16)
                  0.07    0.16   10.22 ^ clkbuf_0_clk/X (sky130_fd_sc_hd__clkbuf_16)
     4    0.05                           clknet_0_clk (net)
                  0.07    0.00   10.22 ^ clkbuf_2_1__f_clk/A (sky130_fd_sc_hd__clkbuf_16)
                  0.07    0.15   10.37 ^ clkbuf_2_1__f_clk/X (sky130_fd_sc_hd__clkbuf_16)
    15    0.05                           clknet_2_1__leaf_clk (net)
                  0.07    0.00   10.37 ^ _444_/CLK (sky130_fd_sc_hd__dfrtp_2)
                         -0.25   10.12   clock uncertainty
                          0.04   10.15   clock reconvergence pessimism
                         -0.10   10.05   library setup time
                                 10.05   data required time
-----------------------------------------------------------------------------
                                 10.05   data required time
                                 -2.35   data arrival time
-----------------------------------------------------------------------------
                                  7.70   slack (MET)


Startpoint: rst (input port clocked by clk)
Endpoint: _409_ (recovery check against rising-edge clock clk)
Path Group: asynchronous
Path Type: max

Fanout     Cap    Slew   Delay    Time   Description
-----------------------------------------------------------------------------
                          0.00    0.00   clock clk (rise edge)
                          0.00    0.00   clock network delay (propagated)
                          2.00    2.00 v input external delay
                  0.01    0.01    2.01 v rst (in)
     2    0.00                           rst (net)
                  0.01    0.00    2.01 v input1/A (sky130_fd_sc_hd__buf_1)
                  0.07    0.11    2.12 v input1/X (sky130_fd_sc_hd__buf_1)
     1    0.01                           net1 (net)
                  0.07    0.00    2.12 v _356_/A (sky130_fd_sc_hd__clkbuf_4)
                  0.10    0.22    2.34 v _356_/X (sky130_fd_sc_hd__clkbuf_4)
     9    0.05                           _200_ (net)
                  0.10    0.00    2.34 v _357_/A (sky130_fd_sc_hd__buf_4)
                  0.08    0.23    2.57 v _357_/X (sky130_fd_sc_hd__buf_4)
    10    0.06                           _201_ (net)
                  0.08    0.00    2.57 v _361_/A (sky130_fd_sc_hd__inv_2)
                  0.03    0.06    2.63 ^ _361_/Y (sky130_fd_sc_hd__inv_2)
     1    0.00                           _003_ (net)
                  0.03    0.00    2.63 ^ _409_/RESET_B (sky130_fd_sc_hd__dfrtp_2)
                                  2.63   data arrival time

                         10.00   10.00   clock clk (rise edge)
                          0.00   10.00   clock source latency
                  0.09    0.06   10.06 ^ clk (in)
     2    0.02                           clk (net)
                  0.09    0.00   10.06 ^ clkbuf_0_clk/A (sky130_fd_sc_hd__clkbuf_16)
                  0.07    0.16   10.22 ^ clkbuf_0_clk/X (sky130_fd_sc_hd__clkbuf_16)
     4    0.05                           clknet_0_clk (net)
                  0.07    0.00   10.22 ^ clkbuf_2_2__f_clk/A (sky130_fd_sc_hd__clkbuf_16)
                  0.05    0.14   10.35 ^ clkbuf_2_2__f_clk/X (sky130_fd_sc_hd__clkbuf_16)
    11    0.03                           clknet_2_2__leaf_clk (net)
                  0.05    0.00   10.36 ^ _409_/CLK (sky130_fd_sc_hd__dfrtp_2)
                         -0.25   10.11   clock uncertainty
                          0.00   10.11   clock reconvergence pessimism
                          0.23   10.33   library recovery time
                                 10.33   data required time
-----------------------------------------------------------------------------
                                 10.33   data required time
                                 -2.63   data arrival time
-----------------------------------------------------------------------------
                                  7.70   slack (MET)


Startpoint: rst (input port clocked by clk)
Endpoint: _407_ (recovery check against rising-edge clock clk)
Path Group: asynchronous
Path Type: max

Fanout     Cap    Slew   Delay    Time   Description
-----------------------------------------------------------------------------
                          0.00    0.00   clock clk (rise edge)
                          0.00    0.00   clock network delay (propagated)
                          2.00    2.00 v input external delay
                  0.01    0.01    2.01 v rst (in)
     2    0.00                           rst (net)
                  0.01    0.00    2.01 v input1/A (sky130_fd_sc_hd__buf_1)
                  0.07    0.11    2.12 v input1/X (sky130_fd_sc_hd__buf_1)
     1    0.01                           net1 (net)
                  0.07    0.00    2.12 v _356_/A (sky130_fd_sc_hd__clkbuf_4)
                  0.10    0.22    2.34 v _356_/X (sky130_fd_sc_hd__clkbuf_4)
     9    0.05                           _200_ (net)
                  0.10    0.00    2.34 v _357_/A (sky130_fd_sc_hd__buf_4)
                  0.08    0.23    2.57 v _357_/X (sky130_fd_sc_hd__buf_4)
    10    0.06                           _201_ (net)
                  0.08    0.00    2.57 v _359_/A (sky130_fd_sc_hd__inv_2)
                  0.04    0.07    2.63 ^ _359_/Y (sky130_fd_sc_hd__inv_2)
     1    0.01                           _001_ (net)
                  0.04    0.00    2.63 ^ _407_/RESET_B (sky130_fd_sc_hd__dfrtp_1)
                                  2.63   data arrival time

                         10.00   10.00   clock clk (rise edge)
                          0.00   10.00   clock source latency
                  0.09    0.06   10.06 ^ clk (in)
     2    0.02                           clk (net)
                  0.09    0.00   10.06 ^ clkbuf_0_clk/A (sky130_fd_sc_hd__clkbuf_16)
                  0.07    0.16   10.22 ^ clkbuf_0_clk/X (sky130_fd_sc_hd__clkbuf_16)
     4    0.05                           clknet_0_clk (net)
                  0.07    0.00   10.22 ^ clkbuf_2_3__f_clk/A (sky130_fd_sc_hd__clkbuf_16)
                  0.05    0.13   10.35 ^ clkbuf_2_3__f_clk/X (sky130_fd_sc_hd__clkbuf_16)
     8    0.03                           clknet_2_3__leaf_clk (net)
                  0.05    0.00   10.35 ^ _407_/CLK (sky130_fd_sc_hd__dfrtp_1)
                         -0.25   10.10   clock uncertainty
                          0.00   10.10   clock reconvergence pessimism
                          0.23   10.33   library recovery time
                                 10.33   data required time
-----------------------------------------------------------------------------
                                 10.33   data required time
                                 -2.63   data arrival time
-----------------------------------------------------------------------------
                                  7.70   slack (MET)


Startpoint: rst (input port clocked by clk)
Endpoint: _443_ (recovery check against rising-edge clock clk)
Path Group: asynchronous
Path Type: max

Fanout     Cap    Slew   Delay    Time   Description
-----------------------------------------------------------------------------
                          0.00    0.00   clock clk (rise edge)
                          0.00    0.00   clock network delay (propagated)
                          2.00    2.00 v input external delay
                  0.01    0.01    2.01 v rst (in)
     2    0.00                           rst (net)
                  0.01    0.00    2.01 v input1/A (sky130_fd_sc_hd__buf_1)
                  0.07    0.11    2.12 v input1/X (sky130_fd_sc_hd__buf_1)
     1    0.01                           net1 (net)
                  0.07    0.00    2.12 v _356_/A (sky130_fd_sc_hd__clkbuf_4)
                  0.10    0.22    2.34 v _356_/X (sky130_fd_sc_hd__clkbuf_4)
     9    0.05                           _200_ (net)
                  0.10    0.00    2.34 v _390_/A (sky130_fd_sc_hd__buf_4)
                  0.08    0.23    2.57 v _390_/X (sky130_fd_sc_hd__buf_4)
    10    0.06                           _204_ (net)
                  0.08    0.00    2.57 v _398_/A (sky130_fd_sc_hd__inv_2)
                  0.04    0.06    2.64 ^ _398_/Y (sky130_fd_sc_hd__inv_2)
     1    0.00                           _037_ (net)
                  0.04    0.00    2.64 ^ _443_/RESET_B (sky130_fd_sc_hd__dfrtp_4)
                                  2.64   data arrival time

                         10.00   10.00   clock clk (rise edge)
                          0.00   10.00   clock source latency
                  0.09    0.06   10.06 ^ clk (in)
     2    0.02                           clk (net)
                  0.09    0.00   10.06 ^ clkbuf_0_clk/A (sky130_fd_sc_hd__clkbuf_16)
                  0.07    0.16   10.22 ^ clkbuf_0_clk/X (sky130_fd_sc_hd__clkbuf_16)
     4    0.05                           clknet_0_clk (net)
                  0.07    0.00   10.22 ^ clkbuf_2_1__f_clk/A (sky130_fd_sc_hd__clkbuf_16)
                  0.07    0.15   10.37 ^ clkbuf_2_1__f_clk/X (sky130_fd_sc_hd__clkbuf_16)
    15    0.05                           clknet_2_1__leaf_clk (net)
                  0.07    0.00   10.37 ^ _443_/CLK (sky130_fd_sc_hd__dfrtp_4)
                         -0.25   10.12   clock uncertainty
                          0.00   10.12   clock reconvergence pessimism
                          0.23   10.34   library recovery time
                                 10.34   data required time
-----------------------------------------------------------------------------
                                 10.34   data required time
                                 -2.64   data arrival time
-----------------------------------------------------------------------------
                                  7.70   slack (MET)


Startpoint: rst (input port clocked by clk)
Endpoint: _419_ (recovery check against rising-edge clock clk)
Path Group: asynchronous
Path Type: max

Fanout     Cap    Slew   Delay    Time   Description
-----------------------------------------------------------------------------
                          0.00    0.00   clock clk (rise edge)
                          0.00    0.00   clock network delay (propagated)
                          2.00    2.00 v input external delay
                  0.01    0.01    2.01 v rst (in)
     2    0.00                           rst (net)
                  0.01    0.00    2.01 v input1/A (sky130_fd_sc_hd__buf_1)
                  0.07    0.11    2.12 v input1/X (sky130_fd_sc_hd__buf_1)
     1    0.01                           net1 (net)
                  0.07    0.00    2.12 v _356_/A (sky130_fd_sc_hd__clkbuf_4)
                  0.10    0.22    2.34 v _356_/X (sky130_fd_sc_hd__clkbuf_4)
     9    0.05                           _200_ (net)
                  0.10    0.00    2.34 v _368_/A (sky130_fd_sc_hd__buf_4)
                  0.08    0.23    2.57 v _368_/X (sky130_fd_sc_hd__buf_4)
    10    0.06                           _202_ (net)
                  0.08    0.00    2.58 v _372_/A (sky130_fd_sc_hd__inv_2)
                  0.03    0.06    2.64 ^ _372_/Y (sky130_fd_sc_hd__inv_2)
     1    0.00                           _013_ (net)
                  0.03    0.00    2.64 ^ _419_/RESET_B (sky130_fd_sc_hd__dfrtp_1)
                                  2.64   data arrival time

                         10.00   10.00   clock clk (rise edge)
                          0.00   10.00   clock source latency
                  0.09    0.06   10.06 ^ clk (in)
     2    0.02                           clk (net)
                  0.09    0.00   10.06 ^ clkbuf_0_clk/A (sky130_fd_sc_hd__clkbuf_16)
                  0.07    0.16   10.22 ^ clkbuf_0_clk/X (sky130_fd_sc_hd__clkbuf_16)
     4    0.05                           clknet_0_clk (net)
                  0.07    0.00   10.22 ^ clkbuf_2_2__f_clk/A (sky130_fd_sc_hd__clkbuf_16)
                  0.05    0.14   10.35 ^ clkbuf_2_2__f_clk/X (sky130_fd_sc_hd__clkbuf_16)
    11    0.03                           clknet_2_2__leaf_clk (net)
                  0.05    0.00   10.36 ^ _419_/CLK (sky130_fd_sc_hd__dfrtp_1)
                         -0.25   10.11   clock uncertainty
                          0.00   10.11   clock reconvergence pessimism
                          0.24   10.34   library recovery time
                                 10.34   data required time
-----------------------------------------------------------------------------
                                 10.34   data required time
                                 -2.64   data arrival time
-----------------------------------------------------------------------------
                                  7.70   slack (MET)


Startpoint: rst (input port clocked by clk)
Endpoint: _411_ (recovery check against rising-edge clock clk)
Path Group: asynchronous
Path Type: max

Fanout     Cap    Slew   Delay    Time   Description
-----------------------------------------------------------------------------
                          0.00    0.00   clock clk (rise edge)
                          0.00    0.00   clock network delay (propagated)
                          2.00    2.00 v input external delay
                  0.01    0.01    2.01 v rst (in)
     2    0.00                           rst (net)
                  0.01    0.00    2.01 v input1/A (sky130_fd_sc_hd__buf_1)
                  0.07    0.11    2.12 v input1/X (sky130_fd_sc_hd__buf_1)
     1    0.01                           net1 (net)
                  0.07    0.00    2.12 v _356_/A (sky130_fd_sc_hd__clkbuf_4)
                  0.10    0.22    2.34 v _356_/X (sky130_fd_sc_hd__clkbuf_4)
     9    0.05                           _200_ (net)
                  0.10    0.00    2.34 v _357_/A (sky130_fd_sc_hd__buf_4)
                  0.08    0.23    2.57 v _357_/X (sky130_fd_sc_hd__buf_4)
    10    0.06                           _201_ (net)
                  0.08    0.00    2.57 v _363_/A (sky130_fd_sc_hd__inv_2)
                  0.03    0.06    2.63 ^ _363_/Y (sky130_fd_sc_hd__inv_2)
     1    0.00                           _005_ (net)
                  0.03    0.00    2.63 ^ _411_/RESET_B (sky130_fd_sc_hd__dfrtp_1)
                                  2.63   data arrival time

                         10.00   10.00   clock clk (rise edge)
                          0.00   10.00   clock source latency
                  0.09    0.06   10.06 ^ clk (in)
     2    0.02                           clk (net)
                  0.09    0.00   10.06 ^ clkbuf_0_clk/A (sky130_fd_sc_hd__clkbuf_16)
                  0.07    0.16   10.22 ^ clkbuf_0_clk/X (sky130_fd_sc_hd__clkbuf_16)
     4    0.05                           clknet_0_clk (net)
                  0.07    0.00   10.22 ^ clkbuf_2_3__f_clk/A (sky130_fd_sc_hd__clkbuf_16)
                  0.05    0.13   10.35 ^ clkbuf_2_3__f_clk/X (sky130_fd_sc_hd__clkbuf_16)
     8    0.03                           clknet_2_3__leaf_clk (net)
                  0.05    0.00   10.35 ^ _411_/CLK (sky130_fd_sc_hd__dfrtp_1)
                         -0.25   10.10   clock uncertainty
                          0.00   10.10   clock reconvergence pessimism
                          0.23   10.34   library recovery time
                                 10.34   data required time
-----------------------------------------------------------------------------
                                 10.34   data required time
                                 -2.63   data arrival time
-----------------------------------------------------------------------------
                                  7.70   slack (MET)


Startpoint: rst (input port clocked by clk)
Endpoint: _408_ (recovery check against rising-edge clock clk)
Path Group: asynchronous
Path Type: max

Fanout     Cap    Slew   Delay    Time   Description
-----------------------------------------------------------------------------
                          0.00    0.00   clock clk (rise edge)
                          0.00    0.00   clock network delay (propagated)
                          2.00    2.00 v input external delay
                  0.01    0.01    2.01 v rst (in)
     2    0.00                           rst (net)
                  0.01    0.00    2.01 v input1/A (sky130_fd_sc_hd__buf_1)
                  0.07    0.11    2.12 v input1/X (sky130_fd_sc_hd__buf_1)
     1    0.01                           net1 (net)
                  0.07    0.00    2.12 v _356_/A (sky130_fd_sc_hd__clkbuf_4)
                  0.10    0.22    2.34 v _356_/X (sky130_fd_sc_hd__clkbuf_4)
     9    0.05                           _200_ (net)
                  0.10    0.00    2.34 v _357_/A (sky130_fd_sc_hd__buf_4)
                  0.08    0.23    2.57 v _357_/X (sky130_fd_sc_hd__buf_4)
    10    0.06                           _201_ (net)
                  0.08    0.00    2.57 v _360_/A (sky130_fd_sc_hd__inv_2)
                  0.03    0.06    2.63 ^ _360_/Y (sky130_fd_sc_hd__inv_2)
     1    0.00                           _002_ (net)
                  0.03    0.00    2.63 ^ _408_/RESET_B (sky130_fd_sc_hd__dfrtp_1)
                                  2.63   data arrival time

                         10.00   10.00   clock clk (rise edge)
                          0.00   10.00   clock source latency
                  0.09    0.06   10.06 ^ clk (in)
     2    0.02                           clk (net)
                  0.09    0.00   10.06 ^ clkbuf_0_clk/A (sky130_fd_sc_hd__clkbuf_16)
                  0.07    0.16   10.22 ^ clkbuf_0_clk/X (sky130_fd_sc_hd__clkbuf_16)
     4    0.05                           clknet_0_clk (net)
                  0.07    0.00   10.22 ^ clkbuf_2_3__f_clk/A (sky130_fd_sc_hd__clkbuf_16)
                  0.05    0.13   10.35 ^ clkbuf_2_3__f_clk/X (sky130_fd_sc_hd__clkbuf_16)
     8    0.03                           clknet_2_3__leaf_clk (net)
                  0.05    0.00   10.35 ^ _408_/CLK (sky130_fd_sc_hd__dfrtp_1)
                         -0.25   10.10   clock uncertainty
                          0.00   10.10   clock reconvergence pessimism
                          0.23   10.34   library recovery time
                                 10.34   data required time
-----------------------------------------------------------------------------
                                 10.34   data required time
                                 -2.63   data arrival time
-----------------------------------------------------------------------------
                                  7.71   slack (MET)


Startpoint: rst (input port clocked by clk)
Endpoint: _444_ (recovery check against rising-edge clock clk)
Path Group: asynchronous
Path Type: max

Fanout     Cap    Slew   Delay    Time   Description
-----------------------------------------------------------------------------
                          0.00    0.00   clock clk (rise edge)
                          0.00    0.00   clock network delay (propagated)
                          2.00    2.00 v input external delay
                  0.01    0.01    2.01 v rst (in)
     2    0.00                           rst (net)
                  0.01    0.00    2.01 v input1/A (sky130_fd_sc_hd__buf_1)
                  0.07    0.11    2.12 v input1/X (sky130_fd_sc_hd__buf_1)
     1    0.01                           net1 (net)
                  0.07    0.00    2.12 v _356_/A (sky130_fd_sc_hd__clkbuf_4)
                  0.10    0.22    2.34 v _356_/X (sky130_fd_sc_hd__clkbuf_4)
     9    0.05                           _200_ (net)
                  0.10    0.00    2.34 v _390_/A (sky130_fd_sc_hd__buf_4)
                  0.08    0.23    2.57 v _390_/X (sky130_fd_sc_hd__buf_4)
    10    0.06                           _204_ (net)
                  0.08    0.00    2.57 v _399_/A (sky130_fd_sc_hd__inv_2)
                  0.03    0.06    2.64 ^ _399_/Y (sky130_fd_sc_hd__inv_2)
     1    0.00                           _038_ (net)
                  0.03    0.00    2.64 ^ _444_/RESET_B (sky130_fd_sc_hd__dfrtp_2)
                                  2.64   data arrival time

                         10.00   10.00   clock clk (rise edge)
                          0.00   10.00   clock source latency
                  0.09    0.06   10.06 ^ clk (in)
     2    0.02                           clk (net)
                  0.09    0.00   10.06 ^ clkbuf_0_clk/A (sky130_fd_sc_hd__clkbuf_16)
                  0.07    0.16   10.22 ^ clkbuf_0_clk/X (sky130_fd_sc_hd__clkbuf_16)
     4    0.05                           clknet_0_clk (net)
                  0.07    0.00   10.22 ^ clkbuf_2_1__f_clk/A (sky130_fd_sc_hd__clkbuf_16)
                  0.07    0.15   10.37 ^ clkbuf_2_1__f_clk/X (sky130_fd_sc_hd__clkbuf_16)
    15    0.05                           clknet_2_1__leaf_clk (net)
                  0.07    0.00   10.37 ^ _444_/CLK (sky130_fd_sc_hd__dfrtp_2)
                         -0.25   10.12   clock uncertainty
                          0.00   10.12   clock reconvergence pessimism
                          0.23   10.34   library recovery time
                                 10.34   data required time
-----------------------------------------------------------------------------
                                 10.34   data required time
                                 -2.64   data arrival time
-----------------------------------------------------------------------------
                                  7.71   slack (MET)


Startpoint: rst (input port clocked by clk)
Endpoint: _413_ (recovery check against rising-edge clock clk)
Path Group: asynchronous
Path Type: max

Fanout     Cap    Slew   Delay    Time   Description
-----------------------------------------------------------------------------
                          0.00    0.00   clock clk (rise edge)
                          0.00    0.00   clock network delay (propagated)
                          2.00    2.00 v input external delay
                  0.01    0.01    2.01 v rst (in)
     2    0.00                           rst (net)
                  0.01    0.00    2.01 v input1/A (sky130_fd_sc_hd__buf_1)
                  0.07    0.11    2.12 v input1/X (sky130_fd_sc_hd__buf_1)
     1    0.01                           net1 (net)
                  0.07    0.00    2.12 v _356_/A (sky130_fd_sc_hd__clkbuf_4)
                  0.10    0.22    2.34 v _356_/X (sky130_fd_sc_hd__clkbuf_4)
     9    0.05                           _200_ (net)
                  0.10    0.00    2.34 v _357_/A (sky130_fd_sc_hd__buf_4)
                  0.08    0.23    2.57 v _357_/X (sky130_fd_sc_hd__buf_4)
    10    0.06                           _201_ (net)
                  0.08    0.00    2.57 v _365_/A (sky130_fd_sc_hd__inv_2)
                  0.04    0.06    2.63 ^ _365_/Y (sky130_fd_sc_hd__inv_2)
     1    0.00                           _007_ (net)
                  0.04    0.00    2.63 ^ _413_/RESET_B (sky130_fd_sc_hd__dfrtp_1)
                                  2.63   data arrival time

                         10.00   10.00   clock clk (rise edge)
                          0.00   10.00   clock source latency
                  0.09    0.06   10.06 ^ clk (in)
     2    0.02                           clk (net)
                  0.09    0.00   10.06 ^ clkbuf_0_clk/A (sky130_fd_sc_hd__clkbuf_16)
                  0.07    0.16   10.22 ^ clkbuf_0_clk/X (sky130_fd_sc_hd__clkbuf_16)
     4    0.05                           clknet_0_clk (net)
                  0.07    0.00   10.22 ^ clkbuf_2_2__f_clk/A (sky130_fd_sc_hd__clkbuf_16)
                  0.05    0.14   10.35 ^ clkbuf_2_2__f_clk/X (sky130_fd_sc_hd__clkbuf_16)
    11    0.03                           clknet_2_2__leaf_clk (net)
                  0.05    0.00   10.36 ^ _413_/CLK (sky130_fd_sc_hd__dfrtp_1)
                         -0.25   10.11   clock uncertainty
                          0.00   10.11   clock reconvergence pessimism
                          0.24   10.34   library recovery time
                                 10.34   data required time
-----------------------------------------------------------------------------
                                 10.34   data required time
                                 -2.63   data arrival time
-----------------------------------------------------------------------------
                                  7.71   slack (MET)


Startpoint: rst (input port clocked by clk)
Endpoint: _436_ (recovery check against rising-edge clock clk)
Path Group: asynchronous
Path Type: max

Fanout     Cap    Slew   Delay    Time   Description
-----------------------------------------------------------------------------
                          0.00    0.00   clock clk (rise edge)
                          0.00    0.00   clock network delay (propagated)
                          2.00    2.00 v input external delay
                  0.01    0.01    2.01 v rst (in)
     2    0.00                           rst (net)
                  0.01    0.00    2.01 v input1/A (sky130_fd_sc_hd__buf_1)
                  0.07    0.11    2.12 v input1/X (sky130_fd_sc_hd__buf_1)
     1    0.01                           net1 (net)
                  0.07    0.00    2.12 v _356_/A (sky130_fd_sc_hd__clkbuf_4)
                  0.10    0.22    2.34 v _356_/X (sky130_fd_sc_hd__clkbuf_4)
     9    0.05                           _200_ (net)
                  0.10    0.00    2.34 v _390_/A (sky130_fd_sc_hd__buf_4)
                  0.08    0.23    2.57 v _390_/X (sky130_fd_sc_hd__buf_4)
    10    0.06                           _204_ (net)
                  0.08    0.00    2.58 v _391_/A (sky130_fd_sc_hd__inv_2)
                  0.03    0.06    2.64 ^ _391_/Y (sky130_fd_sc_hd__inv_2)
     1    0.00                           _030_ (net)
                  0.03    0.00    2.64 ^ _436_/RESET_B (sky130_fd_sc_hd__dfrtp_1)
                                  2.64   data arrival time

                         10.00   10.00   clock clk (rise edge)
                          0.00   10.00   clock source latency
                  0.09    0.06   10.06 ^ clk (in)
     2    0.02                           clk (net)
                  0.09    0.00   10.06 ^ clkbuf_0_clk/A (sky130_fd_sc_hd__clkbuf_16)
                  0.07    0.16   10.22 ^ clkbuf_0_clk/X (sky130_fd_sc_hd__clkbuf_16)
     4    0.05                           clknet_0_clk (net)
                  0.07    0.00   10.22 ^ clkbuf_2_0__f_clk/A (sky130_fd_sc_hd__clkbuf_16)
                  0.06    0.14   10.36 ^ clkbuf_2_0__f_clk/X (sky130_fd_sc_hd__clkbuf_16)
    11    0.04                           clknet_2_0__leaf_clk (net)
                  0.06    0.00   10.36 ^ _436_/CLK (sky130_fd_sc_hd__dfrtp_1)
                         -0.25   10.11   clock uncertainty
                          0.00   10.11   clock reconvergence pessimism
                          0.24   10.35   library recovery time
                                 10.35   data required time
-----------------------------------------------------------------------------
                                 10.35   data required time
                                 -2.64   data arrival time
-----------------------------------------------------------------------------
                                  7.71   slack (MET)


Startpoint: rst (input port clocked by clk)
Endpoint: _439_ (recovery check against rising-edge clock clk)
Path Group: asynchronous
Path Type: max

Fanout     Cap    Slew   Delay    Time   Description
-----------------------------------------------------------------------------
                          0.00    0.00   clock clk (rise edge)
                          0.00    0.00   clock network delay (propagated)
                          2.00    2.00 v input external delay
                  0.01    0.01    2.01 v rst (in)
     2    0.00                           rst (net)
                  0.01    0.00    2.01 v input1/A (sky130_fd_sc_hd__buf_1)
                  0.07    0.11    2.12 v input1/X (sky130_fd_sc_hd__buf_1)
     1    0.01                           net1 (net)
                  0.07    0.00    2.12 v _356_/A (sky130_fd_sc_hd__clkbuf_4)
                  0.10    0.22    2.34 v _356_/X (sky130_fd_sc_hd__clkbuf_4)
     9    0.05                           _200_ (net)
                  0.10    0.00    2.34 v _390_/A (sky130_fd_sc_hd__buf_4)
                  0.08    0.23    2.57 v _390_/X (sky130_fd_sc_hd__buf_4)
    10    0.06                           _204_ (net)
                  0.08    0.00    2.58 v _394_/A (sky130_fd_sc_hd__inv_2)
                  0.03    0.06    2.64 ^ _394_/Y (sky130_fd_sc_hd__inv_2)
     1    0.00                           _033_ (net)
                  0.03    0.00    2.64 ^ _439_/RESET_B (sky130_fd_sc_hd__dfrtp_1)
                                  2.64   data arrival time

                         10.00   10.00   clock clk (rise edge)
                          0.00   10.00   clock source latency
                  0.09    0.06   10.06 ^ clk (in)
     2    0.02                           clk (net)
                  0.09    0.00   10.06 ^ clkbuf_0_clk/A (sky130_fd_sc_hd__clkbuf_16)
                  0.07    0.16   10.22 ^ clkbuf_0_clk/X (sky130_fd_sc_hd__clkbuf_16)
     4    0.05                           clknet_0_clk (net)
                  0.07    0.00   10.22 ^ clkbuf_2_0__f_clk/A (sky130_fd_sc_hd__clkbuf_16)
                  0.06    0.14   10.36 ^ clkbuf_2_0__f_clk/X (sky130_fd_sc_hd__clkbuf_16)
    11    0.04                           clknet_2_0__leaf_clk (net)
                  0.06    0.00   10.36 ^ _439_/CLK (sky130_fd_sc_hd__dfrtp_1)
                         -0.25   10.11   clock uncertainty
                          0.00   10.11   clock reconvergence pessimism
                          0.24   10.35   library recovery time
                                 10.35   data required time
-----------------------------------------------------------------------------
                                 10.35   data required time
                                 -2.64   data arrival time
-----------------------------------------------------------------------------
                                  7.71   slack (MET)


Startpoint: rst (input port clocked by clk)
Endpoint: _412_ (recovery check against rising-edge clock clk)
Path Group: asynchronous
Path Type: max

Fanout     Cap    Slew   Delay    Time   Description
-----------------------------------------------------------------------------
                          0.00    0.00   clock clk (rise edge)
                          0.00    0.00   clock network delay (propagated)
                          2.00    2.00 v input external delay
                  0.01    0.01    2.01 v rst (in)
     2    0.00                           rst (net)
                  0.01    0.00    2.01 v input1/A (sky130_fd_sc_hd__buf_1)
                  0.07    0.11    2.12 v input1/X (sky130_fd_sc_hd__buf_1)
     1    0.01                           net1 (net)
                  0.07    0.00    2.12 v _356_/A (sky130_fd_sc_hd__clkbuf_4)
                  0.10    0.22    2.34 v _356_/X (sky130_fd_sc_hd__clkbuf_4)
     9    0.05                           _200_ (net)
                  0.10    0.00    2.34 v _357_/A (sky130_fd_sc_hd__buf_4)
                  0.08    0.23    2.57 v _357_/X (sky130_fd_sc_hd__buf_4)
    10    0.06                           _201_ (net)
                  0.08    0.00    2.57 v _364_/A (sky130_fd_sc_hd__inv_2)
                  0.03    0.06    2.63 ^ _364_/Y (sky130_fd_sc_hd__inv_2)
     1    0.00                           _006_ (net)
                  0.03    0.00    2.63 ^ _412_/RESET_B (sky130_fd_sc_hd__dfrtp_1)
                                  2.63   data arrival time

                         10.00   10.00   clock clk (rise edge)
                          0.00   10.00   clock source latency
                  0.09    0.06   10.06 ^ clk (in)
     2    0.02                           clk (net)
                  0.09    0.00   10.06 ^ clkbuf_0_clk/A (sky130_fd_sc_hd__clkbuf_16)
                  0.07    0.16   10.22 ^ clkbuf_0_clk/X (sky130_fd_sc_hd__clkbuf_16)
     4    0.05                           clknet_0_clk (net)
                  0.07    0.00   10.22 ^ clkbuf_2_3__f_clk/A (sky130_fd_sc_hd__clkbuf_16)
                  0.05    0.13   10.35 ^ clkbuf_2_3__f_clk/X (sky130_fd_sc_hd__clkbuf_16)
     8    0.03                           clknet_2_3__leaf_clk (net)
                  0.05    0.00   10.35 ^ _412_/CLK (sky130_fd_sc_hd__dfrtp_1)
                         -0.25   10.10   clock uncertainty
                          0.00   10.10   clock reconvergence pessimism
                          0.23   10.34   library recovery time
                                 10.34   data required time
-----------------------------------------------------------------------------
                                 10.34   data required time
                                 -2.63   data arrival time
-----------------------------------------------------------------------------
                                  7.71   slack (MET)


Startpoint: rst (input port clocked by clk)
Endpoint: _437_ (recovery check against rising-edge clock clk)
Path Group: asynchronous
Path Type: max

Fanout     Cap    Slew   Delay    Time   Description
-----------------------------------------------------------------------------
                          0.00    0.00   clock clk (rise edge)
                          0.00    0.00   clock network delay (propagated)
                          2.00    2.00 v input external delay
                  0.01    0.01    2.01 v rst (in)
     2    0.00                           rst (net)
                  0.01    0.00    2.01 v input1/A (sky130_fd_sc_hd__buf_1)
                  0.07    0.11    2.12 v input1/X (sky130_fd_sc_hd__buf_1)
     1    0.01                           net1 (net)
                  0.07    0.00    2.12 v _356_/A (sky130_fd_sc_hd__clkbuf_4)
                  0.10    0.22    2.34 v _356_/X (sky130_fd_sc_hd__clkbuf_4)
     9    0.05                           _200_ (net)
                  0.10    0.00    2.34 v _390_/A (sky130_fd_sc_hd__buf_4)
                  0.08    0.23    2.57 v _390_/X (sky130_fd_sc_hd__buf_4)
    10    0.06                           _204_ (net)
                  0.08    0.00    2.57 v _392_/A (sky130_fd_sc_hd__inv_2)
                  0.03    0.06    2.64 ^ _392_/Y (sky130_fd_sc_hd__inv_2)
     1    0.00                           _031_ (net)
                  0.03    0.00    2.64 ^ _437_/RESET_B (sky130_fd_sc_hd__dfrtp_1)
                                  2.64   data arrival time

                         10.00   10.00   clock clk (rise edge)
                          0.00   10.00   clock source latency
                  0.09    0.06   10.06 ^ clk (in)
     2    0.02                           clk (net)
                  0.09    0.00   10.06 ^ clkbuf_0_clk/A (sky130_fd_sc_hd__clkbuf_16)
                  0.07    0.16   10.22 ^ clkbuf_0_clk/X (sky130_fd_sc_hd__clkbuf_16)
     4    0.05                           clknet_0_clk (net)
                  0.07    0.00   10.22 ^ clkbuf_2_0__f_clk/A (sky130_fd_sc_hd__clkbuf_16)
                  0.06    0.14   10.36 ^ clkbuf_2_0__f_clk/X (sky130_fd_sc_hd__clkbuf_16)
    11    0.04                           clknet_2_0__leaf_clk (net)
                  0.06    0.00   10.36 ^ _437_/CLK (sky130_fd_sc_hd__dfrtp_1)
                         -0.25   10.11   clock uncertainty
                          0.00   10.11   clock reconvergence pessimism
                          0.24   10.34   library recovery time
                                 10.34   data required time
-----------------------------------------------------------------------------
                                 10.34   data required time
                                 -2.64   data arrival time
-----------------------------------------------------------------------------
                                  7.71   slack (MET)


Startpoint: rst (input port clocked by clk)
Endpoint: _421_ (recovery check against rising-edge clock clk)
Path Group: asynchronous
Path Type: max

Fanout     Cap    Slew   Delay    Time   Description
-----------------------------------------------------------------------------
                          0.00    0.00   clock clk (rise edge)
                          0.00    0.00   clock network delay (propagated)
                          2.00    2.00 v input external delay
                  0.01    0.01    2.01 v rst (in)
     2    0.00                           rst (net)
                  0.01    0.00    2.01 v input1/A (sky130_fd_sc_hd__buf_1)
                  0.07    0.11    2.12 v input1/X (sky130_fd_sc_hd__buf_1)
     1    0.01                           net1 (net)
                  0.07    0.00    2.12 v _356_/A (sky130_fd_sc_hd__clkbuf_4)
                  0.10    0.22    2.34 v _356_/X (sky130_fd_sc_hd__clkbuf_4)
     9    0.05                           _200_ (net)
                  0.10    0.00    2.34 v _368_/A (sky130_fd_sc_hd__buf_4)
                  0.08    0.23    2.57 v _368_/X (sky130_fd_sc_hd__buf_4)
    10    0.06                           _202_ (net)
                  0.08    0.00    2.57 v _374_/A (sky130_fd_sc_hd__inv_2)
                  0.03    0.06    2.64 ^ _374_/Y (sky130_fd_sc_hd__inv_2)
     1    0.00                           _015_ (net)
                  0.03    0.00    2.64 ^ _421_/RESET_B (sky130_fd_sc_hd__dfrtp_1)
                                  2.64   data arrival time

                         10.00   10.00   clock clk (rise edge)
                          0.00   10.00   clock source latency
                  0.09    0.06   10.06 ^ clk (in)
     2    0.02                           clk (net)
                  0.09    0.00   10.06 ^ clkbuf_0_clk/A (sky130_fd_sc_hd__clkbuf_16)
                  0.07    0.16   10.22 ^ clkbuf_0_clk/X (sky130_fd_sc_hd__clkbuf_16)
     4    0.05                           clknet_0_clk (net)
                  0.07    0.00   10.22 ^ clkbuf_2_0__f_clk/A (sky130_fd_sc_hd__clkbuf_16)
                  0.06    0.14   10.36 ^ clkbuf_2_0__f_clk/X (sky130_fd_sc_hd__clkbuf_16)
    11    0.04                           clknet_2_0__leaf_clk (net)
                  0.06    0.00   10.36 ^ _421_/CLK (sky130_fd_sc_hd__dfrtp_1)
                         -0.25   10.11   clock uncertainty
                          0.00   10.11   clock reconvergence pessimism
                          0.24   10.35   library recovery time
                                 10.35   data required time
-----------------------------------------------------------------------------
                                 10.35   data required time
                                 -2.64   data arrival time
-----------------------------------------------------------------------------
                                  7.71   slack (MET)


Startpoint: rst (input port clocked by clk)
Endpoint: _414_ (recovery check against rising-edge clock clk)
Path Group: asynchronous
Path Type: max

Fanout     Cap    Slew   Delay    Time   Description
-----------------------------------------------------------------------------
                          0.00    0.00   clock clk (rise edge)
                          0.00    0.00   clock network delay (propagated)
                          2.00    2.00 v input external delay
                  0.01    0.01    2.01 v rst (in)
     2    0.00                           rst (net)
                  0.01    0.00    2.01 v input1/A (sky130_fd_sc_hd__buf_1)
                  0.07    0.11    2.12 v input1/X (sky130_fd_sc_hd__buf_1)
     1    0.01                           net1 (net)
                  0.07    0.00    2.12 v _356_/A (sky130_fd_sc_hd__clkbuf_4)
                  0.10    0.22    2.34 v _356_/X (sky130_fd_sc_hd__clkbuf_4)
     9    0.05                           _200_ (net)
                  0.10    0.00    2.34 v _357_/A (sky130_fd_sc_hd__buf_4)
                  0.08    0.23    2.57 v _357_/X (sky130_fd_sc_hd__buf_4)
    10    0.06                           _201_ (net)
                  0.08    0.00    2.57 v _366_/A (sky130_fd_sc_hd__inv_2)
                  0.03    0.06    2.63 ^ _366_/Y (sky130_fd_sc_hd__inv_2)
     1    0.00                           _008_ (net)
                  0.03    0.00    2.63 ^ _414_/RESET_B (sky130_fd_sc_hd__dfrtp_1)
                                  2.63   data arrival time

                         10.00   10.00   clock clk (rise edge)
                          0.00   10.00   clock source latency
                  0.09    0.06   10.06 ^ clk (in)
     2    0.02                           clk (net)
                  0.09    0.00   10.06 ^ clkbuf_0_clk/A (sky130_fd_sc_hd__clkbuf_16)
                  0.07    0.16   10.22 ^ clkbuf_0_clk/X (sky130_fd_sc_hd__clkbuf_16)
     4    0.05                           clknet_0_clk (net)
                  0.07    0.00   10.22 ^ clkbuf_2_2__f_clk/A (sky130_fd_sc_hd__clkbuf_16)
                  0.05    0.14   10.35 ^ clkbuf_2_2__f_clk/X (sky130_fd_sc_hd__clkbuf_16)
    11    0.03                           clknet_2_2__leaf_clk (net)
                  0.05    0.00   10.36 ^ _414_/CLK (sky130_fd_sc_hd__dfrtp_1)
                         -0.25   10.11   clock uncertainty
                          0.00   10.11   clock reconvergence pessimism
                          0.24   10.34   library recovery time
                                 10.34   data required time
-----------------------------------------------------------------------------
                                 10.34   data required time
                                 -2.63   data arrival time
-----------------------------------------------------------------------------
                                  7.71   slack (MET)


Startpoint: rst (input port clocked by clk)
Endpoint: _418_ (recovery check against rising-edge clock clk)
Path Group: asynchronous
Path Type: max

Fanout     Cap    Slew   Delay    Time   Description
-----------------------------------------------------------------------------
                          0.00    0.00   clock clk (rise edge)
                          0.00    0.00   clock network delay (propagated)
                          2.00    2.00 v input external delay
                  0.01    0.01    2.01 v rst (in)
     2    0.00                           rst (net)
                  0.01    0.00    2.01 v input1/A (sky130_fd_sc_hd__buf_1)
                  0.07    0.11    2.12 v input1/X (sky130_fd_sc_hd__buf_1)
     1    0.01                           net1 (net)
                  0.07    0.00    2.12 v _356_/A (sky130_fd_sc_hd__clkbuf_4)
                  0.10    0.22    2.34 v _356_/X (sky130_fd_sc_hd__clkbuf_4)
     9    0.05                           _200_ (net)
                  0.10    0.00    2.34 v _368_/A (sky130_fd_sc_hd__buf_4)
                  0.08    0.23    2.57 v _368_/X (sky130_fd_sc_hd__buf_4)
    10    0.06                           _202_ (net)
                  0.08    0.00    2.57 v _371_/A (sky130_fd_sc_hd__inv_2)
                  0.03    0.06    2.64 ^ _371_/Y (sky130_fd_sc_hd__inv_2)
     1    0.00                           _012_ (net)
                  0.03    0.00    2.64 ^ _418_/RESET_B (sky130_fd_sc_hd__dfrtp_1)
                                  2.64   data arrival time

                         10.00   10.00   clock clk (rise edge)
                          0.00   10.00   clock source latency
                  0.09    0.06   10.06 ^ clk (in)
     2    0.02                           clk (net)
                  0.09    0.00   10.06 ^ clkbuf_0_clk/A (sky130_fd_sc_hd__clkbuf_16)
                  0.07    0.16   10.22 ^ clkbuf_0_clk/X (sky130_fd_sc_hd__clkbuf_16)
     4    0.05                           clknet_0_clk (net)
                  0.07    0.00   10.22 ^ clkbuf_2_0__f_clk/A (sky130_fd_sc_hd__clkbuf_16)
                  0.06    0.14   10.36 ^ clkbuf_2_0__f_clk/X (sky130_fd_sc_hd__clkbuf_16)
    11    0.04                           clknet_2_0__leaf_clk (net)
                  0.06    0.00   10.36 ^ _418_/CLK (sky130_fd_sc_hd__dfrtp_1)
                         -0.25   10.11   clock uncertainty
                          0.00   10.11   clock reconvergence pessimism
                          0.24   10.35   library recovery time
                                 10.35   data required time
-----------------------------------------------------------------------------
                                 10.35   data required time
                                 -2.64   data arrival time
-----------------------------------------------------------------------------
                                  7.71   slack (MET)


Startpoint: rst (input port clocked by clk)
Endpoint: _415_ (recovery check against rising-edge clock clk)
Path Group: asynchronous
Path Type: max

Fanout     Cap    Slew   Delay    Time   Description
-----------------------------------------------------------------------------
                          0.00    0.00   clock clk (rise edge)
                          0.00    0.00   clock network delay (propagated)
                          2.00    2.00 v input external delay
                  0.01    0.01    2.01 v rst (in)
     2    0.00                           rst (net)
                  0.01    0.00    2.01 v input1/A (sky130_fd_sc_hd__buf_1)
                  0.07    0.11    2.12 v input1/X (sky130_fd_sc_hd__buf_1)
     1    0.01                           net1 (net)
                  0.07    0.00    2.12 v _356_/A (sky130_fd_sc_hd__clkbuf_4)
                  0.10    0.22    2.34 v _356_/X (sky130_fd_sc_hd__clkbuf_4)
     9    0.05                           _200_ (net)
                  0.10    0.00    2.34 v _357_/A (sky130_fd_sc_hd__buf_4)
                  0.08    0.23    2.57 v _357_/X (sky130_fd_sc_hd__buf_4)
    10    0.06                           _201_ (net)
                  0.08    0.00    2.57 v _367_/A (sky130_fd_sc_hd__inv_2)
                  0.03    0.06    2.63 ^ _367_/Y (sky130_fd_sc_hd__inv_2)
     1    0.00                           _009_ (net)
                  0.03    0.00    2.63 ^ _415_/RESET_B (sky130_fd_sc_hd__dfrtp_1)
                                  2.63   data arrival time

                         10.00   10.00   clock clk (rise edge)
                          0.00   10.00   clock source latency
                  0.09    0.06   10.06 ^ clk (in)
     2    0.02                           clk (net)
                  0.09    0.00   10.06 ^ clkbuf_0_clk/A (sky130_fd_sc_hd__clkbuf_16)
                  0.07    0.16   10.22 ^ clkbuf_0_clk/X (sky130_fd_sc_hd__clkbuf_16)
     4    0.05                           clknet_0_clk (net)
                  0.07    0.00   10.22 ^ clkbuf_2_2__f_clk/A (sky130_fd_sc_hd__clkbuf_16)
                  0.05    0.14   10.35 ^ clkbuf_2_2__f_clk/X (sky130_fd_sc_hd__clkbuf_16)
    11    0.03                           clknet_2_2__leaf_clk (net)
                  0.05    0.00   10.36 ^ _415_/CLK (sky130_fd_sc_hd__dfrtp_1)
                         -0.25   10.11   clock uncertainty
                          0.00   10.11   clock reconvergence pessimism
                          0.24   10.34   library recovery time
                                 10.34   data required time
-----------------------------------------------------------------------------
                                 10.34   data required time
                                 -2.63   data arrival time
-----------------------------------------------------------------------------
                                  7.71   slack (MET)


Startpoint: rst (input port clocked by clk)
Endpoint: _410_ (recovery check against rising-edge clock clk)
Path Group: asynchronous
Path Type: max

Fanout     Cap    Slew   Delay    Time   Description
-----------------------------------------------------------------------------
                          0.00    0.00   clock clk (rise edge)
                          0.00    0.00   clock network delay (propagated)
                          2.00    2.00 v input external delay
                  0.01    0.01    2.01 v rst (in)
     2    0.00                           rst (net)
                  0.01    0.00    2.01 v input1/A (sky130_fd_sc_hd__buf_1)
                  0.07    0.11    2.12 v input1/X (sky130_fd_sc_hd__buf_1)
     1    0.01                           net1 (net)
                  0.07    0.00    2.12 v _356_/A (sky130_fd_sc_hd__clkbuf_4)
                  0.10    0.22    2.34 v _356_/X (sky130_fd_sc_hd__clkbuf_4)
     9    0.05                           _200_ (net)
                  0.10    0.00    2.34 v _357_/A (sky130_fd_sc_hd__buf_4)
                  0.08    0.23    2.57 v _357_/X (sky130_fd_sc_hd__buf_4)
    10    0.06                           _201_ (net)
                  0.08    0.00    2.57 v _362_/A (sky130_fd_sc_hd__inv_2)
                  0.03    0.06    2.63 ^ _362_/Y (sky130_fd_sc_hd__inv_2)
     1    0.00                           _004_ (net)
                  0.03    0.00    2.63 ^ _410_/RESET_B (sky130_fd_sc_hd__dfrtp_1)
                                  2.63   data arrival time

                         10.00   10.00   clock clk (rise edge)
                          0.00   10.00   clock source latency
                  0.09    0.06   10.06 ^ clk (in)
     2    0.02                           clk (net)
                  0.09    0.00   10.06 ^ clkbuf_0_clk/A (sky130_fd_sc_hd__clkbuf_16)
                  0.07    0.16   10.22 ^ clkbuf_0_clk/X (sky130_fd_sc_hd__clkbuf_16)
     4    0.05                           clknet_0_clk (net)
                  0.07    0.00   10.22 ^ clkbuf_2_2__f_clk/A (sky130_fd_sc_hd__clkbuf_16)
                  0.05    0.14   10.35 ^ clkbuf_2_2__f_clk/X (sky130_fd_sc_hd__clkbuf_16)
    11    0.03                           clknet_2_2__leaf_clk (net)
                  0.05    0.00   10.36 ^ _410_/CLK (sky130_fd_sc_hd__dfrtp_1)
                         -0.25   10.11   clock uncertainty
                          0.00   10.11   clock reconvergence pessimism
                          0.24   10.34   library recovery time
                                 10.34   data required time
-----------------------------------------------------------------------------
                                 10.34   data required time
                                 -2.63   data arrival time
-----------------------------------------------------------------------------
                                  7.71   slack (MET)


Startpoint: rst (input port clocked by clk)
Endpoint: _438_ (recovery check against rising-edge clock clk)
Path Group: asynchronous
Path Type: max

Fanout     Cap    Slew   Delay    Time   Description
-----------------------------------------------------------------------------
                          0.00    0.00   clock clk (rise edge)
                          0.00    0.00   clock network delay (propagated)
                          2.00    2.00 v input external delay
                  0.01    0.01    2.01 v rst (in)
     2    0.00                           rst (net)
                  0.01    0.00    2.01 v input1/A (sky130_fd_sc_hd__buf_1)
                  0.07    0.11    2.12 v input1/X (sky130_fd_sc_hd__buf_1)
     1    0.01                           net1 (net)
                  0.07    0.00    2.12 v _356_/A (sky130_fd_sc_hd__clkbuf_4)
                  0.10    0.22    2.34 v _356_/X (sky130_fd_sc_hd__clkbuf_4)
     9    0.05                           _200_ (net)
                  0.10    0.00    2.34 v _390_/A (sky130_fd_sc_hd__buf_4)
                  0.08    0.23    2.57 v _390_/X (sky130_fd_sc_hd__buf_4)
    10    0.06                           _204_ (net)
                  0.08    0.00    2.57 v _393_/A (sky130_fd_sc_hd__inv_2)
                  0.03    0.06    2.63 ^ _393_/Y (sky130_fd_sc_hd__inv_2)
     1    0.00                           _032_ (net)
                  0.03    0.00    2.63 ^ _438_/RESET_B (sky130_fd_sc_hd__dfrtp_2)
                                  2.63   data arrival time

                         10.00   10.00   clock clk (rise edge)
                          0.00   10.00   clock source latency
                  0.09    0.06   10.06 ^ clk (in)
     2    0.02                           clk (net)
                  0.09    0.00   10.06 ^ clkbuf_0_clk/A (sky130_fd_sc_hd__clkbuf_16)
                  0.07    0.16   10.22 ^ clkbuf_0_clk/X (sky130_fd_sc_hd__clkbuf_16)
     4    0.05                           clknet_0_clk (net)
                  0.07    0.00   10.22 ^ clkbuf_2_1__f_clk/A (sky130_fd_sc_hd__clkbuf_16)
                  0.07    0.15   10.37 ^ clkbuf_2_1__f_clk/X (sky130_fd_sc_hd__clkbuf_16)
    15    0.05                           clknet_2_1__leaf_clk (net)
                  0.07    0.00   10.37 ^ _438_/CLK (sky130_fd_sc_hd__dfrtp_2)
                         -0.25   10.12   clock uncertainty
                          0.00   10.12   clock reconvergence pessimism
                          0.23   10.35   library recovery time
                                 10.35   data required time
-----------------------------------------------------------------------------
                                 10.35   data required time
                                 -2.63   data arrival time
-----------------------------------------------------------------------------
                                  7.71   slack (MET)


Startpoint: rst (input port clocked by clk)
Endpoint: _425_ (recovery check against rising-edge clock clk)
Path Group: asynchronous
Path Type: max

Fanout     Cap    Slew   Delay    Time   Description
-----------------------------------------------------------------------------
                          0.00    0.00   clock clk (rise edge)
                          0.00    0.00   clock network delay (propagated)
                          2.00    2.00 v input external delay
                  0.01    0.01    2.01 v rst (in)
     2    0.00                           rst (net)
                  0.01    0.00    2.01 v input1/A (sky130_fd_sc_hd__buf_1)
                  0.07    0.11    2.12 v input1/X (sky130_fd_sc_hd__buf_1)
     1    0.01                           net1 (net)
                  0.07    0.00    2.12 v _356_/A (sky130_fd_sc_hd__clkbuf_4)
                  0.10    0.22    2.34 v _356_/X (sky130_fd_sc_hd__clkbuf_4)
     9    0.05                           _200_ (net)
                  0.10    0.00    2.34 v _368_/A (sky130_fd_sc_hd__buf_4)
                  0.08    0.23    2.57 v _368_/X (sky130_fd_sc_hd__buf_4)
    10    0.06                           _202_ (net)
                  0.08    0.00    2.57 v _378_/A (sky130_fd_sc_hd__inv_2)
                  0.04    0.07    2.64 ^ _378_/Y (sky130_fd_sc_hd__inv_2)
     1    0.01                           _019_ (net)
                  0.04    0.00    2.64 ^ _425_/RESET_B (sky130_fd_sc_hd__dfrtp_1)
                                  2.64   data arrival time

                         10.00   10.00   clock clk (rise edge)
                          0.00   10.00   clock source latency
                  0.09    0.06   10.06 ^ clk (in)
     2    0.02                           clk (net)
                  0.09    0.00   10.06 ^ clkbuf_0_clk/A (sky130_fd_sc_hd__clkbuf_16)
                  0.07    0.16   10.22 ^ clkbuf_0_clk/X (sky130_fd_sc_hd__clkbuf_16)
     4    0.05                           clknet_0_clk (net)
                  0.07    0.00   10.22 ^ clkbuf_2_1__f_clk/A (sky130_fd_sc_hd__clkbuf_16)
                  0.07    0.15   10.37 ^ clkbuf_2_1__f_clk/X (sky130_fd_sc_hd__clkbuf_16)
    15    0.05                           clknet_2_1__leaf_clk (net)
                  0.07    0.00   10.37 ^ _425_/CLK (sky130_fd_sc_hd__dfrtp_1)
                         -0.25   10.12   clock uncertainty
                          0.00   10.12   clock reconvergence pessimism
                          0.24   10.35   library recovery time
                                 10.35   data required time
-----------------------------------------------------------------------------
                                 10.35   data required time
                                 -2.64   data arrival time
-----------------------------------------------------------------------------
                                  7.72   slack (MET)


Startpoint: rst (input port clocked by clk)
Endpoint: _422_ (recovery check against rising-edge clock clk)
Path Group: asynchronous
Path Type: max

Fanout     Cap    Slew   Delay    Time   Description
-----------------------------------------------------------------------------
                          0.00    0.00   clock clk (rise edge)
                          0.00    0.00   clock network delay (propagated)
                          2.00    2.00 v input external delay
                  0.01    0.01    2.01 v rst (in)
     2    0.00                           rst (net)
                  0.01    0.00    2.01 v input1/A (sky130_fd_sc_hd__buf_1)
                  0.07    0.11    2.12 v input1/X (sky130_fd_sc_hd__buf_1)
     1    0.01                           net1 (net)
                  0.07    0.00    2.12 v _356_/A (sky130_fd_sc_hd__clkbuf_4)
                  0.10    0.22    2.34 v _356_/X (sky130_fd_sc_hd__clkbuf_4)
     9    0.05                           _200_ (net)
                  0.10    0.00    2.34 v _368_/A (sky130_fd_sc_hd__buf_4)
                  0.08    0.23    2.57 v _368_/X (sky130_fd_sc_hd__buf_4)
    10    0.06                           _202_ (net)
                  0.08    0.00    2.57 v _375_/A (sky130_fd_sc_hd__inv_2)
                  0.03    0.06    2.64 ^ _375_/Y (sky130_fd_sc_hd__inv_2)
     1    0.00                           _016_ (net)
                  0.03    0.00    2.64 ^ _422_/RESET_B (sky130_fd_sc_hd__dfrtp_1)
                                  2.64   data arrival time

                         10.00   10.00   clock clk (rise edge)
                          0.00   10.00   clock source latency
                  0.09    0.06   10.06 ^ clk (in)
     2    0.02                           clk (net)
                  0.09    0.00   10.06 ^ clkbuf_0_clk/A (sky130_fd_sc_hd__clkbuf_16)
                  0.07    0.16   10.22 ^ clkbuf_0_clk/X (sky130_fd_sc_hd__clkbuf_16)
     4    0.05                           clknet_0_clk (net)
                  0.07    0.00   10.22 ^ clkbuf_2_1__f_clk/A (sky130_fd_sc_hd__clkbuf_16)
                  0.07    0.15   10.37 ^ clkbuf_2_1__f_clk/X (sky130_fd_sc_hd__clkbuf_16)
    15    0.05                           clknet_2_1__leaf_clk (net)
                  0.07    0.00   10.37 ^ _422_/CLK (sky130_fd_sc_hd__dfrtp_1)
                         -0.25   10.12   clock uncertainty
                          0.00   10.12   clock reconvergence pessimism
                          0.24   10.36   library recovery time
                                 10.36   data required time
-----------------------------------------------------------------------------
                                 10.36   data required time
                                 -2.64   data arrival time
-----------------------------------------------------------------------------
                                  7.72   slack (MET)


Startpoint: rst (input port clocked by clk)
Endpoint: _423_ (recovery check against rising-edge clock clk)
Path Group: asynchronous
Path Type: max

Fanout     Cap    Slew   Delay    Time   Description
-----------------------------------------------------------------------------
                          0.00    0.00   clock clk (rise edge)
                          0.00    0.00   clock network delay (propagated)
                          2.00    2.00 v input external delay
                  0.01    0.01    2.01 v rst (in)
     2    0.00                           rst (net)
                  0.01    0.00    2.01 v input1/A (sky130_fd_sc_hd__buf_1)
                  0.07    0.11    2.12 v input1/X (sky130_fd_sc_hd__buf_1)
     1    0.01                           net1 (net)
                  0.07    0.00    2.12 v _356_/A (sky130_fd_sc_hd__clkbuf_4)
                  0.10    0.22    2.34 v _356_/X (sky130_fd_sc_hd__clkbuf_4)
     9    0.05                           _200_ (net)
                  0.10    0.00    2.34 v _368_/A (sky130_fd_sc_hd__buf_4)
                  0.08    0.23    2.57 v _368_/X (sky130_fd_sc_hd__buf_4)
    10    0.06                           _202_ (net)
                  0.08    0.00    2.57 v _376_/A (sky130_fd_sc_hd__inv_2)
                  0.03    0.06    2.63 ^ _376_/Y (sky130_fd_sc_hd__inv_2)
     1    0.00                           _017_ (net)
                  0.03    0.00    2.63 ^ _423_/RESET_B (sky130_fd_sc_hd__dfrtp_1)
                                  2.63   data arrival time

                         10.00   10.00   clock clk (rise edge)
                          0.00   10.00   clock source latency
                  0.09    0.06   10.06 ^ clk (in)
     2    0.02                           clk (net)
                  0.09    0.00   10.06 ^ clkbuf_0_clk/A (sky130_fd_sc_hd__clkbuf_16)
                  0.07    0.16   10.22 ^ clkbuf_0_clk/X (sky130_fd_sc_hd__clkbuf_16)
     4    0.05                           clknet_0_clk (net)
                  0.07    0.00   10.22 ^ clkbuf_2_1__f_clk/A (sky130_fd_sc_hd__clkbuf_16)
                  0.07    0.15   10.37 ^ clkbuf_2_1__f_clk/X (sky130_fd_sc_hd__clkbuf_16)
    15    0.05                           clknet_2_1__leaf_clk (net)
                  0.07    0.00   10.37 ^ _423_/CLK (sky130_fd_sc_hd__dfrtp_1)
                         -0.25   10.12   clock uncertainty
                          0.00   10.12   clock reconvergence pessimism
                          0.24   10.36   library recovery time
                                 10.36   data required time
-----------------------------------------------------------------------------
                                 10.36   data required time
                                 -2.63   data arrival time
-----------------------------------------------------------------------------
                                  7.72   slack (MET)


Startpoint: _406_ (rising edge-triggered flip-flop clocked by clk)
Endpoint: _420_ (rising edge-triggered flip-flop clocked by clk)
Path Group: clk
Path Type: max

Fanout     Cap    Slew   Delay    Time   Description
-----------------------------------------------------------------------------
                          0.00    0.00   clock clk (rise edge)
                          0.00    0.00   clock source latency
                  0.09    0.07    0.07 ^ clk (in)
     2    0.02                           clk (net)
                  0.09    0.00    0.07 ^ clkbuf_0_clk/A (sky130_fd_sc_hd__clkbuf_16)
                  0.07    0.17    0.24 ^ clkbuf_0_clk/X (sky130_fd_sc_hd__clkbuf_16)
     4    0.05                           clknet_0_clk (net)
                  0.07    0.00    0.24 ^ clkbuf_2_3__f_clk/A (sky130_fd_sc_hd__clkbuf_16)
                  0.05    0.15    0.39 ^ clkbuf_2_3__f_clk/X (sky130_fd_sc_hd__clkbuf_16)
     8    0.03                           clknet_2_3__leaf_clk (net)
                  0.05    0.00    0.39 ^ _406_/CLK (sky130_fd_sc_hd__dfrtp_2)
                  0.13    0.44    0.83 ^ _406_/Q (sky130_fd_sc_hd__dfrtp_2)
     5    0.03                           tx_inst.bit_index[0] (net)
                  0.13    0.00    0.83 ^ _316_/S0 (sky130_fd_sc_hd__mux4_1)
                  0.08    0.58    1.41 v _316_/X (sky130_fd_sc_hd__mux4_1)
     1    0.00                           _171_ (net)
                  0.08    0.00    1.41 v _317_/A1 (sky130_fd_sc_hd__mux2_1)
                  0.06    0.32    1.73 v _317_/X (sky130_fd_sc_hd__mux2_1)
     1    0.00                           _172_ (net)
                  0.06    0.00    1.73 v _318_/B (sky130_fd_sc_hd__and3b_1)
                  0.03    0.16    1.90 v _318_/X (sky130_fd_sc_hd__and3b_1)
     1    0.00                           _173_ (net)
                  0.03    0.00    1.90 v _319_/C (sky130_fd_sc_hd__or3_1)
                  0.07    0.32    2.22 v _319_/X (sky130_fd_sc_hd__or3_1)
     1    0.00                           _174_ (net)
                  0.07    0.00    2.22 v _320_/A (sky130_fd_sc_hd__clkbuf_1)
                  0.03    0.10    2.32 v _320_/X (sky130_fd_sc_hd__clkbuf_1)
     1    0.00                           _059_ (net)
                  0.03    0.00    2.32 v _420_/D (sky130_fd_sc_hd__dfstp_1)
                                  2.32   data arrival time

                         10.00   10.00   clock clk (rise edge)
                          0.00   10.00   clock source latency
                  0.09    0.06   10.06 ^ clk (in)
     2    0.02                           clk (net)
                  0.09    0.00   10.06 ^ clkbuf_0_clk/A (sky130_fd_sc_hd__clkbuf_16)
                  0.07    0.16   10.22 ^ clkbuf_0_clk/X (sky130_fd_sc_hd__clkbuf_16)
     4    0.05                           clknet_0_clk (net)
                  0.07    0.00   10.22 ^ clkbuf_2_2__f_clk/A (sky130_fd_sc_hd__clkbuf_16)
                  0.05    0.14   10.35 ^ clkbuf_2_2__f_clk/X (sky130_fd_sc_hd__clkbuf_16)
    11    0.03                           clknet_2_2__leaf_clk (net)
                  0.05    0.00   10.36 ^ _420_/CLK (sky130_fd_sc_hd__dfstp_1)
                         -0.25   10.11   clock uncertainty
                          0.02   10.13   clock reconvergence pessimism
                         -0.06   10.07   library setup time
                                 10.07   data required time
-----------------------------------------------------------------------------
                                 10.07   data required time
                                 -2.32   data arrival time
-----------------------------------------------------------------------------
                                  7.75   slack (MET)


Startpoint: _443_ (rising edge-triggered flip-flop clocked by clk)
Endpoint: _442_ (rising edge-triggered flip-flop clocked by clk)
Path Group: clk
Path Type: max

Fanout     Cap    Slew   Delay    Time   Description
-----------------------------------------------------------------------------
                          0.00    0.00   clock clk (rise edge)
                          0.00    0.00   clock source latency
                  0.09    0.07    0.07 ^ clk (in)
     2    0.02                           clk (net)
                  0.09    0.00    0.07 ^ clkbuf_0_clk/A (sky130_fd_sc_hd__clkbuf_16)
                  0.07    0.17    0.24 ^ clkbuf_0_clk/X (sky130_fd_sc_hd__clkbuf_16)
     4    0.05                           clknet_0_clk (net)
                  0.07    0.00    0.24 ^ clkbuf_2_1__f_clk/A (sky130_fd_sc_hd__clkbuf_16)
                  0.07    0.16    0.40 ^ clkbuf_2_1__f_clk/X (sky130_fd_sc_hd__clkbuf_16)
    15    0.05                           clknet_2_1__leaf_clk (net)
                  0.07    0.00    0.40 ^ _443_/CLK (sky130_fd_sc_hd__dfrtp_4)
                  0.10    0.47    0.88 ^ _443_/Q (sky130_fd_sc_hd__dfrtp_4)
     7    0.02                           rx_inst.clk_count[0] (net)
                  0.10    0.00    0.88 ^ _220_/C_N (sky130_fd_sc_hd__or4bb_1)
                  0.09    0.52    1.40 v _220_/X (sky130_fd_sc_hd__or4bb_1)
     1    0.00                           _101_ (net)
                  0.09    0.00    1.40 v _223_/A2 (sky130_fd_sc_hd__o211a_2)
                  0.08    0.32    1.72 v _223_/X (sky130_fd_sc_hd__o211a_2)
     7    0.02                           _104_ (net)
                  0.08    0.00    1.72 v _244_/A1 (sky130_fd_sc_hd__o21ai_1)
                  0.16    0.20    1.92 ^ _244_/Y (sky130_fd_sc_hd__o21ai_1)
     2    0.01                           _121_ (net)
                  0.16    0.00    1.92 ^ _245_/A3 (sky130_fd_sc_hd__a31o_1)
                  0.05    0.17    2.09 ^ _245_/X (sky130_fd_sc_hd__a31o_1)
     1    0.00                           _122_ (net)
                  0.05    0.00    2.09 ^ _246_/B1 (sky130_fd_sc_hd__o21a_1)
                  0.05    0.12    2.21 ^ _246_/X (sky130_fd_sc_hd__o21a_1)
     1    0.00                           _081_ (net)
                  0.05    0.00    2.21 ^ _442_/D (sky130_fd_sc_hd__dfrtp_2)
                                  2.21   data arrival time

                         10.00   10.00   clock clk (rise edge)
                          0.00   10.00   clock source latency
                  0.09    0.06   10.06 ^ clk (in)
     2    0.02                           clk (net)
                  0.09    0.00   10.06 ^ clkbuf_0_clk/A (sky130_fd_sc_hd__clkbuf_16)
                  0.07    0.16   10.22 ^ clkbuf_0_clk/X (sky130_fd_sc_hd__clkbuf_16)
     4    0.05                           clknet_0_clk (net)
                  0.07    0.00   10.22 ^ clkbuf_2_0__f_clk/A (sky130_fd_sc_hd__clkbuf_16)
                  0.06    0.14   10.36 ^ clkbuf_2_0__f_clk/X (sky130_fd_sc_hd__clkbuf_16)
    11    0.04                           clknet_2_0__leaf_clk (net)
                  0.06    0.00   10.36 ^ _442_/CLK (sky130_fd_sc_hd__dfrtp_2)
                         -0.25   10.11   clock uncertainty
                          0.02   10.13   clock reconvergence pessimism
                         -0.06   10.07   library setup time
                                 10.07   data required time
-----------------------------------------------------------------------------
                                 10.07   data required time
                                 -2.21   data arrival time
-----------------------------------------------------------------------------
                                  7.86   slack (MET)


Startpoint: _443_ (rising edge-triggered flip-flop clocked by clk)
Endpoint: _446_ (rising edge-triggered flip-flop clocked by clk)
Path Group: clk
Path Type: max

Fanout     Cap    Slew   Delay    Time   Description
-----------------------------------------------------------------------------
                          0.00    0.00   clock clk (rise edge)
                          0.00    0.00   clock source latency
                  0.09    0.07    0.07 ^ clk (in)
     2    0.02                           clk (net)
                  0.09    0.00    0.07 ^ clkbuf_0_clk/A (sky130_fd_sc_hd__clkbuf_16)
                  0.07    0.17    0.24 ^ clkbuf_0_clk/X (sky130_fd_sc_hd__clkbuf_16)
     4    0.05                           clknet_0_clk (net)
                  0.07    0.00    0.24 ^ clkbuf_2_1__f_clk/A (sky130_fd_sc_hd__clkbuf_16)
                  0.07    0.16    0.40 ^ clkbuf_2_1__f_clk/X (sky130_fd_sc_hd__clkbuf_16)
    15    0.05                           clknet_2_1__leaf_clk (net)
                  0.07    0.00    0.40 ^ _443_/CLK (sky130_fd_sc_hd__dfrtp_4)
                  0.10    0.47    0.88 ^ _443_/Q (sky130_fd_sc_hd__dfrtp_4)
     7    0.02                           rx_inst.clk_count[0] (net)
                  0.10    0.00    0.88 ^ _220_/C_N (sky130_fd_sc_hd__or4bb_1)
                  0.09    0.52    1.40 v _220_/X (sky130_fd_sc_hd__or4bb_1)
     1    0.00                           _101_ (net)
                  0.09    0.00    1.40 v _223_/A2 (sky130_fd_sc_hd__o211a_2)
                  0.08    0.32    1.72 v _223_/X (sky130_fd_sc_hd__o211a_2)
     7    0.02                           _104_ (net)
                  0.08    0.00    1.72 v _224_/A2 (sky130_fd_sc_hd__a21o_1)
                  0.05    0.22    1.94 v _224_/X (sky130_fd_sc_hd__a21o_1)
     2    0.01                           _105_ (net)
                  0.05    0.00    1.94 v _226_/B (sky130_fd_sc_hd__and3b_1)
                  0.03    0.16    2.10 v _226_/X (sky130_fd_sc_hd__and3b_1)
     1    0.00                           _107_ (net)
                  0.03    0.00    2.10 v _227_/A (sky130_fd_sc_hd__clkbuf_1)
                  0.03    0.09    2.19 v _227_/X (sky130_fd_sc_hd__clkbuf_1)
     1    0.00                           _085_ (net)
                  0.03    0.00    2.19 v _446_/D (sky130_fd_sc_hd__dfrtp_1)
                                  2.19   data arrival time

                         10.00   10.00   clock clk (rise edge)
                          0.00   10.00   clock source latency
                  0.09    0.06   10.06 ^ clk (in)
     2    0.02                           clk (net)
                  0.09    0.00   10.06 ^ clkbuf_0_clk/A (sky130_fd_sc_hd__clkbuf_16)
                  0.07    0.16   10.22 ^ clkbuf_0_clk/X (sky130_fd_sc_hd__clkbuf_16)
     4    0.05                           clknet_0_clk (net)
                  0.07    0.00   10.22 ^ clkbuf_2_1__f_clk/A (sky130_fd_sc_hd__clkbuf_16)
                  0.07    0.15   10.37 ^ clkbuf_2_1__f_clk/X (sky130_fd_sc_hd__clkbuf_16)
    15    0.05                           clknet_2_1__leaf_clk (net)
                  0.07    0.00   10.37 ^ _446_/CLK (sky130_fd_sc_hd__dfrtp_1)
                         -0.25   10.12   clock uncertainty
                          0.04   10.15   clock reconvergence pessimism
                         -0.10   10.05   library setup time
                                 10.05   data required time
-----------------------------------------------------------------------------
                                 10.05   data required time
                                 -2.19   data arrival time
-----------------------------------------------------------------------------
                                  7.87   slack (MET)


Startpoint: _443_ (rising edge-triggered flip-flop clocked by clk)
Endpoint: _443_ (rising edge-triggered flip-flop clocked by clk)
Path Group: clk
Path Type: max

Fanout     Cap    Slew   Delay    Time   Description
-----------------------------------------------------------------------------
                          0.00    0.00   clock clk (rise edge)
                          0.00    0.00   clock source latency
                  0.09    0.07    0.07 ^ clk (in)
     2    0.02                           clk (net)
                  0.09    0.00    0.07 ^ clkbuf_0_clk/A (sky130_fd_sc_hd__clkbuf_16)
                  0.07    0.17    0.24 ^ clkbuf_0_clk/X (sky130_fd_sc_hd__clkbuf_16)
     4    0.05                           clknet_0_clk (net)
                  0.07    0.00    0.24 ^ clkbuf_2_1__f_clk/A (sky130_fd_sc_hd__clkbuf_16)
                  0.07    0.16    0.40 ^ clkbuf_2_1__f_clk/X (sky130_fd_sc_hd__clkbuf_16)
    15    0.05                           clknet_2_1__leaf_clk (net)
                  0.07    0.00    0.40 ^ _443_/CLK (sky130_fd_sc_hd__dfrtp_4)
                  0.10    0.47    0.88 ^ _443_/Q (sky130_fd_sc_hd__dfrtp_4)
     7    0.02                           rx_inst.clk_count[0] (net)
                  0.10    0.00    0.88 ^ _220_/C_N (sky130_fd_sc_hd__or4bb_1)
                  0.09    0.52    1.40 v _220_/X (sky130_fd_sc_hd__or4bb_1)
     1    0.00                           _101_ (net)
                  0.09    0.00    1.40 v _223_/A2 (sky130_fd_sc_hd__o211a_2)
                  0.08    0.32    1.72 v _223_/X (sky130_fd_sc_hd__o211a_2)
     7    0.02                           _104_ (net)
                  0.08    0.00    1.72 v _224_/A2 (sky130_fd_sc_hd__a21o_1)
                  0.05    0.22    1.94 v _224_/X (sky130_fd_sc_hd__a21o_1)
     2    0.01                           _105_ (net)
                  0.05    0.00    1.94 v _240_/B1 (sky130_fd_sc_hd__a32o_1)
                  0.05    0.21    2.15 v _240_/X (sky130_fd_sc_hd__a32o_1)
     1    0.00                           _082_ (net)
                  0.05    0.00    2.15 v _443_/D (sky130_fd_sc_hd__dfrtp_4)
                                  2.15   data arrival time

                         10.00   10.00   clock clk (rise edge)
                          0.00   10.00   clock source latency
                  0.09    0.06   10.06 ^ clk (in)
     2    0.02                           clk (net)
                  0.09    0.00   10.06 ^ clkbuf_0_clk/A (sky130_fd_sc_hd__clkbuf_16)
                  0.07    0.16   10.22 ^ clkbuf_0_clk/X (sky130_fd_sc_hd__clkbuf_16)
     4    0.05                           clknet_0_clk (net)
                  0.07    0.00   10.22 ^ clkbuf_2_1__f_clk/A (sky130_fd_sc_hd__clkbuf_16)
                  0.07    0.15   10.37 ^ clkbuf_2_1__f_clk/X (sky130_fd_sc_hd__clkbuf_16)
    15    0.05                           clknet_2_1__leaf_clk (net)
                  0.07    0.00   10.37 ^ _443_/CLK (sky130_fd_sc_hd__dfrtp_4)
                         -0.25   10.12   clock uncertainty
                          0.04   10.15   clock reconvergence pessimism
                         -0.11   10.04   library setup time
                                 10.04   data required time
-----------------------------------------------------------------------------
                                 10.04   data required time
                                 -2.15   data arrival time
-----------------------------------------------------------------------------
                                  7.89   slack (MET)


Startpoint: _421_ (rising edge-triggered flip-flop clocked by clk)
Endpoint: _421_ (rising edge-triggered flip-flop clocked by clk)
Path Group: clk
Path Type: max

Fanout     Cap    Slew   Delay    Time   Description
-----------------------------------------------------------------------------
                          0.00    0.00   clock clk (rise edge)
                          0.00    0.00   clock source latency
                  0.09    0.07    0.07 ^ clk (in)
     2    0.02                           clk (net)
                  0.09    0.00    0.07 ^ clkbuf_0_clk/A (sky130_fd_sc_hd__clkbuf_16)
                  0.07    0.17    0.24 ^ clkbuf_0_clk/X (sky130_fd_sc_hd__clkbuf_16)
     4    0.05                           clknet_0_clk (net)
                  0.07    0.00    0.24 ^ clkbuf_2_0__f_clk/A (sky130_fd_sc_hd__clkbuf_16)
                  0.06    0.15    0.39 ^ clkbuf_2_0__f_clk/X (sky130_fd_sc_hd__clkbuf_16)
    11    0.04                           clknet_2_0__leaf_clk (net)
                  0.06    0.00    0.40 ^ _421_/CLK (sky130_fd_sc_hd__dfrtp_1)
                  0.07    0.42    0.82 v _421_/Q (sky130_fd_sc_hd__dfrtp_1)
     2    0.01                           net19 (net)
                  0.07    0.00    0.82 v hold2/A (sky130_fd_sc_hd__dlygate4sd3_1)
                  0.05    0.58    1.40 v hold2/X (sky130_fd_sc_hd__dlygate4sd3_1)
     1    0.00                           net26 (net)
                  0.05    0.00    1.40 v _313_/B1 (sky130_fd_sc_hd__o21ai_1)
                  0.09    0.07    1.46 ^ _313_/Y (sky130_fd_sc_hd__o21ai_1)
     1    0.00                           _169_ (net)
                  0.09    0.00    1.46 ^ hold3/A (sky130_fd_sc_hd__dlygate4sd3_1)
                  0.05    0.57    2.04 ^ hold3/X (sky130_fd_sc_hd__dlygate4sd3_1)
     1    0.00                           net27 (net)
                  0.05    0.00    2.04 ^ _314_/B1 (sky130_fd_sc_hd__o31ai_1)
                  0.05    0.07    2.10 v _314_/Y (sky130_fd_sc_hd__o31ai_1)
     1    0.00                           _060_ (net)
                  0.05    0.00    2.10 v _421_/D (sky130_fd_sc_hd__dfrtp_1)
                                  2.10   data arrival time

                         10.00   10.00   clock clk (rise edge)
                          0.00   10.00   clock source latency
                  0.09    0.06   10.06 ^ clk (in)
     2    0.02                           clk (net)
                  0.09    0.00   10.06 ^ clkbuf_0_clk/A (sky130_fd_sc_hd__clkbuf_16)
                  0.07    0.16   10.22 ^ clkbuf_0_clk/X (sky130_fd_sc_hd__clkbuf_16)
     4    0.05                           clknet_0_clk (net)
                  0.07    0.00   10.22 ^ clkbuf_2_0__f_clk/A (sky130_fd_sc_hd__clkbuf_16)
                  0.06    0.14   10.36 ^ clkbuf_2_0__f_clk/X (sky130_fd_sc_hd__clkbuf_16)
    11    0.04                           clknet_2_0__leaf_clk (net)
                  0.06    0.00   10.36 ^ _421_/CLK (sky130_fd_sc_hd__dfrtp_1)
                         -0.25   10.11   clock uncertainty
                          0.04   10.15   clock reconvergence pessimism
                         -0.11   10.03   library setup time
                                 10.03   data required time
-----------------------------------------------------------------------------
                                 10.03   data required time
                                 -2.10   data arrival time
-----------------------------------------------------------------------------
                                  7.93   slack (MET)


Startpoint: rst (input port clocked by clk)
Endpoint: _449_ (recovery check against rising-edge clock clk)
Path Group: asynchronous
Path Type: max

Fanout     Cap    Slew   Delay    Time   Description
-----------------------------------------------------------------------------
                          0.00    0.00   clock clk (rise edge)
                          0.00    0.00   clock network delay (propagated)
                          2.00    2.00 v input external delay
                  0.01    0.01    2.01 v rst (in)
     2    0.00                           rst (net)
                  0.01    0.00    2.01 v input1/A (sky130_fd_sc_hd__buf_1)
                  0.07    0.11    2.12 v input1/X (sky130_fd_sc_hd__buf_1)
     1    0.01                           net1 (net)
                  0.07    0.00    2.12 v _356_/A (sky130_fd_sc_hd__clkbuf_4)
                  0.10    0.22    2.34 v _356_/X (sky130_fd_sc_hd__clkbuf_4)
     9    0.05                           _200_ (net)
                  0.10    0.00    2.34 v _404_/A (sky130_fd_sc_hd__inv_2)
                  0.04    0.07    2.42 ^ _404_/Y (sky130_fd_sc_hd__inv_2)
     1    0.00                           _043_ (net)
                  0.04    0.00    2.42 ^ _449_/RESET_B (sky130_fd_sc_hd__dfrtp_1)
                                  2.42   data arrival time

                         10.00   10.00   clock clk (rise edge)
                          0.00   10.00   clock source latency
                  0.09    0.06   10.06 ^ clk (in)
     2    0.02                           clk (net)
                  0.09    0.00   10.06 ^ clkbuf_0_clk/A (sky130_fd_sc_hd__clkbuf_16)
                  0.07    0.16   10.22 ^ clkbuf_0_clk/X (sky130_fd_sc_hd__clkbuf_16)
     4    0.05                           clknet_0_clk (net)
                  0.07    0.00   10.22 ^ clkbuf_2_1__f_clk/A (sky130_fd_sc_hd__clkbuf_16)
                  0.07    0.15   10.37 ^ clkbuf_2_1__f_clk/X (sky130_fd_sc_hd__clkbuf_16)
    15    0.05                           clknet_2_1__leaf_clk (net)
                  0.07    0.00   10.37 ^ _449_/CLK (sky130_fd_sc_hd__dfrtp_1)
                         -0.25   10.12   clock uncertainty
                          0.00   10.12   clock reconvergence pessimism
                          0.24   10.35   library recovery time
                                 10.35   data required time
-----------------------------------------------------------------------------
                                 10.35   data required time
                                 -2.42   data arrival time
-----------------------------------------------------------------------------
                                  7.94   slack (MET)


Startpoint: rst (input port clocked by clk)
Endpoint: _446_ (recovery check against rising-edge clock clk)
Path Group: asynchronous
Path Type: max

Fanout     Cap    Slew   Delay    Time   Description
-----------------------------------------------------------------------------
                          0.00    0.00   clock clk (rise edge)
                          0.00    0.00   clock network delay (propagated)
                          2.00    2.00 v input external delay
                  0.01    0.01    2.01 v rst (in)
     2    0.00                           rst (net)
                  0.01    0.00    2.01 v input1/A (sky130_fd_sc_hd__buf_1)
                  0.07    0.11    2.12 v input1/X (sky130_fd_sc_hd__buf_1)
     1    0.01                           net1 (net)
                  0.07    0.00    2.12 v _356_/A (sky130_fd_sc_hd__clkbuf_4)
                  0.10    0.22    2.34 v _356_/X (sky130_fd_sc_hd__clkbuf_4)
     9    0.05                           _200_ (net)
                  0.10    0.00    2.34 v _401_/A (sky130_fd_sc_hd__inv_2)
                  0.04    0.07    2.41 ^ _401_/Y (sky130_fd_sc_hd__inv_2)
     1    0.00                           _040_ (net)
                  0.04    0.00    2.41 ^ _446_/RESET_B (sky130_fd_sc_hd__dfrtp_1)
                                  2.41   data arrival time

                         10.00   10.00   clock clk (rise edge)
                          0.00   10.00   clock source latency
                  0.09    0.06   10.06 ^ clk (in)
     2    0.02                           clk (net)
                  0.09    0.00   10.06 ^ clkbuf_0_clk/A (sky130_fd_sc_hd__clkbuf_16)
                  0.07    0.16   10.22 ^ clkbuf_0_clk/X (sky130_fd_sc_hd__clkbuf_16)
     4    0.05                           clknet_0_clk (net)
                  0.07    0.00   10.22 ^ clkbuf_2_1__f_clk/A (sky130_fd_sc_hd__clkbuf_16)
                  0.07    0.15   10.37 ^ clkbuf_2_1__f_clk/X (sky130_fd_sc_hd__clkbuf_16)
    15    0.05                           clknet_2_1__leaf_clk (net)
                  0.07    0.00   10.37 ^ _446_/CLK (sky130_fd_sc_hd__dfrtp_1)
                         -0.25   10.12   clock uncertainty
                          0.00   10.12   clock reconvergence pessimism
                          0.24   10.35   library recovery time
                                 10.35   data required time
-----------------------------------------------------------------------------
                                 10.35   data required time
                                 -2.41   data arrival time
-----------------------------------------------------------------------------
                                  7.94   slack (MET)


Startpoint: rst (input port clocked by clk)
Endpoint: _450_ (recovery check against rising-edge clock clk)
Path Group: asynchronous
Path Type: max

Fanout     Cap    Slew   Delay    Time   Description
-----------------------------------------------------------------------------
                          0.00    0.00   clock clk (rise edge)
                          0.00    0.00   clock network delay (propagated)
                          2.00    2.00 v input external delay
                  0.01    0.01    2.01 v rst (in)
     2    0.00                           rst (net)
                  0.01    0.00    2.01 v input1/A (sky130_fd_sc_hd__buf_1)
                  0.07    0.11    2.12 v input1/X (sky130_fd_sc_hd__buf_1)
     1    0.01                           net1 (net)
                  0.07    0.00    2.12 v _356_/A (sky130_fd_sc_hd__clkbuf_4)
                  0.10    0.22    2.34 v _356_/X (sky130_fd_sc_hd__clkbuf_4)
     9    0.05                           _200_ (net)
                  0.10    0.00    2.34 v _405_/A (sky130_fd_sc_hd__inv_2)
                  0.04    0.07    2.41 ^ _405_/Y (sky130_fd_sc_hd__inv_2)
     1    0.00                           _044_ (net)
                  0.04    0.00    2.41 ^ _450_/RESET_B (sky130_fd_sc_hd__dfrtp_1)
                                  2.41   data arrival time

                         10.00   10.00   clock clk (rise edge)
                          0.00   10.00   clock source latency
                  0.09    0.06   10.06 ^ clk (in)
     2    0.02                           clk (net)
                  0.09    0.00   10.06 ^ clkbuf_0_clk/A (sky130_fd_sc_hd__clkbuf_16)
                  0.07    0.16   10.22 ^ clkbuf_0_clk/X (sky130_fd_sc_hd__clkbuf_16)
     4    0.05                           clknet_0_clk (net)
                  0.07    0.00   10.22 ^ clkbuf_2_1__f_clk/A (sky130_fd_sc_hd__clkbuf_16)
                  0.07    0.15   10.37 ^ clkbuf_2_1__f_clk/X (sky130_fd_sc_hd__clkbuf_16)
    15    0.05                           clknet_2_1__leaf_clk (net)
                  0.07    0.00   10.37 ^ _450_/CLK (sky130_fd_sc_hd__dfrtp_1)
                         -0.25   10.12   clock uncertainty
                          0.00   10.12   clock reconvergence pessimism
                          0.24   10.35   library recovery time
                                 10.35   data required time
-----------------------------------------------------------------------------
                                 10.35   data required time
                                 -2.41   data arrival time
-----------------------------------------------------------------------------
                                  7.94   slack (MET)


Startpoint: rst (input port clocked by clk)
Endpoint: _448_ (recovery check against rising-edge clock clk)
Path Group: asynchronous
Path Type: max

Fanout     Cap    Slew   Delay    Time   Description
-----------------------------------------------------------------------------
                          0.00    0.00   clock clk (rise edge)
                          0.00    0.00   clock network delay (propagated)
                          2.00    2.00 v input external delay
                  0.01    0.01    2.01 v rst (in)
     2    0.00                           rst (net)
                  0.01    0.00    2.01 v input1/A (sky130_fd_sc_hd__buf_1)
                  0.07    0.11    2.12 v input1/X (sky130_fd_sc_hd__buf_1)
     1    0.01                           net1 (net)
                  0.07    0.00    2.12 v _356_/A (sky130_fd_sc_hd__clkbuf_4)
                  0.10    0.22    2.34 v _356_/X (sky130_fd_sc_hd__clkbuf_4)
     9    0.05                           _200_ (net)
                  0.10    0.00    2.34 v _403_/A (sky130_fd_sc_hd__inv_2)
                  0.04    0.07    2.41 ^ _403_/Y (sky130_fd_sc_hd__inv_2)
     1    0.00                           _042_ (net)
                  0.04    0.00    2.41 ^ _448_/RESET_B (sky130_fd_sc_hd__dfrtp_1)
                                  2.41   data arrival time

                         10.00   10.00   clock clk (rise edge)
                          0.00   10.00   clock source latency
                  0.09    0.06   10.06 ^ clk (in)
     2    0.02                           clk (net)
                  0.09    0.00   10.06 ^ clkbuf_0_clk/A (sky130_fd_sc_hd__clkbuf_16)
                  0.07    0.16   10.22 ^ clkbuf_0_clk/X (sky130_fd_sc_hd__clkbuf_16)
     4    0.05                           clknet_0_clk (net)
                  0.07    0.00   10.22 ^ clkbuf_2_1__f_clk/A (sky130_fd_sc_hd__clkbuf_16)
                  0.07    0.15   10.37 ^ clkbuf_2_1__f_clk/X (sky130_fd_sc_hd__clkbuf_16)
    15    0.05                           clknet_2_1__leaf_clk (net)
                  0.07    0.00   10.37 ^ _448_/CLK (sky130_fd_sc_hd__dfrtp_1)
                         -0.25   10.12   clock uncertainty
                          0.00   10.12   clock reconvergence pessimism
                          0.24   10.36   library recovery time
                                 10.36   data required time
-----------------------------------------------------------------------------
                                 10.36   data required time
                                 -2.41   data arrival time
-----------------------------------------------------------------------------
                                  7.94   slack (MET)


Startpoint: rst (input port clocked by clk)
Endpoint: _447_ (recovery check against rising-edge clock clk)
Path Group: asynchronous
Path Type: max

Fanout     Cap    Slew   Delay    Time   Description
-----------------------------------------------------------------------------
                          0.00    0.00   clock clk (rise edge)
                          0.00    0.00   clock network delay (propagated)
                          2.00    2.00 v input external delay
                  0.01    0.01    2.01 v rst (in)
     2    0.00                           rst (net)
                  0.01    0.00    2.01 v input1/A (sky130_fd_sc_hd__buf_1)
                  0.07    0.11    2.12 v input1/X (sky130_fd_sc_hd__buf_1)
     1    0.01                           net1 (net)
                  0.07    0.00    2.12 v _356_/A (sky130_fd_sc_hd__clkbuf_4)
                  0.10    0.22    2.34 v _356_/X (sky130_fd_sc_hd__clkbuf_4)
     9    0.05                           _200_ (net)
                  0.10    0.00    2.34 v _402_/A (sky130_fd_sc_hd__inv_2)
                  0.04    0.07    2.41 ^ _402_/Y (sky130_fd_sc_hd__inv_2)
     1    0.00                           _041_ (net)
                  0.04    0.00    2.41 ^ _447_/RESET_B (sky130_fd_sc_hd__dfrtp_1)
                                  2.41   data arrival time

                         10.00   10.00   clock clk (rise edge)
                          0.00   10.00   clock source latency
                  0.09    0.06   10.06 ^ clk (in)
     2    0.02                           clk (net)
                  0.09    0.00   10.06 ^ clkbuf_0_clk/A (sky130_fd_sc_hd__clkbuf_16)
                  0.07    0.16   10.22 ^ clkbuf_0_clk/X (sky130_fd_sc_hd__clkbuf_16)
     4    0.05                           clknet_0_clk (net)
                  0.07    0.00   10.22 ^ clkbuf_2_1__f_clk/A (sky130_fd_sc_hd__clkbuf_16)
                  0.07    0.15   10.37 ^ clkbuf_2_1__f_clk/X (sky130_fd_sc_hd__clkbuf_16)
    15    0.05                           clknet_2_1__leaf_clk (net)
                  0.07    0.00   10.37 ^ _447_/CLK (sky130_fd_sc_hd__dfrtp_1)
                         -0.25   10.12   clock uncertainty
                          0.00   10.12   clock reconvergence pessimism
                          0.24   10.36   library recovery time
                                 10.36   data required time
-----------------------------------------------------------------------------
                                 10.36   data required time
                                 -2.41   data arrival time
-----------------------------------------------------------------------------
                                  7.94   slack (MET)


Startpoint: _416_ (rising edge-triggered flip-flop clocked by clk)
Endpoint: _412_ (rising edge-triggered flip-flop clocked by clk)
Path Group: clk
Path Type: max

Fanout     Cap    Slew   Delay    Time   Description
-----------------------------------------------------------------------------
                          0.00    0.00   clock clk (rise edge)
                          0.00    0.00   clock source latency
                  0.09    0.07    0.07 ^ clk (in)
     2    0.02                           clk (net)
                  0.09    0.00    0.07 ^ clkbuf_0_clk/A (sky130_fd_sc_hd__clkbuf_16)
                  0.07    0.17    0.24 ^ clkbuf_0_clk/X (sky130_fd_sc_hd__clkbuf_16)
     4    0.05                           clknet_0_clk (net)
                  0.07    0.00    0.24 ^ clkbuf_2_2__f_clk/A (sky130_fd_sc_hd__clkbuf_16)
                  0.05    0.15    0.39 ^ clkbuf_2_2__f_clk/X (sky130_fd_sc_hd__clkbuf_16)
    11    0.03                           clknet_2_2__leaf_clk (net)
                  0.05    0.00    0.39 ^ _416_/CLK (sky130_fd_sc_hd__dfrtp_1)
                  0.04    0.38    0.77 v _416_/Q (sky130_fd_sc_hd__dfrtp_1)
     1    0.00                           tx_inst.clk_count[7] (net)
                  0.04    0.00    0.77 v _285_/A (sky130_fd_sc_hd__or4_1)
                  0.13    0.60    1.37 v _285_/X (sky130_fd_sc_hd__or4_1)
     3    0.01                           _151_ (net)
                  0.13    0.00    1.37 v _291_/B (sky130_fd_sc_hd__or2_1)
                  0.06    0.27    1.64 v _291_/X (sky130_fd_sc_hd__or2_1)
     2    0.01                           _156_ (net)
                  0.06    0.00    1.64 v _329_/A (sky130_fd_sc_hd__nor2_1)
                  0.19    0.20    1.84 ^ _329_/Y (sky130_fd_sc_hd__nor2_1)
     4    0.01                           _180_ (net)
                  0.19    0.00    1.84 ^ _334_/A (sky130_fd_sc_hd__and3_1)
                  0.06    0.19    2.04 ^ _334_/X (sky130_fd_sc_hd__and3_1)
     1    0.00                           _185_ (net)
                  0.06    0.00    2.04 ^ _335_/A (sky130_fd_sc_hd__clkbuf_1)
                  0.04    0.09    2.12 ^ _335_/X (sky130_fd_sc_hd__clkbuf_1)
     1    0.00                           _051_ (net)
                  0.04    0.00    2.12 ^ _412_/D (sky130_fd_sc_hd__dfrtp_1)
                                  2.12   data arrival time

                         10.00   10.00   clock clk (rise edge)
                          0.00   10.00   clock source latency
                  0.09    0.06   10.06 ^ clk (in)
     2    0.02                           clk (net)
                  0.09    0.00   10.06 ^ clkbuf_0_clk/A (sky130_fd_sc_hd__clkbuf_16)
                  0.07    0.16   10.22 ^ clkbuf_0_clk/X (sky130_fd_sc_hd__clkbuf_16)
     4    0.05                           clknet_0_clk (net)
                  0.07    0.00   10.22 ^ clkbuf_2_3__f_clk/A (sky130_fd_sc_hd__clkbuf_16)
                  0.05    0.13   10.35 ^ clkbuf_2_3__f_clk/X (sky130_fd_sc_hd__clkbuf_16)
     8    0.03                           clknet_2_3__leaf_clk (net)
                  0.05    0.00   10.35 ^ _412_/CLK (sky130_fd_sc_hd__dfrtp_1)
                         -0.25   10.10   clock uncertainty
                          0.02   10.12   clock reconvergence pessimism
                         -0.06   10.07   library setup time
                                 10.07   data required time
-----------------------------------------------------------------------------
                                 10.07   data required time
                                 -2.12   data arrival time
-----------------------------------------------------------------------------
                                  7.94   slack (MET)


Startpoint: _416_ (rising edge-triggered flip-flop clocked by clk)
Endpoint: _411_ (rising edge-triggered flip-flop clocked by clk)
Path Group: clk
Path Type: max

Fanout     Cap    Slew   Delay    Time   Description
-----------------------------------------------------------------------------
                          0.00    0.00   clock clk (rise edge)
                          0.00    0.00   clock source latency
                  0.09    0.07    0.07 ^ clk (in)
     2    0.02                           clk (net)
                  0.09    0.00    0.07 ^ clkbuf_0_clk/A (sky130_fd_sc_hd__clkbuf_16)
                  0.07    0.17    0.24 ^ clkbuf_0_clk/X (sky130_fd_sc_hd__clkbuf_16)
     4    0.05                           clknet_0_clk (net)
                  0.07    0.00    0.24 ^ clkbuf_2_2__f_clk/A (sky130_fd_sc_hd__clkbuf_16)
                  0.05    0.15    0.39 ^ clkbuf_2_2__f_clk/X (sky130_fd_sc_hd__clkbuf_16)
    11    0.03                           clknet_2_2__leaf_clk (net)
                  0.05    0.00    0.39 ^ _416_/CLK (sky130_fd_sc_hd__dfrtp_1)
                  0.04    0.38    0.77 v _416_/Q (sky130_fd_sc_hd__dfrtp_1)
     1    0.00                           tx_inst.clk_count[7] (net)
                  0.04    0.00    0.77 v _285_/A (sky130_fd_sc_hd__or4_1)
                  0.13    0.60    1.37 v _285_/X (sky130_fd_sc_hd__or4_1)
     3    0.01                           _151_ (net)
                  0.13    0.00    1.37 v _291_/B (sky130_fd_sc_hd__or2_1)
                  0.06    0.27    1.64 v _291_/X (sky130_fd_sc_hd__or2_1)
     2    0.01                           _156_ (net)
                  0.06    0.00    1.64 v _329_/A (sky130_fd_sc_hd__nor2_1)
                  0.19    0.20    1.84 ^ _329_/Y (sky130_fd_sc_hd__nor2_1)
     4    0.01                           _180_ (net)
                  0.19    0.00    1.84 ^ _337_/A (sky130_fd_sc_hd__and3_1)
                  0.05    0.19    2.03 ^ _337_/X (sky130_fd_sc_hd__and3_1)
     1    0.00                           _187_ (net)
                  0.05    0.00    2.03 ^ _338_/A (sky130_fd_sc_hd__clkbuf_1)
                  0.04    0.09    2.12 ^ _338_/X (sky130_fd_sc_hd__clkbuf_1)
     1    0.00                           _050_ (net)
                  0.04    0.00    2.12 ^ _411_/D (sky130_fd_sc_hd__dfrtp_1)
                                  2.12   data arrival time

                         10.00   10.00   clock clk (rise edge)
                          0.00   10.00   clock source latency
                  0.09    0.06   10.06 ^ clk (in)
     2    0.02                           clk (net)
                  0.09    0.00   10.06 ^ clkbuf_0_clk/A (sky130_fd_sc_hd__clkbuf_16)
                  0.07    0.16   10.22 ^ clkbuf_0_clk/X (sky130_fd_sc_hd__clkbuf_16)
     4    0.05                           clknet_0_clk (net)
                  0.07    0.00   10.22 ^ clkbuf_2_3__f_clk/A (sky130_fd_sc_hd__clkbuf_16)
                  0.05    0.13   10.35 ^ clkbuf_2_3__f_clk/X (sky130_fd_sc_hd__clkbuf_16)
     8    0.03                           clknet_2_3__leaf_clk (net)
                  0.05    0.00   10.35 ^ _411_/CLK (sky130_fd_sc_hd__dfrtp_1)
                         -0.25   10.10   clock uncertainty
                          0.02   10.12   clock reconvergence pessimism
                         -0.06   10.07   library setup time
                                 10.07   data required time
-----------------------------------------------------------------------------
                                 10.07   data required time
                                 -2.12   data arrival time
-----------------------------------------------------------------------------
                                  7.95   slack (MET)


Startpoint: _416_ (rising edge-triggered flip-flop clocked by clk)
Endpoint: _410_ (rising edge-triggered flip-flop clocked by clk)
Path Group: clk
Path Type: max

Fanout     Cap    Slew   Delay    Time   Description
-----------------------------------------------------------------------------
                          0.00    0.00   clock clk (rise edge)
                          0.00    0.00   clock source latency
                  0.09    0.07    0.07 ^ clk (in)
     2    0.02                           clk (net)
                  0.09    0.00    0.07 ^ clkbuf_0_clk/A (sky130_fd_sc_hd__clkbuf_16)
                  0.07    0.17    0.24 ^ clkbuf_0_clk/X (sky130_fd_sc_hd__clkbuf_16)
     4    0.05                           clknet_0_clk (net)
                  0.07    0.00    0.24 ^ clkbuf_2_2__f_clk/A (sky130_fd_sc_hd__clkbuf_16)
                  0.05    0.15    0.39 ^ clkbuf_2_2__f_clk/X (sky130_fd_sc_hd__clkbuf_16)
    11    0.03                           clknet_2_2__leaf_clk (net)
                  0.05    0.00    0.39 ^ _416_/CLK (sky130_fd_sc_hd__dfrtp_1)
                  0.04    0.38    0.77 v _416_/Q (sky130_fd_sc_hd__dfrtp_1)
     1    0.00                           tx_inst.clk_count[7] (net)
                  0.04    0.00    0.77 v _285_/A (sky130_fd_sc_hd__or4_1)
                  0.13    0.60    1.37 v _285_/X (sky130_fd_sc_hd__or4_1)
     3    0.01                           _151_ (net)
                  0.13    0.00    1.37 v _291_/B (sky130_fd_sc_hd__or2_1)
                  0.06    0.27    1.64 v _291_/X (sky130_fd_sc_hd__or2_1)
     2    0.01                           _156_ (net)
                  0.06    0.00    1.64 v _329_/A (sky130_fd_sc_hd__nor2_1)
                  0.19    0.20    1.84 ^ _329_/Y (sky130_fd_sc_hd__nor2_1)
     4    0.01                           _180_ (net)
                  0.19    0.00    1.84 ^ _341_/B (sky130_fd_sc_hd__and3_1)
                  0.06    0.20    2.04 ^ _341_/X (sky130_fd_sc_hd__and3_1)
     1    0.00                           _190_ (net)
                  0.06    0.00    2.04 ^ _342_/A (sky130_fd_sc_hd__clkbuf_1)
                  0.05    0.09    2.13 ^ _342_/X (sky130_fd_sc_hd__clkbuf_1)
     1    0.00                           _049_ (net)
                  0.05    0.00    2.13 ^ _410_/D (sky130_fd_sc_hd__dfrtp_1)
                                  2.13   data arrival time

                         10.00   10.00   clock clk (rise edge)
                          0.00   10.00   clock source latency
                  0.09    0.06   10.06 ^ clk (in)
     2    0.02                           clk (net)
                  0.09    0.00   10.06 ^ clkbuf_0_clk/A (sky130_fd_sc_hd__clkbuf_16)
                  0.07    0.16   10.22 ^ clkbuf_0_clk/X (sky130_fd_sc_hd__clkbuf_16)
     4    0.05                           clknet_0_clk (net)
                  0.07    0.00   10.22 ^ clkbuf_2_2__f_clk/A (sky130_fd_sc_hd__clkbuf_16)
                  0.05    0.14   10.35 ^ clkbuf_2_2__f_clk/X (sky130_fd_sc_hd__clkbuf_16)
    11    0.03                           clknet_2_2__leaf_clk (net)
                  0.05    0.00   10.36 ^ _410_/CLK (sky130_fd_sc_hd__dfrtp_1)
                         -0.25   10.11   clock uncertainty
                          0.04   10.14   clock reconvergence pessimism
                         -0.06   10.08   library setup time
                                 10.08   data required time
-----------------------------------------------------------------------------
                                 10.08   data required time
                                 -2.13   data arrival time
-----------------------------------------------------------------------------
                                  7.95   slack (MET)


Startpoint: _416_ (rising edge-triggered flip-flop clocked by clk)
Endpoint: _409_ (rising edge-triggered flip-flop clocked by clk)
Path Group: clk
Path Type: max

Fanout     Cap    Slew   Delay    Time   Description
-----------------------------------------------------------------------------
                          0.00    0.00   clock clk (rise edge)
                          0.00    0.00   clock source latency
                  0.09    0.07    0.07 ^ clk (in)
     2    0.02                           clk (net)
                  0.09    0.00    0.07 ^ clkbuf_0_clk/A (sky130_fd_sc_hd__clkbuf_16)
                  0.07    0.17    0.24 ^ clkbuf_0_clk/X (sky130_fd_sc_hd__clkbuf_16)
     4    0.05                           clknet_0_clk (net)
                  0.07    0.00    0.24 ^ clkbuf_2_2__f_clk/A (sky130_fd_sc_hd__clkbuf_16)
                  0.05    0.15    0.39 ^ clkbuf_2_2__f_clk/X (sky130_fd_sc_hd__clkbuf_16)
    11    0.03                           clknet_2_2__leaf_clk (net)
                  0.05    0.00    0.39 ^ _416_/CLK (sky130_fd_sc_hd__dfrtp_1)
                  0.04    0.38    0.77 v _416_/Q (sky130_fd_sc_hd__dfrtp_1)
     1    0.00                           tx_inst.clk_count[7] (net)
                  0.04    0.00    0.77 v _285_/A (sky130_fd_sc_hd__or4_1)
                  0.13    0.60    1.37 v _285_/X (sky130_fd_sc_hd__or4_1)
     3    0.01                           _151_ (net)
                  0.13    0.00    1.37 v _291_/B (sky130_fd_sc_hd__or2_1)
                  0.06    0.27    1.64 v _291_/X (sky130_fd_sc_hd__or2_1)
     2    0.01                           _156_ (net)
                  0.06    0.00    1.64 v _329_/A (sky130_fd_sc_hd__nor2_1)
                  0.19    0.20    1.84 ^ _329_/Y (sky130_fd_sc_hd__nor2_1)
     4    0.01                           _180_ (net)
                  0.19    0.00    1.84 ^ _343_/B (sky130_fd_sc_hd__and2b_1)
                  0.04    0.16    2.00 ^ _343_/X (sky130_fd_sc_hd__and2b_1)
     1    0.00                           _191_ (net)
                  0.04    0.00    2.00 ^ _344_/A (sky130_fd_sc_hd__clkbuf_1)
                  0.04    0.08    2.08 ^ _344_/X (sky130_fd_sc_hd__clkbuf_1)
     1    0.00                           _048_ (net)
                  0.04    0.00    2.08 ^ _409_/D (sky130_fd_sc_hd__dfrtp_2)
                                  2.08   data arrival time

                         10.00   10.00   clock clk (rise edge)
                          0.00   10.00   clock source latency
                  0.09    0.06   10.06 ^ clk (in)
     2    0.02                           clk (net)
                  0.09    0.00   10.06 ^ clkbuf_0_clk/A (sky130_fd_sc_hd__clkbuf_16)
                  0.07    0.16   10.22 ^ clkbuf_0_clk/X (sky130_fd_sc_hd__clkbuf_16)
     4    0.05                           clknet_0_clk (net)
                  0.07    0.00   10.22 ^ clkbuf_2_2__f_clk/A (sky130_fd_sc_hd__clkbuf_16)
                  0.05    0.14   10.35 ^ clkbuf_2_2__f_clk/X (sky130_fd_sc_hd__clkbuf_16)
    11    0.03                           clknet_2_2__leaf_clk (net)
                  0.05    0.00   10.36 ^ _409_/CLK (sky130_fd_sc_hd__dfrtp_2)
                         -0.25   10.11   clock uncertainty
                          0.04   10.14   clock reconvergence pessimism
                         -0.06   10.08   library setup time
                                 10.08   data required time
-----------------------------------------------------------------------------
                                 10.08   data required time
                                 -2.08   data arrival time
-----------------------------------------------------------------------------
                                  8.00   slack (MET)


Startpoint: _416_ (rising edge-triggered flip-flop clocked by clk)
Endpoint: _407_ (rising edge-triggered flip-flop clocked by clk)
Path Group: clk
Path Type: max

Fanout     Cap    Slew   Delay    Time   Description
-----------------------------------------------------------------------------
                          0.00    0.00   clock clk (rise edge)
                          0.00    0.00   clock source latency
                  0.09    0.07    0.07 ^ clk (in)
     2    0.02                           clk (net)
                  0.09    0.00    0.07 ^ clkbuf_0_clk/A (sky130_fd_sc_hd__clkbuf_16)
                  0.07    0.17    0.24 ^ clkbuf_0_clk/X (sky130_fd_sc_hd__clkbuf_16)
     4    0.05                           clknet_0_clk (net)
                  0.07    0.00    0.24 ^ clkbuf_2_2__f_clk/A (sky130_fd_sc_hd__clkbuf_16)
                  0.05    0.15    0.39 ^ clkbuf_2_2__f_clk/X (sky130_fd_sc_hd__clkbuf_16)
    11    0.03                           clknet_2_2__leaf_clk (net)
                  0.05    0.00    0.39 ^ _416_/CLK (sky130_fd_sc_hd__dfrtp_1)
                  0.04    0.38    0.77 v _416_/Q (sky130_fd_sc_hd__dfrtp_1)
     1    0.00                           tx_inst.clk_count[7] (net)
                  0.04    0.00    0.77 v _285_/A (sky130_fd_sc_hd__or4_1)
                  0.13    0.60    1.37 v _285_/X (sky130_fd_sc_hd__or4_1)
     3    0.01                           _151_ (net)
                  0.13    0.00    1.37 v _346_/A2 (sky130_fd_sc_hd__o21bai_1)
                  0.12    0.17    1.54 ^ _346_/Y (sky130_fd_sc_hd__o21bai_1)
     1    0.00                           _193_ (net)
                  0.12    0.00    1.54 ^ _347_/A2 (sky130_fd_sc_hd__a21o_1)
                  0.10    0.18    1.72 ^ _347_/X (sky130_fd_sc_hd__a21o_1)
     3    0.01                           _194_ (net)
                  0.10    0.00    1.72 ^ _351_/B (sky130_fd_sc_hd__nor2_1)
                  0.05    0.08    1.80 v _351_/Y (sky130_fd_sc_hd__nor2_1)
     2    0.01                           _197_ (net)
                  0.05    0.00    1.80 v _353_/A2 (sky130_fd_sc_hd__o21a_1)
                  0.03    0.17    1.97 v _353_/X (sky130_fd_sc_hd__o21a_1)
     1    0.00                           _046_ (net)
                  0.03    0.00    1.97 v _407_/D (sky130_fd_sc_hd__dfrtp_1)
                                  1.97   data arrival time

                         10.00   10.00   clock clk (rise edge)
                          0.00   10.00   clock source latency
                  0.09    0.06   10.06 ^ clk (in)
     2    0.02                           clk (net)
                  0.09    0.00   10.06 ^ clkbuf_0_clk/A (sky130_fd_sc_hd__clkbuf_16)
                  0.07    0.16   10.22 ^ clkbuf_0_clk/X (sky130_fd_sc_hd__clkbuf_16)
     4    0.05                           clknet_0_clk (net)
                  0.07    0.00   10.22 ^ clkbuf_2_3__f_clk/A (sky130_fd_sc_hd__clkbuf_16)
                  0.05    0.13   10.35 ^ clkbuf_2_3__f_clk/X (sky130_fd_sc_hd__clkbuf_16)
     8    0.03                           clknet_2_3__leaf_clk (net)
                  0.05    0.00   10.35 ^ _407_/CLK (sky130_fd_sc_hd__dfrtp_1)
                         -0.25   10.10   clock uncertainty
                          0.02   10.12   clock reconvergence pessimism
                         -0.11   10.02   library setup time
                                 10.02   data required time
-----------------------------------------------------------------------------
                                 10.02   data required time
                                 -1.97   data arrival time
-----------------------------------------------------------------------------
                                  8.05   slack (MET)


Startpoint: _416_ (rising edge-triggered flip-flop clocked by clk)
Endpoint: _431_ (rising edge-triggered flip-flop clocked by clk)
Path Group: clk
Path Type: max

Fanout     Cap    Slew   Delay    Time   Description
-----------------------------------------------------------------------------
                          0.00    0.00   clock clk (rise edge)
                          0.00    0.00   clock source latency
                  0.09    0.07    0.07 ^ clk (in)
     2    0.02                           clk (net)
                  0.09    0.00    0.07 ^ clkbuf_0_clk/A (sky130_fd_sc_hd__clkbuf_16)
                  0.07    0.17    0.24 ^ clkbuf_0_clk/X (sky130_fd_sc_hd__clkbuf_16)
     4    0.05                           clknet_0_clk (net)
                  0.07    0.00    0.24 ^ clkbuf_2_2__f_clk/A (sky130_fd_sc_hd__clkbuf_16)
                  0.05    0.15    0.39 ^ clkbuf_2_2__f_clk/X (sky130_fd_sc_hd__clkbuf_16)
    11    0.03                           clknet_2_2__leaf_clk (net)
                  0.05    0.00    0.39 ^ _416_/CLK (sky130_fd_sc_hd__dfrtp_1)
                  0.04    0.38    0.77 v _416_/Q (sky130_fd_sc_hd__dfrtp_1)
     1    0.00                           tx_inst.clk_count[7] (net)
                  0.04    0.00    0.77 v _285_/A (sky130_fd_sc_hd__or4_1)
                  0.13    0.60    1.37 v _285_/X (sky130_fd_sc_hd__or4_1)
     3    0.01                           _151_ (net)
                  0.13    0.00    1.37 v _286_/B (sky130_fd_sc_hd__nor2_1)
                  0.23    0.24    1.61 ^ _286_/Y (sky130_fd_sc_hd__nor2_1)
     4    0.01                           _152_ (net)
                  0.23    0.00    1.61 ^ _289_/A2 (sky130_fd_sc_hd__a211o_1)
                  0.04    0.16    1.77 ^ _289_/X (sky130_fd_sc_hd__a211o_1)
     1    0.00                           _155_ (net)
                  0.04    0.00    1.77 ^ _290_/B1_N (sky130_fd_sc_hd__a21bo_1)
                  0.03    0.19    1.97 v _290_/X (sky130_fd_sc_hd__a21bo_1)
     1    0.00                           _070_ (net)
                  0.03    0.00    1.97 v _431_/D (sky130_fd_sc_hd__dfrtp_4)
                                  1.97   data arrival time

                         10.00   10.00   clock clk (rise edge)
                          0.00   10.00   clock source latency
                  0.09    0.06   10.06 ^ clk (in)
     2    0.02                           clk (net)
                  0.09    0.00   10.06 ^ clkbuf_0_clk/A (sky130_fd_sc_hd__clkbuf_16)
                  0.07    0.16   10.22 ^ clkbuf_0_clk/X (sky130_fd_sc_hd__clkbuf_16)
     4    0.05                           clknet_0_clk (net)
                  0.07    0.00   10.22 ^ clkbuf_2_2__f_clk/A (sky130_fd_sc_hd__clkbuf_16)
                  0.05    0.14   10.35 ^ clkbuf_2_2__f_clk/X (sky130_fd_sc_hd__clkbuf_16)
    11    0.03                           clknet_2_2__leaf_clk (net)
                  0.05    0.00   10.36 ^ _431_/CLK (sky130_fd_sc_hd__dfrtp_4)
                         -0.25   10.11   clock uncertainty
                          0.04   10.14   clock reconvergence pessimism
                         -0.11   10.04   library setup time
                                 10.04   data required time
-----------------------------------------------------------------------------
                                 10.04   data required time
                                 -1.97   data arrival time
-----------------------------------------------------------------------------
                                  8.07   slack (MET)


Startpoint: _416_ (rising edge-triggered flip-flop clocked by clk)
Endpoint: _408_ (rising edge-triggered flip-flop clocked by clk)
Path Group: clk
Path Type: max

Fanout     Cap    Slew   Delay    Time   Description
-----------------------------------------------------------------------------
                          0.00    0.00   clock clk (rise edge)
                          0.00    0.00   clock source latency
                  0.09    0.07    0.07 ^ clk (in)
     2    0.02                           clk (net)
                  0.09    0.00    0.07 ^ clkbuf_0_clk/A (sky130_fd_sc_hd__clkbuf_16)
                  0.07    0.17    0.24 ^ clkbuf_0_clk/X (sky130_fd_sc_hd__clkbuf_16)
     4    0.05                           clknet_0_clk (net)
                  0.07    0.00    0.24 ^ clkbuf_2_2__f_clk/A (sky130_fd_sc_hd__clkbuf_16)
                  0.05    0.15    0.39 ^ clkbuf_2_2__f_clk/X (sky130_fd_sc_hd__clkbuf_16)
    11    0.03                           clknet_2_2__leaf_clk (net)
                  0.05    0.00    0.39 ^ _416_/CLK (sky130_fd_sc_hd__dfrtp_1)
                  0.04    0.38    0.77 v _416_/Q (sky130_fd_sc_hd__dfrtp_1)
     1    0.00                           tx_inst.clk_count[7] (net)
                  0.04    0.00    0.77 v _285_/A (sky130_fd_sc_hd__or4_1)
                  0.13    0.60    1.37 v _285_/X (sky130_fd_sc_hd__or4_1)
     3    0.01                           _151_ (net)
                  0.13    0.00    1.37 v _346_/A2 (sky130_fd_sc_hd__o21bai_1)
                  0.12    0.17    1.54 ^ _346_/Y (sky130_fd_sc_hd__o21bai_1)
     1    0.00                           _193_ (net)
                  0.12    0.00    1.54 ^ _347_/A2 (sky130_fd_sc_hd__a21o_1)
                  0.10    0.18    1.72 ^ _347_/X (sky130_fd_sc_hd__a21o_1)
     3    0.01                           _194_ (net)
                  0.10    0.00    1.72 ^ _348_/A2 (sky130_fd_sc_hd__o21ba_1)
                  0.04    0.13    1.85 ^ _348_/X (sky130_fd_sc_hd__o21ba_1)
     1    0.00                           _195_ (net)
                  0.04    0.00    1.85 ^ _349_/B (sky130_fd_sc_hd__nor2_1)
                  0.08    0.04    1.89 v _349_/Y (sky130_fd_sc_hd__nor2_1)
     1    0.00                           _047_ (net)
                  0.08    0.00    1.89 v _408_/D (sky130_fd_sc_hd__dfrtp_1)
                                  1.89   data arrival time

                         10.00   10.00   clock clk (rise edge)
                          0.00   10.00   clock source latency
                  0.09    0.06   10.06 ^ clk (in)
     2    0.02                           clk (net)
                  0.09    0.00   10.06 ^ clkbuf_0_clk/A (sky130_fd_sc_hd__clkbuf_16)
                  0.07    0.16   10.22 ^ clkbuf_0_clk/X (sky130_fd_sc_hd__clkbuf_16)
     4    0.05                           clknet_0_clk (net)
                  0.07    0.00   10.22 ^ clkbuf_2_3__f_clk/A (sky130_fd_sc_hd__clkbuf_16)
                  0.05    0.13   10.35 ^ clkbuf_2_3__f_clk/X (sky130_fd_sc_hd__clkbuf_16)
     8    0.03                           clknet_2_3__leaf_clk (net)
                  0.05    0.00   10.35 ^ _408_/CLK (sky130_fd_sc_hd__dfrtp_1)
                         -0.25   10.10   clock uncertainty
                          0.02   10.12   clock reconvergence pessimism
                         -0.13   10.00   library setup time
                                 10.00   data required time
-----------------------------------------------------------------------------
                                 10.00   data required time
                                 -1.89   data arrival time
-----------------------------------------------------------------------------
                                  8.11   slack (MET)


Startpoint: _416_ (rising edge-triggered flip-flop clocked by clk)
Endpoint: _406_ (rising edge-triggered flip-flop clocked by clk)
Path Group: clk
Path Type: max

Fanout     Cap    Slew   Delay    Time   Description
-----------------------------------------------------------------------------
                          0.00    0.00   clock clk (rise edge)
                          0.00    0.00   clock source latency
                  0.09    0.07    0.07 ^ clk (in)
     2    0.02                           clk (net)
                  0.09    0.00    0.07 ^ clkbuf_0_clk/A (sky130_fd_sc_hd__clkbuf_16)
                  0.07    0.17    0.24 ^ clkbuf_0_clk/X (sky130_fd_sc_hd__clkbuf_16)
     4    0.05                           clknet_0_clk (net)
                  0.07    0.00    0.24 ^ clkbuf_2_2__f_clk/A (sky130_fd_sc_hd__clkbuf_16)
                  0.05    0.15    0.39 ^ clkbuf_2_2__f_clk/X (sky130_fd_sc_hd__clkbuf_16)
    11    0.03                           clknet_2_2__leaf_clk (net)
                  0.05    0.00    0.39 ^ _416_/CLK (sky130_fd_sc_hd__dfrtp_1)
                  0.04    0.38    0.77 v _416_/Q (sky130_fd_sc_hd__dfrtp_1)
     1    0.00                           tx_inst.clk_count[7] (net)
                  0.04    0.00    0.77 v _285_/A (sky130_fd_sc_hd__or4_1)
                  0.13    0.60    1.37 v _285_/X (sky130_fd_sc_hd__or4_1)
     3    0.01                           _151_ (net)
                  0.13    0.00    1.37 v _346_/A2 (sky130_fd_sc_hd__o21bai_1)
                  0.12    0.17    1.54 ^ _346_/Y (sky130_fd_sc_hd__o21bai_1)
     1    0.00                           _193_ (net)
                  0.12    0.00    1.54 ^ _347_/A2 (sky130_fd_sc_hd__a21o_1)
                  0.10    0.18    1.72 ^ _347_/X (sky130_fd_sc_hd__a21o_1)
     3    0.01                           _194_ (net)
                  0.10    0.00    1.72 ^ _351_/B (sky130_fd_sc_hd__nor2_1)
                  0.05    0.08    1.80 v _351_/Y (sky130_fd_sc_hd__nor2_1)
     2    0.01                           _197_ (net)
                  0.05    0.00    1.80 v _355_/B1 (sky130_fd_sc_hd__a21oi_1)
                  0.10    0.11    1.91 ^ _355_/Y (sky130_fd_sc_hd__a21oi_1)
     1    0.00                           _045_ (net)
                  0.10    0.00    1.91 ^ _406_/D (sky130_fd_sc_hd__dfrtp_2)
                                  1.91   data arrival time

                         10.00   10.00   clock clk (rise edge)
                          0.00   10.00   clock source latency
                  0.09    0.06   10.06 ^ clk (in)
     2    0.02                           clk (net)
                  0.09    0.00   10.06 ^ clkbuf_0_clk/A (sky130_fd_sc_hd__clkbuf_16)
                  0.07    0.16   10.22 ^ clkbuf_0_clk/X (sky130_fd_sc_hd__clkbuf_16)
     4    0.05                           clknet_0_clk (net)
                  0.07    0.00   10.22 ^ clkbuf_2_3__f_clk/A (sky130_fd_sc_hd__clkbuf_16)
                  0.05    0.13   10.35 ^ clkbuf_2_3__f_clk/X (sky130_fd_sc_hd__clkbuf_16)
     8    0.03                           clknet_2_3__leaf_clk (net)
                  0.05    0.00   10.35 ^ _406_/CLK (sky130_fd_sc_hd__dfrtp_2)
                         -0.25   10.10   clock uncertainty
                          0.02   10.12   clock reconvergence pessimism
                         -0.08   10.05   library setup time
                                 10.05   data required time
-----------------------------------------------------------------------------
                                 10.05   data required time
                                 -1.91   data arrival time
-----------------------------------------------------------------------------
                                  8.14   slack (MET)


Startpoint: _443_ (rising edge-triggered flip-flop clocked by clk)
Endpoint: _450_ (rising edge-triggered flip-flop clocked by clk)
Path Group: clk
Path Type: max

Fanout     Cap    Slew   Delay    Time   Description
-----------------------------------------------------------------------------
                          0.00    0.00   clock clk (rise edge)
                          0.00    0.00   clock source latency
                  0.09    0.07    0.07 ^ clk (in)
     2    0.02                           clk (net)
                  0.09    0.00    0.07 ^ clkbuf_0_clk/A (sky130_fd_sc_hd__clkbuf_16)
                  0.07    0.17    0.24 ^ clkbuf_0_clk/X (sky130_fd_sc_hd__clkbuf_16)
     4    0.05                           clknet_0_clk (net)
                  0.07    0.00    0.24 ^ clkbuf_2_1__f_clk/A (sky130_fd_sc_hd__clkbuf_16)
                  0.07    0.16    0.40 ^ clkbuf_2_1__f_clk/X (sky130_fd_sc_hd__clkbuf_16)
    15    0.05                           clknet_2_1__leaf_clk (net)
                  0.07    0.00    0.40 ^ _443_/CLK (sky130_fd_sc_hd__dfrtp_4)
                  0.08    0.54    0.94 v _443_/Q (sky130_fd_sc_hd__dfrtp_4)
     7    0.02                           rx_inst.clk_count[0] (net)
                  0.08    0.00    0.94 v _205_/D (sky130_fd_sc_hd__and4_1)
                  0.07    0.26    1.20 v _205_/X (sky130_fd_sc_hd__and4_1)
     4    0.01                           _090_ (net)
                  0.07    0.00    1.20 v _206_/C (sky130_fd_sc_hd__and3_1)
                  0.07    0.23    1.43 v _206_/X (sky130_fd_sc_hd__and3_1)
     3    0.01                           _091_ (net)
                  0.07    0.00    1.43 v _207_/B (sky130_fd_sc_hd__and2_1)
                  0.06    0.20    1.63 v _207_/X (sky130_fd_sc_hd__and2_1)
     3    0.01                           _092_ (net)
                  0.06    0.00    1.63 v _210_/A2 (sky130_fd_sc_hd__o21ai_1)
                  0.10    0.12    1.75 ^ _210_/Y (sky130_fd_sc_hd__o21ai_1)
     1    0.00                           _095_ (net)
                  0.10    0.00    1.75 ^ _211_/B1 (sky130_fd_sc_hd__a21oi_1)
                  0.04    0.05    1.80 v _211_/Y (sky130_fd_sc_hd__a21oi_1)
     1    0.00                           _089_ (net)
                  0.04    0.00    1.80 v _450_/D (sky130_fd_sc_hd__dfrtp_1)
                                  1.80   data arrival time

                         10.00   10.00   clock clk (rise edge)
                          0.00   10.00   clock source latency
                  0.09    0.06   10.06 ^ clk (in)
     2    0.02                           clk (net)
                  0.09    0.00   10.06 ^ clkbuf_0_clk/A (sky130_fd_sc_hd__clkbuf_16)
                  0.07    0.16   10.22 ^ clkbuf_0_clk/X (sky130_fd_sc_hd__clkbuf_16)
     4    0.05                           clknet_0_clk (net)
                  0.07    0.00   10.22 ^ clkbuf_2_1__f_clk/A (sky130_fd_sc_hd__clkbuf_16)
                  0.07    0.15   10.37 ^ clkbuf_2_1__f_clk/X (sky130_fd_sc_hd__clkbuf_16)
    15    0.05                           clknet_2_1__leaf_clk (net)
                  0.07    0.00   10.37 ^ _450_/CLK (sky130_fd_sc_hd__dfrtp_1)
                         -0.25   10.12   clock uncertainty
                          0.04   10.15   clock reconvergence pessimism
                         -0.11   10.05   library setup time
                                 10.05   data required time
-----------------------------------------------------------------------------
                                 10.05   data required time
                                 -1.80   data arrival time
-----------------------------------------------------------------------------
                                  8.25   slack (MET)


Startpoint: _443_ (rising edge-triggered flip-flop clocked by clk)
Endpoint: _449_ (rising edge-triggered flip-flop clocked by clk)
Path Group: clk
Path Type: max

Fanout     Cap    Slew   Delay    Time   Description
-----------------------------------------------------------------------------
                          0.00    0.00   clock clk (rise edge)
                          0.00    0.00   clock source latency
                  0.09    0.07    0.07 ^ clk (in)
     2    0.02                           clk (net)
                  0.09    0.00    0.07 ^ clkbuf_0_clk/A (sky130_fd_sc_hd__clkbuf_16)
                  0.07    0.17    0.24 ^ clkbuf_0_clk/X (sky130_fd_sc_hd__clkbuf_16)
     4    0.05                           clknet_0_clk (net)
                  0.07    0.00    0.24 ^ clkbuf_2_1__f_clk/A (sky130_fd_sc_hd__clkbuf_16)
                  0.07    0.16    0.40 ^ clkbuf_2_1__f_clk/X (sky130_fd_sc_hd__clkbuf_16)
    15    0.05                           clknet_2_1__leaf_clk (net)
                  0.07    0.00    0.40 ^ _443_/CLK (sky130_fd_sc_hd__dfrtp_4)
                  0.08    0.54    0.94 v _443_/Q (sky130_fd_sc_hd__dfrtp_4)
     7    0.02                           rx_inst.clk_count[0] (net)
                  0.08    0.00    0.94 v _205_/D (sky130_fd_sc_hd__and4_1)
                  0.07    0.26    1.20 v _205_/X (sky130_fd_sc_hd__and4_1)
     4    0.01                           _090_ (net)
                  0.07    0.00    1.20 v _206_/C (sky130_fd_sc_hd__and3_1)
                  0.07    0.23    1.43 v _206_/X (sky130_fd_sc_hd__and3_1)
     3    0.01                           _091_ (net)
                  0.07    0.00    1.43 v _207_/B (sky130_fd_sc_hd__and2_1)
                  0.06    0.20    1.63 v _207_/X (sky130_fd_sc_hd__and2_1)
     3    0.01                           _092_ (net)
                  0.06    0.00    1.63 v _213_/A (sky130_fd_sc_hd__nor2_1)
                  0.08    0.11    1.74 ^ _213_/Y (sky130_fd_sc_hd__nor2_1)
     1    0.00                           _088_ (net)
                  0.08    0.00    1.74 ^ _449_/D (sky130_fd_sc_hd__dfrtp_1)
                                  1.74   data arrival time

                         10.00   10.00   clock clk (rise edge)
                          0.00   10.00   clock source latency
                  0.09    0.06   10.06 ^ clk (in)
     2    0.02                           clk (net)
                  0.09    0.00   10.06 ^ clkbuf_0_clk/A (sky130_fd_sc_hd__clkbuf_16)
                  0.07    0.16   10.22 ^ clkbuf_0_clk/X (sky130_fd_sc_hd__clkbuf_16)
     4    0.05                           clknet_0_clk (net)
                  0.07    0.00   10.22 ^ clkbuf_2_1__f_clk/A (sky130_fd_sc_hd__clkbuf_16)
                  0.07    0.15   10.37 ^ clkbuf_2_1__f_clk/X (sky130_fd_sc_hd__clkbuf_16)
    15    0.05                           clknet_2_1__leaf_clk (net)
                  0.07    0.00   10.37 ^ _449_/CLK (sky130_fd_sc_hd__dfrtp_1)
                         -0.25   10.12   clock uncertainty
                          0.04   10.15   clock reconvergence pessimism
                         -0.07   10.09   library setup time
                                 10.09   data required time
-----------------------------------------------------------------------------
                                 10.09   data required time
                                 -1.74   data arrival time
-----------------------------------------------------------------------------
                                  8.34   slack (MET)


Startpoint: _448_ (rising edge-triggered flip-flop clocked by clk)
Endpoint: _448_ (rising edge-triggered flip-flop clocked by clk)
Path Group: clk
Path Type: max

Fanout     Cap    Slew   Delay    Time   Description
-----------------------------------------------------------------------------
                          0.00    0.00   clock clk (rise edge)
                          0.00    0.00   clock source latency
                  0.09    0.07    0.07 ^ clk (in)
     2    0.02                           clk (net)
                  0.09    0.00    0.07 ^ clkbuf_0_clk/A (sky130_fd_sc_hd__clkbuf_16)
                  0.07    0.17    0.24 ^ clkbuf_0_clk/X (sky130_fd_sc_hd__clkbuf_16)
     4    0.05                           clknet_0_clk (net)
                  0.07    0.00    0.24 ^ clkbuf_2_1__f_clk/A (sky130_fd_sc_hd__clkbuf_16)
                  0.07    0.16    0.40 ^ clkbuf_2_1__f_clk/X (sky130_fd_sc_hd__clkbuf_16)
    15    0.05                           clknet_2_1__leaf_clk (net)
                  0.07    0.00    0.40 ^ _448_/CLK (sky130_fd_sc_hd__dfrtp_1)
                  0.06    0.40    0.81 v _448_/Q (sky130_fd_sc_hd__dfrtp_1)
     3    0.01                           rx_inst.clk_count[5] (net)
                  0.06    0.00    0.81 v hold4/A (sky130_fd_sc_hd__dlygate4sd3_1)
                  0.06    0.59    1.40 v hold4/X (sky130_fd_sc_hd__dlygate4sd3_1)
     1    0.00                           net28 (net)
                  0.06    0.00    1.40 v _215_/A1 (sky130_fd_sc_hd__o21ai_1)
                  0.13    0.16    1.56 ^ _215_/Y (sky130_fd_sc_hd__o21ai_1)
     1    0.00                           _098_ (net)
                  0.13    0.00    1.56 ^ _216_/B (sky130_fd_sc_hd__nor2_1)
                  0.04    0.06    1.62 v _216_/Y (sky130_fd_sc_hd__nor2_1)
     1    0.00                           _087_ (net)
                  0.04    0.00    1.62 v _448_/D (sky130_fd_sc_hd__dfrtp_1)
                                  1.62   data arrival time

                         10.00   10.00   clock clk (rise edge)
                          0.00   10.00   clock source latency
                  0.09    0.06   10.06 ^ clk (in)
     2    0.02                           clk (net)
                  0.09    0.00   10.06 ^ clkbuf_0_clk/A (sky130_fd_sc_hd__clkbuf_16)
                  0.07    0.16   10.22 ^ clkbuf_0_clk/X (sky130_fd_sc_hd__clkbuf_16)
     4    0.05                           clknet_0_clk (net)
                  0.07    0.00   10.22 ^ clkbuf_2_1__f_clk/A (sky130_fd_sc_hd__clkbuf_16)
                  0.07    0.15   10.37 ^ clkbuf_2_1__f_clk/X (sky130_fd_sc_hd__clkbuf_16)
    15    0.05                           clknet_2_1__leaf_clk (net)
                  0.07    0.00   10.37 ^ _448_/CLK (sky130_fd_sc_hd__dfrtp_1)
                         -0.25   10.12   clock uncertainty
                          0.04   10.15   clock reconvergence pessimism
                         -0.11   10.05   library setup time
                                 10.05   data required time
-----------------------------------------------------------------------------
                                 10.05   data required time
                                 -1.62   data arrival time
-----------------------------------------------------------------------------
                                  8.43   slack (MET)


Startpoint: _447_ (rising edge-triggered flip-flop clocked by clk)
Endpoint: _447_ (rising edge-triggered flip-flop clocked by clk)
Path Group: clk
Path Type: max

Fanout     Cap    Slew   Delay    Time   Description
-----------------------------------------------------------------------------
                          0.00    0.00   clock clk (rise edge)
                          0.00    0.00   clock source latency
                  0.09    0.07    0.07 ^ clk (in)
     2    0.02                           clk (net)
                  0.09    0.00    0.07 ^ clkbuf_0_clk/A (sky130_fd_sc_hd__clkbuf_16)
                  0.07    0.17    0.24 ^ clkbuf_0_clk/X (sky130_fd_sc_hd__clkbuf_16)
     4    0.05                           clknet_0_clk (net)
                  0.07    0.00    0.24 ^ clkbuf_2_1__f_clk/A (sky130_fd_sc_hd__clkbuf_16)
                  0.07    0.16    0.40 ^ clkbuf_2_1__f_clk/X (sky130_fd_sc_hd__clkbuf_16)
    15    0.05                           clknet_2_1__leaf_clk (net)
                  0.07    0.00    0.40 ^ _447_/CLK (sky130_fd_sc_hd__dfrtp_1)
                  0.08    0.42    0.83 v _447_/Q (sky130_fd_sc_hd__dfrtp_1)
     5    0.01                           rx_inst.clk_count[4] (net)
                  0.08    0.00    0.83 v hold16/A (sky130_fd_sc_hd__dlygate4sd3_1)
                  0.06    0.59    1.42 v hold16/X (sky130_fd_sc_hd__dlygate4sd3_1)
     1    0.00                           net40 (net)
                  0.06    0.00    1.42 v _217_/A1 (sky130_fd_sc_hd__o21ai_1)
                  0.10    0.14    1.56 ^ _217_/Y (sky130_fd_sc_hd__o21ai_1)
     1    0.00                           _099_ (net)
                  0.10    0.00    1.56 ^ _218_/B (sky130_fd_sc_hd__nor2_1)
                  0.03    0.05    1.61 v _218_/Y (sky130_fd_sc_hd__nor2_1)
     1    0.00                           _086_ (net)
                  0.03    0.00    1.61 v _447_/D (sky130_fd_sc_hd__dfrtp_1)
                                  1.61   data arrival time

                         10.00   10.00   clock clk (rise edge)
                          0.00   10.00   clock source latency
                  0.09    0.06   10.06 ^ clk (in)
     2    0.02                           clk (net)
                  0.09    0.00   10.06 ^ clkbuf_0_clk/A (sky130_fd_sc_hd__clkbuf_16)
                  0.07    0.16   10.22 ^ clkbuf_0_clk/X (sky130_fd_sc_hd__clkbuf_16)
     4    0.05                           clknet_0_clk (net)
                  0.07    0.00   10.22 ^ clkbuf_2_1__f_clk/A (sky130_fd_sc_hd__clkbuf_16)
                  0.07    0.15   10.37 ^ clkbuf_2_1__f_clk/X (sky130_fd_sc_hd__clkbuf_16)
    15    0.05                           clknet_2_1__leaf_clk (net)
                  0.07    0.00   10.37 ^ _447_/CLK (sky130_fd_sc_hd__dfrtp_1)
                         -0.25   10.12   clock uncertainty
                          0.04   10.15   clock reconvergence pessimism
                         -0.10   10.05   library setup time
                                 10.05   data required time
-----------------------------------------------------------------------------
                                 10.05   data required time
                                 -1.61   data arrival time
-----------------------------------------------------------------------------
                                  8.44   slack (MET)



