
===========================================================================
report_checks -unconstrained
===========================================================================
======================= Fastest Corner ===================================

Startpoint: rst_n (input port clocked by clk)
Endpoint: _72435_ (recovery check against rising-edge clock clk)
Path Group: asynchronous
Path Type: max
Corner: Fastest

Fanout     Cap    Slew   Delay    Time   Description
-----------------------------------------------------------------------------
                          0.00    0.00   clock clk (rise edge)
                          0.00    0.00   clock network delay (propagated)
                          4.00    4.00 ^ input external delay
                  0.04    0.03    4.03 ^ rst_n (in)
     2    0.01                           rst_n (net)
                  0.04    0.00    4.03 ^ input67/A (sky130_fd_sc_hd__buf_4)
                  0.24    0.22    4.25 ^ input67/X (sky130_fd_sc_hd__buf_4)
     4    0.12                           net67 (net)
                  0.24    0.01    4.26 ^ fanout1071/A (sky130_fd_sc_hd__buf_8)
                  0.25    0.22    4.47 ^ fanout1071/X (sky130_fd_sc_hd__buf_8)
    12    0.20                           net1071 (net)
                  0.28    0.07    4.54 ^ fanout984/A (sky130_fd_sc_hd__buf_4)
                  0.22    0.25    4.79 ^ fanout984/X (sky130_fd_sc_hd__buf_4)
    10    0.11                           net984 (net)
                  0.22    0.01    4.80 ^ fanout983/A (sky130_fd_sc_hd__buf_4)
                  0.21    0.24    5.03 ^ fanout983/X (sky130_fd_sc_hd__buf_4)
    14    0.10                           net983 (net)
                  0.21    0.01    5.04 ^ fanout939/A (sky130_fd_sc_hd__buf_2)
                  0.23    0.24    5.29 ^ fanout939/X (sky130_fd_sc_hd__buf_2)
    10    0.06                           net939 (net)
                  0.23    0.00    5.29 ^ fanout938/A (sky130_fd_sc_hd__buf_4)
                  0.19    0.22    5.51 ^ fanout938/X (sky130_fd_sc_hd__buf_4)
    20    0.09                           net938 (net)
                  0.19    0.01    5.51 ^ fanout937/A (sky130_fd_sc_hd__clkbuf_4)
                  0.16    0.22    5.73 ^ fanout937/X (sky130_fd_sc_hd__clkbuf_4)
    20    0.07                           net937 (net)
                  0.16    0.01    5.74 ^ fanout936/A (sky130_fd_sc_hd__clkbuf_4)
                  0.11    0.19    5.93 ^ fanout936/X (sky130_fd_sc_hd__clkbuf_4)
    10    0.05                           net936 (net)
                  0.11    0.00    5.93 ^ _72435_/RESET_B (sky130_fd_sc_hd__dfrtp_2)
                                  5.93   data arrival time

                         20.00   20.00   clock clk (rise edge)
                          0.00   20.00   clock source latency
                  0.42    0.28   20.28 ^ clk (in)
     2    0.12                           clk (net)
                  0.42    0.00   20.28 ^ clkbuf_0_clk/A (sky130_fd_sc_hd__clkbuf_16)
                  0.11    0.18   20.47 ^ clkbuf_0_clk/X (sky130_fd_sc_hd__clkbuf_16)
     8    0.13                           clknet_0_clk (net)
                  0.11    0.01   20.47 ^ clkbuf_2_3_0_clk/A (sky130_fd_sc_hd__clkbuf_8)
                  0.12    0.16   20.63 ^ clkbuf_2_3_0_clk/X (sky130_fd_sc_hd__clkbuf_8)
     4    0.09                           clknet_2_3_0_clk (net)
                  0.13    0.01   20.64 ^ clkbuf_3_6_0_clk/A (sky130_fd_sc_hd__clkbuf_8)
                  0.26    0.25   20.89 ^ clkbuf_3_6_0_clk/X (sky130_fd_sc_hd__clkbuf_8)
    16    0.20                           clknet_3_6_0_clk (net)
                  0.26    0.01   20.90 ^ clkbuf_6_52__f_clk/A (sky130_fd_sc_hd__clkbuf_16)
                  0.13    0.19   21.09 ^ clkbuf_6_52__f_clk/X (sky130_fd_sc_hd__clkbuf_16)
    22    0.16                           clknet_6_52__leaf_clk (net)
                  0.13    0.01   21.10 ^ clkbuf_leaf_218_clk/A (sky130_fd_sc_hd__clkbuf_16)
                  0.03    0.11   21.21 ^ clkbuf_leaf_218_clk/X (sky130_fd_sc_hd__clkbuf_16)
     7    0.02                           clknet_leaf_218_clk (net)
                  0.03    0.00   21.21 ^ _72435_/CLK (sky130_fd_sc_hd__dfrtp_2)
                         -0.25   20.96   clock uncertainty
                          0.00   20.96   clock reconvergence pessimism
                          0.11   21.07   library recovery time
                                 21.07   data required time
-----------------------------------------------------------------------------
                                 21.07   data required time
                                 -5.93   data arrival time
-----------------------------------------------------------------------------
                                 15.14   slack (MET)


Startpoint: weight_load_en (input port clocked by clk)
Endpoint: act_ready (output port clocked by clk)
Path Group: clk
Path Type: max
Corner: Fastest

Fanout     Cap    Slew   Delay    Time   Description
-----------------------------------------------------------------------------
                          0.00    0.00   clock clk (rise edge)
                          0.00    0.00   clock network delay (propagated)
                          4.00    4.00 ^ input external delay
                  0.03    0.02    4.02 ^ weight_load_en (in)
     2    0.01                           weight_load_en (net)
                  0.03    0.00    4.02 ^ input82/A (sky130_fd_sc_hd__buf_6)
                  0.27    0.22    4.25 ^ input82/X (sky130_fd_sc_hd__buf_6)
    14    0.18                           net82 (net)
                  0.27    0.04    4.29 ^ _53808_/A (sky130_fd_sc_hd__inv_2)
                  0.13    0.13    4.42 v _53808_/Y (sky130_fd_sc_hd__inv_2)
    10    0.06                           _16699_ (net)
                  0.13    0.00    4.42 v _53809_/A (sky130_fd_sc_hd__or4b_1)
                  0.06    0.34    4.76 v _53809_/X (sky130_fd_sc_hd__or4b_1)
     1    0.00                           _16700_ (net)
                  0.06    0.00    4.76 v _53811_/C1 (sky130_fd_sc_hd__o2111a_1)
                  0.04    0.10    4.86 v _53811_/X (sky130_fd_sc_hd__o2111a_1)
     1    0.01                           _16702_ (net)
                  0.04    0.00    4.86 v _53812_/B1 (sky130_fd_sc_hd__o21a_1)
                  0.05    0.09    4.94 v _53812_/X (sky130_fd_sc_hd__o21a_1)
     2    0.01                           _16703_ (net)
                  0.05    0.00    4.94 v _53813_/S (sky130_fd_sc_hd__mux2_1)
                  0.04    0.14    5.09 ^ _53813_/X (sky130_fd_sc_hd__mux2_1)
     1    0.00                           _16704_ (net)
                  0.04    0.00    5.09 ^ _53814_/A (sky130_fd_sc_hd__buf_2)
                  0.13    0.15    5.23 ^ _53814_/X (sky130_fd_sc_hd__buf_2)
    10    0.04                           _02214_ (net)
                  0.13    0.00    5.23 ^ _53815_/A2 (sky130_fd_sc_hd__a21bo_1)
                  0.07    0.11    5.35 ^ _53815_/X (sky130_fd_sc_hd__a21bo_1)
     2    0.01                           _16705_ (net)
                  0.07    0.00    5.35 ^ _53816_/A (sky130_fd_sc_hd__clkbuf_8)
                  0.15    0.18    5.53 ^ _53816_/X (sky130_fd_sc_hd__clkbuf_8)
    20    0.11                           _16706_ (net)
                  0.15    0.01    5.54 ^ _53817_/A (sky130_fd_sc_hd__buf_12)
                  0.26    0.23    5.77 ^ _53817_/X (sky130_fd_sc_hd__buf_12)
    20    0.30                           net83 (net)
                  0.28    0.06    5.83 ^ output83/A (sky130_fd_sc_hd__clkbuf_4)
                  0.09    0.19    6.01 ^ output83/X (sky130_fd_sc_hd__clkbuf_4)
     1    0.03                           act_ready (net)
                  0.09    0.00    6.02 ^ act_ready (out)
                                  6.02   data arrival time

                         20.00   20.00   clock clk (rise edge)
                          0.00   20.00   clock network delay (propagated)
                         -0.25   19.75   clock uncertainty
                          0.00   19.75   clock reconvergence pessimism
                         -4.00   15.75   output external delay
                                 15.75   data required time
-----------------------------------------------------------------------------
                                 15.75   data required time
                                 -6.02   data arrival time
-----------------------------------------------------------------------------
                                  9.73   slack (MET)



======================= Slowest Corner ===================================

Startpoint: rst_n (input port clocked by clk)
Endpoint: _72435_ (recovery check against rising-edge clock clk)
Path Group: asynchronous
Path Type: max
Corner: Slowest

Fanout     Cap    Slew   Delay    Time   Description
-----------------------------------------------------------------------------
                          0.00    0.00   clock clk (rise edge)
                          0.00    0.00   clock network delay (propagated)
                          4.00    4.00 ^ input external delay
                  0.08    0.05    4.05 ^ rst_n (in)
     2    0.01                           rst_n (net)
                  0.08    0.00    4.05 ^ input67/A (sky130_fd_sc_hd__buf_4)
                  0.51    0.55    4.60 ^ input67/X (sky130_fd_sc_hd__buf_4)
     4    0.12                           net67 (net)
                  0.51    0.01    4.61 ^ fanout1071/A (sky130_fd_sc_hd__buf_8)
                  0.51    0.66    5.27 ^ fanout1071/X (sky130_fd_sc_hd__buf_8)
    12    0.21                           net1071 (net)
                  0.53    0.07    5.35 ^ fanout984/A (sky130_fd_sc_hd__buf_4)
                  0.47    0.73    6.08 ^ fanout984/X (sky130_fd_sc_hd__buf_4)
    10    0.11                           net984 (net)
                  0.47    0.01    6.08 ^ fanout983/A (sky130_fd_sc_hd__buf_4)
                  0.45    0.69    6.77 ^ fanout983/X (sky130_fd_sc_hd__buf_4)
    14    0.10                           net983 (net)
                  0.45    0.01    6.78 ^ fanout939/A (sky130_fd_sc_hd__buf_2)
                  0.47    0.68    7.45 ^ fanout939/X (sky130_fd_sc_hd__buf_2)
    10    0.06                           net939 (net)
                  0.47    0.00    7.46 ^ fanout938/A (sky130_fd_sc_hd__buf_4)
                  0.39    0.64    8.10 ^ fanout938/X (sky130_fd_sc_hd__buf_4)
    20    0.09                           net938 (net)
                  0.39    0.01    8.10 ^ fanout937/A (sky130_fd_sc_hd__clkbuf_4)
                  0.32    0.60    8.71 ^ fanout937/X (sky130_fd_sc_hd__clkbuf_4)
    20    0.07                           net937 (net)
                  0.32    0.01    8.71 ^ fanout936/A (sky130_fd_sc_hd__clkbuf_4)
                  0.23    0.50    9.21 ^ fanout936/X (sky130_fd_sc_hd__clkbuf_4)
    10    0.04                           net936 (net)
                  0.23    0.00    9.22 ^ _72435_/RESET_B (sky130_fd_sc_hd__dfrtp_2)
                                  9.22   data arrival time

                         20.00   20.00   clock clk (rise edge)
                          0.00   20.00   clock source latency
                  0.89    0.60   20.60 ^ clk (in)
     2    0.12                           clk (net)
                  0.89    0.00   20.60 ^ clkbuf_0_clk/A (sky130_fd_sc_hd__clkbuf_16)
                  0.23    0.62   21.22 ^ clkbuf_0_clk/X (sky130_fd_sc_hd__clkbuf_16)
     8    0.13                           clknet_0_clk (net)
                  0.23    0.01   21.23 ^ clkbuf_2_3_0_clk/A (sky130_fd_sc_hd__clkbuf_8)
                  0.26    0.42   21.64 ^ clkbuf_2_3_0_clk/X (sky130_fd_sc_hd__clkbuf_8)
     4    0.09                           clknet_2_3_0_clk (net)
                  0.26    0.01   21.65 ^ clkbuf_3_6_0_clk/A (sky130_fd_sc_hd__clkbuf_8)
                  0.52    0.61   22.26 ^ clkbuf_3_6_0_clk/X (sky130_fd_sc_hd__clkbuf_8)
    16    0.20                           clknet_3_6_0_clk (net)
                  0.52    0.01   22.28 ^ clkbuf_6_52__f_clk/A (sky130_fd_sc_hd__clkbuf_16)
                  0.26    0.54   22.81 ^ clkbuf_6_52__f_clk/X (sky130_fd_sc_hd__clkbuf_16)
    22    0.16                           clknet_6_52__leaf_clk (net)
                  0.26    0.01   22.82 ^ clkbuf_leaf_218_clk/A (sky130_fd_sc_hd__clkbuf_16)
                  0.07    0.29   23.11 ^ clkbuf_leaf_218_clk/X (sky130_fd_sc_hd__clkbuf_16)
     7    0.02                           clknet_leaf_218_clk (net)
                  0.07    0.00   23.12 ^ _72435_/CLK (sky130_fd_sc_hd__dfrtp_2)
                         -0.25   22.87   clock uncertainty
                          0.00   22.87   clock reconvergence pessimism
                          0.38   23.24   library recovery time
                                 23.24   data required time
-----------------------------------------------------------------------------
                                 23.24   data required time
                                 -9.22   data arrival time
-----------------------------------------------------------------------------
                                 14.03   slack (MET)


Startpoint: _74283_ (rising edge-triggered flip-flop clocked by clk)
Endpoint: _74325_ (rising edge-triggered flip-flop clocked by clk)
Path Group: clk
Path Type: max
Corner: Slowest

Fanout     Cap    Slew   Delay    Time   Description
-----------------------------------------------------------------------------
                          0.00    0.00   clock clk (rise edge)
                          0.00    0.00   clock source latency
                  0.89    0.66    0.66 ^ clk (in)
     2    0.12                           clk (net)
                  0.89    0.00    0.66 ^ clkbuf_0_clk/A (sky130_fd_sc_hd__clkbuf_16)
                  0.23    0.69    1.35 ^ clkbuf_0_clk/X (sky130_fd_sc_hd__clkbuf_16)
     8    0.13                           clknet_0_clk (net)
                  0.23    0.01    1.36 ^ clkbuf_2_2_0_clk/A (sky130_fd_sc_hd__clkbuf_8)
                  0.25    0.46    1.81 ^ clkbuf_2_2_0_clk/X (sky130_fd_sc_hd__clkbuf_8)
     4    0.09                           clknet_2_2_0_clk (net)
                  0.25    0.01    1.82 ^ clkbuf_3_4_0_clk/A (sky130_fd_sc_hd__clkbuf_8)
                  0.52    0.67    2.49 ^ clkbuf_3_4_0_clk/X (sky130_fd_sc_hd__clkbuf_8)
    16    0.20                           clknet_3_4_0_clk (net)
                  0.52    0.01    2.51 ^ clkbuf_6_38__f_clk/A (sky130_fd_sc_hd__clkbuf_16)
                  0.20    0.54    3.05 ^ clkbuf_6_38__f_clk/X (sky130_fd_sc_hd__clkbuf_16)
    16    0.11                           clknet_6_38__leaf_clk (net)
                  0.20    0.01    3.05 ^ clkbuf_leaf_494_clk/A (sky130_fd_sc_hd__clkbuf_16)
                  0.08    0.31    3.36 ^ clkbuf_leaf_494_clk/X (sky130_fd_sc_hd__clkbuf_16)
     9    0.03                           clknet_leaf_494_clk (net)
                  0.08    0.00    3.36 ^ _74283_/CLK (sky130_fd_sc_hd__dfrtp_4)
                  0.32    1.29    4.65 v _74283_/Q (sky130_fd_sc_hd__dfrtp_4)
    14    0.09                           row_pe[7].col_pe[2].pe_inst.act_out[5] (net)
                  0.32    0.02    4.67 v _48187_/C (sky130_fd_sc_hd__and4_2)
                  0.14    0.71    5.38 v _48187_/X (sky130_fd_sc_hd__and4_2)
     5    0.02                           _11352_ (net)
                  0.14    0.00    5.38 v _48188_/C (sky130_fd_sc_hd__or3_2)
                  0.22    1.16    6.54 v _48188_/X (sky130_fd_sc_hd__or3_2)
     2    0.01                           _11353_ (net)
                  0.22    0.00    6.54 v _48191_/A1 (sky130_fd_sc_hd__a211o_1)
                  0.22    0.73    7.27 v _48191_/X (sky130_fd_sc_hd__a211o_1)
     3    0.02                           _11356_ (net)
                  0.22    0.00    7.28 v _48193_/A2 (sky130_fd_sc_hd__a21o_1)
                  0.13    0.48    7.75 v _48193_/X (sky130_fd_sc_hd__a21o_1)
     2    0.01                           _11358_ (net)
                  0.13    0.00    7.75 v _48196_/A2 (sky130_fd_sc_hd__a21o_1)
                  0.14    0.44    8.19 v _48196_/X (sky130_fd_sc_hd__a21o_1)
     3    0.01                           _11361_ (net)
                  0.14    0.00    8.20 v _48197_/C (sky130_fd_sc_hd__and3_1)
                  0.11    0.46    8.66 v _48197_/X (sky130_fd_sc_hd__and3_1)
     2    0.01                           _11362_ (net)
                  0.11    0.00    8.66 v _48199_/B1 (sky130_fd_sc_hd__a211oi_2)
                  0.52    0.58    9.24 ^ _48199_/Y (sky130_fd_sc_hd__a211oi_2)
     4    0.01                           _11364_ (net)
                  0.52    0.00    9.24 ^ _48201_/B (sky130_fd_sc_hd__nor3_1)
                  0.14    0.29    9.53 v _48201_/Y (sky130_fd_sc_hd__nor3_1)
     2    0.01                           _11366_ (net)
                  0.14    0.00    9.53 v max_cap370/A (sky130_fd_sc_hd__buf_1)
                  0.12    0.26    9.79 v max_cap370/X (sky130_fd_sc_hd__buf_1)
     3    0.01                           net370 (net)
                  0.12    0.00    9.79 v _48203_/B1 (sky130_fd_sc_hd__a211oi_1)
                  0.53    0.59   10.38 ^ _48203_/Y (sky130_fd_sc_hd__a211oi_1)
     3    0.01                           _11368_ (net)
                  0.53    0.00   10.38 ^ _48205_/A (sky130_fd_sc_hd__nor2_1)
                  0.15    0.31   10.69 v _48205_/Y (sky130_fd_sc_hd__nor2_1)
     3    0.01                           _11370_ (net)
                  0.15    0.00   10.69 v _48254_/B1 (sky130_fd_sc_hd__o211a_1)
                  0.16    0.36   11.05 v _48254_/X (sky130_fd_sc_hd__o211a_1)
     3    0.01                           _11417_ (net)
                  0.16    0.00   11.05 v _48285_/B (sky130_fd_sc_hd__or3_1)
                  0.12    0.84   11.89 v _48285_/X (sky130_fd_sc_hd__or3_1)
     1    0.00                           _11448_ (net)
                  0.12    0.00   11.89 v _48286_/B (sky130_fd_sc_hd__and2_1)
                  0.13    0.43   12.32 v _48286_/X (sky130_fd_sc_hd__and2_1)
     2    0.01                           _11449_ (net)
                  0.13    0.00   12.32 v _48287_/B (sky130_fd_sc_hd__xnor2_1)
                  0.16    0.30   12.62 v _48287_/Y (sky130_fd_sc_hd__xnor2_1)
     3    0.01                           _11450_ (net)
                  0.16    0.00   12.62 v _48333_/A2 (sky130_fd_sc_hd__o311a_1)
                  0.23    0.85   13.46 v _48333_/X (sky130_fd_sc_hd__o311a_1)
     2    0.02                           _11494_ (net)
                  0.23    0.00   13.47 v _48399_/B (sky130_fd_sc_hd__or4_2)
                  0.38    1.94   15.41 v _48399_/X (sky130_fd_sc_hd__or4_2)
     6    0.03                           _11558_ (net)
                  0.38    0.01   15.41 v _48436_/A (sky130_fd_sc_hd__or2_1)
                  0.12    0.69   16.10 v _48436_/X (sky130_fd_sc_hd__or2_1)
     1    0.01                           _11593_ (net)
                  0.12    0.00   16.10 v _48440_/B1 (sky130_fd_sc_hd__o211a_4)
                  0.29    0.51   16.61 v _48440_/X (sky130_fd_sc_hd__o211a_4)
     8    0.11                           _11597_ (net)
                  0.29    0.02   16.63 v _48463_/A1 (sky130_fd_sc_hd__o21bai_2)
                  0.38    0.51   17.13 ^ _48463_/Y (sky130_fd_sc_hd__o21bai_2)
     3    0.02                           _11616_ (net)
                  0.38    0.00   17.14 ^ _48480_/A1 (sky130_fd_sc_hd__a21oi_2)
                  0.21    0.32   17.46 v _48480_/Y (sky130_fd_sc_hd__a21oi_2)
     4    0.02                           _11629_ (net)
                  0.21    0.00   17.46 v _48501_/A1 (sky130_fd_sc_hd__o21ba_1)
                  0.15    0.49   17.95 v _48501_/X (sky130_fd_sc_hd__o21ba_1)
     3    0.01                           _11646_ (net)
                  0.15    0.00   17.96 v _48513_/A1 (sky130_fd_sc_hd__o31a_1)
                  0.16    0.71   18.66 v _48513_/X (sky130_fd_sc_hd__o31a_1)
     2    0.01                           _11656_ (net)
                  0.16    0.00   18.66 v _48516_/A2 (sky130_fd_sc_hd__o21ai_1)
                  0.25    0.32   18.98 ^ _48516_/Y (sky130_fd_sc_hd__o21ai_1)
     1    0.01                           _11658_ (net)
                  0.25    0.00   18.98 ^ _48518_/A (sky130_fd_sc_hd__xnor2_1)
                  0.09    0.21   19.19 v _48518_/Y (sky130_fd_sc_hd__xnor2_1)
     1    0.00                           _01488_ (net)
                  0.09    0.00   19.19 v hold2250/A (sky130_fd_sc_hd__dlygate4sd3_1)
                  0.12    1.22   20.40 v hold2250/X (sky130_fd_sc_hd__dlygate4sd3_1)
     1    0.00                           net3321 (net)
                  0.12    0.00   20.40 v _74325_/D (sky130_fd_sc_hd__dfrtp_1)
                                 20.40   data arrival time

                         20.00   20.00   clock clk (rise edge)
                          0.00   20.00   clock source latency
                  0.89    0.60   20.60 ^ clk (in)
     2    0.12                           clk (net)
                  0.89    0.00   20.60 ^ clkbuf_0_clk/A (sky130_fd_sc_hd__clkbuf_16)
                  0.23    0.62   21.22 ^ clkbuf_0_clk/X (sky130_fd_sc_hd__clkbuf_16)
     8    0.13                           clknet_0_clk (net)
                  0.23    0.01   21.23 ^ clkbuf_2_3_0_clk/A (sky130_fd_sc_hd__clkbuf_8)
                  0.26    0.42   21.64 ^ clkbuf_2_3_0_clk/X (sky130_fd_sc_hd__clkbuf_8)
     4    0.09                           clknet_2_3_0_clk (net)
                  0.26    0.01   21.65 ^ clkbuf_3_6_0_clk/A (sky130_fd_sc_hd__clkbuf_8)
                  0.52    0.61   22.26 ^ clkbuf_3_6_0_clk/X (sky130_fd_sc_hd__clkbuf_8)
    16    0.20                           clknet_3_6_0_clk (net)
                  0.52    0.01   22.28 ^ clkbuf_6_55__f_clk/A (sky130_fd_sc_hd__clkbuf_16)
                  0.27    0.55   22.82 ^ clkbuf_6_55__f_clk/X (sky130_fd_sc_hd__clkbuf_16)
    24    0.17                           clknet_6_55__leaf_clk (net)
                  0.27    0.01   22.83 ^ clkbuf_leaf_238_clk/A (sky130_fd_sc_hd__clkbuf_16)
                  0.11    0.33   23.16 ^ clkbuf_leaf_238_clk/X (sky130_fd_sc_hd__clkbuf_16)
    17    0.05                           clknet_leaf_238_clk (net)
                  0.11    0.01   23.17 ^ _74325_/CLK (sky130_fd_sc_hd__dfrtp_1)
                         -0.25   22.92   clock uncertainty
                          0.13   23.04   clock reconvergence pessimism
                         -0.29   22.76   library setup time
                                 22.76   data required time
-----------------------------------------------------------------------------
                                 22.76   data required time
                                -20.40   data arrival time
-----------------------------------------------------------------------------
                                  2.35   slack (MET)



======================= Typical Corner ===================================

Startpoint: rst_n (input port clocked by clk)
Endpoint: _72435_ (recovery check against rising-edge clock clk)
Path Group: asynchronous
Path Type: max
Corner: Typical

Fanout     Cap    Slew   Delay    Time   Description
-----------------------------------------------------------------------------
                          0.00    0.00   clock clk (rise edge)
                          0.00    0.00   clock network delay (propagated)
                          4.00    4.00 ^ input external delay
                  0.05    0.04    4.04 ^ rst_n (in)
     2    0.01                           rst_n (net)
                  0.05    0.00    4.04 ^ input67/A (sky130_fd_sc_hd__buf_4)
                  0.32    0.32    4.35 ^ input67/X (sky130_fd_sc_hd__buf_4)
     4    0.12                           net67 (net)
                  0.32    0.01    4.36 ^ fanout1071/A (sky130_fd_sc_hd__buf_8)
                  0.33    0.34    4.70 ^ fanout1071/X (sky130_fd_sc_hd__buf_8)
    12    0.21                           net1071 (net)
                  0.35    0.07    4.77 ^ fanout984/A (sky130_fd_sc_hd__buf_4)
                  0.30    0.39    5.16 ^ fanout984/X (sky130_fd_sc_hd__buf_4)
    10    0.11                           net984 (net)
                  0.30    0.01    5.17 ^ fanout983/A (sky130_fd_sc_hd__buf_4)
                  0.28    0.37    5.54 ^ fanout983/X (sky130_fd_sc_hd__buf_4)
    14    0.10                           net983 (net)
                  0.28    0.01    5.55 ^ fanout939/A (sky130_fd_sc_hd__buf_2)
                  0.30    0.38    5.92 ^ fanout939/X (sky130_fd_sc_hd__buf_2)
    10    0.06                           net939 (net)
                  0.30    0.00    5.93 ^ fanout938/A (sky130_fd_sc_hd__buf_4)
                  0.25    0.35    6.27 ^ fanout938/X (sky130_fd_sc_hd__buf_4)
    20    0.09                           net938 (net)
                  0.25    0.01    6.28 ^ fanout937/A (sky130_fd_sc_hd__clkbuf_4)
                  0.21    0.34    6.62 ^ fanout937/X (sky130_fd_sc_hd__clkbuf_4)
    20    0.07                           net937 (net)
                  0.21    0.01    6.63 ^ fanout936/A (sky130_fd_sc_hd__clkbuf_4)
                  0.15    0.28    6.91 ^ fanout936/X (sky130_fd_sc_hd__clkbuf_4)
    10    0.05                           net936 (net)
                  0.15    0.00    6.92 ^ _72435_/RESET_B (sky130_fd_sc_hd__dfrtp_2)
                                  6.92   data arrival time

                         20.00   20.00   clock clk (rise edge)
                          0.00   20.00   clock source latency
                  0.56    0.37   20.37 ^ clk (in)
     2    0.12                           clk (net)
                  0.56    0.00   20.37 ^ clkbuf_0_clk/A (sky130_fd_sc_hd__clkbuf_16)
                  0.15    0.32   20.69 ^ clkbuf_0_clk/X (sky130_fd_sc_hd__clkbuf_16)
     8    0.13                           clknet_0_clk (net)
                  0.15    0.01   20.70 ^ clkbuf_2_3_0_clk/A (sky130_fd_sc_hd__clkbuf_8)
                  0.16    0.24   20.93 ^ clkbuf_2_3_0_clk/X (sky130_fd_sc_hd__clkbuf_8)
     4    0.09                           clknet_2_3_0_clk (net)
                  0.16    0.01   20.94 ^ clkbuf_3_6_0_clk/A (sky130_fd_sc_hd__clkbuf_8)
                  0.34    0.35   21.29 ^ clkbuf_3_6_0_clk/X (sky130_fd_sc_hd__clkbuf_8)
    16    0.20                           clknet_3_6_0_clk (net)
                  0.34    0.01   21.31 ^ clkbuf_6_52__f_clk/A (sky130_fd_sc_hd__clkbuf_16)
                  0.17    0.29   21.60 ^ clkbuf_6_52__f_clk/X (sky130_fd_sc_hd__clkbuf_16)
    22    0.16                           clknet_6_52__leaf_clk (net)
                  0.17    0.01   21.61 ^ clkbuf_leaf_218_clk/A (sky130_fd_sc_hd__clkbuf_16)
                  0.05    0.16   21.77 ^ clkbuf_leaf_218_clk/X (sky130_fd_sc_hd__clkbuf_16)
     7    0.02                           clknet_leaf_218_clk (net)
                  0.05    0.00   21.77 ^ _72435_/CLK (sky130_fd_sc_hd__dfrtp_2)
                         -0.25   21.52   clock uncertainty
                          0.00   21.52   clock reconvergence pessimism
                          0.19   21.71   library recovery time
                                 21.71   data required time
-----------------------------------------------------------------------------
                                 21.71   data required time
                                 -6.92   data arrival time
-----------------------------------------------------------------------------
                                 14.79   slack (MET)


Startpoint: weight_load_en (input port clocked by clk)
Endpoint: act_ready (output port clocked by clk)
Path Group: clk
Path Type: max
Corner: Typical

Fanout     Cap    Slew   Delay    Time   Description
-----------------------------------------------------------------------------
                          0.00    0.00   clock clk (rise edge)
                          0.00    0.00   clock network delay (propagated)
                          4.00    4.00 ^ input external delay
                  0.04    0.03    4.03 ^ weight_load_en (in)
     2    0.01                           weight_load_en (net)
                  0.04    0.00    4.03 ^ input82/A (sky130_fd_sc_hd__buf_6)
                  0.35    0.32    4.35 ^ input82/X (sky130_fd_sc_hd__buf_6)
    14    0.18                           net82 (net)
                  0.36    0.04    4.39 ^ _53808_/A (sky130_fd_sc_hd__inv_2)
                  0.17    0.22    4.61 v _53808_/Y (sky130_fd_sc_hd__inv_2)
    10    0.06                           _16699_ (net)
                  0.17    0.00    4.61 v _53809_/A (sky130_fd_sc_hd__or4b_1)
                  0.09    0.59    5.20 v _53809_/X (sky130_fd_sc_hd__or4b_1)
     1    0.00                           _16700_ (net)
                  0.09    0.00    5.20 v _53811_/C1 (sky130_fd_sc_hd__o2111a_1)
                  0.05    0.16    5.36 v _53811_/X (sky130_fd_sc_hd__o2111a_1)
     1    0.01                           _16702_ (net)
                  0.05    0.00    5.36 v _53812_/B1 (sky130_fd_sc_hd__o21a_1)
                  0.07    0.14    5.50 v _53812_/X (sky130_fd_sc_hd__o21a_1)
     2    0.01                           _16703_ (net)
                  0.07    0.00    5.50 v _53813_/S (sky130_fd_sc_hd__mux2_1)
                  0.05    0.22    5.72 ^ _53813_/X (sky130_fd_sc_hd__mux2_1)
     1    0.00                           _16704_ (net)
                  0.05    0.00    5.72 ^ _53814_/A (sky130_fd_sc_hd__buf_2)
                  0.17    0.21    5.93 ^ _53814_/X (sky130_fd_sc_hd__buf_2)
    10    0.03                           _02214_ (net)
                  0.17    0.00    5.93 ^ _53815_/A2 (sky130_fd_sc_hd__a21bo_1)
                  0.09    0.18    6.11 ^ _53815_/X (sky130_fd_sc_hd__a21bo_1)
     2    0.01                           _16705_ (net)
                  0.09    0.00    6.11 ^ _53816_/A (sky130_fd_sc_hd__clkbuf_8)
                  0.20    0.26    6.38 ^ _53816_/X (sky130_fd_sc_hd__clkbuf_8)
    20    0.11                           _16706_ (net)
                  0.20    0.01    6.39 ^ _53817_/A (sky130_fd_sc_hd__buf_12)
                  0.34    0.35    6.74 ^ _53817_/X (sky130_fd_sc_hd__buf_12)
    20    0.30                           net83 (net)
                  0.36    0.06    6.80 ^ output83/A (sky130_fd_sc_hd__clkbuf_4)
                  0.12    0.30    7.09 ^ output83/X (sky130_fd_sc_hd__clkbuf_4)
     1    0.03                           act_ready (net)
                  0.12    0.00    7.09 ^ act_ready (out)
                                  7.09   data arrival time

                         20.00   20.00   clock clk (rise edge)
                          0.00   20.00   clock network delay (propagated)
                         -0.25   19.75   clock uncertainty
                          0.00   19.75   clock reconvergence pessimism
                         -4.00   15.75   output external delay
                                 15.75   data required time
-----------------------------------------------------------------------------
                                 15.75   data required time
                                 -7.09   data arrival time
-----------------------------------------------------------------------------
                                  8.66   slack (MET)




===========================================================================
report_checks --slack_max -0.01
============================================================================
======================= Fastest Corner ===================================

No paths found.

======================= Slowest Corner ===================================

No paths found.

======================= Typical Corner ===================================

No paths found.


===========================================================================
 report_check_types -max_slew -max_cap -max_fanout -violators
============================================================================
======================= Fastest Corner ===================================

max slew

Pin                                    Limit    Slew   Slack
------------------------------------------------------------
_69765_/A1                              0.75    1.15   -0.40 (VIOLATED)
ANTENNA__69765__A1/DIODE                0.75    1.15   -0.40 (VIOLATED)
_69402_/A                               0.75    1.15   -0.40 (VIOLATED)
ANTENNA__69402__A/DIODE                 0.75    1.15   -0.40 (VIOLATED)
_69151_/A                               0.75    1.14   -0.39 (VIOLATED)
ANTENNA__69151__A/DIODE                 0.75    1.14   -0.39 (VIOLATED)
_68791_/A                               0.75    1.14   -0.39 (VIOLATED)
ANTENNA__68791__A/DIODE                 0.75    1.14   -0.39 (VIOLATED)
_69646_/A1                              0.75    1.14   -0.39 (VIOLATED)
ANTENNA__69646__A1/DIODE                0.75    1.14   -0.39 (VIOLATED)
ANTENNA__69663__A1/DIODE                0.75    1.14   -0.39 (VIOLATED)
_69663_/A1                              0.75    1.14   -0.39 (VIOLATED)
_68747_/A                               0.75    1.13   -0.38 (VIOLATED)
ANTENNA__68747__A/DIODE                 0.75    1.13   -0.38 (VIOLATED)
_69697_/A1                              0.75    1.03   -0.28 (VIOLATED)
ANTENNA__69697__A1/DIODE                0.75    1.02   -0.27 (VIOLATED)
_69405_/A                               0.75    0.93   -0.18 (VIOLATED)
ANTENNA__69405__A/DIODE                 0.75    0.93   -0.18 (VIOLATED)
_69648_/A1                              0.75    0.93   -0.18 (VIOLATED)
ANTENNA__69648__A1/DIODE                0.75    0.92   -0.17 (VIOLATED)
_69665_/A1                              0.75    0.92   -0.17 (VIOLATED)
ANTENNA__69665__A1/DIODE                0.75    0.92   -0.17 (VIOLATED)
_69767_/A1                              0.75    0.91   -0.16 (VIOLATED)
ANTENNA__69767__A1/DIODE                0.75    0.91   -0.16 (VIOLATED)
_69076_/A                               0.75    0.90   -0.15 (VIOLATED)
ANTENNA__69076__A/DIODE                 0.75    0.90   -0.15 (VIOLATED)
_69154_/A                               0.75    0.89   -0.14 (VIOLATED)
ANTENNA__69154__A/DIODE                 0.75    0.89   -0.14 (VIOLATED)
_68750_/A                               0.75    0.86   -0.11 (VIOLATED)
ANTENNA__68750__A/DIODE                 0.75    0.85   -0.10 (VIOLATED)
ANTENNA__69073__A/DIODE                 0.75    0.83   -0.08 (VIOLATED)
_69073_/A                               0.75    0.83   -0.08 (VIOLATED)
_69671_/A1                              0.75    0.82   -0.07 (VIOLATED)
ANTENNA__69671__A1/DIODE                0.75    0.82   -0.07 (VIOLATED)
ANTENNA__69654__A1/DIODE                0.75    0.82   -0.07 (VIOLATED)
_69654_/A1                              0.75    0.82   -0.07 (VIOLATED)
_69773_/A1                              0.75    0.82   -0.07 (VIOLATED)
ANTENNA__69773__A1/DIODE                0.75    0.82   -0.07 (VIOLATED)
ANTENNA__69414__A/DIODE                 0.75    0.81   -0.06 (VIOLATED)
_69414_/A                               0.75    0.81   -0.06 (VIOLATED)
_68803_/A                               0.75    0.80   -0.05 (VIOLATED)
ANTENNA__68803__A/DIODE                 0.75    0.80   -0.05 (VIOLATED)
_69163_/A                               0.75    0.79   -0.04 (VIOLATED)
ANTENNA__69163__A/DIODE                 0.75    0.79   -0.04 (VIOLATED)
_69699_/A1                              0.75    0.78   -0.03 (VIOLATED)
ANTENNA__69699__A1/DIODE                0.75    0.78   -0.03 (VIOLATED)
_69705_/A1                              0.75    0.75   -0.00 (VIOLATED)
ANTENNA__69705__A1/DIODE                0.75    0.75   -0.00 (VIOLATED)
_68759_/A                               0.75    0.75   -0.00 (VIOLATED)
ANTENNA__68759__A/DIODE                 0.75    0.75   -0.00 (VIOLATED)

max fanout

Pin                                   Limit Fanout  Slack
---------------------------------------------------------
clkbuf_6_48__f_clk/X                     10     28    -18 (VIOLATED)
clkbuf_6_32__f_clk/X                     10     26    -16 (VIOLATED)
clkbuf_6_34__f_clk/X                     10     26    -16 (VIOLATED)
clkbuf_6_37__f_clk/X                     10     26    -16 (VIOLATED)
clkbuf_6_46__f_clk/X                     10     26    -16 (VIOLATED)
clkbuf_6_53__f_clk/X                     10     26    -16 (VIOLATED)
_69073_/X                                10     24    -14 (VIOLATED)
clkbuf_6_15__f_clk/X                     10     24    -14 (VIOLATED)
clkbuf_6_54__f_clk/X                     10     24    -14 (VIOLATED)
clkbuf_6_55__f_clk/X                     10     24    -14 (VIOLATED)
clkbuf_leaf_235_clk/X                    10     24    -14 (VIOLATED)
_69145_/X                                10     22    -12 (VIOLATED)
clkbuf_6_23__f_clk/X                     10     22    -12 (VIOLATED)
clkbuf_6_36__f_clk/X                     10     22    -12 (VIOLATED)
clkbuf_6_40__f_clk/X                     10     22    -12 (VIOLATED)
clkbuf_6_47__f_clk/X                     10     22    -12 (VIOLATED)
clkbuf_6_52__f_clk/X                     10     22    -12 (VIOLATED)
clkbuf_6_62__f_clk/X                     10     22    -12 (VIOLATED)
clkbuf_6_63__f_clk/X                     10     22    -12 (VIOLATED)
clkbuf_6_8__f_clk/X                      10     22    -12 (VIOLATED)
_45261_/X                                10     21    -11 (VIOLATED)
_68780_/X                                10     21    -11 (VIOLATED)
_68803_/X                                10     21    -11 (VIOLATED)
clkbuf_leaf_197_clk/X                    10     21    -11 (VIOLATED)
clkbuf_leaf_363_clk/X                    10     21    -11 (VIOLATED)
clkbuf_leaf_364_clk/X                    10     21    -11 (VIOLATED)
clkbuf_leaf_522_clk/X                    10     21    -11 (VIOLATED)
_34926_/X                                10     20    -10 (VIOLATED)
_35441_/X                                10     20    -10 (VIOLATED)
_35473_/X                                10     20    -10 (VIOLATED)
_36453_/X                                10     20    -10 (VIOLATED)
_36468_/X                                10     20    -10 (VIOLATED)
_36469_/X                                10     20    -10 (VIOLATED)
_36999_/X                                10     20    -10 (VIOLATED)
_37015_/X                                10     20    -10 (VIOLATED)
_37085_/X                                10     20    -10 (VIOLATED)
_37164_/X                                10     20    -10 (VIOLATED)
_37630_/X                                10     20    -10 (VIOLATED)
_38088_/X                                10     20    -10 (VIOLATED)
_38104_/X                                10     20    -10 (VIOLATED)
_38634_/X                                10     20    -10 (VIOLATED)
_38650_/X                                10     20    -10 (VIOLATED)
_38720_/X                                10     20    -10 (VIOLATED)
_39180_/X                                10     20    -10 (VIOLATED)
_39196_/X                                10     20    -10 (VIOLATED)
_39268_/X                                10     20    -10 (VIOLATED)
_39277_/X                                10     20    -10 (VIOLATED)
_39292_/X                                10     20    -10 (VIOLATED)
_39294_/X                                10     20    -10 (VIOLATED)
_39726_/X                                10     20    -10 (VIOLATED)
_39742_/X                                10     20    -10 (VIOLATED)
_39921_/X                                10     20    -10 (VIOLATED)
_39923_/X                                10     20    -10 (VIOLATED)
_40360_/X                                10     20    -10 (VIOLATED)
_40408_/X                                10     20    -10 (VIOLATED)
_40818_/X                                10     20    -10 (VIOLATED)
_40833_/X                                10     20    -10 (VIOLATED)
_40834_/X                                10     20    -10 (VIOLATED)
_40906_/X                                10     20    -10 (VIOLATED)
_40915_/X                                10     20    -10 (VIOLATED)
_41362_/X                                10     20    -10 (VIOLATED)
_41369_/X                                10     20    -10 (VIOLATED)
_41370_/X                                10     20    -10 (VIOLATED)
_41993_/X                                10     20    -10 (VIOLATED)
_42016_/X                                10     20    -10 (VIOLATED)
_42450_/X                                10     20    -10 (VIOLATED)
_42465_/X                                10     20    -10 (VIOLATED)
_42466_/X                                10     20    -10 (VIOLATED)
_42535_/X                                10     20    -10 (VIOLATED)
_42564_/X                                10     20    -10 (VIOLATED)
_42977_/X                                10     20    -10 (VIOLATED)
_42978_/X                                10     20    -10 (VIOLATED)
_42979_/X                                10     20    -10 (VIOLATED)
_43068_/X                                10     20    -10 (VIOLATED)
_43542_/X                                10     20    -10 (VIOLATED)
_43614_/X                                10     20    -10 (VIOLATED)
_44072_/X                                10     20    -10 (VIOLATED)
_44088_/X                                10     20    -10 (VIOLATED)
_44160_/X                                10     20    -10 (VIOLATED)
_44184_/X                                10     20    -10 (VIOLATED)
_44269_/X                                10     20    -10 (VIOLATED)
_44706_/X                                10     20    -10 (VIOLATED)
_44714_/X                                10     20    -10 (VIOLATED)
_44730_/X                                10     20    -10 (VIOLATED)
_44815_/X                                10     20    -10 (VIOLATED)
_45164_/X                                10     20    -10 (VIOLATED)
_45252_/X                                10     20    -10 (VIOLATED)
_45276_/X                                10     20    -10 (VIOLATED)
_45710_/X                                10     20    -10 (VIOLATED)
_45725_/X                                10     20    -10 (VIOLATED)
_45726_/X                                10     20    -10 (VIOLATED)
_45798_/X                                10     20    -10 (VIOLATED)
_46344_/X                                10     20    -10 (VIOLATED)
_46802_/X                                10     20    -10 (VIOLATED)
_46817_/X                                10     20    -10 (VIOLATED)
_46818_/X                                10     20    -10 (VIOLATED)
_46899_/X                                10     20    -10 (VIOLATED)
_47346_/X                                10     20    -10 (VIOLATED)
_47353_/X                                10     20    -10 (VIOLATED)
_47354_/X                                10     20    -10 (VIOLATED)
_47429_/X                                10     20    -10 (VIOLATED)
_47431_/X                                10     20    -10 (VIOLATED)
_47433_/X                                10     20    -10 (VIOLATED)
_47457_/X                                10     20    -10 (VIOLATED)
_47907_/X                                10     20    -10 (VIOLATED)
_47979_/X                                10     20    -10 (VIOLATED)
_48437_/X                                10     20    -10 (VIOLATED)
_48453_/X                                10     20    -10 (VIOLATED)
_48525_/X                                10     20    -10 (VIOLATED)
_48632_/X                                10     20    -10 (VIOLATED)
_49079_/X                                10     20    -10 (VIOLATED)
_49095_/X                                10     20    -10 (VIOLATED)
_49529_/X                                10     20    -10 (VIOLATED)
_49545_/X                                10     20    -10 (VIOLATED)
_49617_/X                                10     20    -10 (VIOLATED)
_50075_/X                                10     20    -10 (VIOLATED)
_50090_/X                                10     20    -10 (VIOLATED)
_50091_/X                                10     20    -10 (VIOLATED)
_50160_/X                                10     20    -10 (VIOLATED)
_50687_/X                                10     20    -10 (VIOLATED)
_50689_/X                                10     20    -10 (VIOLATED)
_50695_/X                                10     20    -10 (VIOLATED)
_50713_/X                                10     20    -10 (VIOLATED)
_50727_/X                                10     20    -10 (VIOLATED)
_51076_/X                                10     20    -10 (VIOLATED)
_51078_/X                                10     20    -10 (VIOLATED)
_51084_/X                                10     20    -10 (VIOLATED)
_51172_/X                                10     20    -10 (VIOLATED)
_51854_/X                                10     20    -10 (VIOLATED)
_51862_/X                                10     20    -10 (VIOLATED)
_51880_/X                                10     20    -10 (VIOLATED)
_52243_/X                                10     20    -10 (VIOLATED)
_52245_/X                                10     20    -10 (VIOLATED)
_52251_/X                                10     20    -10 (VIOLATED)
_52269_/X                                10     20    -10 (VIOLATED)
_52632_/X                                10     20    -10 (VIOLATED)
_52634_/X                                10     20    -10 (VIOLATED)
_52640_/X                                10     20    -10 (VIOLATED)
_52658_/X                                10     20    -10 (VIOLATED)
_53021_/X                                10     20    -10 (VIOLATED)
_53023_/X                                10     20    -10 (VIOLATED)
_53029_/X                                10     20    -10 (VIOLATED)
_53047_/X                                10     20    -10 (VIOLATED)
_53061_/X                                10     20    -10 (VIOLATED)
_53117_/X                                10     20    -10 (VIOLATED)
_53410_/X                                10     20    -10 (VIOLATED)
_53508_/X                                10     20    -10 (VIOLATED)
_53816_/X                                10     20    -10 (VIOLATED)
_53817_/X                                10     20    -10 (VIOLATED)
_53818_/X                                10     20    -10 (VIOLATED)
_53819_/X                                10     20    -10 (VIOLATED)
_53838_/X                                10     20    -10 (VIOLATED)
_53841_/X                                10     20    -10 (VIOLATED)
_53860_/X                                10     20    -10 (VIOLATED)
_53863_/X                                10     20    -10 (VIOLATED)
_53882_/X                                10     20    -10 (VIOLATED)
_53885_/X                                10     20    -10 (VIOLATED)
_53904_/X                                10     20    -10 (VIOLATED)
_53907_/X                                10     20    -10 (VIOLATED)
_53926_/X                                10     20    -10 (VIOLATED)
_53929_/X                                10     20    -10 (VIOLATED)
_53973_/X                                10     20    -10 (VIOLATED)
_53975_/X                                10     20    -10 (VIOLATED)
_54459_/X                                10     20    -10 (VIOLATED)
_55530_/X                                10     20    -10 (VIOLATED)
_55908_/X                                10     20    -10 (VIOLATED)
_55909_/X                                10     20    -10 (VIOLATED)
_55911_/X                                10     20    -10 (VIOLATED)
_55912_/X                                10     20    -10 (VIOLATED)
_55920_/X                                10     20    -10 (VIOLATED)
_56395_/X                                10     20    -10 (VIOLATED)
_56404_/X                                10     20    -10 (VIOLATED)
_56418_/X                                10     20    -10 (VIOLATED)
_56498_/X                                10     20    -10 (VIOLATED)
_56879_/X                                10     20    -10 (VIOLATED)
_56902_/X                                10     20    -10 (VIOLATED)
_56982_/X                                10     20    -10 (VIOLATED)
_57848_/X                                10     20    -10 (VIOLATED)
_57955_/X                                10     20    -10 (VIOLATED)
_57957_/X                                10     20    -10 (VIOLATED)
_58400_/X                                10     20    -10 (VIOLATED)
_58834_/X                                10     20    -10 (VIOLATED)
_58904_/X                                10     20    -10 (VIOLATED)
_59896_/X                                10     20    -10 (VIOLATED)
_59963_/X                                10     20    -10 (VIOLATED)
_59971_/X                                10     20    -10 (VIOLATED)
_60072_/X                                10     20    -10 (VIOLATED)
_60518_/X                                10     20    -10 (VIOLATED)
_61022_/X                                10     20    -10 (VIOLATED)
_61030_/X                                10     20    -10 (VIOLATED)
_61553_/X                                10     20    -10 (VIOLATED)
_61561_/X                                10     20    -10 (VIOLATED)
_61660_/X                                10     20    -10 (VIOLATED)
_62081_/X                                10     20    -10 (VIOLATED)
_62190_/X                                10     20    -10 (VIOLATED)
_62539_/X                                10     20    -10 (VIOLATED)
_62555_/X                                10     20    -10 (VIOLATED)
_62734_/X                                10     20    -10 (VIOLATED)
_63083_/X                                10     20    -10 (VIOLATED)
_63178_/X                                10     20    -10 (VIOLATED)
_63194_/X                                10     20    -10 (VIOLATED)
_63277_/X                                10     20    -10 (VIOLATED)
_63740_/X                                10     20    -10 (VIOLATED)
_64174_/X                                10     20    -10 (VIOLATED)
_65282_/X                                10     20    -10 (VIOLATED)
_65812_/X                                10     20    -10 (VIOLATED)
_65828_/X                                10     20    -10 (VIOLATED)
_65897_/X                                10     20    -10 (VIOLATED)
_65908_/X                                10     20    -10 (VIOLATED)
_66007_/X                                10     20    -10 (VIOLATED)
_66358_/X                                10     20    -10 (VIOLATED)
_66454_/X                                10     20    -10 (VIOLATED)
_66470_/X                                10     20    -10 (VIOLATED)
_66523_/X                                10     20    -10 (VIOLATED)
_66902_/X                                10     20    -10 (VIOLATED)
_66910_/X                                10     20    -10 (VIOLATED)
_66989_/X                                10     20    -10 (VIOLATED)
_67013_/X                                10     20    -10 (VIOLATED)
_67445_/X                                10     20    -10 (VIOLATED)
_67556_/X                                10     20    -10 (VIOLATED)
_67990_/X                                10     20    -10 (VIOLATED)
_68006_/X                                10     20    -10 (VIOLATED)
_68084_/X                                10     20    -10 (VIOLATED)
_68090_/X                                10     20    -10 (VIOLATED)
_68093_/X                                10     20    -10 (VIOLATED)
_68096_/X                                10     20    -10 (VIOLATED)
_68099_/X                                10     20    -10 (VIOLATED)
_68102_/X                                10     20    -10 (VIOLATED)
_68105_/X                                10     20    -10 (VIOLATED)
_68108_/X                                10     20    -10 (VIOLATED)
_68111_/X                                10     20    -10 (VIOLATED)
_68171_/X                                10     20    -10 (VIOLATED)
_68209_/X                                10     20    -10 (VIOLATED)
_68210_/X                                10     20    -10 (VIOLATED)
_68231_/X                                10     20    -10 (VIOLATED)
_68252_/X                                10     20    -10 (VIOLATED)
_68273_/X                                10     20    -10 (VIOLATED)
_68274_/X                                10     20    -10 (VIOLATED)
_68295_/X                                10     20    -10 (VIOLATED)
_68316_/X                                10     20    -10 (VIOLATED)
_68337_/X                                10     20    -10 (VIOLATED)
_68358_/X                                10     20    -10 (VIOLATED)
_68379_/X                                10     20    -10 (VIOLATED)
_68400_/X                                10     20    -10 (VIOLATED)
_68421_/X                                10     20    -10 (VIOLATED)
_68442_/X                                10     20    -10 (VIOLATED)
_68463_/X                                10     20    -10 (VIOLATED)
_68484_/X                                10     20    -10 (VIOLATED)
_68485_/X                                10     20    -10 (VIOLATED)
_68506_/X                                10     20    -10 (VIOLATED)
_68527_/X                                10     20    -10 (VIOLATED)
_68548_/X                                10     20    -10 (VIOLATED)
_68569_/X                                10     20    -10 (VIOLATED)
_68590_/X                                10     20    -10 (VIOLATED)
_68611_/X                                10     20    -10 (VIOLATED)
_68632_/X                                10     20    -10 (VIOLATED)
_68653_/X                                10     20    -10 (VIOLATED)
_68674_/X                                10     20    -10 (VIOLATED)
_68734_/X                                10     20    -10 (VIOLATED)
_68741_/X                                10     20    -10 (VIOLATED)
_68744_/X                                10     20    -10 (VIOLATED)
_68747_/X                                10     20    -10 (VIOLATED)
_68750_/X                                10     20    -10 (VIOLATED)
_68753_/X                                10     20    -10 (VIOLATED)
_68756_/X                                10     20    -10 (VIOLATED)
_68759_/X                                10     20    -10 (VIOLATED)
_68785_/X                                10     20    -10 (VIOLATED)
_68788_/X                                10     20    -10 (VIOLATED)
_68791_/X                                10     20    -10 (VIOLATED)
_68794_/X                                10     20    -10 (VIOLATED)
_68797_/X                                10     20    -10 (VIOLATED)
_68800_/X                                10     20    -10 (VIOLATED)
_68807_/X                                10     20    -10 (VIOLATED)
_69063_/X                                10     20    -10 (VIOLATED)
_69067_/X                                10     20    -10 (VIOLATED)
_69070_/X                                10     20    -10 (VIOLATED)
_69076_/X                                10     20    -10 (VIOLATED)
_69079_/X                                10     20    -10 (VIOLATED)
_69082_/X                                10     20    -10 (VIOLATED)
_69085_/X                                10     20    -10 (VIOLATED)
_69106_/X                                10     20    -10 (VIOLATED)
_69141_/X                                10     20    -10 (VIOLATED)
_69148_/X                                10     20    -10 (VIOLATED)
_69151_/X                                10     20    -10 (VIOLATED)
_69154_/X                                10     20    -10 (VIOLATED)
_69157_/X                                10     20    -10 (VIOLATED)
_69160_/X                                10     20    -10 (VIOLATED)
_69163_/X                                10     20    -10 (VIOLATED)
_69390_/X                                10     20    -10 (VIOLATED)
_69392_/X                                10     20    -10 (VIOLATED)
_69396_/X                                10     20    -10 (VIOLATED)
_69399_/X                                10     20    -10 (VIOLATED)
_69402_/X                                10     20    -10 (VIOLATED)
_69405_/X                                10     20    -10 (VIOLATED)
_69408_/X                                10     20    -10 (VIOLATED)
_69411_/X                                10     20    -10 (VIOLATED)
_69414_/X                                10     20    -10 (VIOLATED)
_69861_/Q                                10     20    -10 (VIOLATED)
_69909_/Q                                10     20    -10 (VIOLATED)
_71469_/Q                                10     20    -10 (VIOLATED)
_71501_/Q                                10     20    -10 (VIOLATED)
_71541_/Q                                10     20    -10 (VIOLATED)
_71589_/Q                                10     20    -10 (VIOLATED)
_71645_/Q                                10     20    -10 (VIOLATED)
_71709_/Q                                10     20    -10 (VIOLATED)
_71957_/Q                                10     20    -10 (VIOLATED)
_72309_/Q                                10     20    -10 (VIOLATED)
_72357_/Q                                10     20    -10 (VIOLATED)
_72405_/Q                                10     20    -10 (VIOLATED)
_72453_/Q                                10     20    -10 (VIOLATED)
_72501_/Q                                10     20    -10 (VIOLATED)
_72549_/Q                                10     20    -10 (VIOLATED)
_72685_/Q                                10     20    -10 (VIOLATED)
_72733_/Q                                10     20    -10 (VIOLATED)
_72781_/Q                                10     20    -10 (VIOLATED)
_72829_/Q                                10     20    -10 (VIOLATED)
_72877_/Q                                10     20    -10 (VIOLATED)
_72925_/Q                                10     20    -10 (VIOLATED)
_73061_/Q                                10     20    -10 (VIOLATED)
_73109_/Q                                10     20    -10 (VIOLATED)
_73156_/Q                                10     20    -10 (VIOLATED)
_73205_/Q                                10     20    -10 (VIOLATED)
_73301_/Q                                10     20    -10 (VIOLATED)
_73485_/Q                                10     20    -10 (VIOLATED)
_73533_/Q                                10     20    -10 (VIOLATED)
_73581_/Q                                10     20    -10 (VIOLATED)
_73584_/Q                                10     20    -10 (VIOLATED)
_73629_/Q                                10     20    -10 (VIOLATED)
_73677_/Q                                10     20    -10 (VIOLATED)
_73861_/Q                                10     20    -10 (VIOLATED)
_73957_/Q                                10     20    -10 (VIOLATED)
_74005_/Q                                10     20    -10 (VIOLATED)
_74237_/Q                                10     20    -10 (VIOLATED)
_74285_/Q                                10     20    -10 (VIOLATED)
clkbuf_6_10__f_clk/X                     10     20    -10 (VIOLATED)
clkbuf_6_31__f_clk/X                     10     20    -10 (VIOLATED)
clkbuf_6_41__f_clk/X                     10     20    -10 (VIOLATED)
clkbuf_6_4__f_clk/X                      10     20    -10 (VIOLATED)
clkbuf_6_50__f_clk/X                     10     20    -10 (VIOLATED)
clkbuf_6_56__f_clk/X                     10     20    -10 (VIOLATED)
clkbuf_6_59__f_clk/X                     10     20    -10 (VIOLATED)
clkbuf_6_60__f_clk/X                     10     20    -10 (VIOLATED)
clkbuf_6_7__f_clk/X                      10     20    -10 (VIOLATED)
clkbuf_leaf_242_clk/X                    10     20    -10 (VIOLATED)
fanout1002/X                             10     20    -10 (VIOLATED)
fanout1009/X                             10     20    -10 (VIOLATED)
fanout1012/X                             10     20    -10 (VIOLATED)
fanout1046/X                             10     20    -10 (VIOLATED)
fanout461/X                              10     20    -10 (VIOLATED)
fanout464/X                              10     20    -10 (VIOLATED)
fanout500/X                              10     20    -10 (VIOLATED)
fanout507/X                              10     20    -10 (VIOLATED)
fanout509/X                              10     20    -10 (VIOLATED)
fanout536/X                              10     20    -10 (VIOLATED)
fanout556/X                              10     20    -10 (VIOLATED)
fanout561/X                              10     20    -10 (VIOLATED)
fanout601/X                              10     20    -10 (VIOLATED)
fanout602/X                              10     20    -10 (VIOLATED)
fanout607/X                              10     20    -10 (VIOLATED)
fanout609/X                              10     20    -10 (VIOLATED)
fanout610/X                              10     20    -10 (VIOLATED)
fanout613/X                              10     20    -10 (VIOLATED)
fanout629/X                              10     20    -10 (VIOLATED)
fanout632/X                              10     20    -10 (VIOLATED)
fanout635/X                              10     20    -10 (VIOLATED)
fanout650/X                              10     20    -10 (VIOLATED)
fanout671/X                              10     20    -10 (VIOLATED)
fanout682/X                              10     20    -10 (VIOLATED)
fanout683/X                              10     20    -10 (VIOLATED)
fanout686/X                              10     20    -10 (VIOLATED)
fanout699/X                              10     20    -10 (VIOLATED)
fanout705/X                              10     20    -10 (VIOLATED)
fanout708/X                              10     20    -10 (VIOLATED)
fanout709/X                              10     20    -10 (VIOLATED)
fanout711/X                              10     20    -10 (VIOLATED)
fanout721/X                              10     20    -10 (VIOLATED)
fanout751/X                              10     20    -10 (VIOLATED)
fanout752/X                              10     20    -10 (VIOLATED)
fanout771/X                              10     20    -10 (VIOLATED)
fanout779/X                              10     20    -10 (VIOLATED)
fanout780/X                              10     20    -10 (VIOLATED)
fanout785/X                              10     20    -10 (VIOLATED)
fanout801/X                              10     20    -10 (VIOLATED)
fanout826/X                              10     20    -10 (VIOLATED)
fanout834/X                              10     20    -10 (VIOLATED)
fanout838/X                              10     20    -10 (VIOLATED)
fanout845/X                              10     20    -10 (VIOLATED)
fanout846/X                              10     20    -10 (VIOLATED)
fanout847/X                              10     20    -10 (VIOLATED)
fanout856/X                              10     20    -10 (VIOLATED)
fanout866/X                              10     20    -10 (VIOLATED)
fanout884/X                              10     20    -10 (VIOLATED)
fanout886/X                              10     20    -10 (VIOLATED)
fanout920/X                              10     20    -10 (VIOLATED)
fanout937/X                              10     20    -10 (VIOLATED)
fanout938/X                              10     20    -10 (VIOLATED)
fanout953/X                              10     20    -10 (VIOLATED)
fanout957/X                              10     20    -10 (VIOLATED)
fanout993/X                              10     20    -10 (VIOLATED)
input74/X                                10     20    -10 (VIOLATED)
input75/X                                10     20    -10 (VIOLATED)
input76/X                                10     20    -10 (VIOLATED)
input77/X                                10     20    -10 (VIOLATED)
input78/X                                10     20    -10 (VIOLATED)
input79/X                                10     20    -10 (VIOLATED)
input80/X                                10     20    -10 (VIOLATED)
input81/X                                10     20    -10 (VIOLATED)
clkbuf_leaf_25_clk/X                     10     19     -9 (VIOLATED)
clkbuf_leaf_282_clk/X                    10     19     -9 (VIOLATED)
_35346_/X                                10     18     -8 (VIOLATED)
_54440_/Y                                10     18     -8 (VIOLATED)
_54924_/Y                                10     18     -8 (VIOLATED)
_56376_/Y                                10     18     -8 (VIOLATED)
_56860_/Y                                10     18     -8 (VIOLATED)
_71424_/Q                                10     18     -8 (VIOLATED)
_71428_/Q                                10     18     -8 (VIOLATED)
_71438_/Q                                10     18     -8 (VIOLATED)
_71444_/Q                                10     18     -8 (VIOLATED)
_71728_/Q                                10     18     -8 (VIOLATED)
_71732_/Q                                10     18     -8 (VIOLATED)
_71760_/Q                                10     18     -8 (VIOLATED)
_71764_/Q                                10     18     -8 (VIOLATED)
_71796_/Q                                10     18     -8 (VIOLATED)
_71860_/Q                                10     18     -8 (VIOLATED)
_71888_/Q                                10     18     -8 (VIOLATED)
_71892_/Q                                10     18     -8 (VIOLATED)
_71982_/Q                                10     18     -8 (VIOLATED)
_71986_/Q                                10     18     -8 (VIOLATED)
_71988_/Q                                10     18     -8 (VIOLATED)
_72022_/Q                                10     18     -8 (VIOLATED)
_72026_/Q                                10     18     -8 (VIOLATED)
_72028_/Q                                10     18     -8 (VIOLATED)
_72062_/Q                                10     18     -8 (VIOLATED)
_72066_/Q                                10     18     -8 (VIOLATED)
_72068_/Q                                10     18     -8 (VIOLATED)
_72102_/Q                                10     18     -8 (VIOLATED)
_72106_/Q                                10     18     -8 (VIOLATED)
_72108_/Q                                10     18     -8 (VIOLATED)
_72142_/Q                                10     18     -8 (VIOLATED)
_72146_/Q                                10     18     -8 (VIOLATED)
_72148_/Q                                10     18     -8 (VIOLATED)
_72182_/Q                                10     18     -8 (VIOLATED)
_72186_/Q                                10     18     -8 (VIOLATED)
_72188_/Q                                10     18     -8 (VIOLATED)
_72317_/Q                                10     18     -8 (VIOLATED)
_72413_/Q                                10     18     -8 (VIOLATED)
_72509_/Q                                10     18     -8 (VIOLATED)
_72597_/Q                                10     18     -8 (VIOLATED)
_72693_/Q                                10     18     -8 (VIOLATED)
_72789_/Q                                10     18     -8 (VIOLATED)
_73157_/Q                                10     18     -8 (VIOLATED)
_73309_/Q                                10     18     -8 (VIOLATED)
_73445_/Q                                10     18     -8 (VIOLATED)
_73493_/Q                                10     18     -8 (VIOLATED)
_73637_/Q                                10     18     -8 (VIOLATED)
_73685_/Q                                10     18     -8 (VIOLATED)
_73806_/Q                                10     18     -8 (VIOLATED)
_73821_/Q                                10     18     -8 (VIOLATED)
_74061_/Q                                10     18     -8 (VIOLATED)
_74101_/Q                                10     18     -8 (VIOLATED)
clkbuf_6_12__f_clk/X                     10     18     -8 (VIOLATED)
clkbuf_6_18__f_clk/X                     10     18     -8 (VIOLATED)
clkbuf_6_20__f_clk/X                     10     18     -8 (VIOLATED)
clkbuf_6_22__f_clk/X                     10     18     -8 (VIOLATED)
clkbuf_6_24__f_clk/X                     10     18     -8 (VIOLATED)
clkbuf_6_2__f_clk/X                      10     18     -8 (VIOLATED)
clkbuf_6_33__f_clk/X                     10     18     -8 (VIOLATED)
clkbuf_6_44__f_clk/X                     10     18     -8 (VIOLATED)
clkbuf_6_49__f_clk/X                     10     18     -8 (VIOLATED)
clkbuf_6_58__f_clk/X                     10     18     -8 (VIOLATED)
clkbuf_6_5__f_clk/X                      10     18     -8 (VIOLATED)
clkbuf_leaf_185_clk/X                    10     18     -8 (VIOLATED)
clkbuf_leaf_202_clk/X                    10     18     -8 (VIOLATED)
clkbuf_leaf_471_clk/X                    10     18     -8 (VIOLATED)
clkbuf_leaf_550_clk/X                    10     18     -8 (VIOLATED)
clkbuf_leaf_555_clk/X                    10     18     -8 (VIOLATED)
fanout482/X                              10     18     -8 (VIOLATED)
fanout597/X                              10     18     -8 (VIOLATED)
fanout617/X                              10     18     -8 (VIOLATED)
fanout681/X                              10     18     -8 (VIOLATED)
fanout729/X                              10     18     -8 (VIOLATED)
fanout762/X                              10     18     -8 (VIOLATED)
fanout773/X                              10     18     -8 (VIOLATED)
fanout775/X                              10     18     -8 (VIOLATED)
fanout781/X                              10     18     -8 (VIOLATED)
fanout798/X                              10     18     -8 (VIOLATED)
fanout853/X                              10     18     -8 (VIOLATED)
fanout875/X                              10     18     -8 (VIOLATED)
fanout878/X                              10     18     -8 (VIOLATED)
fanout896/X                              10     18     -8 (VIOLATED)
fanout899/X                              10     18     -8 (VIOLATED)
fanout923/X                              10     18     -8 (VIOLATED)
fanout947/X                              10     18     -8 (VIOLATED)
fanout961/X                              10     18     -8 (VIOLATED)
wire341/X                                10     18     -8 (VIOLATED)
_63212_/Y                                10     17     -7 (VIOLATED)
clkbuf_leaf_105_clk/X                    10     17     -7 (VIOLATED)
clkbuf_leaf_154_clk/X                    10     17     -7 (VIOLATED)
clkbuf_leaf_238_clk/X                    10     17     -7 (VIOLATED)
clkbuf_leaf_254_clk/X                    10     17     -7 (VIOLATED)
clkbuf_leaf_362_clk/X                    10     17     -7 (VIOLATED)
clkbuf_leaf_398_clk/X                    10     17     -7 (VIOLATED)
clkbuf_leaf_453_clk/X                    10     17     -7 (VIOLATED)
_36447_/Y                                10     16     -6 (VIOLATED)
_36993_/Y                                10     16     -6 (VIOLATED)
_38082_/Y                                10     16     -6 (VIOLATED)
_38628_/Y                                10     16     -6 (VIOLATED)
_39174_/Y                                10     16     -6 (VIOLATED)
_40812_/Y                                10     16     -6 (VIOLATED)
_41354_/X                                10     16     -6 (VIOLATED)
_42444_/Y                                10     16     -6 (VIOLATED)
_42976_/X                                10     16     -6 (VIOLATED)
_43520_/Y                                10     16     -6 (VIOLATED)
_44612_/Y                                10     16     -6 (VIOLATED)
_45158_/Y                                10     16     -6 (VIOLATED)
_45704_/Y                                10     16     -6 (VIOLATED)
_46250_/Y                                10     16     -6 (VIOLATED)
_46796_/Y                                10     16     -6 (VIOLATED)
_47338_/X                                10     16     -6 (VIOLATED)
_48977_/Y                                10     16     -6 (VIOLATED)
_50069_/Y                                10     16     -6 (VIOLATED)
_62533_/Y                                10     16     -6 (VIOLATED)
_63075_/X                                10     16     -6 (VIOLATED)
_64168_/Y                                10     16     -6 (VIOLATED)
_64714_/Y                                10     16     -6 (VIOLATED)
_66352_/Y                                10     16     -6 (VIOLATED)
_66894_/X                                10     16     -6 (VIOLATED)
_67437_/X                                10     16     -6 (VIOLATED)
_67984_/Y                                10     16     -6 (VIOLATED)
_68117_/Y                                10     16     -6 (VIOLATED)
_68135_/Y                                10     16     -6 (VIOLATED)
_68174_/Y                                10     16     -6 (VIOLATED)
_68738_/Y                                10     16     -6 (VIOLATED)
_68763_/Y                                10     16     -6 (VIOLATED)
_68782_/Y                                10     16     -6 (VIOLATED)
_68828_/Y                                10     16     -6 (VIOLATED)
_68866_/X                                10     16     -6 (VIOLATED)
_68884_/Y                                10     16     -6 (VIOLATED)
_68902_/Y                                10     16     -6 (VIOLATED)
_68958_/Y                                10     16     -6 (VIOLATED)
_68993_/Y                                10     16     -6 (VIOLATED)
_69010_/Y                                10     16     -6 (VIOLATED)
_69027_/Y                                10     16     -6 (VIOLATED)
_69046_/Y                                10     16     -6 (VIOLATED)
_69124_/Y                                10     16     -6 (VIOLATED)
_69183_/Y                                10     16     -6 (VIOLATED)
_69234_/Y                                10     16     -6 (VIOLATED)
_69319_/Y                                10     16     -6 (VIOLATED)
_69339_/Y                                10     16     -6 (VIOLATED)
_69373_/Y                                10     16     -6 (VIOLATED)
_69417_/Y                                10     16     -6 (VIOLATED)
_69485_/Y                                10     16     -6 (VIOLATED)
_69502_/Y                                10     16     -6 (VIOLATED)
_69519_/Y                                10     16     -6 (VIOLATED)
_69536_/Y                                10     16     -6 (VIOLATED)
_69553_/Y                                10     16     -6 (VIOLATED)
_69622_/Y                                10     16     -6 (VIOLATED)
_69656_/Y                                10     16     -6 (VIOLATED)
_69673_/Y                                10     16     -6 (VIOLATED)
_69690_/Y                                10     16     -6 (VIOLATED)
_69707_/Y                                10     16     -6 (VIOLATED)
_69724_/Y                                10     16     -6 (VIOLATED)
_69741_/Y                                10     16     -6 (VIOLATED)
_69792_/Y                                10     16     -6 (VIOLATED)
_69854_/Q                                10     16     -6 (VIOLATED)
_69857_/Q                                10     16     -6 (VIOLATED)
_69858_/Q                                10     16     -6 (VIOLATED)
_69902_/Q                                10     16     -6 (VIOLATED)
_69906_/Q                                10     16     -6 (VIOLATED)
_71439_/Q                                10     16     -6 (VIOLATED)
_71443_/Q                                10     16     -6 (VIOLATED)
_71465_/Q                                10     16     -6 (VIOLATED)
_71466_/Q                                10     16     -6 (VIOLATED)
_71494_/Q                                10     16     -6 (VIOLATED)
_71497_/Q                                10     16     -6 (VIOLATED)
_71498_/Q                                10     16     -6 (VIOLATED)
_71534_/Q                                10     16     -6 (VIOLATED)
_71537_/Q                                10     16     -6 (VIOLATED)
_71538_/Q                                10     16     -6 (VIOLATED)
_71582_/Q                                10     16     -6 (VIOLATED)
_71586_/Q                                10     16     -6 (VIOLATED)
_71638_/Q                                10     16     -6 (VIOLATED)
_71641_/Q                                10     16     -6 (VIOLATED)
_71642_/Q                                10     16     -6 (VIOLATED)
_71702_/Q                                10     16     -6 (VIOLATED)
_71706_/Q                                10     16     -6 (VIOLATED)
_71731_/Q                                10     16     -6 (VIOLATED)
_71763_/Q                                10     16     -6 (VIOLATED)
_71795_/Q                                10     16     -6 (VIOLATED)
_71891_/Q                                10     16     -6 (VIOLATED)
_71925_/Q                                10     16     -6 (VIOLATED)
_71983_/Q                                10     16     -6 (VIOLATED)
_71987_/Q                                10     16     -6 (VIOLATED)
_72023_/Q                                10     16     -6 (VIOLATED)
_72027_/Q                                10     16     -6 (VIOLATED)
_72063_/Q                                10     16     -6 (VIOLATED)
_72067_/Q                                10     16     -6 (VIOLATED)
_72103_/Q                                10     16     -6 (VIOLATED)
_72107_/Q                                10     16     -6 (VIOLATED)
_72143_/Q                                10     16     -6 (VIOLATED)
_72147_/Q                                10     16     -6 (VIOLATED)
_72183_/Q                                10     16     -6 (VIOLATED)
_72187_/Q                                10     16     -6 (VIOLATED)
_72302_/Q                                10     16     -6 (VIOLATED)
_72306_/Q                                10     16     -6 (VIOLATED)
_72350_/Q                                10     16     -6 (VIOLATED)
_72353_/Q                                10     16     -6 (VIOLATED)
_72354_/Q                                10     16     -6 (VIOLATED)
_72398_/Q                                10     16     -6 (VIOLATED)
_72401_/Q                                10     16     -6 (VIOLATED)
_72402_/Q                                10     16     -6 (VIOLATED)
_72446_/Q                                10     16     -6 (VIOLATED)
_72449_/Q                                10     16     -6 (VIOLATED)
_72450_/Q                                10     16     -6 (VIOLATED)
_72498_/Q                                10     16     -6 (VIOLATED)
_72542_/Q                                10     16     -6 (VIOLATED)
_72545_/Q                                10     16     -6 (VIOLATED)
_72546_/Q                                10     16     -6 (VIOLATED)
_72682_/Q                                10     16     -6 (VIOLATED)
_72726_/Q                                10     16     -6 (VIOLATED)
_72729_/Q                                10     16     -6 (VIOLATED)
_72730_/Q                                10     16     -6 (VIOLATED)
_72774_/Q                                10     16     -6 (VIOLATED)
_72777_/Q                                10     16     -6 (VIOLATED)
_72778_/Q                                10     16     -6 (VIOLATED)
_72822_/Q                                10     16     -6 (VIOLATED)
_72825_/Q                                10     16     -6 (VIOLATED)
_72826_/Q                                10     16     -6 (VIOLATED)
_72870_/Q                                10     16     -6 (VIOLATED)
_72873_/Q                                10     16     -6 (VIOLATED)
_72874_/Q                                10     16     -6 (VIOLATED)
_72918_/Q                                10     16     -6 (VIOLATED)
_72921_/Q                                10     16     -6 (VIOLATED)
_72922_/Q                                10     16     -6 (VIOLATED)
_73054_/Q                                10     16     -6 (VIOLATED)
_73057_/Q                                10     16     -6 (VIOLATED)
_73102_/Q                                10     16     -6 (VIOLATED)
_73105_/Q                                10     16     -6 (VIOLATED)
_73106_/Q                                10     16     -6 (VIOLATED)
_73150_/Q                                10     16     -6 (VIOLATED)
_73198_/Q                                10     16     -6 (VIOLATED)
_73201_/Q                                10     16     -6 (VIOLATED)
_73202_/Q                                10     16     -6 (VIOLATED)
_73250_/Q                                10     16     -6 (VIOLATED)
_73298_/Q                                10     16     -6 (VIOLATED)
_73430_/Q                                10     16     -6 (VIOLATED)
_73433_/Q                                10     16     -6 (VIOLATED)
_73434_/Q                                10     16     -6 (VIOLATED)
_73478_/Q                                10     16     -6 (VIOLATED)
_73481_/Q                                10     16     -6 (VIOLATED)
_73482_/Q                                10     16     -6 (VIOLATED)
_73526_/Q                                10     16     -6 (VIOLATED)
_73529_/Q                                10     16     -6 (VIOLATED)
_73530_/Q                                10     16     -6 (VIOLATED)
_73574_/Q                                10     16     -6 (VIOLATED)
_73577_/Q                                10     16     -6 (VIOLATED)
_73578_/Q                                10     16     -6 (VIOLATED)
_73670_/Q                                10     16     -6 (VIOLATED)
_73673_/Q                                10     16     -6 (VIOLATED)
_73674_/Q                                10     16     -6 (VIOLATED)
_73810_/Q                                10     16     -6 (VIOLATED)
_73811_/Q                                10     16     -6 (VIOLATED)
_73812_/Q                                10     16     -6 (VIOLATED)
_73854_/Q                                10     16     -6 (VIOLATED)
_73857_/Q                                10     16     -6 (VIOLATED)
_73858_/Q                                10     16     -6 (VIOLATED)
_73950_/Q                                10     16     -6 (VIOLATED)
_73953_/Q                                10     16     -6 (VIOLATED)
_73954_/Q                                10     16     -6 (VIOLATED)
_73998_/Q                                10     16     -6 (VIOLATED)
_74001_/Q                                10     16     -6 (VIOLATED)
_74002_/Q                                10     16     -6 (VIOLATED)
_74050_/Q                                10     16     -6 (VIOLATED)
_74182_/Q                                10     16     -6 (VIOLATED)
_74185_/Q                                10     16     -6 (VIOLATED)
_74230_/Q                                10     16     -6 (VIOLATED)
_74233_/Q                                10     16     -6 (VIOLATED)
_74234_/Q                                10     16     -6 (VIOLATED)
_74278_/Q                                10     16     -6 (VIOLATED)
_74281_/Q                                10     16     -6 (VIOLATED)
_74282_/Q                                10     16     -6 (VIOLATED)
_74326_/Q                                10     16     -6 (VIOLATED)
clkbuf_3_0_0_clk/X                       10     16     -6 (VIOLATED)
clkbuf_3_1_0_clk/X                       10     16     -6 (VIOLATED)
clkbuf_3_2_0_clk/X                       10     16     -6 (VIOLATED)
clkbuf_3_3_0_clk/X                       10     16     -6 (VIOLATED)
clkbuf_3_4_0_clk/X                       10     16     -6 (VIOLATED)
clkbuf_3_5_0_clk/X                       10     16     -6 (VIOLATED)
clkbuf_3_6_0_clk/X                       10     16     -6 (VIOLATED)
clkbuf_3_7_0_clk/X                       10     16     -6 (VIOLATED)
clkbuf_6_11__f_clk/X                     10     16     -6 (VIOLATED)
clkbuf_6_14__f_clk/X                     10     16     -6 (VIOLATED)
clkbuf_6_17__f_clk/X                     10     16     -6 (VIOLATED)
clkbuf_6_19__f_clk/X                     10     16     -6 (VIOLATED)
clkbuf_6_27__f_clk/X                     10     16     -6 (VIOLATED)
clkbuf_6_29__f_clk/X                     10     16     -6 (VIOLATED)
clkbuf_6_30__f_clk/X                     10     16     -6 (VIOLATED)
clkbuf_6_35__f_clk/X                     10     16     -6 (VIOLATED)
clkbuf_6_38__f_clk/X                     10     16     -6 (VIOLATED)
clkbuf_6_43__f_clk/X                     10     16     -6 (VIOLATED)
clkbuf_6_45__f_clk/X                     10     16     -6 (VIOLATED)
clkbuf_6_57__f_clk/X                     10     16     -6 (VIOLATED)
clkbuf_6_61__f_clk/X                     10     16     -6 (VIOLATED)
clkbuf_leaf_155_clk/X                    10     16     -6 (VIOLATED)
clkbuf_leaf_189_clk/X                    10     16     -6 (VIOLATED)
clkbuf_leaf_1_clk/X                      10     16     -6 (VIOLATED)
clkbuf_leaf_354_clk/X                    10     16     -6 (VIOLATED)
clkbuf_leaf_377_clk/X                    10     16     -6 (VIOLATED)
clkbuf_leaf_457_clk/X                    10     16     -6 (VIOLATED)
clkbuf_leaf_492_clk/X                    10     16     -6 (VIOLATED)
clkbuf_leaf_512_clk/X                    10     16     -6 (VIOLATED)
clkbuf_leaf_67_clk/X                     10     16     -6 (VIOLATED)
fanout1044/X                             10     16     -6 (VIOLATED)
fanout465/X                              10     16     -6 (VIOLATED)
fanout477/X                              10     16     -6 (VIOLATED)
fanout496/X                              10     16     -6 (VIOLATED)
fanout538/X                              10     16     -6 (VIOLATED)
fanout687/X                              10     16     -6 (VIOLATED)
fanout732/X                              10     16     -6 (VIOLATED)
fanout802/X                              10     16     -6 (VIOLATED)
fanout863/X                              10     16     -6 (VIOLATED)
fanout888/X                              10     16     -6 (VIOLATED)
fanout912/X                              10     16     -6 (VIOLATED)
fanout935/X                              10     16     -6 (VIOLATED)
fanout958/X                              10     16     -6 (VIOLATED)
fanout992/X                              10     16     -6 (VIOLATED)
input72/X                                10     16     -6 (VIOLATED)
max_cap342/X                             10     16     -6 (VIOLATED)
clkbuf_leaf_184_clk/X                    10     15     -5 (VIOLATED)
clkbuf_leaf_222_clk/X                    10     15     -5 (VIOLATED)
clkbuf_leaf_406_clk/X                    10     15     -5 (VIOLATED)
clkbuf_leaf_436_clk/X                    10     15     -5 (VIOLATED)
clkbuf_leaf_452_clk/X                    10     15     -5 (VIOLATED)
clkbuf_leaf_454_clk/X                    10     15     -5 (VIOLATED)
clkbuf_leaf_467_clk/X                    10     15     -5 (VIOLATED)
clkbuf_leaf_543_clk/X                    10     15     -5 (VIOLATED)
clkbuf_leaf_76_clk/X                     10     15     -5 (VIOLATED)
_69855_/Q                                10     14     -4 (VIOLATED)
_69856_/Q                                10     14     -4 (VIOLATED)
_69859_/Q                                10     14     -4 (VIOLATED)
_69860_/Q                                10     14     -4 (VIOLATED)
_69903_/Q                                10     14     -4 (VIOLATED)
_69904_/Q                                10     14     -4 (VIOLATED)
_69907_/Q                                10     14     -4 (VIOLATED)
_69908_/Q                                10     14     -4 (VIOLATED)
_69954_/Q                                10     14     -4 (VIOLATED)
_69955_/Q                                10     14     -4 (VIOLATED)
_69956_/Q                                10     14     -4 (VIOLATED)
_71422_/Q                                10     14     -4 (VIOLATED)
_71423_/Q                                10     14     -4 (VIOLATED)
_71425_/Q                                10     14     -4 (VIOLATED)
_71440_/Q                                10     14     -4 (VIOLATED)
_71463_/Q                                10     14     -4 (VIOLATED)
_71464_/Q                                10     14     -4 (VIOLATED)
_71467_/Q                                10     14     -4 (VIOLATED)
_71468_/Q                                10     14     -4 (VIOLATED)
_71495_/Q                                10     14     -4 (VIOLATED)
_71496_/Q                                10     14     -4 (VIOLATED)
_71499_/Q                                10     14     -4 (VIOLATED)
_71500_/Q                                10     14     -4 (VIOLATED)
_71535_/Q                                10     14     -4 (VIOLATED)
_71536_/Q                                10     14     -4 (VIOLATED)
_71539_/Q                                10     14     -4 (VIOLATED)
_71540_/Q                                10     14     -4 (VIOLATED)
_71583_/Q                                10     14     -4 (VIOLATED)
_71584_/Q                                10     14     -4 (VIOLATED)
_71587_/Q                                10     14     -4 (VIOLATED)
_71639_/Q                                10     14     -4 (VIOLATED)
_71640_/Q                                10     14     -4 (VIOLATED)
_71643_/Q                                10     14     -4 (VIOLATED)
_71644_/Q                                10     14     -4 (VIOLATED)
_71703_/Q                                10     14     -4 (VIOLATED)
_71704_/Q                                10     14     -4 (VIOLATED)
_71707_/Q                                10     14     -4 (VIOLATED)
_71708_/Q                                10     14     -4 (VIOLATED)
_71729_/Q                                10     14     -4 (VIOLATED)
_71758_/Q                                10     14     -4 (VIOLATED)
_71759_/Q                                10     14     -4 (VIOLATED)
_71761_/Q                                10     14     -4 (VIOLATED)
_71857_/Q                                10     14     -4 (VIOLATED)
_71886_/Q                                10     14     -4 (VIOLATED)
_71887_/Q                                10     14     -4 (VIOLATED)
_71889_/Q                                10     14     -4 (VIOLATED)
_72024_/Q                                10     14     -4 (VIOLATED)
_72064_/Q                                10     14     -4 (VIOLATED)
_72104_/Q                                10     14     -4 (VIOLATED)
_72144_/Q                                10     14     -4 (VIOLATED)
_72184_/Q                                10     14     -4 (VIOLATED)
_72304_/Q                                10     14     -4 (VIOLATED)
_72307_/Q                                10     14     -4 (VIOLATED)
_72351_/Q                                10     14     -4 (VIOLATED)
_72352_/Q                                10     14     -4 (VIOLATED)
_72355_/Q                                10     14     -4 (VIOLATED)
_72356_/Q                                10     14     -4 (VIOLATED)
_72399_/Q                                10     14     -4 (VIOLATED)
_72403_/Q                                10     14     -4 (VIOLATED)
_72404_/Q                                10     14     -4 (VIOLATED)
_72447_/Q                                10     14     -4 (VIOLATED)
_72448_/Q                                10     14     -4 (VIOLATED)
_72451_/Q                                10     14     -4 (VIOLATED)
_72452_/Q                                10     14     -4 (VIOLATED)
_72499_/Q                                10     14     -4 (VIOLATED)
_72500_/Q                                10     14     -4 (VIOLATED)
_72543_/Q                                10     14     -4 (VIOLATED)
_72544_/Q                                10     14     -4 (VIOLATED)
_72547_/Q                                10     14     -4 (VIOLATED)
_72548_/Q                                10     14     -4 (VIOLATED)
_72679_/Q                                10     14     -4 (VIOLATED)
_72680_/Q                                10     14     -4 (VIOLATED)
_72727_/Q                                10     14     -4 (VIOLATED)
_72728_/Q                                10     14     -4 (VIOLATED)
_72731_/Q                                10     14     -4 (VIOLATED)
_72732_/Q                                10     14     -4 (VIOLATED)
_72776_/Q                                10     14     -4 (VIOLATED)
_72779_/Q                                10     14     -4 (VIOLATED)
_72780_/Q                                10     14     -4 (VIOLATED)
_72823_/Q                                10     14     -4 (VIOLATED)
_72824_/Q                                10     14     -4 (VIOLATED)
_72827_/Q                                10     14     -4 (VIOLATED)
_72828_/Q                                10     14     -4 (VIOLATED)
_72871_/Q                                10     14     -4 (VIOLATED)
_72872_/Q                                10     14     -4 (VIOLATED)
_72875_/Q                                10     14     -4 (VIOLATED)
_72876_/Q                                10     14     -4 (VIOLATED)
_72919_/Q                                10     14     -4 (VIOLATED)
_72920_/Q                                10     14     -4 (VIOLATED)
_72923_/Q                                10     14     -4 (VIOLATED)
_72924_/Q                                10     14     -4 (VIOLATED)
_72970_/Q                                10     14     -4 (VIOLATED)
_73056_/Q                                10     14     -4 (VIOLATED)
_73103_/Q                                10     14     -4 (VIOLATED)
_73104_/Q                                10     14     -4 (VIOLATED)
_73107_/Q                                10     14     -4 (VIOLATED)
_73108_/Q                                10     14     -4 (VIOLATED)
_73151_/Q                                10     14     -4 (VIOLATED)
_73152_/Q                                10     14     -4 (VIOLATED)
_73154_/Q                                10     14     -4 (VIOLATED)
_73199_/Q                                10     14     -4 (VIOLATED)
_73200_/Q                                10     14     -4 (VIOLATED)
_73203_/Q                                10     14     -4 (VIOLATED)
_73204_/Q                                10     14     -4 (VIOLATED)
_73295_/Q                                10     14     -4 (VIOLATED)
_73296_/Q                                10     14     -4 (VIOLATED)
_73299_/Q                                10     14     -4 (VIOLATED)
_73300_/Q                                10     14     -4 (VIOLATED)
_73342_/Q                                10     14     -4 (VIOLATED)
_73345_/Q                                10     14     -4 (VIOLATED)
_73346_/Q                                10     14     -4 (VIOLATED)
_73435_/Q                                10     14     -4 (VIOLATED)
_73436_/Q                                10     14     -4 (VIOLATED)
_73479_/Q                                10     14     -4 (VIOLATED)
_73480_/Q                                10     14     -4 (VIOLATED)
_73483_/Q                                10     14     -4 (VIOLATED)
_73484_/Q                                10     14     -4 (VIOLATED)
_73527_/Q                                10     14     -4 (VIOLATED)
_73528_/Q                                10     14     -4 (VIOLATED)
_73531_/Q                                10     14     -4 (VIOLATED)
_73532_/Q                                10     14     -4 (VIOLATED)
_73575_/Q                                10     14     -4 (VIOLATED)
_73576_/Q                                10     14     -4 (VIOLATED)
_73579_/Q                                10     14     -4 (VIOLATED)
_73580_/Q                                10     14     -4 (VIOLATED)
_73624_/Q                                10     14     -4 (VIOLATED)
_73627_/Q                                10     14     -4 (VIOLATED)
_73628_/Q                                10     14     -4 (VIOLATED)
_73671_/Q                                10     14     -4 (VIOLATED)
_73672_/Q                                10     14     -4 (VIOLATED)
_73675_/Q                                10     14     -4 (VIOLATED)
_73718_/Q                                10     14     -4 (VIOLATED)
_73722_/Q                                10     14     -4 (VIOLATED)
_73807_/Q                                10     14     -4 (VIOLATED)
_73808_/Q                                10     14     -4 (VIOLATED)
_73809_/Q                                10     14     -4 (VIOLATED)
_73855_/Q                                10     14     -4 (VIOLATED)
_73856_/Q                                10     14     -4 (VIOLATED)
_73859_/Q                                10     14     -4 (VIOLATED)
_73860_/Q                                10     14     -4 (VIOLATED)
_73903_/Q                                10     14     -4 (VIOLATED)
_73904_/Q                                10     14     -4 (VIOLATED)
_73951_/Q                                10     14     -4 (VIOLATED)
_73952_/Q                                10     14     -4 (VIOLATED)
_73955_/Q                                10     14     -4 (VIOLATED)
_73956_/Q                                10     14     -4 (VIOLATED)
_73999_/Q                                10     14     -4 (VIOLATED)
_74000_/Q                                10     14     -4 (VIOLATED)
_74003_/Q                                10     14     -4 (VIOLATED)
_74004_/Q                                10     14     -4 (VIOLATED)
_74094_/Q                                10     14     -4 (VIOLATED)
_74097_/Q                                10     14     -4 (VIOLATED)
_74098_/Q                                10     14     -4 (VIOLATED)
_74183_/Q                                10     14     -4 (VIOLATED)
_74184_/Q                                10     14     -4 (VIOLATED)
_74187_/Q                                10     14     -4 (VIOLATED)
_74231_/Q                                10     14     -4 (VIOLATED)
_74232_/Q                                10     14     -4 (VIOLATED)
_74235_/Q                                10     14     -4 (VIOLATED)
_74236_/Q                                10     14     -4 (VIOLATED)
_74279_/Q                                10     14     -4 (VIOLATED)
_74280_/Q                                10     14     -4 (VIOLATED)
_74283_/Q                                10     14     -4 (VIOLATED)
_74284_/Q                                10     14     -4 (VIOLATED)
clkbuf_6_13__f_clk/X                     10     14     -4 (VIOLATED)
clkbuf_6_21__f_clk/X                     10     14     -4 (VIOLATED)
clkbuf_6_25__f_clk/X                     10     14     -4 (VIOLATED)
clkbuf_6_26__f_clk/X                     10     14     -4 (VIOLATED)
clkbuf_6_39__f_clk/X                     10     14     -4 (VIOLATED)
clkbuf_6_3__f_clk/X                      10     14     -4 (VIOLATED)
clkbuf_6_42__f_clk/X                     10     14     -4 (VIOLATED)
clkbuf_6_51__f_clk/X                     10     14     -4 (VIOLATED)
clkbuf_6_6__f_clk/X                      10     14     -4 (VIOLATED)
clkbuf_leaf_127_clk/X                    10     14     -4 (VIOLATED)
clkbuf_leaf_18_clk/X                     10     14     -4 (VIOLATED)
clkbuf_leaf_200_clk/X                    10     14     -4 (VIOLATED)
clkbuf_leaf_283_clk/X                    10     14     -4 (VIOLATED)
clkbuf_leaf_335_clk/X                    10     14     -4 (VIOLATED)
clkbuf_leaf_339_clk/X                    10     14     -4 (VIOLATED)
clkbuf_leaf_342_clk/X                    10     14     -4 (VIOLATED)
clkbuf_leaf_38_clk/X                     10     14     -4 (VIOLATED)
clkbuf_leaf_469_clk/X                    10     14     -4 (VIOLATED)
clkbuf_leaf_483_clk/X                    10     14     -4 (VIOLATED)
clkbuf_leaf_544_clk/X                    10     14     -4 (VIOLATED)
clkbuf_leaf_548_clk/X                    10     14     -4 (VIOLATED)
clkbuf_leaf_549_clk/X                    10     14     -4 (VIOLATED)
clkbuf_leaf_556_clk/X                    10     14     -4 (VIOLATED)
clkbuf_leaf_77_clk/X                     10     14     -4 (VIOLATED)
clkbuf_leaf_92_clk/X                     10     14     -4 (VIOLATED)
clkbuf_leaf_98_clk/X                     10     14     -4 (VIOLATED)
fanout1001/X                             10     14     -4 (VIOLATED)
fanout1047/X                             10     14     -4 (VIOLATED)
fanout1066/X                             10     14     -4 (VIOLATED)
fanout1070/X                             10     14     -4 (VIOLATED)
fanout481/X                              10     14     -4 (VIOLATED)
fanout516/X                              10     14     -4 (VIOLATED)
fanout547/X                              10     14     -4 (VIOLATED)
fanout600/X                              10     14     -4 (VIOLATED)
fanout623/X                              10     14     -4 (VIOLATED)
fanout631/X                              10     14     -4 (VIOLATED)
fanout636/X                              10     14     -4 (VIOLATED)
fanout642/X                              10     14     -4 (VIOLATED)
fanout672/X                              10     14     -4 (VIOLATED)
fanout697/X                              10     14     -4 (VIOLATED)
fanout698/X                              10     14     -4 (VIOLATED)
fanout849/X                              10     14     -4 (VIOLATED)
fanout850/X                              10     14     -4 (VIOLATED)
fanout915/X                              10     14     -4 (VIOLATED)
fanout929/X                              10     14     -4 (VIOLATED)
fanout983/X                              10     14     -4 (VIOLATED)
input68/X                                10     14     -4 (VIOLATED)
input69/X                                10     14     -4 (VIOLATED)
input70/X                                10     14     -4 (VIOLATED)
input71/X                                10     14     -4 (VIOLATED)
input73/X                                10     14     -4 (VIOLATED)
input82/X                                10     14     -4 (VIOLATED)
clkbuf_leaf_132_clk/X                    10     13     -3 (VIOLATED)
clkbuf_leaf_150_clk/X                    10     13     -3 (VIOLATED)
clkbuf_leaf_170_clk/X                    10     13     -3 (VIOLATED)
clkbuf_leaf_171_clk/X                    10     13     -3 (VIOLATED)
clkbuf_leaf_21_clk/X                     10     13     -3 (VIOLATED)
clkbuf_leaf_220_clk/X                    10     13     -3 (VIOLATED)
clkbuf_leaf_234_clk/X                    10     13     -3 (VIOLATED)
clkbuf_leaf_237_clk/X                    10     13     -3 (VIOLATED)
clkbuf_leaf_241_clk/X                    10     13     -3 (VIOLATED)
clkbuf_leaf_249_clk/X                    10     13     -3 (VIOLATED)
clkbuf_leaf_257_clk/X                    10     13     -3 (VIOLATED)
clkbuf_leaf_280_clk/X                    10     13     -3 (VIOLATED)
clkbuf_leaf_292_clk/X                    10     13     -3 (VIOLATED)
clkbuf_leaf_311_clk/X                    10     13     -3 (VIOLATED)
clkbuf_leaf_327_clk/X                    10     13     -3 (VIOLATED)
clkbuf_leaf_336_clk/X                    10     13     -3 (VIOLATED)
clkbuf_leaf_366_clk/X                    10     13     -3 (VIOLATED)
clkbuf_leaf_372_clk/X                    10     13     -3 (VIOLATED)
clkbuf_leaf_413_clk/X                    10     13     -3 (VIOLATED)
clkbuf_leaf_435_clk/X                    10     13     -3 (VIOLATED)
clkbuf_leaf_440_clk/X                    10     13     -3 (VIOLATED)
clkbuf_leaf_480_clk/X                    10     13     -3 (VIOLATED)
clkbuf_leaf_520_clk/X                    10     13     -3 (VIOLATED)
clkbuf_leaf_521_clk/X                    10     13     -3 (VIOLATED)
clkbuf_leaf_523_clk/X                    10     13     -3 (VIOLATED)
clkbuf_leaf_563_clk/X                    10     13     -3 (VIOLATED)
clkbuf_leaf_78_clk/X                     10     13     -3 (VIOLATED)
_69952_/Q                                10     12     -2 (VIOLATED)
_69953_/Q                                10     12     -2 (VIOLATED)
_69957_/Q                                10     12     -2 (VIOLATED)
_71426_/Q                                10     12     -2 (VIOLATED)
_71730_/Q                                10     12     -2 (VIOLATED)
_71762_/Q                                10     12     -2 (VIOLATED)
_71890_/Q                                10     12     -2 (VIOLATED)
_71918_/Q                                10     12     -2 (VIOLATED)
_71985_/Q                                10     12     -2 (VIOLATED)
_72025_/Q                                10     12     -2 (VIOLATED)
_72065_/Q                                10     12     -2 (VIOLATED)
_72105_/Q                                10     12     -2 (VIOLATED)
_72185_/Q                                10     12     -2 (VIOLATED)
_72592_/Q                                10     12     -2 (VIOLATED)
_72595_/Q                                10     12     -2 (VIOLATED)
_72596_/Q                                10     12     -2 (VIOLATED)
_72967_/Q                                10     12     -2 (VIOLATED)
_72968_/Q                                10     12     -2 (VIOLATED)
_72971_/Q                                10     12     -2 (VIOLATED)
_73153_/Q                                10     12     -2 (VIOLATED)
_73343_/Q                                10     12     -2 (VIOLATED)
_73344_/Q                                10     12     -2 (VIOLATED)
_73719_/Q                                10     12     -2 (VIOLATED)
_73720_/Q                                10     12     -2 (VIOLATED)
_73724_/Q                                10     12     -2 (VIOLATED)
_74095_/Q                                10     12     -2 (VIOLATED)
_74096_/Q                                10     12     -2 (VIOLATED)
_74099_/Q                                10     12     -2 (VIOLATED)
_74100_/Q                                10     12     -2 (VIOLATED)
clkbuf_6_0__f_clk/X                      10     12     -2 (VIOLATED)
clkbuf_6_16__f_clk/X                     10     12     -2 (VIOLATED)
clkbuf_6_1__f_clk/X                      10     12     -2 (VIOLATED)
clkbuf_6_28__f_clk/X                     10     12     -2 (VIOLATED)
clkbuf_6_9__f_clk/X                      10     12     -2 (VIOLATED)
clkbuf_leaf_119_clk/X                    10     12     -2 (VIOLATED)
clkbuf_leaf_229_clk/X                    10     12     -2 (VIOLATED)
clkbuf_leaf_231_clk/X                    10     12     -2 (VIOLATED)
clkbuf_leaf_253_clk/X                    10     12     -2 (VIOLATED)
clkbuf_leaf_271_clk/X                    10     12     -2 (VIOLATED)
clkbuf_leaf_297_clk/X                    10     12     -2 (VIOLATED)
clkbuf_leaf_312_clk/X                    10     12     -2 (VIOLATED)
clkbuf_leaf_348_clk/X                    10     12     -2 (VIOLATED)
clkbuf_leaf_397_clk/X                    10     12     -2 (VIOLATED)
clkbuf_leaf_416_clk/X                    10     12     -2 (VIOLATED)
clkbuf_leaf_434_clk/X                    10     12     -2 (VIOLATED)
clkbuf_leaf_441_clk/X                    10     12     -2 (VIOLATED)
clkbuf_leaf_456_clk/X                    10     12     -2 (VIOLATED)
clkbuf_leaf_490_clk/X                    10     12     -2 (VIOLATED)
clkbuf_leaf_507_clk/X                    10     12     -2 (VIOLATED)
clkbuf_leaf_518_clk/X                    10     12     -2 (VIOLATED)
clkbuf_leaf_524_clk/X                    10     12     -2 (VIOLATED)
clkbuf_leaf_533_clk/X                    10     12     -2 (VIOLATED)
clkbuf_leaf_546_clk/X                    10     12     -2 (VIOLATED)
clkbuf_leaf_547_clk/X                    10     12     -2 (VIOLATED)
clkbuf_leaf_557_clk/X                    10     12     -2 (VIOLATED)
clkbuf_leaf_79_clk/X                     10     12     -2 (VIOLATED)
clkbuf_leaf_83_clk/X                     10     12     -2 (VIOLATED)
clkbuf_leaf_84_clk/X                     10     12     -2 (VIOLATED)
clkbuf_leaf_96_clk/X                     10     12     -2 (VIOLATED)
fanout1003/X                             10     12     -2 (VIOLATED)
fanout1016/X                             10     12     -2 (VIOLATED)
fanout1071/X                             10     12     -2 (VIOLATED)
fanout490/X                              10     12     -2 (VIOLATED)
fanout501/X                              10     12     -2 (VIOLATED)
fanout562/X                              10     12     -2 (VIOLATED)
fanout603/X                              10     12     -2 (VIOLATED)
fanout604/X                              10     12     -2 (VIOLATED)
fanout649/X                              10     12     -2 (VIOLATED)
fanout684/X                              10     12     -2 (VIOLATED)
fanout693/X                              10     12     -2 (VIOLATED)
fanout706/X                              10     12     -2 (VIOLATED)
fanout720/X                              10     12     -2 (VIOLATED)
fanout726/X                              10     12     -2 (VIOLATED)
fanout731/X                              10     12     -2 (VIOLATED)
fanout740/X                              10     12     -2 (VIOLATED)
fanout774/X                              10     12     -2 (VIOLATED)
fanout817/X                              10     12     -2 (VIOLATED)
fanout832/X                              10     12     -2 (VIOLATED)
fanout840/X                              10     12     -2 (VIOLATED)
fanout855/X                              10     12     -2 (VIOLATED)
fanout867/X                              10     12     -2 (VIOLATED)
fanout997/X                              10     12     -2 (VIOLATED)
max_cap350/X                             10     12     -2 (VIOLATED)
wire349/X                                10     12     -2 (VIOLATED)
clkbuf_leaf_139_clk/X                    10     11        (VIOLATED)
clkbuf_leaf_13_clk/X                     10     11        (VIOLATED)
clkbuf_leaf_162_clk/X                    10     11        (VIOLATED)
clkbuf_leaf_17_clk/X                     10     11        (VIOLATED)
clkbuf_leaf_226_clk/X                    10     11        (VIOLATED)
clkbuf_leaf_230_clk/X                    10     11        (VIOLATED)
clkbuf_leaf_256_clk/X                    10     11        (VIOLATED)
clkbuf_leaf_273_clk/X                    10     11        (VIOLATED)
clkbuf_leaf_284_clk/X                    10     11        (VIOLATED)
clkbuf_leaf_286_clk/X                    10     11        (VIOLATED)
clkbuf_leaf_298_clk/X                    10     11        (VIOLATED)
clkbuf_leaf_305_clk/X                    10     11        (VIOLATED)
clkbuf_leaf_307_clk/X                    10     11        (VIOLATED)
clkbuf_leaf_310_clk/X                    10     11        (VIOLATED)
clkbuf_leaf_323_clk/X                    10     11        (VIOLATED)
clkbuf_leaf_345_clk/X                    10     11        (VIOLATED)
clkbuf_leaf_355_clk/X                    10     11        (VIOLATED)
clkbuf_leaf_402_clk/X                    10     11        (VIOLATED)
clkbuf_leaf_40_clk/X                     10     11        (VIOLATED)
clkbuf_leaf_42_clk/X                     10     11        (VIOLATED)
clkbuf_leaf_432_clk/X                    10     11        (VIOLATED)
clkbuf_leaf_444_clk/X                    10     11        (VIOLATED)
clkbuf_leaf_468_clk/X                    10     11        (VIOLATED)
clkbuf_leaf_472_clk/X                    10     11        (VIOLATED)
clkbuf_leaf_503_clk/X                    10     11        (VIOLATED)
clkbuf_leaf_510_clk/X                    10     11        (VIOLATED)
clkbuf_leaf_531_clk/X                    10     11        (VIOLATED)
clkbuf_leaf_532_clk/X                    10     11        (VIOLATED)
clkbuf_leaf_545_clk/X                    10     11        (VIOLATED)
clkbuf_leaf_572_clk/X                    10     11        (VIOLATED)
clkbuf_leaf_578_clk/X                    10     11        (VIOLATED)
clkbuf_leaf_580_clk/X                    10     11        (VIOLATED)
clkbuf_leaf_59_clk/X                     10     11        (VIOLATED)
clkbuf_leaf_65_clk/X                     10     11        (VIOLATED)
clkbuf_leaf_68_clk/X                     10     11        (VIOLATED)
clkbuf_leaf_72_clk/X                     10     11        (VIOLATED)
clkbuf_leaf_89_clk/X                     10     11        (VIOLATED)
clkbuf_leaf_90_clk/X                     10     11        (VIOLATED)


======================= Slowest Corner ===================================

max slew

Pin                                    Limit    Slew   Slack
------------------------------------------------------------
ANTENNA_16/DIODE                        0.75    1.53   -0.78 (VIOLATED)
ANTENNA_18/DIODE                        0.75    1.53   -0.78 (VIOLATED)
ANTENNA_20/DIODE                        0.75    1.53   -0.78 (VIOLATED)
ANTENNA_21/DIODE                        0.75    1.53   -0.78 (VIOLATED)
ANTENNA_22/DIODE                        0.75    1.53   -0.78 (VIOLATED)
ANTENNA_23/DIODE                        0.75    1.53   -0.78 (VIOLATED)
ANTENNA_24/DIODE                        0.75    1.53   -0.78 (VIOLATED)
ANTENNA_25/DIODE                        0.75    1.53   -0.78 (VIOLATED)
ANTENNA_26/DIODE                        0.75    1.53   -0.78 (VIOLATED)
ANTENNA_27/DIODE                        0.75    1.53   -0.78 (VIOLATED)
ANTENNA_28/DIODE                        0.75    1.53   -0.78 (VIOLATED)
ANTENNA_1/DIODE                         0.75    1.53   -0.78 (VIOLATED)
ANTENNA_30/DIODE                        0.75    1.53   -0.78 (VIOLATED)
ANTENNA_11/DIODE                        0.75    1.53   -0.78 (VIOLATED)
ANTENNA_29/DIODE                        0.75    1.53   -0.78 (VIOLATED)
_72745_/D                               0.75    1.53   -0.78 (VIOLATED)
ANTENNA__72745__D/DIODE                 0.75    1.53   -0.78 (VIOLATED)
_63212_/Y                               0.75    1.53   -0.78 (VIOLATED)
_69765_/A1                              0.75    1.40   -0.65 (VIOLATED)
ANTENNA__69765__A1/DIODE                0.75    1.40   -0.65 (VIOLATED)
_69402_/A                               0.75    1.40   -0.65 (VIOLATED)
ANTENNA__69402__A/DIODE                 0.75    1.40   -0.65 (VIOLATED)
_69151_/A                               0.75    1.40   -0.65 (VIOLATED)
ANTENNA__69151__A/DIODE                 0.75    1.40   -0.65 (VIOLATED)
_68791_/A                               0.75    1.39   -0.64 (VIOLATED)
ANTENNA__68791__A/DIODE                 0.75    1.39   -0.64 (VIOLATED)
_69646_/A1                              0.75    1.39   -0.64 (VIOLATED)
ANTENNA__69646__A1/DIODE                0.75    1.39   -0.64 (VIOLATED)
ANTENNA__69663__A1/DIODE                0.75    1.39   -0.64 (VIOLATED)
_69663_/A1                              0.75    1.39   -0.64 (VIOLATED)
_68747_/A                               0.75    1.39   -0.64 (VIOLATED)
ANTENNA__68747__A/DIODE                 0.75    1.38   -0.63 (VIOLATED)
_69697_/A1                              0.75    1.29   -0.54 (VIOLATED)
ANTENNA__69697__A1/DIODE                0.75    1.28   -0.53 (VIOLATED)
_69923_/D                               0.75    1.21   -0.46 (VIOLATED)
ANTENNA__69923__D/DIODE                 0.75    1.21   -0.46 (VIOLATED)
_49720_/Y                               0.75    1.21   -0.46 (VIOLATED)
_69924_/D                               0.75    1.18   -0.43 (VIOLATED)
ANTENNA__69924__D/DIODE                 0.75    1.18   -0.43 (VIOLATED)
_49760_/Y                               0.75    1.18   -0.43 (VIOLATED)
_69405_/A                               0.75    1.18   -0.43 (VIOLATED)
ANTENNA__69405__A/DIODE                 0.75    1.18   -0.43 (VIOLATED)
_69648_/A1                              0.75    1.18   -0.43 (VIOLATED)
ANTENNA__69648__A1/DIODE                0.75    1.18   -0.43 (VIOLATED)
_69665_/A1                              0.75    1.17   -0.42 (VIOLATED)
ANTENNA__69665__A1/DIODE                0.75    1.17   -0.42 (VIOLATED)
_69767_/A1                              0.75    1.17   -0.42 (VIOLATED)
ANTENNA__69767__A1/DIODE                0.75    1.17   -0.42 (VIOLATED)
_69922_/D                               0.75    1.16   -0.41 (VIOLATED)
ANTENNA__69922__D/DIODE                 0.75    1.16   -0.41 (VIOLATED)
_49689_/Y                               0.75    1.16   -0.41 (VIOLATED)
_69076_/A                               0.75    1.15   -0.40 (VIOLATED)
ANTENNA__69076__A/DIODE                 0.75    1.15   -0.40 (VIOLATED)
_69154_/A                               0.75    1.15   -0.40 (VIOLATED)
ANTENNA__69154__A/DIODE                 0.75    1.15   -0.40 (VIOLATED)
_69921_/D                               0.75    1.14   -0.39 (VIOLATED)
ANTENNA__69921__D/DIODE                 0.75    1.14   -0.39 (VIOLATED)
_49659_/Y                               0.75    1.14   -0.39 (VIOLATED)
_64182_/B                               0.75    1.12   -0.37 (VIOLATED)
ANTENNA__64178__B/DIODE                 0.75    1.12   -0.37 (VIOLATED)
_64178_/B                               0.75    1.12   -0.37 (VIOLATED)
_64186_/B                               0.75    1.12   -0.37 (VIOLATED)
_64185_/B                               0.75    1.12   -0.37 (VIOLATED)
ANTENNA__64182__B/DIODE                 0.75    1.12   -0.37 (VIOLATED)
ANTENNA__64186__B/DIODE                 0.75    1.12   -0.37 (VIOLATED)
_64179_/B                               0.75    1.12   -0.37 (VIOLATED)
ANTENNA__64185__B/DIODE                 0.75    1.12   -0.37 (VIOLATED)
ANTENNA__64179__B/DIODE                 0.75    1.12   -0.37 (VIOLATED)
_68750_/A                               0.75    1.12   -0.37 (VIOLATED)
ANTENNA__64174__A/DIODE                 0.75    1.12   -0.37 (VIOLATED)
_64174_/A                               0.75    1.12   -0.37 (VIOLATED)
ANTENNA__64175__A2/DIODE                0.75    1.12   -0.37 (VIOLATED)
_64175_/A2                              0.75    1.12   -0.37 (VIOLATED)
_64169_/B                               0.75    1.12   -0.37 (VIOLATED)
ANTENNA__64169__B/DIODE                 0.75    1.12   -0.37 (VIOLATED)
_64168_/Y                               0.75    1.12   -0.37 (VIOLATED)
_69970_/D                               0.75    1.11   -0.36 (VIOLATED)
ANTENNA__69970__D/DIODE                 0.75    1.11   -0.36 (VIOLATED)
_50231_/Y                               0.75    1.11   -0.36 (VIOLATED)
ANTENNA__68750__A/DIODE                 0.75    1.11   -0.36 (VIOLATED)
ANTENNA__69073__A/DIODE                 0.75    1.10   -0.35 (VIOLATED)
_69073_/A                               0.75    1.10   -0.35 (VIOLATED)
_45715_/B                               0.75    1.09   -0.34 (VIOLATED)
_45722_/B                               0.75    1.09   -0.34 (VIOLATED)
ANTENNA__45721__B/DIODE                 0.75    1.09   -0.34 (VIOLATED)
ANTENNA__45722__B/DIODE                 0.75    1.09   -0.34 (VIOLATED)
_45718_/B                               0.75    1.09   -0.34 (VIOLATED)
ANTENNA__45718__B/DIODE                 0.75    1.09   -0.34 (VIOLATED)
_45721_/B                               0.75    1.09   -0.34 (VIOLATED)
_45714_/B                               0.75    1.09   -0.34 (VIOLATED)
ANTENNA__45715__B/DIODE                 0.75    1.09   -0.34 (VIOLATED)
ANTENNA__45714__B/DIODE                 0.75    1.09   -0.34 (VIOLATED)
_45710_/A                               0.75    1.09   -0.34 (VIOLATED)
ANTENNA__45710__A/DIODE                 0.75    1.09   -0.34 (VIOLATED)
ANTENNA__45705__B/DIODE                 0.75    1.09   -0.34 (VIOLATED)
_45705_/B                               0.75    1.09   -0.34 (VIOLATED)
_45711_/A2                              0.75    1.09   -0.34 (VIOLATED)
ANTENNA__45711__A2/DIODE                0.75    1.09   -0.34 (VIOLATED)
_45704_/Y                               0.75    1.08   -0.33 (VIOLATED)
_74298_/D                               0.75    1.07   -0.32 (VIOLATED)
ANTENNA__74298__D/DIODE                 0.75    1.07   -0.32 (VIOLATED)
_48051_/Y                               0.75    1.07   -0.32 (VIOLATED)
_57832_/B                               0.75    1.07   -0.32 (VIOLATED)
_57830_/B                               0.75    1.07   -0.32 (VIOLATED)
ANTENNA__57830__B/DIODE                 0.75    1.07   -0.32 (VIOLATED)
ANTENNA__57832__B/DIODE                 0.75    1.07   -0.32 (VIOLATED)
_57827_/B                               0.75    1.07   -0.32 (VIOLATED)
ANTENNA__57827__B/DIODE                 0.75    1.07   -0.32 (VIOLATED)
_57826_/Y                               0.75    1.07   -0.32 (VIOLATED)
_69671_/A1                              0.75    1.06   -0.31 (VIOLATED)
ANTENNA__69671__A1/DIODE                0.75    1.06   -0.31 (VIOLATED)
ANTENNA__69654__A1/DIODE                0.75    1.06   -0.31 (VIOLATED)
_69654_/A1                              0.75    1.06   -0.31 (VIOLATED)
_69773_/A1                              0.75    1.06   -0.31 (VIOLATED)
ANTENNA__69773__A1/DIODE                0.75    1.06   -0.31 (VIOLATED)
_69699_/A1                              0.75    1.05   -0.30 (VIOLATED)
ANTENNA__69414__A/DIODE                 0.75    1.05   -0.30 (VIOLATED)
_69414_/A                               0.75    1.05   -0.30 (VIOLATED)
ANTENNA__69699__A1/DIODE                0.75    1.05   -0.30 (VIOLATED)
_68803_/A                               0.75    1.04   -0.29 (VIOLATED)
ANTENNA__68803__A/DIODE                 0.75    1.04   -0.29 (VIOLATED)
output241/A                             0.75    1.04   -0.29 (VIOLATED)
ANTENNA_output241_A/DIODE               0.75    1.04   -0.29 (VIOLATED)
_74301_/D                               0.75    1.04   -0.29 (VIOLATED)
ANTENNA__74301__D/DIODE                 0.75    1.04   -0.29 (VIOLATED)
_48164_/Y                               0.75    1.04   -0.29 (VIOLATED)
_69163_/A                               0.75    1.03   -0.28 (VIOLATED)
ANTENNA__69163__A/DIODE                 0.75    1.03   -0.28 (VIOLATED)
output245/A                             0.75    1.02   -0.27 (VIOLATED)
ANTENNA_output245_A/DIODE               0.75    1.02   -0.27 (VIOLATED)
_71871_/D                               0.75    1.02   -0.27 (VIOLATED)
ANTENNA__71871__D/DIODE                 0.75    1.02   -0.27 (VIOLATED)
_52639_/Y                               0.75    1.02   -0.27 (VIOLATED)
ANTENNA__68708__A1/DIODE                0.75    1.02   -0.27 (VIOLATED)
_68708_/A1                              0.75    1.02   -0.27 (VIOLATED)
_70256_/Q                               0.75    1.02   -0.27 (VIOLATED)
ANTENNA__68700__A1/DIODE                0.75    1.01   -0.26 (VIOLATED)
_68700_/A1                              0.75    1.01   -0.26 (VIOLATED)
_50080_/B                               0.75    1.01   -0.26 (VIOLATED)
ANTENNA__50080__B/DIODE                 0.75    1.01   -0.26 (VIOLATED)
_50079_/B                               0.75    1.01   -0.26 (VIOLATED)
_50083_/B                               0.75    1.01   -0.26 (VIOLATED)
ANTENNA__50079__B/DIODE                 0.75    1.01   -0.26 (VIOLATED)
ANTENNA__50083__B/DIODE                 0.75    1.01   -0.26 (VIOLATED)
_70252_/Q                               0.75    1.01   -0.26 (VIOLATED)
_50086_/B                               0.75    1.01   -0.26 (VIOLATED)
ANTENNA__50086__B/DIODE                 0.75    1.01   -0.26 (VIOLATED)
ANTENNA__50087__B/DIODE                 0.75    1.01   -0.26 (VIOLATED)
_50087_/B                               0.75    1.01   -0.26 (VIOLATED)
ANTENNA_wire459_A/DIODE                 0.75    1.00   -0.25 (VIOLATED)
wire459/A                               0.75    1.00   -0.25 (VIOLATED)
_68806_/Y                               0.75    1.00   -0.25 (VIOLATED)
_50076_/A2                              0.75    1.00   -0.25 (VIOLATED)
_50075_/A                               0.75    1.00   -0.25 (VIOLATED)
ANTENNA__50075__A/DIODE                 0.75    1.00   -0.25 (VIOLATED)
ANTENNA__50076__A2/DIODE                0.75    1.00   -0.25 (VIOLATED)
_50070_/B                               0.75    1.00   -0.25 (VIOLATED)
ANTENNA__50070__B/DIODE                 0.75    1.00   -0.25 (VIOLATED)
_50069_/Y                               0.75    1.00   -0.25 (VIOLATED)
output180/A                             0.75    1.00   -0.25 (VIOLATED)
ANTENNA_output180_A/DIODE               0.75    1.00   -0.25 (VIOLATED)
_69705_/A1                              0.75    1.00   -0.25 (VIOLATED)
ANTENNA__69705__A1/DIODE                0.75    1.00   -0.25 (VIOLATED)
_68759_/A                               0.75    1.00   -0.25 (VIOLATED)
ANTENNA__68759__A/DIODE                 0.75    1.00   -0.25 (VIOLATED)
ANTENNA__71872__D/DIODE                 0.75    1.00   -0.25 (VIOLATED)
_71872_/D                               0.75    1.00   -0.25 (VIOLATED)
_52649_/Y                               0.75    1.00   -0.25 (VIOLATED)
_68586_/A1                              0.75    1.00   -0.25 (VIOLATED)
ANTENNA__68586__A1/DIODE                0.75    1.00   -0.25 (VIOLATED)
_70198_/Q                               0.75    1.00   -0.25 (VIOLATED)
_68884_/B                               0.75    0.99   -0.24 (VIOLATED)
ANTENNA__68884__B/DIODE                 0.75    0.99   -0.24 (VIOLATED)
_69183_/A                               0.75    0.99   -0.24 (VIOLATED)
ANTENNA__69183__A/DIODE                 0.75    0.99   -0.24 (VIOLATED)
_68794_/A                               0.75    0.99   -0.24 (VIOLATED)
ANTENNA__68794__A/DIODE                 0.75    0.99   -0.24 (VIOLATED)
_69741_/B                               0.75    0.99   -0.24 (VIOLATED)
ANTENNA__69741__B/DIODE                 0.75    0.99   -0.24 (VIOLATED)
_69468_/A                               0.75    0.98   -0.23 (VIOLATED)
ANTENNA__69468__A/DIODE                 0.75    0.98   -0.23 (VIOLATED)
_68883_/X                               0.75    0.98   -0.23 (VIOLATED)
_69085_/A                               0.75    0.98   -0.23 (VIOLATED)
_35385_/A1                              0.75    0.98   -0.23 (VIOLATED)
_35369_/A                               0.75    0.98   -0.23 (VIOLATED)
ANTENNA__35369__A/DIODE                 0.75    0.98   -0.23 (VIOLATED)
ANTENNA__35385__A1/DIODE                0.75    0.98   -0.23 (VIOLATED)
_35363_/A1                              0.75    0.98   -0.23 (VIOLATED)
ANTENNA__35363__A1/DIODE                0.75    0.98   -0.23 (VIOLATED)
_35361_/A                               0.75    0.98   -0.23 (VIOLATED)
ANTENNA__35361__A/DIODE                 0.75    0.98   -0.23 (VIOLATED)
_68002_/B                               0.75    0.98   -0.23 (VIOLATED)
_67998_/B                               0.75    0.98   -0.23 (VIOLATED)
_67995_/B                               0.75    0.98   -0.23 (VIOLATED)
_68001_/B                               0.75    0.98   -0.23 (VIOLATED)
_67994_/B                               0.75    0.98   -0.23 (VIOLATED)
ANTENNA__67998__B/DIODE                 0.75    0.98   -0.23 (VIOLATED)
ANTENNA__67995__B/DIODE                 0.75    0.98   -0.23 (VIOLATED)
_35357_/Y                               0.75    0.98   -0.23 (VIOLATED)
ANTENNA__68002__B/DIODE                 0.75    0.98   -0.23 (VIOLATED)
ANTENNA__68001__B/DIODE                 0.75    0.98   -0.23 (VIOLATED)
ANTENNA__69085__A/DIODE                 0.75    0.98   -0.23 (VIOLATED)
ANTENNA__67994__B/DIODE                 0.75    0.98   -0.23 (VIOLATED)
_67985_/B                               0.75    0.98   -0.23 (VIOLATED)
_67991_/A2                              0.75    0.98   -0.23 (VIOLATED)
_67990_/A                               0.75    0.98   -0.23 (VIOLATED)
ANTENNA__67990__A/DIODE                 0.75    0.98   -0.23 (VIOLATED)
ANTENNA__67985__B/DIODE                 0.75    0.98   -0.23 (VIOLATED)
ANTENNA__67991__A2/DIODE                0.75    0.98   -0.23 (VIOLATED)
_67984_/Y                               0.75    0.97   -0.22 (VIOLATED)
_69142_/A                               0.75    0.97   -0.22 (VIOLATED)
ANTENNA__69142__A/DIODE                 0.75    0.97   -0.22 (VIOLATED)
_69434_/A                               0.75    0.97   -0.22 (VIOLATED)
ANTENNA__69434__A/DIODE                 0.75    0.97   -0.22 (VIOLATED)
_69707_/B                               0.75    0.97   -0.22 (VIOLATED)
ANTENNA__69707__B/DIODE                 0.75    0.97   -0.22 (VIOLATED)
_68846_/B                               0.75    0.97   -0.22 (VIOLATED)
ANTENNA__68846__B/DIODE                 0.75    0.97   -0.22 (VIOLATED)
_74303_/D                               0.75    0.97   -0.22 (VIOLATED)
ANTENNA__74303__D/DIODE                 0.75    0.97   -0.22 (VIOLATED)
_48253_/X                               0.75    0.97   -0.22 (VIOLATED)
_68845_/X                               0.75    0.97   -0.22 (VIOLATED)
output233/A                             0.75    0.96   -0.21 (VIOLATED)
ANTENNA_output233_A/DIODE               0.75    0.96   -0.21 (VIOLATED)
_69877_/D                               0.75    0.96   -0.21 (VIOLATED)
ANTENNA__69877__D/DIODE                 0.75    0.96   -0.21 (VIOLATED)
_49256_/Y                               0.75    0.96   -0.21 (VIOLATED)
_69872_/D                               0.75    0.96   -0.21 (VIOLATED)
ANTENNA__69872__D/DIODE                 0.75    0.96   -0.21 (VIOLATED)
_49094_/Y                               0.75    0.96   -0.21 (VIOLATED)
_45672_/A                               0.75    0.95   -0.20 (VIOLATED)
_45607_/A                               0.75    0.95   -0.20 (VIOLATED)
ANTENNA__45607__A/DIODE                 0.75    0.95   -0.20 (VIOLATED)
ANTENNA__45672__A/DIODE                 0.75    0.95   -0.20 (VIOLATED)
ANTENNA__45603__B/DIODE                 0.75    0.95   -0.20 (VIOLATED)
_45603_/B                               0.75    0.95   -0.20 (VIOLATED)
_45602_/Y                               0.75    0.95   -0.20 (VIOLATED)
output299/A                             0.75    0.95   -0.20 (VIOLATED)
ANTENNA_output299_A/DIODE               0.75    0.95   -0.20 (VIOLATED)
output167/A                             0.75    0.95   -0.20 (VIOLATED)
ANTENNA_output167_A/DIODE               0.75    0.95   -0.20 (VIOLATED)
ANTENNA__68561__A1/DIODE                0.75    0.94   -0.19 (VIOLATED)
_68561_/A1                              0.75    0.94   -0.19 (VIOLATED)
_70186_/Q                               0.75    0.94   -0.19 (VIOLATED)
_38642_/B                               0.75    0.94   -0.19 (VIOLATED)
_38645_/B                               0.75    0.94   -0.19 (VIOLATED)
_38638_/B                               0.75    0.94   -0.19 (VIOLATED)
_38646_/B                               0.75    0.94   -0.19 (VIOLATED)
ANTENNA__38646__B/DIODE                 0.75    0.94   -0.19 (VIOLATED)
_38639_/B                               0.75    0.94   -0.19 (VIOLATED)
ANTENNA__38642__B/DIODE                 0.75    0.94   -0.19 (VIOLATED)
ANTENNA__38639__B/DIODE                 0.75    0.94   -0.19 (VIOLATED)
ANTENNA__38645__B/DIODE                 0.75    0.94   -0.19 (VIOLATED)
ANTENNA__38638__B/DIODE                 0.75    0.94   -0.19 (VIOLATED)
_38634_/A                               0.75    0.94   -0.19 (VIOLATED)
_38635_/A2                              0.75    0.94   -0.19 (VIOLATED)
ANTENNA__38634__A/DIODE                 0.75    0.94   -0.19 (VIOLATED)
ANTENNA__38635__A2/DIODE                0.75    0.94   -0.19 (VIOLATED)
_38629_/B                               0.75    0.94   -0.19 (VIOLATED)
ANTENNA__38629__B/DIODE                 0.75    0.94   -0.19 (VIOLATED)
_38628_/Y                               0.75    0.94   -0.19 (VIOLATED)
ANTENNA__68099__A/DIODE                 0.75    0.93   -0.18 (VIOLATED)
_68099_/A                               0.75    0.93   -0.18 (VIOLATED)
ANTENNA__71878__D/DIODE                 0.75    0.93   -0.18 (VIOLATED)
_71878_/D                               0.75    0.93   -0.18 (VIOLATED)
_52828_/Y                               0.75    0.93   -0.18 (VIOLATED)
_68096_/A                               0.75    0.92   -0.17 (VIOLATED)
_74246_/D                               0.75    0.92   -0.17 (VIOLATED)
ANTENNA__74246__D/DIODE                 0.75    0.92   -0.17 (VIOLATED)
_47974_/Y                               0.75    0.92   -0.17 (VIOLATED)
ANTENNA__68685__A1/DIODE                0.75    0.92   -0.17 (VIOLATED)
_68685_/A1                              0.75    0.92   -0.17 (VIOLATED)
_70245_/Q                               0.75    0.92   -0.17 (VIOLATED)
_69968_/D                               0.75    0.92   -0.17 (VIOLATED)
ANTENNA__69968__D/DIODE                 0.75    0.92   -0.17 (VIOLATED)
_50186_/Y                               0.75    0.92   -0.17 (VIOLATED)
ANTENNA__68096__A/DIODE                 0.75    0.91   -0.16 (VIOLATED)
_68325_/A1                              0.75    0.90   -0.15 (VIOLATED)
ANTENNA__68325__A1/DIODE                0.75    0.90   -0.15 (VIOLATED)
_70074_/Q                               0.75    0.90   -0.15 (VIOLATED)
clkbuf_0_clk/A                          0.75    0.89   -0.14 (VIOLATED)
ANTENNA_clkbuf_0_clk_A/DIODE            0.75    0.89   -0.14 (VIOLATED)
clk                                     0.75    0.89   -0.14 (VIOLATED)
output252/A                             0.75    0.89   -0.14 (VIOLATED)
ANTENNA_output252_A/DIODE               0.75    0.89   -0.14 (VIOLATED)
_46764_/A                               0.75    0.88   -0.13 (VIOLATED)
_46699_/A                               0.75    0.88   -0.13 (VIOLATED)
ANTENNA__46764__A/DIODE                 0.75    0.88   -0.13 (VIOLATED)
ANTENNA__46699__A/DIODE                 0.75    0.88   -0.13 (VIOLATED)
ANTENNA__46695__B/DIODE                 0.75    0.88   -0.13 (VIOLATED)
_46694_/Y                               0.75    0.88   -0.13 (VIOLATED)
_46695_/B                               0.75    0.88   -0.13 (VIOLATED)
ANTENNA__74157__D/DIODE                 0.75    0.88   -0.13 (VIOLATED)
_74157_/D                               0.75    0.88   -0.13 (VIOLATED)
_46529_/Y                               0.75    0.88   -0.13 (VIOLATED)
_74253_/D                               0.75    0.87   -0.12 (VIOLATED)
ANTENNA__74253__D/DIODE                 0.75    0.87   -0.12 (VIOLATED)
_47618_/Y                               0.75    0.87   -0.12 (VIOLATED)
_69967_/D                               0.75    0.87   -0.12 (VIOLATED)
ANTENNA__69967__D/DIODE                 0.75    0.87   -0.12 (VIOLATED)
_50170_/Y                               0.75    0.87   -0.12 (VIOLATED)
_74155_/D                               0.75    0.87   -0.12 (VIOLATED)
ANTENNA__74155__D/DIODE                 0.75    0.87   -0.12 (VIOLATED)
_68748_/S                               0.75    0.87   -0.12 (VIOLATED)
_68757_/S                               0.75    0.87   -0.12 (VIOLATED)
ANTENNA__68757__S/DIODE                 0.75    0.87   -0.12 (VIOLATED)
ANTENNA__68748__S/DIODE                 0.75    0.87   -0.12 (VIOLATED)
ANTENNA__68760__S/DIODE                 0.75    0.87   -0.12 (VIOLATED)
_68754_/S                               0.75    0.87   -0.12 (VIOLATED)
_68751_/S                               0.75    0.87   -0.12 (VIOLATED)
ANTENNA__68751__S/DIODE                 0.75    0.87   -0.12 (VIOLATED)
_68760_/S                               0.75    0.87   -0.12 (VIOLATED)
ANTENNA__68754__S/DIODE                 0.75    0.87   -0.12 (VIOLATED)
_68739_/S                               0.75    0.87   -0.12 (VIOLATED)
ANTENNA__68739__S/DIODE                 0.75    0.87   -0.12 (VIOLATED)
_68742_/S                               0.75    0.87   -0.12 (VIOLATED)
ANTENNA__68742__S/DIODE                 0.75    0.87   -0.12 (VIOLATED)
_68745_/S                               0.75    0.87   -0.12 (VIOLATED)
ANTENNA__68745__S/DIODE                 0.75    0.87   -0.12 (VIOLATED)
_46447_/Y                               0.75    0.87   -0.12 (VIOLATED)
_68738_/Y                               0.75    0.87   -0.12 (VIOLATED)
ANTENNA__46813__B/DIODE                 0.75    0.87   -0.12 (VIOLATED)
_46813_/B                               0.75    0.87   -0.12 (VIOLATED)
ANTENNA__46806__B/DIODE                 0.75    0.87   -0.12 (VIOLATED)
_46810_/B                               0.75    0.87   -0.12 (VIOLATED)
_46806_/B                               0.75    0.87   -0.12 (VIOLATED)
ANTENNA__46810__B/DIODE                 0.75    0.87   -0.12 (VIOLATED)
_46814_/B                               0.75    0.87   -0.12 (VIOLATED)
ANTENNA__46814__B/DIODE                 0.75    0.87   -0.12 (VIOLATED)
_46807_/B                               0.75    0.87   -0.12 (VIOLATED)
ANTENNA__46807__B/DIODE                 0.75    0.87   -0.12 (VIOLATED)
ANTENNA__46802__A/DIODE                 0.75    0.87   -0.12 (VIOLATED)
_46802_/A                               0.75    0.87   -0.12 (VIOLATED)
_46803_/A2                              0.75    0.87   -0.12 (VIOLATED)
_46797_/B                               0.75    0.87   -0.12 (VIOLATED)
ANTENNA__46797__B/DIODE                 0.75    0.87   -0.12 (VIOLATED)
ANTENNA__46803__A2/DIODE                0.75    0.87   -0.12 (VIOLATED)
_46796_/Y                               0.75    0.87   -0.12 (VIOLATED)
_74305_/D                               0.75    0.86   -0.11 (VIOLATED)
ANTENNA__74305__D/DIODE                 0.75    0.86   -0.11 (VIOLATED)
_48331_/Y                               0.75    0.86   -0.11 (VIOLATED)
_73595_/D                               0.75    0.85   -0.10 (VIOLATED)
ANTENNA__73595__D/DIODE                 0.75    0.85   -0.10 (VIOLATED)
_39917_/Y                               0.75    0.85   -0.10 (VIOLATED)
_71821_/D                               0.75    0.85   -0.10 (VIOLATED)
ANTENNA__71821__D/DIODE                 0.75    0.85   -0.10 (VIOLATED)
_52240_/Y                               0.75    0.85   -0.10 (VIOLATED)
_68312_/S                               0.75    0.85   -0.10 (VIOLATED)
_68306_/S                               0.75    0.85   -0.10 (VIOLATED)
ANTENNA__68312__S/DIODE                 0.75    0.85   -0.10 (VIOLATED)
ANTENNA__68306__S/DIODE                 0.75    0.85   -0.10 (VIOLATED)
_68314_/S                               0.75    0.85   -0.10 (VIOLATED)
ANTENNA__68314__S/DIODE                 0.75    0.85   -0.10 (VIOLATED)
_74299_/D                               0.75    0.85   -0.10 (VIOLATED)
ANTENNA__74299__D/DIODE                 0.75    0.85   -0.10 (VIOLATED)
_48082_/Y                               0.75    0.85   -0.10 (VIOLATED)
_54441_/B                               0.75    0.84   -0.09 (VIOLATED)
ANTENNA__54441__B/DIODE                 0.75    0.84   -0.09 (VIOLATED)
ANTENNA__54453__A2/DIODE                0.75    0.84   -0.09 (VIOLATED)
_54453_/A2                              0.75    0.84   -0.09 (VIOLATED)
_54452_/A2                              0.75    0.84   -0.09 (VIOLATED)
ANTENNA__54452__A2/DIODE                0.75    0.84   -0.09 (VIOLATED)
ANTENNA__54451__A2/DIODE                0.75    0.84   -0.09 (VIOLATED)
_54451_/A2                              0.75    0.84   -0.09 (VIOLATED)
_54450_/A2                              0.75    0.84   -0.09 (VIOLATED)
ANTENNA__54450__A2/DIODE                0.75    0.84   -0.09 (VIOLATED)
_54449_/A2                              0.75    0.84   -0.09 (VIOLATED)
_54446_/A2                              0.75    0.84   -0.09 (VIOLATED)
_54448_/A2                              0.75    0.84   -0.09 (VIOLATED)
_54447_/A2                              0.75    0.84   -0.09 (VIOLATED)
ANTENNA__54447__A2/DIODE                0.75    0.84   -0.09 (VIOLATED)
ANTENNA__54448__A2/DIODE                0.75    0.84   -0.09 (VIOLATED)
ANTENNA__54446__A2/DIODE                0.75    0.84   -0.09 (VIOLATED)
ANTENNA__54449__A2/DIODE                0.75    0.84   -0.09 (VIOLATED)
_54440_/Y                               0.75    0.84   -0.09 (VIOLATED)
_68720_/A1                              0.75    0.84   -0.09 (VIOLATED)
ANTENNA__68720__A1/DIODE                0.75    0.84   -0.09 (VIOLATED)
_70262_/Q                               0.75    0.84   -0.09 (VIOLATED)
ANTENNA__68296__S/DIODE                 0.75    0.84   -0.09 (VIOLATED)
_68296_/S                               0.75    0.84   -0.09 (VIOLATED)
_74294_/D                               0.75    0.84   -0.09 (VIOLATED)
ANTENNA__74294__D/DIODE                 0.75    0.84   -0.09 (VIOLATED)
_48520_/Y                               0.75    0.84   -0.09 (VIOLATED)
_54936_/A2                              0.75    0.84   -0.09 (VIOLATED)
_54935_/A2                              0.75    0.84   -0.09 (VIOLATED)
ANTENNA__54936__A2/DIODE                0.75    0.84   -0.09 (VIOLATED)
ANTENNA__54935__A2/DIODE                0.75    0.84   -0.09 (VIOLATED)
_54934_/A2                              0.75    0.84   -0.09 (VIOLATED)
_54933_/A2                              0.75    0.84   -0.09 (VIOLATED)
ANTENNA__54933__A2/DIODE                0.75    0.84   -0.09 (VIOLATED)
ANTENNA__54934__A2/DIODE                0.75    0.84   -0.09 (VIOLATED)
_54932_/A2                              0.75    0.84   -0.09 (VIOLATED)
_54937_/A2                              0.75    0.84   -0.09 (VIOLATED)
_54930_/A2                              0.75    0.84   -0.09 (VIOLATED)
ANTENNA__54937__A2/DIODE                0.75    0.84   -0.09 (VIOLATED)
ANTENNA__54932__A2/DIODE                0.75    0.84   -0.09 (VIOLATED)
_54931_/A2                              0.75    0.84   -0.09 (VIOLATED)
ANTENNA__54930__A2/DIODE                0.75    0.84   -0.09 (VIOLATED)
ANTENNA__54931__A2/DIODE                0.75    0.84   -0.09 (VIOLATED)
_54925_/B                               0.75    0.84   -0.09 (VIOLATED)
ANTENNA__54925__B/DIODE                 0.75    0.84   -0.09 (VIOLATED)
_54924_/Y                               0.75    0.84   -0.09 (VIOLATED)
_72982_/D                               0.75    0.83   -0.08 (VIOLATED)
ANTENNA__72982__D/DIODE                 0.75    0.83   -0.08 (VIOLATED)
_66441_/Y                               0.75    0.83   -0.08 (VIOLATED)
_40830_/B                               0.75    0.83   -0.08 (VIOLATED)
ANTENNA__40829__B/DIODE                 0.75    0.83   -0.08 (VIOLATED)
ANTENNA__40830__B/DIODE                 0.75    0.83   -0.08 (VIOLATED)
_40829_/B                               0.75    0.83   -0.08 (VIOLATED)
_40826_/B                               0.75    0.83   -0.08 (VIOLATED)
_40823_/B                               0.75    0.83   -0.08 (VIOLATED)
_40822_/B                               0.75    0.83   -0.08 (VIOLATED)
ANTENNA__40826__B/DIODE                 0.75    0.83   -0.08 (VIOLATED)
ANTENNA__40822__B/DIODE                 0.75    0.83   -0.08 (VIOLATED)
ANTENNA__40823__B/DIODE                 0.75    0.83   -0.08 (VIOLATED)
_40818_/A                               0.75    0.83   -0.08 (VIOLATED)
ANTENNA__40818__A/DIODE                 0.75    0.83   -0.08 (VIOLATED)
_40813_/B                               0.75    0.83   -0.08 (VIOLATED)
ANTENNA__40819__A2/DIODE                0.75    0.83   -0.08 (VIOLATED)
ANTENNA__40813__B/DIODE                 0.75    0.83   -0.08 (VIOLATED)
_40819_/A2                              0.75    0.83   -0.08 (VIOLATED)
_40812_/Y                               0.75    0.83   -0.08 (VIOLATED)
ANTENNA__74254__D/DIODE                 0.75    0.83   -0.08 (VIOLATED)
_74254_/D                               0.75    0.83   -0.08 (VIOLATED)
_47666_/Y                               0.75    0.83   -0.08 (VIOLATED)
ANTENNA__68108__A/DIODE                 0.75    0.83   -0.08 (VIOLATED)
_68108_/A                               0.75    0.83   -0.08 (VIOLATED)
output237/A                             0.75    0.83   -0.08 (VIOLATED)
ANTENNA_output237_A/DIODE               0.75    0.83   -0.08 (VIOLATED)
ANTENNA__69845__D/DIODE                 0.75    0.82   -0.07 (VIOLATED)
_69845_/D                               0.75    0.82   -0.07 (VIOLATED)
_49023_/Y                               0.75    0.82   -0.07 (VIOLATED)
ANTENNA__68308__S/DIODE                 0.75    0.82   -0.07 (VIOLATED)
_68308_/S                               0.75    0.82   -0.07 (VIOLATED)
_74213_/D                               0.75    0.82   -0.07 (VIOLATED)
ANTENNA__74213__D/DIODE                 0.75    0.82   -0.07 (VIOLATED)
_47342_/Y                               0.75    0.82   -0.07 (VIOLATED)
ANTENNA__68310__S/DIODE                 0.75    0.81   -0.06 (VIOLATED)
_72993_/D                               0.75    0.81   -0.06 (VIOLATED)
ANTENNA__72993__D/DIODE                 0.75    0.81   -0.06 (VIOLATED)
_66252_/Y                               0.75    0.81   -0.06 (VIOLATED)
_68310_/S                               0.75    0.81   -0.06 (VIOLATED)
_74181_/D                               0.75    0.81   -0.06 (VIOLATED)
ANTENNA__74181__D/DIODE                 0.75    0.81   -0.06 (VIOLATED)
_46883_/Y                               0.75    0.81   -0.06 (VIOLATED)
_69895_/D                               0.75    0.81   -0.06 (VIOLATED)
ANTENNA__69895__D/DIODE                 0.75    0.81   -0.06 (VIOLATED)
_49581_/Y                               0.75    0.81   -0.06 (VIOLATED)
_69925_/D                               0.75    0.81   -0.06 (VIOLATED)
ANTENNA__69925__D/DIODE                 0.75    0.81   -0.06 (VIOLATED)
_49802_/Y                               0.75    0.81   -0.06 (VIOLATED)
ANTENNA__73642__D/DIODE                 0.75    0.80   -0.05 (VIOLATED)
_73642_/D                               0.75    0.80   -0.05 (VIOLATED)
_40432_/Y                               0.75    0.80   -0.05 (VIOLATED)
_48399_/A                               0.75    0.80   -0.05 (VIOLATED)
_48334_/A                               0.75    0.80   -0.05 (VIOLATED)
_48330_/B                               0.75    0.80   -0.05 (VIOLATED)
_48329_/Y                               0.75    0.80   -0.05 (VIOLATED)
_69870_/D                               0.75    0.80   -0.05 (VIOLATED)
ANTENNA__69870__D/DIODE                 0.75    0.80   -0.05 (VIOLATED)
_49612_/Y                               0.75    0.80   -0.05 (VIOLATED)
_72322_/D                               0.75    0.80   -0.05 (VIOLATED)
ANTENNA__72322__D/DIODE                 0.75    0.80   -0.05 (VIOLATED)
_58448_/Y                               0.75    0.80   -0.05 (VIOLATED)
output211/A                             0.75    0.80   -0.05 (VIOLATED)
ANTENNA_output211_A/DIODE               0.75    0.80   -0.05 (VIOLATED)
_68800_/A                               0.75    0.80   -0.05 (VIOLATED)
_68801_/S                               0.75    0.80   -0.05 (VIOLATED)
_68798_/S                               0.75    0.80   -0.05 (VIOLATED)
ANTENNA__68801__S/DIODE                 0.75    0.80   -0.05 (VIOLATED)
ANTENNA__68804__S/DIODE                 0.75    0.80   -0.05 (VIOLATED)
_68804_/S                               0.75    0.80   -0.05 (VIOLATED)
ANTENNA__68798__S/DIODE                 0.75    0.80   -0.05 (VIOLATED)
_68795_/S                               0.75    0.80   -0.05 (VIOLATED)
_68783_/S                               0.75    0.80   -0.05 (VIOLATED)
ANTENNA__68783__S/DIODE                 0.75    0.80   -0.05 (VIOLATED)
_68792_/S                               0.75    0.80   -0.05 (VIOLATED)
ANTENNA__68792__S/DIODE                 0.75    0.80   -0.05 (VIOLATED)
ANTENNA__68795__S/DIODE                 0.75    0.80   -0.05 (VIOLATED)
ANTENNA__68789__S/DIODE                 0.75    0.80   -0.05 (VIOLATED)
_68789_/S                               0.75    0.80   -0.05 (VIOLATED)
ANTENNA__68786__S/DIODE                 0.75    0.80   -0.05 (VIOLATED)
_68786_/S                               0.75    0.80   -0.05 (VIOLATED)
_68782_/Y                               0.75    0.80   -0.05 (VIOLATED)
ANTENNA__68800__A/DIODE                 0.75    0.80   -0.05 (VIOLATED)
ANTENNA__69771__A1/DIODE                0.75    0.80   -0.05 (VIOLATED)
_69771_/A1                              0.75    0.80   -0.05 (VIOLATED)
_72989_/D                               0.75    0.80   -0.05 (VIOLATED)
ANTENNA__72989__D/DIODE                 0.75    0.80   -0.05 (VIOLATED)
_66085_/Y                               0.75    0.80   -0.05 (VIOLATED)
output131/A                             0.75    0.80   -0.05 (VIOLATED)
ANTENNA_output131_A/DIODE               0.75    0.80   -0.05 (VIOLATED)
_68693_/A1                              0.75    0.80   -0.05 (VIOLATED)
ANTENNA__68693__A1/DIODE                0.75    0.80   -0.05 (VIOLATED)
_70249_/Q                               0.75    0.80   -0.05 (VIOLATED)
_74300_/D                               0.75    0.80   -0.05 (VIOLATED)
_48122_/Y                               0.75    0.80   -0.05 (VIOLATED)
ANTENNA__74295__D/DIODE                 0.75    0.80   -0.05 (VIOLATED)
_74295_/D                               0.75    0.80   -0.05 (VIOLATED)
_47986_/Y                               0.75    0.80   -0.05 (VIOLATED)
_68643_/A1                              0.75    0.80   -0.05 (VIOLATED)
ANTENNA__68643__A1/DIODE                0.75    0.80   -0.05 (VIOLATED)
_70225_/Q                               0.75    0.80   -0.05 (VIOLATED)
_74257_/D                               0.75    0.80   -0.05 (VIOLATED)
ANTENNA__74257__D/DIODE                 0.75    0.80   -0.05 (VIOLATED)
_47785_/Y                               0.75    0.80   -0.05 (VIOLATED)
_69884_/D                               0.75    0.79   -0.04 (VIOLATED)
ANTENNA__69884__D/DIODE                 0.75    0.79   -0.04 (VIOLATED)
_49515_/Y                               0.75    0.79   -0.04 (VIOLATED)
_69652_/A1                              0.75    0.79   -0.04 (VIOLATED)
ANTENNA__69652__A1/DIODE                0.75    0.79   -0.04 (VIOLATED)
_69933_/D                               0.75    0.79   -0.04 (VIOLATED)
_50072_/Y                               0.75    0.79   -0.04 (VIOLATED)
_69411_/A                               0.75    0.79   -0.04 (VIOLATED)
ANTENNA__69411__A/DIODE                 0.75    0.79   -0.04 (VIOLATED)
_69669_/A1                              0.75    0.78   -0.03 (VIOLATED)
ANTENNA__69669__A1/DIODE                0.75    0.78   -0.03 (VIOLATED)
ANTENNA__69160__A/DIODE                 0.75    0.78   -0.03 (VIOLATED)
_69160_/A                               0.75    0.78   -0.03 (VIOLATED)
_56432_/B                               0.75    0.78   -0.03 (VIOLATED)
_56462_/A2                              0.75    0.78   -0.03 (VIOLATED)
_56431_/Y                               0.75    0.78   -0.03 (VIOLATED)
_48995_/B                               0.75    0.78   -0.03 (VIOLATED)
_48988_/B                               0.75    0.78   -0.03 (VIOLATED)
_48994_/B                               0.75    0.78   -0.03 (VIOLATED)
ANTENNA__48995__B/DIODE                 0.75    0.78   -0.03 (VIOLATED)
ANTENNA__48994__B/DIODE                 0.75    0.78   -0.03 (VIOLATED)
_48991_/B                               0.75    0.78   -0.03 (VIOLATED)
_48987_/B                               0.75    0.78   -0.03 (VIOLATED)
ANTENNA__48987__B/DIODE                 0.75    0.78   -0.03 (VIOLATED)
ANTENNA__48988__B/DIODE                 0.75    0.78   -0.03 (VIOLATED)
ANTENNA__48991__B/DIODE                 0.75    0.78   -0.03 (VIOLATED)
ANTENNA__48983__A/DIODE                 0.75    0.78   -0.03 (VIOLATED)
_48983_/A                               0.75    0.78   -0.03 (VIOLATED)
ANTENNA__48978__B/DIODE                 0.75    0.78   -0.03 (VIOLATED)
_48978_/B                               0.75    0.78   -0.03 (VIOLATED)
_48984_/A2                              0.75    0.78   -0.03 (VIOLATED)
ANTENNA__48984__A2/DIODE                0.75    0.78   -0.03 (VIOLATED)
_48977_/Y                               0.75    0.78   -0.03 (VIOLATED)
ANTENNA__72991__D/DIODE                 0.75    0.78   -0.03 (VIOLATED)
_72991_/D                               0.75    0.78   -0.03 (VIOLATED)
_66174_/X                               0.75    0.78   -0.03 (VIOLATED)
ANTENNA__73638__D/DIODE                 0.75    0.78   -0.03 (VIOLATED)
_73638_/D                               0.75    0.78   -0.03 (VIOLATED)
_40901_/Y                               0.75    0.78   -0.03 (VIOLATED)
_74199_/D                               0.75    0.78   -0.03 (VIOLATED)
_46897_/Y                               0.75    0.78   -0.03 (VIOLATED)
_68135_/B                               0.75    0.78   -0.03 (VIOLATED)
ANTENNA__68135__B/DIODE                 0.75    0.78   -0.03 (VIOLATED)
_72320_/D                               0.75    0.78   -0.03 (VIOLATED)
ANTENNA__72320__D/DIODE                 0.75    0.78   -0.03 (VIOLATED)
_58399_/Y                               0.75    0.78   -0.03 (VIOLATED)
_69302_/A                               0.75    0.78   -0.03 (VIOLATED)
ANTENNA__69302__A/DIODE                 0.75    0.78   -0.03 (VIOLATED)
_69010_/A                               0.75    0.78   -0.03 (VIOLATED)
ANTENNA__69010__A/DIODE                 0.75    0.78   -0.03 (VIOLATED)
ANTENNA__69587__A/DIODE                 0.75    0.78   -0.03 (VIOLATED)
_69587_/A                               0.75    0.78   -0.03 (VIOLATED)
_68134_/X                               0.75    0.78   -0.03 (VIOLATED)
_69669_/S                               0.75    0.77   -0.02 (VIOLATED)
ANTENNA__69669__S/DIODE                 0.75    0.77   -0.02 (VIOLATED)
_69667_/S                               0.75    0.77   -0.02 (VIOLATED)
ANTENNA__69667__S/DIODE                 0.75    0.77   -0.02 (VIOLATED)
_69665_/S                               0.75    0.77   -0.02 (VIOLATED)
ANTENNA__69665__S/DIODE                 0.75    0.77   -0.02 (VIOLATED)
_69671_/S                               0.75    0.77   -0.02 (VIOLATED)
ANTENNA__69671__S/DIODE                 0.75    0.77   -0.02 (VIOLATED)
_69663_/S                               0.75    0.77   -0.02 (VIOLATED)
ANTENNA__69663__S/DIODE                 0.75    0.77   -0.02 (VIOLATED)
_69661_/S                               0.75    0.77   -0.02 (VIOLATED)
ANTENNA__69661__S/DIODE                 0.75    0.77   -0.02 (VIOLATED)
ANTENNA__69659__S/DIODE                 0.75    0.77   -0.02 (VIOLATED)
_69659_/S                               0.75    0.77   -0.02 (VIOLATED)
ANTENNA__69657__S/DIODE                 0.75    0.77   -0.02 (VIOLATED)
_69657_/S                               0.75    0.77   -0.02 (VIOLATED)
_69656_/Y                               0.75    0.77   -0.02 (VIOLATED)
_38092_/B                               0.75    0.77   -0.02 (VIOLATED)
ANTENNA__38092__B/DIODE                 0.75    0.77   -0.02 (VIOLATED)
_38100_/B                               0.75    0.77   -0.02 (VIOLATED)
_38096_/B                               0.75    0.77   -0.02 (VIOLATED)
ANTENNA__38100__B/DIODE                 0.75    0.77   -0.02 (VIOLATED)
ANTENNA__38096__B/DIODE                 0.75    0.77   -0.02 (VIOLATED)
ANTENNA__38099__B/DIODE                 0.75    0.77   -0.02 (VIOLATED)
_38099_/B                               0.75    0.77   -0.02 (VIOLATED)
ANTENNA__38093__B/DIODE                 0.75    0.77   -0.02 (VIOLATED)
_38093_/B                               0.75    0.77   -0.02 (VIOLATED)
_38083_/B                               0.75    0.77   -0.02 (VIOLATED)
ANTENNA__38083__B/DIODE                 0.75    0.77   -0.02 (VIOLATED)
_38089_/A2                              0.75    0.77   -0.02 (VIOLATED)
_38088_/A                               0.75    0.77   -0.02 (VIOLATED)
ANTENNA__38089__A2/DIODE                0.75    0.77   -0.02 (VIOLATED)
ANTENNA__38088__A/DIODE                 0.75    0.77   -0.02 (VIOLATED)
_38082_/Y                               0.75    0.77   -0.02 (VIOLATED)
_68298_/S                               0.75    0.77   -0.02 (VIOLATED)
ANTENNA__68298__S/DIODE                 0.75    0.77   -0.02 (VIOLATED)
_68300_/S                               0.75    0.77   -0.02 (VIOLATED)
ANTENNA__68300__S/DIODE                 0.75    0.77   -0.02 (VIOLATED)
_69852_/D                               0.75    0.77   -0.02 (VIOLATED)
ANTENNA__69852__D/DIODE                 0.75    0.77   -0.02 (VIOLATED)
_49060_/Y                               0.75    0.77   -0.02 (VIOLATED)
_64682_/A                               0.75    0.77   -0.02 (VIOLATED)
ANTENNA__64682__A/DIODE                 0.75    0.77   -0.02 (VIOLATED)
_64617_/A                               0.75    0.77   -0.02 (VIOLATED)
ANTENNA__64617__A/DIODE                 0.75    0.77   -0.02 (VIOLATED)
ANTENNA__64613__B/DIODE                 0.75    0.77   -0.02 (VIOLATED)
_64612_/Y                               0.75    0.77   -0.02 (VIOLATED)
_64613_/B                               0.75    0.77   -0.02 (VIOLATED)
_67954_/A2                              0.75    0.77   -0.02 (VIOLATED)
ANTENNA__67954__A2/DIODE                0.75    0.77   -0.02 (VIOLATED)
_67948_/B                               0.75    0.77   -0.02 (VIOLATED)
_67953_/A2                              0.75    0.77   -0.02 (VIOLATED)
ANTENNA__67953__A2/DIODE                0.75    0.77   -0.02 (VIOLATED)
ANTENNA__67948__B/DIODE                 0.75    0.77   -0.02 (VIOLATED)
_67947_/Y                               0.75    0.77   -0.02 (VIOLATED)
_68304_/S                               0.75    0.77   -0.02 (VIOLATED)
ANTENNA__68304__S/DIODE                 0.75    0.77   -0.02 (VIOLATED)
_69635_/S                               0.75    0.77   -0.02 (VIOLATED)
_69633_/S                               0.75    0.77   -0.02 (VIOLATED)
ANTENNA__69635__S/DIODE                 0.75    0.77   -0.02 (VIOLATED)
ANTENNA__69633__S/DIODE                 0.75    0.77   -0.02 (VIOLATED)
_69631_/S                               0.75    0.77   -0.02 (VIOLATED)
output181/A                             0.75    0.77   -0.02 (VIOLATED)
ANTENNA__69631__S/DIODE                 0.75    0.77   -0.02 (VIOLATED)
_69629_/S                               0.75    0.77   -0.02 (VIOLATED)
ANTENNA__69629__S/DIODE                 0.75    0.77   -0.02 (VIOLATED)
_69627_/S                               0.75    0.77   -0.02 (VIOLATED)
ANTENNA__69627__S/DIODE                 0.75    0.77   -0.02 (VIOLATED)
_69625_/S                               0.75    0.77   -0.02 (VIOLATED)
ANTENNA_output181_A/DIODE               0.75    0.77   -0.02 (VIOLATED)
_69637_/S                               0.75    0.77   -0.02 (VIOLATED)
ANTENNA__69625__S/DIODE                 0.75    0.77   -0.02 (VIOLATED)
ANTENNA__69637__S/DIODE                 0.75    0.77   -0.02 (VIOLATED)
_69623_/S                               0.75    0.77   -0.02 (VIOLATED)
ANTENNA__69623__S/DIODE                 0.75    0.77   -0.02 (VIOLATED)
_69622_/Y                               0.75    0.77   -0.02 (VIOLATED)
_69027_/A                               0.75    0.76   -0.01 (VIOLATED)
ANTENNA__69027__A/DIODE                 0.75    0.76   -0.01 (VIOLATED)
_69319_/A                               0.75    0.76   -0.01 (VIOLATED)
ANTENNA__69319__A/DIODE                 0.75    0.76   -0.01 (VIOLATED)
_68174_/B                               0.75    0.76   -0.01 (VIOLATED)
ANTENNA__68174__B/DIODE                 0.75    0.76   -0.01 (VIOLATED)
_69604_/A                               0.75    0.76   -0.01 (VIOLATED)
ANTENNA__69604__A/DIODE                 0.75    0.76   -0.01 (VIOLATED)
_68302_/S                               0.75    0.76   -0.01 (VIOLATED)
ANTENNA__68302__S/DIODE                 0.75    0.76   -0.01 (VIOLATED)
_68492_/A1                              0.75    0.76   -0.01 (VIOLATED)
ANTENNA__68492__A1/DIODE                0.75    0.76   -0.01 (VIOLATED)
_68173_/X                               0.75    0.76   -0.01 (VIOLATED)
_70153_/Q                               0.75    0.76   -0.01 (VIOLATED)
ANTENNA__74309__D/DIODE                 0.75    0.76   -0.01 (VIOLATED)
_74309_/D                               0.75    0.76   -0.01 (VIOLATED)
_48434_/Y                               0.75    0.76   -0.01 (VIOLATED)
output174/A                             0.75    0.76   -0.01 (VIOLATED)
ANTENNA_output174_A/DIODE               0.75    0.76   -0.01 (VIOLATED)
_74154_/D                               0.75    0.76   -0.01 (VIOLATED)
ANTENNA__74154__D/DIODE                 0.75    0.76   -0.01 (VIOLATED)
_46416_/Y                               0.75    0.76   -0.01 (VIOLATED)
_66362_/B                               0.75    0.76   -0.01 (VIOLATED)
ANTENNA__66362__B/DIODE                 0.75    0.76   -0.01 (VIOLATED)
_66370_/B                               0.75    0.76   -0.01 (VIOLATED)
_66363_/B                               0.75    0.76   -0.01 (VIOLATED)
_66366_/B                               0.75    0.76   -0.01 (VIOLATED)
ANTENNA__66363__B/DIODE                 0.75    0.76   -0.01 (VIOLATED)
ANTENNA__66370__B/DIODE                 0.75    0.76   -0.01 (VIOLATED)
ANTENNA__66366__B/DIODE                 0.75    0.76   -0.01 (VIOLATED)
_66369_/B                               0.75    0.76   -0.01 (VIOLATED)
ANTENNA__66369__B/DIODE                 0.75    0.76   -0.01 (VIOLATED)
_66358_/A                               0.75    0.76   -0.01 (VIOLATED)
ANTENNA__66358__A/DIODE                 0.75    0.76   -0.01 (VIOLATED)
_66353_/B                               0.75    0.76   -0.01 (VIOLATED)
ANTENNA__66353__B/DIODE                 0.75    0.76   -0.01 (VIOLATED)
ANTENNA__66359__A2/DIODE                0.75    0.76   -0.01 (VIOLATED)
_66359_/A2                              0.75    0.76   -0.01 (VIOLATED)
_66352_/Y                               0.75    0.76   -0.01 (VIOLATED)
_71873_/D                               0.75    0.76   -0.01 (VIOLATED)
ANTENNA__71873__D/DIODE                 0.75    0.76   -0.01 (VIOLATED)
_52663_/Y                               0.75    0.76   -0.01 (VIOLATED)
output246/A                             0.75    0.75   -0.00 (VIOLATED)
ANTENNA_output246_A/DIODE               0.75    0.75   -0.00 (VIOLATED)
_73697_/D                               0.75    0.75   -0.00 (VIOLATED)
ANTENNA__73697__D/DIODE                 0.75    0.75   -0.00 (VIOLATED)
_41252_/Y                               0.75    0.75   -0.00 (VIOLATED)
_68710_/A1                              0.75    0.75   -0.00 (VIOLATED)
ANTENNA__68710__A1/DIODE                0.75    0.75   -0.00 (VIOLATED)
_70257_/Q                               0.75    0.75   -0.00 (VIOLATED)
_74310_/D                               0.75    0.75   -0.00 (VIOLATED)
ANTENNA__74310__D/DIODE                 0.75    0.75   -0.00 (VIOLATED)
_48444_/X                               0.75    0.75   -0.00 (VIOLATED)
output135/A                             0.75    0.75   -0.00 (VIOLATED)
ANTENNA_output135_A/DIODE               0.75    0.75   -0.00 (VIOLATED)

max fanout

Pin                                   Limit Fanout  Slack
---------------------------------------------------------
clkbuf_6_48__f_clk/X                     10     28    -18 (VIOLATED)
clkbuf_6_32__f_clk/X                     10     26    -16 (VIOLATED)
clkbuf_6_34__f_clk/X                     10     26    -16 (VIOLATED)
clkbuf_6_37__f_clk/X                     10     26    -16 (VIOLATED)
clkbuf_6_46__f_clk/X                     10     26    -16 (VIOLATED)
clkbuf_6_53__f_clk/X                     10     26    -16 (VIOLATED)
_69073_/X                                10     24    -14 (VIOLATED)
clkbuf_6_15__f_clk/X                     10     24    -14 (VIOLATED)
clkbuf_6_54__f_clk/X                     10     24    -14 (VIOLATED)
clkbuf_6_55__f_clk/X                     10     24    -14 (VIOLATED)
clkbuf_leaf_235_clk/X                    10     24    -14 (VIOLATED)
_69145_/X                                10     22    -12 (VIOLATED)
clkbuf_6_23__f_clk/X                     10     22    -12 (VIOLATED)
clkbuf_6_36__f_clk/X                     10     22    -12 (VIOLATED)
clkbuf_6_40__f_clk/X                     10     22    -12 (VIOLATED)
clkbuf_6_47__f_clk/X                     10     22    -12 (VIOLATED)
clkbuf_6_52__f_clk/X                     10     22    -12 (VIOLATED)
clkbuf_6_62__f_clk/X                     10     22    -12 (VIOLATED)
clkbuf_6_63__f_clk/X                     10     22    -12 (VIOLATED)
clkbuf_6_8__f_clk/X                      10     22    -12 (VIOLATED)
_45261_/X                                10     21    -11 (VIOLATED)
_68780_/X                                10     21    -11 (VIOLATED)
_68803_/X                                10     21    -11 (VIOLATED)
clkbuf_leaf_197_clk/X                    10     21    -11 (VIOLATED)
clkbuf_leaf_363_clk/X                    10     21    -11 (VIOLATED)
clkbuf_leaf_364_clk/X                    10     21    -11 (VIOLATED)
clkbuf_leaf_522_clk/X                    10     21    -11 (VIOLATED)
_34926_/X                                10     20    -10 (VIOLATED)
_35441_/X                                10     20    -10 (VIOLATED)
_35473_/X                                10     20    -10 (VIOLATED)
_36453_/X                                10     20    -10 (VIOLATED)
_36468_/X                                10     20    -10 (VIOLATED)
_36469_/X                                10     20    -10 (VIOLATED)
_36999_/X                                10     20    -10 (VIOLATED)
_37015_/X                                10     20    -10 (VIOLATED)
_37085_/X                                10     20    -10 (VIOLATED)
_37164_/X                                10     20    -10 (VIOLATED)
_37630_/X                                10     20    -10 (VIOLATED)
_38088_/X                                10     20    -10 (VIOLATED)
_38104_/X                                10     20    -10 (VIOLATED)
_38634_/X                                10     20    -10 (VIOLATED)
_38650_/X                                10     20    -10 (VIOLATED)
_38720_/X                                10     20    -10 (VIOLATED)
_39180_/X                                10     20    -10 (VIOLATED)
_39196_/X                                10     20    -10 (VIOLATED)
_39268_/X                                10     20    -10 (VIOLATED)
_39277_/X                                10     20    -10 (VIOLATED)
_39292_/X                                10     20    -10 (VIOLATED)
_39294_/X                                10     20    -10 (VIOLATED)
_39726_/X                                10     20    -10 (VIOLATED)
_39742_/X                                10     20    -10 (VIOLATED)
_39921_/X                                10     20    -10 (VIOLATED)
_39923_/X                                10     20    -10 (VIOLATED)
_40360_/X                                10     20    -10 (VIOLATED)
_40408_/X                                10     20    -10 (VIOLATED)
_40818_/X                                10     20    -10 (VIOLATED)
_40833_/X                                10     20    -10 (VIOLATED)
_40834_/X                                10     20    -10 (VIOLATED)
_40906_/X                                10     20    -10 (VIOLATED)
_40915_/X                                10     20    -10 (VIOLATED)
_41362_/X                                10     20    -10 (VIOLATED)
_41369_/X                                10     20    -10 (VIOLATED)
_41370_/X                                10     20    -10 (VIOLATED)
_41993_/X                                10     20    -10 (VIOLATED)
_42016_/X                                10     20    -10 (VIOLATED)
_42450_/X                                10     20    -10 (VIOLATED)
_42465_/X                                10     20    -10 (VIOLATED)
_42466_/X                                10     20    -10 (VIOLATED)
_42535_/X                                10     20    -10 (VIOLATED)
_42564_/X                                10     20    -10 (VIOLATED)
_42977_/X                                10     20    -10 (VIOLATED)
_42978_/X                                10     20    -10 (VIOLATED)
_42979_/X                                10     20    -10 (VIOLATED)
_43068_/X                                10     20    -10 (VIOLATED)
_43542_/X                                10     20    -10 (VIOLATED)
_43614_/X                                10     20    -10 (VIOLATED)
_44072_/X                                10     20    -10 (VIOLATED)
_44088_/X                                10     20    -10 (VIOLATED)
_44160_/X                                10     20    -10 (VIOLATED)
_44184_/X                                10     20    -10 (VIOLATED)
_44269_/X                                10     20    -10 (VIOLATED)
_44706_/X                                10     20    -10 (VIOLATED)
_44714_/X                                10     20    -10 (VIOLATED)
_44730_/X                                10     20    -10 (VIOLATED)
_44815_/X                                10     20    -10 (VIOLATED)
_45164_/X                                10     20    -10 (VIOLATED)
_45252_/X                                10     20    -10 (VIOLATED)
_45276_/X                                10     20    -10 (VIOLATED)
_45710_/X                                10     20    -10 (VIOLATED)
_45725_/X                                10     20    -10 (VIOLATED)
_45726_/X                                10     20    -10 (VIOLATED)
_45798_/X                                10     20    -10 (VIOLATED)
_46344_/X                                10     20    -10 (VIOLATED)
_46802_/X                                10     20    -10 (VIOLATED)
_46817_/X                                10     20    -10 (VIOLATED)
_46818_/X                                10     20    -10 (VIOLATED)
_46899_/X                                10     20    -10 (VIOLATED)
_47346_/X                                10     20    -10 (VIOLATED)
_47353_/X                                10     20    -10 (VIOLATED)
_47354_/X                                10     20    -10 (VIOLATED)
_47429_/X                                10     20    -10 (VIOLATED)
_47431_/X                                10     20    -10 (VIOLATED)
_47433_/X                                10     20    -10 (VIOLATED)
_47457_/X                                10     20    -10 (VIOLATED)
_47907_/X                                10     20    -10 (VIOLATED)
_47979_/X                                10     20    -10 (VIOLATED)
_48437_/X                                10     20    -10 (VIOLATED)
_48453_/X                                10     20    -10 (VIOLATED)
_48525_/X                                10     20    -10 (VIOLATED)
_48632_/X                                10     20    -10 (VIOLATED)
_49079_/X                                10     20    -10 (VIOLATED)
_49095_/X                                10     20    -10 (VIOLATED)
_49529_/X                                10     20    -10 (VIOLATED)
_49545_/X                                10     20    -10 (VIOLATED)
_49617_/X                                10     20    -10 (VIOLATED)
_50075_/X                                10     20    -10 (VIOLATED)
_50090_/X                                10     20    -10 (VIOLATED)
_50091_/X                                10     20    -10 (VIOLATED)
_50160_/X                                10     20    -10 (VIOLATED)
_50687_/X                                10     20    -10 (VIOLATED)
_50689_/X                                10     20    -10 (VIOLATED)
_50695_/X                                10     20    -10 (VIOLATED)
_50713_/X                                10     20    -10 (VIOLATED)
_50727_/X                                10     20    -10 (VIOLATED)
_51076_/X                                10     20    -10 (VIOLATED)
_51078_/X                                10     20    -10 (VIOLATED)
_51084_/X                                10     20    -10 (VIOLATED)
_51172_/X                                10     20    -10 (VIOLATED)
_51854_/X                                10     20    -10 (VIOLATED)
_51862_/X                                10     20    -10 (VIOLATED)
_51880_/X                                10     20    -10 (VIOLATED)
_52243_/X                                10     20    -10 (VIOLATED)
_52245_/X                                10     20    -10 (VIOLATED)
_52251_/X                                10     20    -10 (VIOLATED)
_52269_/X                                10     20    -10 (VIOLATED)
_52632_/X                                10     20    -10 (VIOLATED)
_52634_/X                                10     20    -10 (VIOLATED)
_52640_/X                                10     20    -10 (VIOLATED)
_52658_/X                                10     20    -10 (VIOLATED)
_53021_/X                                10     20    -10 (VIOLATED)
_53023_/X                                10     20    -10 (VIOLATED)
_53029_/X                                10     20    -10 (VIOLATED)
_53047_/X                                10     20    -10 (VIOLATED)
_53061_/X                                10     20    -10 (VIOLATED)
_53117_/X                                10     20    -10 (VIOLATED)
_53410_/X                                10     20    -10 (VIOLATED)
_53508_/X                                10     20    -10 (VIOLATED)
_53816_/X                                10     20    -10 (VIOLATED)
_53817_/X                                10     20    -10 (VIOLATED)
_53818_/X                                10     20    -10 (VIOLATED)
_53819_/X                                10     20    -10 (VIOLATED)
_53838_/X                                10     20    -10 (VIOLATED)
_53841_/X                                10     20    -10 (VIOLATED)
_53860_/X                                10     20    -10 (VIOLATED)
_53863_/X                                10     20    -10 (VIOLATED)
_53882_/X                                10     20    -10 (VIOLATED)
_53885_/X                                10     20    -10 (VIOLATED)
_53904_/X                                10     20    -10 (VIOLATED)
_53907_/X                                10     20    -10 (VIOLATED)
_53926_/X                                10     20    -10 (VIOLATED)
_53929_/X                                10     20    -10 (VIOLATED)
_53973_/X                                10     20    -10 (VIOLATED)
_53975_/X                                10     20    -10 (VIOLATED)
_54459_/X                                10     20    -10 (VIOLATED)
_55530_/X                                10     20    -10 (VIOLATED)
_55908_/X                                10     20    -10 (VIOLATED)
_55909_/X                                10     20    -10 (VIOLATED)
_55911_/X                                10     20    -10 (VIOLATED)
_55912_/X                                10     20    -10 (VIOLATED)
_55920_/X                                10     20    -10 (VIOLATED)
_56395_/X                                10     20    -10 (VIOLATED)
_56404_/X                                10     20    -10 (VIOLATED)
_56418_/X                                10     20    -10 (VIOLATED)
_56498_/X                                10     20    -10 (VIOLATED)
_56879_/X                                10     20    -10 (VIOLATED)
_56902_/X                                10     20    -10 (VIOLATED)
_56982_/X                                10     20    -10 (VIOLATED)
_57848_/X                                10     20    -10 (VIOLATED)
_57955_/X                                10     20    -10 (VIOLATED)
_57957_/X                                10     20    -10 (VIOLATED)
_58400_/X                                10     20    -10 (VIOLATED)
_58834_/X                                10     20    -10 (VIOLATED)
_58904_/X                                10     20    -10 (VIOLATED)
_59896_/X                                10     20    -10 (VIOLATED)
_59963_/X                                10     20    -10 (VIOLATED)
_59971_/X                                10     20    -10 (VIOLATED)
_60072_/X                                10     20    -10 (VIOLATED)
_60518_/X                                10     20    -10 (VIOLATED)
_61022_/X                                10     20    -10 (VIOLATED)
_61030_/X                                10     20    -10 (VIOLATED)
_61553_/X                                10     20    -10 (VIOLATED)
_61561_/X                                10     20    -10 (VIOLATED)
_61660_/X                                10     20    -10 (VIOLATED)
_62081_/X                                10     20    -10 (VIOLATED)
_62190_/X                                10     20    -10 (VIOLATED)
_62539_/X                                10     20    -10 (VIOLATED)
_62555_/X                                10     20    -10 (VIOLATED)
_62734_/X                                10     20    -10 (VIOLATED)
_63083_/X                                10     20    -10 (VIOLATED)
_63178_/X                                10     20    -10 (VIOLATED)
_63194_/X                                10     20    -10 (VIOLATED)
_63277_/X                                10     20    -10 (VIOLATED)
_63740_/X                                10     20    -10 (VIOLATED)
_64174_/X                                10     20    -10 (VIOLATED)
_65282_/X                                10     20    -10 (VIOLATED)
_65812_/X                                10     20    -10 (VIOLATED)
_65828_/X                                10     20    -10 (VIOLATED)
_65897_/X                                10     20    -10 (VIOLATED)
_65908_/X                                10     20    -10 (VIOLATED)
_66007_/X                                10     20    -10 (VIOLATED)
_66358_/X                                10     20    -10 (VIOLATED)
_66454_/X                                10     20    -10 (VIOLATED)
_66470_/X                                10     20    -10 (VIOLATED)
_66523_/X                                10     20    -10 (VIOLATED)
_66902_/X                                10     20    -10 (VIOLATED)
_66910_/X                                10     20    -10 (VIOLATED)
_66989_/X                                10     20    -10 (VIOLATED)
_67013_/X                                10     20    -10 (VIOLATED)
_67445_/X                                10     20    -10 (VIOLATED)
_67556_/X                                10     20    -10 (VIOLATED)
_67990_/X                                10     20    -10 (VIOLATED)
_68006_/X                                10     20    -10 (VIOLATED)
_68084_/X                                10     20    -10 (VIOLATED)
_68090_/X                                10     20    -10 (VIOLATED)
_68093_/X                                10     20    -10 (VIOLATED)
_68096_/X                                10     20    -10 (VIOLATED)
_68099_/X                                10     20    -10 (VIOLATED)
_68102_/X                                10     20    -10 (VIOLATED)
_68105_/X                                10     20    -10 (VIOLATED)
_68108_/X                                10     20    -10 (VIOLATED)
_68111_/X                                10     20    -10 (VIOLATED)
_68171_/X                                10     20    -10 (VIOLATED)
_68209_/X                                10     20    -10 (VIOLATED)
_68210_/X                                10     20    -10 (VIOLATED)
_68231_/X                                10     20    -10 (VIOLATED)
_68252_/X                                10     20    -10 (VIOLATED)
_68273_/X                                10     20    -10 (VIOLATED)
_68274_/X                                10     20    -10 (VIOLATED)
_68295_/X                                10     20    -10 (VIOLATED)
_68316_/X                                10     20    -10 (VIOLATED)
_68337_/X                                10     20    -10 (VIOLATED)
_68358_/X                                10     20    -10 (VIOLATED)
_68379_/X                                10     20    -10 (VIOLATED)
_68400_/X                                10     20    -10 (VIOLATED)
_68421_/X                                10     20    -10 (VIOLATED)
_68442_/X                                10     20    -10 (VIOLATED)
_68463_/X                                10     20    -10 (VIOLATED)
_68484_/X                                10     20    -10 (VIOLATED)
_68485_/X                                10     20    -10 (VIOLATED)
_68506_/X                                10     20    -10 (VIOLATED)
_68527_/X                                10     20    -10 (VIOLATED)
_68548_/X                                10     20    -10 (VIOLATED)
_68569_/X                                10     20    -10 (VIOLATED)
_68590_/X                                10     20    -10 (VIOLATED)
_68611_/X                                10     20    -10 (VIOLATED)
_68632_/X                                10     20    -10 (VIOLATED)
_68653_/X                                10     20    -10 (VIOLATED)
_68674_/X                                10     20    -10 (VIOLATED)
_68734_/X                                10     20    -10 (VIOLATED)
_68741_/X                                10     20    -10 (VIOLATED)
_68744_/X                                10     20    -10 (VIOLATED)
_68747_/X                                10     20    -10 (VIOLATED)
_68750_/X                                10     20    -10 (VIOLATED)
_68753_/X                                10     20    -10 (VIOLATED)
_68756_/X                                10     20    -10 (VIOLATED)
_68759_/X                                10     20    -10 (VIOLATED)
_68785_/X                                10     20    -10 (VIOLATED)
_68788_/X                                10     20    -10 (VIOLATED)
_68791_/X                                10     20    -10 (VIOLATED)
_68794_/X                                10     20    -10 (VIOLATED)
_68797_/X                                10     20    -10 (VIOLATED)
_68800_/X                                10     20    -10 (VIOLATED)
_68807_/X                                10     20    -10 (VIOLATED)
_69063_/X                                10     20    -10 (VIOLATED)
_69067_/X                                10     20    -10 (VIOLATED)
_69070_/X                                10     20    -10 (VIOLATED)
_69076_/X                                10     20    -10 (VIOLATED)
_69079_/X                                10     20    -10 (VIOLATED)
_69082_/X                                10     20    -10 (VIOLATED)
_69085_/X                                10     20    -10 (VIOLATED)
_69106_/X                                10     20    -10 (VIOLATED)
_69141_/X                                10     20    -10 (VIOLATED)
_69148_/X                                10     20    -10 (VIOLATED)
_69151_/X                                10     20    -10 (VIOLATED)
_69154_/X                                10     20    -10 (VIOLATED)
_69157_/X                                10     20    -10 (VIOLATED)
_69160_/X                                10     20    -10 (VIOLATED)
_69163_/X                                10     20    -10 (VIOLATED)
_69390_/X                                10     20    -10 (VIOLATED)
_69392_/X                                10     20    -10 (VIOLATED)
_69396_/X                                10     20    -10 (VIOLATED)
_69399_/X                                10     20    -10 (VIOLATED)
_69402_/X                                10     20    -10 (VIOLATED)
_69405_/X                                10     20    -10 (VIOLATED)
_69408_/X                                10     20    -10 (VIOLATED)
_69411_/X                                10     20    -10 (VIOLATED)
_69414_/X                                10     20    -10 (VIOLATED)
_69861_/Q                                10     20    -10 (VIOLATED)
_69909_/Q                                10     20    -10 (VIOLATED)
_71469_/Q                                10     20    -10 (VIOLATED)
_71501_/Q                                10     20    -10 (VIOLATED)
_71541_/Q                                10     20    -10 (VIOLATED)
_71589_/Q                                10     20    -10 (VIOLATED)
_71645_/Q                                10     20    -10 (VIOLATED)
_71709_/Q                                10     20    -10 (VIOLATED)
_71957_/Q                                10     20    -10 (VIOLATED)
_72309_/Q                                10     20    -10 (VIOLATED)
_72357_/Q                                10     20    -10 (VIOLATED)
_72405_/Q                                10     20    -10 (VIOLATED)
_72453_/Q                                10     20    -10 (VIOLATED)
_72501_/Q                                10     20    -10 (VIOLATED)
_72549_/Q                                10     20    -10 (VIOLATED)
_72685_/Q                                10     20    -10 (VIOLATED)
_72733_/Q                                10     20    -10 (VIOLATED)
_72781_/Q                                10     20    -10 (VIOLATED)
_72829_/Q                                10     20    -10 (VIOLATED)
_72877_/Q                                10     20    -10 (VIOLATED)
_72925_/Q                                10     20    -10 (VIOLATED)
_73061_/Q                                10     20    -10 (VIOLATED)
_73109_/Q                                10     20    -10 (VIOLATED)
_73156_/Q                                10     20    -10 (VIOLATED)
_73205_/Q                                10     20    -10 (VIOLATED)
_73301_/Q                                10     20    -10 (VIOLATED)
_73485_/Q                                10     20    -10 (VIOLATED)
_73533_/Q                                10     20    -10 (VIOLATED)
_73581_/Q                                10     20    -10 (VIOLATED)
_73584_/Q                                10     20    -10 (VIOLATED)
_73629_/Q                                10     20    -10 (VIOLATED)
_73677_/Q                                10     20    -10 (VIOLATED)
_73861_/Q                                10     20    -10 (VIOLATED)
_73957_/Q                                10     20    -10 (VIOLATED)
_74005_/Q                                10     20    -10 (VIOLATED)
_74237_/Q                                10     20    -10 (VIOLATED)
_74285_/Q                                10     20    -10 (VIOLATED)
clkbuf_6_10__f_clk/X                     10     20    -10 (VIOLATED)
clkbuf_6_31__f_clk/X                     10     20    -10 (VIOLATED)
clkbuf_6_41__f_clk/X                     10     20    -10 (VIOLATED)
clkbuf_6_4__f_clk/X                      10     20    -10 (VIOLATED)
clkbuf_6_50__f_clk/X                     10     20    -10 (VIOLATED)
clkbuf_6_56__f_clk/X                     10     20    -10 (VIOLATED)
clkbuf_6_59__f_clk/X                     10     20    -10 (VIOLATED)
clkbuf_6_60__f_clk/X                     10     20    -10 (VIOLATED)
clkbuf_6_7__f_clk/X                      10     20    -10 (VIOLATED)
clkbuf_leaf_242_clk/X                    10     20    -10 (VIOLATED)
fanout1002/X                             10     20    -10 (VIOLATED)
fanout1009/X                             10     20    -10 (VIOLATED)
fanout1012/X                             10     20    -10 (VIOLATED)
fanout1046/X                             10     20    -10 (VIOLATED)
fanout461/X                              10     20    -10 (VIOLATED)
fanout464/X                              10     20    -10 (VIOLATED)
fanout500/X                              10     20    -10 (VIOLATED)
fanout507/X                              10     20    -10 (VIOLATED)
fanout509/X                              10     20    -10 (VIOLATED)
fanout536/X                              10     20    -10 (VIOLATED)
fanout556/X                              10     20    -10 (VIOLATED)
fanout561/X                              10     20    -10 (VIOLATED)
fanout601/X                              10     20    -10 (VIOLATED)
fanout602/X                              10     20    -10 (VIOLATED)
fanout607/X                              10     20    -10 (VIOLATED)
fanout609/X                              10     20    -10 (VIOLATED)
fanout610/X                              10     20    -10 (VIOLATED)
fanout613/X                              10     20    -10 (VIOLATED)
fanout629/X                              10     20    -10 (VIOLATED)
fanout632/X                              10     20    -10 (VIOLATED)
fanout635/X                              10     20    -10 (VIOLATED)
fanout650/X                              10     20    -10 (VIOLATED)
fanout671/X                              10     20    -10 (VIOLATED)
fanout682/X                              10     20    -10 (VIOLATED)
fanout683/X                              10     20    -10 (VIOLATED)
fanout686/X                              10     20    -10 (VIOLATED)
fanout699/X                              10     20    -10 (VIOLATED)
fanout705/X                              10     20    -10 (VIOLATED)
fanout708/X                              10     20    -10 (VIOLATED)
fanout709/X                              10     20    -10 (VIOLATED)
fanout711/X                              10     20    -10 (VIOLATED)
fanout721/X                              10     20    -10 (VIOLATED)
fanout751/X                              10     20    -10 (VIOLATED)
fanout752/X                              10     20    -10 (VIOLATED)
fanout771/X                              10     20    -10 (VIOLATED)
fanout779/X                              10     20    -10 (VIOLATED)
fanout780/X                              10     20    -10 (VIOLATED)
fanout785/X                              10     20    -10 (VIOLATED)
fanout801/X                              10     20    -10 (VIOLATED)
fanout826/X                              10     20    -10 (VIOLATED)
fanout834/X                              10     20    -10 (VIOLATED)
fanout838/X                              10     20    -10 (VIOLATED)
fanout845/X                              10     20    -10 (VIOLATED)
fanout846/X                              10     20    -10 (VIOLATED)
fanout847/X                              10     20    -10 (VIOLATED)
fanout856/X                              10     20    -10 (VIOLATED)
fanout866/X                              10     20    -10 (VIOLATED)
fanout884/X                              10     20    -10 (VIOLATED)
fanout886/X                              10     20    -10 (VIOLATED)
fanout920/X                              10     20    -10 (VIOLATED)
fanout937/X                              10     20    -10 (VIOLATED)
fanout938/X                              10     20    -10 (VIOLATED)
fanout953/X                              10     20    -10 (VIOLATED)
fanout957/X                              10     20    -10 (VIOLATED)
fanout993/X                              10     20    -10 (VIOLATED)
input74/X                                10     20    -10 (VIOLATED)
input75/X                                10     20    -10 (VIOLATED)
input76/X                                10     20    -10 (VIOLATED)
input77/X                                10     20    -10 (VIOLATED)
input78/X                                10     20    -10 (VIOLATED)
input79/X                                10     20    -10 (VIOLATED)
input80/X                                10     20    -10 (VIOLATED)
input81/X                                10     20    -10 (VIOLATED)
clkbuf_leaf_25_clk/X                     10     19     -9 (VIOLATED)
clkbuf_leaf_282_clk/X                    10     19     -9 (VIOLATED)
_35346_/X                                10     18     -8 (VIOLATED)
_54440_/Y                                10     18     -8 (VIOLATED)
_54924_/Y                                10     18     -8 (VIOLATED)
_56376_/Y                                10     18     -8 (VIOLATED)
_56860_/Y                                10     18     -8 (VIOLATED)
_71424_/Q                                10     18     -8 (VIOLATED)
_71428_/Q                                10     18     -8 (VIOLATED)
_71438_/Q                                10     18     -8 (VIOLATED)
_71444_/Q                                10     18     -8 (VIOLATED)
_71728_/Q                                10     18     -8 (VIOLATED)
_71732_/Q                                10     18     -8 (VIOLATED)
_71760_/Q                                10     18     -8 (VIOLATED)
_71764_/Q                                10     18     -8 (VIOLATED)
_71796_/Q                                10     18     -8 (VIOLATED)
_71860_/Q                                10     18     -8 (VIOLATED)
_71888_/Q                                10     18     -8 (VIOLATED)
_71892_/Q                                10     18     -8 (VIOLATED)
_71982_/Q                                10     18     -8 (VIOLATED)
_71986_/Q                                10     18     -8 (VIOLATED)
_71988_/Q                                10     18     -8 (VIOLATED)
_72022_/Q                                10     18     -8 (VIOLATED)
_72026_/Q                                10     18     -8 (VIOLATED)
_72028_/Q                                10     18     -8 (VIOLATED)
_72062_/Q                                10     18     -8 (VIOLATED)
_72066_/Q                                10     18     -8 (VIOLATED)
_72068_/Q                                10     18     -8 (VIOLATED)
_72102_/Q                                10     18     -8 (VIOLATED)
_72106_/Q                                10     18     -8 (VIOLATED)
_72108_/Q                                10     18     -8 (VIOLATED)
_72142_/Q                                10     18     -8 (VIOLATED)
_72146_/Q                                10     18     -8 (VIOLATED)
_72148_/Q                                10     18     -8 (VIOLATED)
_72182_/Q                                10     18     -8 (VIOLATED)
_72186_/Q                                10     18     -8 (VIOLATED)
_72188_/Q                                10     18     -8 (VIOLATED)
_72317_/Q                                10     18     -8 (VIOLATED)
_72413_/Q                                10     18     -8 (VIOLATED)
_72509_/Q                                10     18     -8 (VIOLATED)
_72597_/Q                                10     18     -8 (VIOLATED)
_72693_/Q                                10     18     -8 (VIOLATED)
_72789_/Q                                10     18     -8 (VIOLATED)
_73157_/Q                                10     18     -8 (VIOLATED)
_73309_/Q                                10     18     -8 (VIOLATED)
_73445_/Q                                10     18     -8 (VIOLATED)
_73493_/Q                                10     18     -8 (VIOLATED)
_73637_/Q                                10     18     -8 (VIOLATED)
_73685_/Q                                10     18     -8 (VIOLATED)
_73806_/Q                                10     18     -8 (VIOLATED)
_73821_/Q                                10     18     -8 (VIOLATED)
_74061_/Q                                10     18     -8 (VIOLATED)
_74101_/Q                                10     18     -8 (VIOLATED)
clkbuf_6_12__f_clk/X                     10     18     -8 (VIOLATED)
clkbuf_6_18__f_clk/X                     10     18     -8 (VIOLATED)
clkbuf_6_20__f_clk/X                     10     18     -8 (VIOLATED)
clkbuf_6_22__f_clk/X                     10     18     -8 (VIOLATED)
clkbuf_6_24__f_clk/X                     10     18     -8 (VIOLATED)
clkbuf_6_2__f_clk/X                      10     18     -8 (VIOLATED)
clkbuf_6_33__f_clk/X                     10     18     -8 (VIOLATED)
clkbuf_6_44__f_clk/X                     10     18     -8 (VIOLATED)
clkbuf_6_49__f_clk/X                     10     18     -8 (VIOLATED)
clkbuf_6_58__f_clk/X                     10     18     -8 (VIOLATED)
clkbuf_6_5__f_clk/X                      10     18     -8 (VIOLATED)
clkbuf_leaf_185_clk/X                    10     18     -8 (VIOLATED)
clkbuf_leaf_202_clk/X                    10     18     -8 (VIOLATED)
clkbuf_leaf_471_clk/X                    10     18     -8 (VIOLATED)
clkbuf_leaf_550_clk/X                    10     18     -8 (VIOLATED)
clkbuf_leaf_555_clk/X                    10     18     -8 (VIOLATED)
fanout482/X                              10     18     -8 (VIOLATED)
fanout597/X                              10     18     -8 (VIOLATED)
fanout617/X                              10     18     -8 (VIOLATED)
fanout681/X                              10     18     -8 (VIOLATED)
fanout729/X                              10     18     -8 (VIOLATED)
fanout762/X                              10     18     -8 (VIOLATED)
fanout773/X                              10     18     -8 (VIOLATED)
fanout775/X                              10     18     -8 (VIOLATED)
fanout781/X                              10     18     -8 (VIOLATED)
fanout798/X                              10     18     -8 (VIOLATED)
fanout853/X                              10     18     -8 (VIOLATED)
fanout875/X                              10     18     -8 (VIOLATED)
fanout878/X                              10     18     -8 (VIOLATED)
fanout896/X                              10     18     -8 (VIOLATED)
fanout899/X                              10     18     -8 (VIOLATED)
fanout923/X                              10     18     -8 (VIOLATED)
fanout947/X                              10     18     -8 (VIOLATED)
fanout961/X                              10     18     -8 (VIOLATED)
wire341/X                                10     18     -8 (VIOLATED)
_63212_/Y                                10     17     -7 (VIOLATED)
clkbuf_leaf_105_clk/X                    10     17     -7 (VIOLATED)
clkbuf_leaf_154_clk/X                    10     17     -7 (VIOLATED)
clkbuf_leaf_238_clk/X                    10     17     -7 (VIOLATED)
clkbuf_leaf_254_clk/X                    10     17     -7 (VIOLATED)
clkbuf_leaf_362_clk/X                    10     17     -7 (VIOLATED)
clkbuf_leaf_398_clk/X                    10     17     -7 (VIOLATED)
clkbuf_leaf_453_clk/X                    10     17     -7 (VIOLATED)
_36447_/Y                                10     16     -6 (VIOLATED)
_36993_/Y                                10     16     -6 (VIOLATED)
_38082_/Y                                10     16     -6 (VIOLATED)
_38628_/Y                                10     16     -6 (VIOLATED)
_39174_/Y                                10     16     -6 (VIOLATED)
_40812_/Y                                10     16     -6 (VIOLATED)
_41354_/X                                10     16     -6 (VIOLATED)
_42444_/Y                                10     16     -6 (VIOLATED)
_42976_/X                                10     16     -6 (VIOLATED)
_43520_/Y                                10     16     -6 (VIOLATED)
_44612_/Y                                10     16     -6 (VIOLATED)
_45158_/Y                                10     16     -6 (VIOLATED)
_45704_/Y                                10     16     -6 (VIOLATED)
_46250_/Y                                10     16     -6 (VIOLATED)
_46796_/Y                                10     16     -6 (VIOLATED)
_47338_/X                                10     16     -6 (VIOLATED)
_48977_/Y                                10     16     -6 (VIOLATED)
_50069_/Y                                10     16     -6 (VIOLATED)
_62533_/Y                                10     16     -6 (VIOLATED)
_63075_/X                                10     16     -6 (VIOLATED)
_64168_/Y                                10     16     -6 (VIOLATED)
_64714_/Y                                10     16     -6 (VIOLATED)
_66352_/Y                                10     16     -6 (VIOLATED)
_66894_/X                                10     16     -6 (VIOLATED)
_67437_/X                                10     16     -6 (VIOLATED)
_67984_/Y                                10     16     -6 (VIOLATED)
_68117_/Y                                10     16     -6 (VIOLATED)
_68135_/Y                                10     16     -6 (VIOLATED)
_68174_/Y                                10     16     -6 (VIOLATED)
_68738_/Y                                10     16     -6 (VIOLATED)
_68763_/Y                                10     16     -6 (VIOLATED)
_68782_/Y                                10     16     -6 (VIOLATED)
_68828_/Y                                10     16     -6 (VIOLATED)
_68866_/X                                10     16     -6 (VIOLATED)
_68884_/Y                                10     16     -6 (VIOLATED)
_68902_/Y                                10     16     -6 (VIOLATED)
_68958_/Y                                10     16     -6 (VIOLATED)
_68993_/Y                                10     16     -6 (VIOLATED)
_69010_/Y                                10     16     -6 (VIOLATED)
_69027_/Y                                10     16     -6 (VIOLATED)
_69046_/Y                                10     16     -6 (VIOLATED)
_69124_/Y                                10     16     -6 (VIOLATED)
_69183_/Y                                10     16     -6 (VIOLATED)
_69234_/Y                                10     16     -6 (VIOLATED)
_69319_/Y                                10     16     -6 (VIOLATED)
_69339_/Y                                10     16     -6 (VIOLATED)
_69373_/Y                                10     16     -6 (VIOLATED)
_69417_/Y                                10     16     -6 (VIOLATED)
_69485_/Y                                10     16     -6 (VIOLATED)
_69502_/Y                                10     16     -6 (VIOLATED)
_69519_/Y                                10     16     -6 (VIOLATED)
_69536_/Y                                10     16     -6 (VIOLATED)
_69553_/Y                                10     16     -6 (VIOLATED)
_69622_/Y                                10     16     -6 (VIOLATED)
_69656_/Y                                10     16     -6 (VIOLATED)
_69673_/Y                                10     16     -6 (VIOLATED)
_69690_/Y                                10     16     -6 (VIOLATED)
_69707_/Y                                10     16     -6 (VIOLATED)
_69724_/Y                                10     16     -6 (VIOLATED)
_69741_/Y                                10     16     -6 (VIOLATED)
_69792_/Y                                10     16     -6 (VIOLATED)
_69854_/Q                                10     16     -6 (VIOLATED)
_69857_/Q                                10     16     -6 (VIOLATED)
_69858_/Q                                10     16     -6 (VIOLATED)
_69902_/Q                                10     16     -6 (VIOLATED)
_69906_/Q                                10     16     -6 (VIOLATED)
_71439_/Q                                10     16     -6 (VIOLATED)
_71443_/Q                                10     16     -6 (VIOLATED)
_71465_/Q                                10     16     -6 (VIOLATED)
_71466_/Q                                10     16     -6 (VIOLATED)
_71494_/Q                                10     16     -6 (VIOLATED)
_71497_/Q                                10     16     -6 (VIOLATED)
_71498_/Q                                10     16     -6 (VIOLATED)
_71534_/Q                                10     16     -6 (VIOLATED)
_71537_/Q                                10     16     -6 (VIOLATED)
_71538_/Q                                10     16     -6 (VIOLATED)
_71582_/Q                                10     16     -6 (VIOLATED)
_71586_/Q                                10     16     -6 (VIOLATED)
_71638_/Q                                10     16     -6 (VIOLATED)
_71641_/Q                                10     16     -6 (VIOLATED)
_71642_/Q                                10     16     -6 (VIOLATED)
_71702_/Q                                10     16     -6 (VIOLATED)
_71706_/Q                                10     16     -6 (VIOLATED)
_71731_/Q                                10     16     -6 (VIOLATED)
_71763_/Q                                10     16     -6 (VIOLATED)
_71795_/Q                                10     16     -6 (VIOLATED)
_71891_/Q                                10     16     -6 (VIOLATED)
_71925_/Q                                10     16     -6 (VIOLATED)
_71983_/Q                                10     16     -6 (VIOLATED)
_71987_/Q                                10     16     -6 (VIOLATED)
_72023_/Q                                10     16     -6 (VIOLATED)
_72027_/Q                                10     16     -6 (VIOLATED)
_72063_/Q                                10     16     -6 (VIOLATED)
_72067_/Q                                10     16     -6 (VIOLATED)
_72103_/Q                                10     16     -6 (VIOLATED)
_72107_/Q                                10     16     -6 (VIOLATED)
_72143_/Q                                10     16     -6 (VIOLATED)
_72147_/Q                                10     16     -6 (VIOLATED)
_72183_/Q                                10     16     -6 (VIOLATED)
_72187_/Q                                10     16     -6 (VIOLATED)
_72302_/Q                                10     16     -6 (VIOLATED)
_72306_/Q                                10     16     -6 (VIOLATED)
_72350_/Q                                10     16     -6 (VIOLATED)
_72353_/Q                                10     16     -6 (VIOLATED)
_72354_/Q                                10     16     -6 (VIOLATED)
_72398_/Q                                10     16     -6 (VIOLATED)
_72401_/Q                                10     16     -6 (VIOLATED)
_72402_/Q                                10     16     -6 (VIOLATED)
_72446_/Q                                10     16     -6 (VIOLATED)
_72449_/Q                                10     16     -6 (VIOLATED)
_72450_/Q                                10     16     -6 (VIOLATED)
_72498_/Q                                10     16     -6 (VIOLATED)
_72542_/Q                                10     16     -6 (VIOLATED)
_72545_/Q                                10     16     -6 (VIOLATED)
_72546_/Q                                10     16     -6 (VIOLATED)
_72682_/Q                                10     16     -6 (VIOLATED)
_72726_/Q                                10     16     -6 (VIOLATED)
_72729_/Q                                10     16     -6 (VIOLATED)
_72730_/Q                                10     16     -6 (VIOLATED)
_72774_/Q                                10     16     -6 (VIOLATED)
_72777_/Q                                10     16     -6 (VIOLATED)
_72778_/Q                                10     16     -6 (VIOLATED)
_72822_/Q                                10     16     -6 (VIOLATED)
_72825_/Q                                10     16     -6 (VIOLATED)
_72826_/Q                                10     16     -6 (VIOLATED)
_72870_/Q                                10     16     -6 (VIOLATED)
_72873_/Q                                10     16     -6 (VIOLATED)
_72874_/Q                                10     16     -6 (VIOLATED)
_72918_/Q                                10     16     -6 (VIOLATED)
_72921_/Q                                10     16     -6 (VIOLATED)
_72922_/Q                                10     16     -6 (VIOLATED)
_73054_/Q                                10     16     -6 (VIOLATED)
_73057_/Q                                10     16     -6 (VIOLATED)
_73102_/Q                                10     16     -6 (VIOLATED)
_73105_/Q                                10     16     -6 (VIOLATED)
_73106_/Q                                10     16     -6 (VIOLATED)
_73150_/Q                                10     16     -6 (VIOLATED)
_73198_/Q                                10     16     -6 (VIOLATED)
_73201_/Q                                10     16     -6 (VIOLATED)
_73202_/Q                                10     16     -6 (VIOLATED)
_73250_/Q                                10     16     -6 (VIOLATED)
_73298_/Q                                10     16     -6 (VIOLATED)
_73430_/Q                                10     16     -6 (VIOLATED)
_73433_/Q                                10     16     -6 (VIOLATED)
_73434_/Q                                10     16     -6 (VIOLATED)
_73478_/Q                                10     16     -6 (VIOLATED)
_73481_/Q                                10     16     -6 (VIOLATED)
_73482_/Q                                10     16     -6 (VIOLATED)
_73526_/Q                                10     16     -6 (VIOLATED)
_73529_/Q                                10     16     -6 (VIOLATED)
_73530_/Q                                10     16     -6 (VIOLATED)
_73574_/Q                                10     16     -6 (VIOLATED)
_73577_/Q                                10     16     -6 (VIOLATED)
_73578_/Q                                10     16     -6 (VIOLATED)
_73670_/Q                                10     16     -6 (VIOLATED)
_73673_/Q                                10     16     -6 (VIOLATED)
_73674_/Q                                10     16     -6 (VIOLATED)
_73810_/Q                                10     16     -6 (VIOLATED)
_73811_/Q                                10     16     -6 (VIOLATED)
_73812_/Q                                10     16     -6 (VIOLATED)
_73854_/Q                                10     16     -6 (VIOLATED)
_73857_/Q                                10     16     -6 (VIOLATED)
_73858_/Q                                10     16     -6 (VIOLATED)
_73950_/Q                                10     16     -6 (VIOLATED)
_73953_/Q                                10     16     -6 (VIOLATED)
_73954_/Q                                10     16     -6 (VIOLATED)
_73998_/Q                                10     16     -6 (VIOLATED)
_74001_/Q                                10     16     -6 (VIOLATED)
_74002_/Q                                10     16     -6 (VIOLATED)
_74050_/Q                                10     16     -6 (VIOLATED)
_74182_/Q                                10     16     -6 (VIOLATED)
_74185_/Q                                10     16     -6 (VIOLATED)
_74230_/Q                                10     16     -6 (VIOLATED)
_74233_/Q                                10     16     -6 (VIOLATED)
_74234_/Q                                10     16     -6 (VIOLATED)
_74278_/Q                                10     16     -6 (VIOLATED)
_74281_/Q                                10     16     -6 (VIOLATED)
_74282_/Q                                10     16     -6 (VIOLATED)
_74326_/Q                                10     16     -6 (VIOLATED)
clkbuf_3_0_0_clk/X                       10     16     -6 (VIOLATED)
clkbuf_3_1_0_clk/X                       10     16     -6 (VIOLATED)
clkbuf_3_2_0_clk/X                       10     16     -6 (VIOLATED)
clkbuf_3_3_0_clk/X                       10     16     -6 (VIOLATED)
clkbuf_3_4_0_clk/X                       10     16     -6 (VIOLATED)
clkbuf_3_5_0_clk/X                       10     16     -6 (VIOLATED)
clkbuf_3_6_0_clk/X                       10     16     -6 (VIOLATED)
clkbuf_3_7_0_clk/X                       10     16     -6 (VIOLATED)
clkbuf_6_11__f_clk/X                     10     16     -6 (VIOLATED)
clkbuf_6_14__f_clk/X                     10     16     -6 (VIOLATED)
clkbuf_6_17__f_clk/X                     10     16     -6 (VIOLATED)
clkbuf_6_19__f_clk/X                     10     16     -6 (VIOLATED)
clkbuf_6_27__f_clk/X                     10     16     -6 (VIOLATED)
clkbuf_6_29__f_clk/X                     10     16     -6 (VIOLATED)
clkbuf_6_30__f_clk/X                     10     16     -6 (VIOLATED)
clkbuf_6_35__f_clk/X                     10     16     -6 (VIOLATED)
clkbuf_6_38__f_clk/X                     10     16     -6 (VIOLATED)
clkbuf_6_43__f_clk/X                     10     16     -6 (VIOLATED)
clkbuf_6_45__f_clk/X                     10     16     -6 (VIOLATED)
clkbuf_6_57__f_clk/X                     10     16     -6 (VIOLATED)
clkbuf_6_61__f_clk/X                     10     16     -6 (VIOLATED)
clkbuf_leaf_155_clk/X                    10     16     -6 (VIOLATED)
clkbuf_leaf_189_clk/X                    10     16     -6 (VIOLATED)
clkbuf_leaf_1_clk/X                      10     16     -6 (VIOLATED)
clkbuf_leaf_354_clk/X                    10     16     -6 (VIOLATED)
clkbuf_leaf_377_clk/X                    10     16     -6 (VIOLATED)
clkbuf_leaf_457_clk/X                    10     16     -6 (VIOLATED)
clkbuf_leaf_492_clk/X                    10     16     -6 (VIOLATED)
clkbuf_leaf_512_clk/X                    10     16     -6 (VIOLATED)
clkbuf_leaf_67_clk/X                     10     16     -6 (VIOLATED)
fanout1044/X                             10     16     -6 (VIOLATED)
fanout465/X                              10     16     -6 (VIOLATED)
fanout477/X                              10     16     -6 (VIOLATED)
fanout496/X                              10     16     -6 (VIOLATED)
fanout538/X                              10     16     -6 (VIOLATED)
fanout687/X                              10     16     -6 (VIOLATED)
fanout732/X                              10     16     -6 (VIOLATED)
fanout802/X                              10     16     -6 (VIOLATED)
fanout863/X                              10     16     -6 (VIOLATED)
fanout888/X                              10     16     -6 (VIOLATED)
fanout912/X                              10     16     -6 (VIOLATED)
fanout935/X                              10     16     -6 (VIOLATED)
fanout958/X                              10     16     -6 (VIOLATED)
fanout992/X                              10     16     -6 (VIOLATED)
input72/X                                10     16     -6 (VIOLATED)
max_cap342/X                             10     16     -6 (VIOLATED)
clkbuf_leaf_184_clk/X                    10     15     -5 (VIOLATED)
clkbuf_leaf_222_clk/X                    10     15     -5 (VIOLATED)
clkbuf_leaf_406_clk/X                    10     15     -5 (VIOLATED)
clkbuf_leaf_436_clk/X                    10     15     -5 (VIOLATED)
clkbuf_leaf_452_clk/X                    10     15     -5 (VIOLATED)
clkbuf_leaf_454_clk/X                    10     15     -5 (VIOLATED)
clkbuf_leaf_467_clk/X                    10     15     -5 (VIOLATED)
clkbuf_leaf_543_clk/X                    10     15     -5 (VIOLATED)
clkbuf_leaf_76_clk/X                     10     15     -5 (VIOLATED)
_69855_/Q                                10     14     -4 (VIOLATED)
_69856_/Q                                10     14     -4 (VIOLATED)
_69859_/Q                                10     14     -4 (VIOLATED)
_69860_/Q                                10     14     -4 (VIOLATED)
_69903_/Q                                10     14     -4 (VIOLATED)
_69904_/Q                                10     14     -4 (VIOLATED)
_69907_/Q                                10     14     -4 (VIOLATED)
_69908_/Q                                10     14     -4 (VIOLATED)
_69954_/Q                                10     14     -4 (VIOLATED)
_69955_/Q                                10     14     -4 (VIOLATED)
_69956_/Q                                10     14     -4 (VIOLATED)
_71422_/Q                                10     14     -4 (VIOLATED)
_71423_/Q                                10     14     -4 (VIOLATED)
_71425_/Q                                10     14     -4 (VIOLATED)
_71440_/Q                                10     14     -4 (VIOLATED)
_71463_/Q                                10     14     -4 (VIOLATED)
_71464_/Q                                10     14     -4 (VIOLATED)
_71467_/Q                                10     14     -4 (VIOLATED)
_71468_/Q                                10     14     -4 (VIOLATED)
_71495_/Q                                10     14     -4 (VIOLATED)
_71496_/Q                                10     14     -4 (VIOLATED)
_71499_/Q                                10     14     -4 (VIOLATED)
_71500_/Q                                10     14     -4 (VIOLATED)
_71535_/Q                                10     14     -4 (VIOLATED)
_71536_/Q                                10     14     -4 (VIOLATED)
_71539_/Q                                10     14     -4 (VIOLATED)
_71540_/Q                                10     14     -4 (VIOLATED)
_71583_/Q                                10     14     -4 (VIOLATED)
_71584_/Q                                10     14     -4 (VIOLATED)
_71587_/Q                                10     14     -4 (VIOLATED)
_71639_/Q                                10     14     -4 (VIOLATED)
_71640_/Q                                10     14     -4 (VIOLATED)
_71643_/Q                                10     14     -4 (VIOLATED)
_71644_/Q                                10     14     -4 (VIOLATED)
_71703_/Q                                10     14     -4 (VIOLATED)
_71704_/Q                                10     14     -4 (VIOLATED)
_71707_/Q                                10     14     -4 (VIOLATED)
_71708_/Q                                10     14     -4 (VIOLATED)
_71729_/Q                                10     14     -4 (VIOLATED)
_71758_/Q                                10     14     -4 (VIOLATED)
_71759_/Q                                10     14     -4 (VIOLATED)
_71761_/Q                                10     14     -4 (VIOLATED)
_71857_/Q                                10     14     -4 (VIOLATED)
_71886_/Q                                10     14     -4 (VIOLATED)
_71887_/Q                                10     14     -4 (VIOLATED)
_71889_/Q                                10     14     -4 (VIOLATED)
_72024_/Q                                10     14     -4 (VIOLATED)
_72064_/Q                                10     14     -4 (VIOLATED)
_72104_/Q                                10     14     -4 (VIOLATED)
_72144_/Q                                10     14     -4 (VIOLATED)
_72184_/Q                                10     14     -4 (VIOLATED)
_72304_/Q                                10     14     -4 (VIOLATED)
_72307_/Q                                10     14     -4 (VIOLATED)
_72351_/Q                                10     14     -4 (VIOLATED)
_72352_/Q                                10     14     -4 (VIOLATED)
_72355_/Q                                10     14     -4 (VIOLATED)
_72356_/Q                                10     14     -4 (VIOLATED)
_72399_/Q                                10     14     -4 (VIOLATED)
_72403_/Q                                10     14     -4 (VIOLATED)
_72404_/Q                                10     14     -4 (VIOLATED)
_72447_/Q                                10     14     -4 (VIOLATED)
_72448_/Q                                10     14     -4 (VIOLATED)
_72451_/Q                                10     14     -4 (VIOLATED)
_72452_/Q                                10     14     -4 (VIOLATED)
_72499_/Q                                10     14     -4 (VIOLATED)
_72500_/Q                                10     14     -4 (VIOLATED)
_72543_/Q                                10     14     -4 (VIOLATED)
_72544_/Q                                10     14     -4 (VIOLATED)
_72547_/Q                                10     14     -4 (VIOLATED)
_72548_/Q                                10     14     -4 (VIOLATED)
_72679_/Q                                10     14     -4 (VIOLATED)
_72680_/Q                                10     14     -4 (VIOLATED)
_72727_/Q                                10     14     -4 (VIOLATED)
_72728_/Q                                10     14     -4 (VIOLATED)
_72731_/Q                                10     14     -4 (VIOLATED)
_72732_/Q                                10     14     -4 (VIOLATED)
_72776_/Q                                10     14     -4 (VIOLATED)
_72779_/Q                                10     14     -4 (VIOLATED)
_72780_/Q                                10     14     -4 (VIOLATED)
_72823_/Q                                10     14     -4 (VIOLATED)
_72824_/Q                                10     14     -4 (VIOLATED)
_72827_/Q                                10     14     -4 (VIOLATED)
_72828_/Q                                10     14     -4 (VIOLATED)
_72871_/Q                                10     14     -4 (VIOLATED)
_72872_/Q                                10     14     -4 (VIOLATED)
_72875_/Q                                10     14     -4 (VIOLATED)
_72876_/Q                                10     14     -4 (VIOLATED)
_72919_/Q                                10     14     -4 (VIOLATED)
_72920_/Q                                10     14     -4 (VIOLATED)
_72923_/Q                                10     14     -4 (VIOLATED)
_72924_/Q                                10     14     -4 (VIOLATED)
_72970_/Q                                10     14     -4 (VIOLATED)
_73056_/Q                                10     14     -4 (VIOLATED)
_73103_/Q                                10     14     -4 (VIOLATED)
_73104_/Q                                10     14     -4 (VIOLATED)
_73107_/Q                                10     14     -4 (VIOLATED)
_73108_/Q                                10     14     -4 (VIOLATED)
_73151_/Q                                10     14     -4 (VIOLATED)
_73152_/Q                                10     14     -4 (VIOLATED)
_73154_/Q                                10     14     -4 (VIOLATED)
_73199_/Q                                10     14     -4 (VIOLATED)
_73200_/Q                                10     14     -4 (VIOLATED)
_73203_/Q                                10     14     -4 (VIOLATED)
_73204_/Q                                10     14     -4 (VIOLATED)
_73295_/Q                                10     14     -4 (VIOLATED)
_73296_/Q                                10     14     -4 (VIOLATED)
_73299_/Q                                10     14     -4 (VIOLATED)
_73300_/Q                                10     14     -4 (VIOLATED)
_73342_/Q                                10     14     -4 (VIOLATED)
_73345_/Q                                10     14     -4 (VIOLATED)
_73346_/Q                                10     14     -4 (VIOLATED)
_73435_/Q                                10     14     -4 (VIOLATED)
_73436_/Q                                10     14     -4 (VIOLATED)
_73479_/Q                                10     14     -4 (VIOLATED)
_73480_/Q                                10     14     -4 (VIOLATED)
_73483_/Q                                10     14     -4 (VIOLATED)
_73484_/Q                                10     14     -4 (VIOLATED)
_73527_/Q                                10     14     -4 (VIOLATED)
_73528_/Q                                10     14     -4 (VIOLATED)
_73531_/Q                                10     14     -4 (VIOLATED)
_73532_/Q                                10     14     -4 (VIOLATED)
_73575_/Q                                10     14     -4 (VIOLATED)
_73576_/Q                                10     14     -4 (VIOLATED)
_73579_/Q                                10     14     -4 (VIOLATED)
_73580_/Q                                10     14     -4 (VIOLATED)
_73624_/Q                                10     14     -4 (VIOLATED)
_73627_/Q                                10     14     -4 (VIOLATED)
_73628_/Q                                10     14     -4 (VIOLATED)
_73671_/Q                                10     14     -4 (VIOLATED)
_73672_/Q                                10     14     -4 (VIOLATED)
_73675_/Q                                10     14     -4 (VIOLATED)
_73718_/Q                                10     14     -4 (VIOLATED)
_73722_/Q                                10     14     -4 (VIOLATED)
_73807_/Q                                10     14     -4 (VIOLATED)
_73808_/Q                                10     14     -4 (VIOLATED)
_73809_/Q                                10     14     -4 (VIOLATED)
_73855_/Q                                10     14     -4 (VIOLATED)
_73856_/Q                                10     14     -4 (VIOLATED)
_73859_/Q                                10     14     -4 (VIOLATED)
_73860_/Q                                10     14     -4 (VIOLATED)
_73903_/Q                                10     14     -4 (VIOLATED)
_73904_/Q                                10     14     -4 (VIOLATED)
_73951_/Q                                10     14     -4 (VIOLATED)
_73952_/Q                                10     14     -4 (VIOLATED)
_73955_/Q                                10     14     -4 (VIOLATED)
_73956_/Q                                10     14     -4 (VIOLATED)
_73999_/Q                                10     14     -4 (VIOLATED)
_74000_/Q                                10     14     -4 (VIOLATED)
_74003_/Q                                10     14     -4 (VIOLATED)
_74004_/Q                                10     14     -4 (VIOLATED)
_74094_/Q                                10     14     -4 (VIOLATED)
_74097_/Q                                10     14     -4 (VIOLATED)
_74098_/Q                                10     14     -4 (VIOLATED)
_74183_/Q                                10     14     -4 (VIOLATED)
_74184_/Q                                10     14     -4 (VIOLATED)
_74187_/Q                                10     14     -4 (VIOLATED)
_74231_/Q                                10     14     -4 (VIOLATED)
_74232_/Q                                10     14     -4 (VIOLATED)
_74235_/Q                                10     14     -4 (VIOLATED)
_74236_/Q                                10     14     -4 (VIOLATED)
_74279_/Q                                10     14     -4 (VIOLATED)
_74280_/Q                                10     14     -4 (VIOLATED)
_74283_/Q                                10     14     -4 (VIOLATED)
_74284_/Q                                10     14     -4 (VIOLATED)
clkbuf_6_13__f_clk/X                     10     14     -4 (VIOLATED)
clkbuf_6_21__f_clk/X                     10     14     -4 (VIOLATED)
clkbuf_6_25__f_clk/X                     10     14     -4 (VIOLATED)
clkbuf_6_26__f_clk/X                     10     14     -4 (VIOLATED)
clkbuf_6_39__f_clk/X                     10     14     -4 (VIOLATED)
clkbuf_6_3__f_clk/X                      10     14     -4 (VIOLATED)
clkbuf_6_42__f_clk/X                     10     14     -4 (VIOLATED)
clkbuf_6_51__f_clk/X                     10     14     -4 (VIOLATED)
clkbuf_6_6__f_clk/X                      10     14     -4 (VIOLATED)
clkbuf_leaf_127_clk/X                    10     14     -4 (VIOLATED)
clkbuf_leaf_18_clk/X                     10     14     -4 (VIOLATED)
clkbuf_leaf_200_clk/X                    10     14     -4 (VIOLATED)
clkbuf_leaf_283_clk/X                    10     14     -4 (VIOLATED)
clkbuf_leaf_335_clk/X                    10     14     -4 (VIOLATED)
clkbuf_leaf_339_clk/X                    10     14     -4 (VIOLATED)
clkbuf_leaf_342_clk/X                    10     14     -4 (VIOLATED)
clkbuf_leaf_38_clk/X                     10     14     -4 (VIOLATED)
clkbuf_leaf_469_clk/X                    10     14     -4 (VIOLATED)
clkbuf_leaf_483_clk/X                    10     14     -4 (VIOLATED)
clkbuf_leaf_544_clk/X                    10     14     -4 (VIOLATED)
clkbuf_leaf_548_clk/X                    10     14     -4 (VIOLATED)
clkbuf_leaf_549_clk/X                    10     14     -4 (VIOLATED)
clkbuf_leaf_556_clk/X                    10     14     -4 (VIOLATED)
clkbuf_leaf_77_clk/X                     10     14     -4 (VIOLATED)
clkbuf_leaf_92_clk/X                     10     14     -4 (VIOLATED)
clkbuf_leaf_98_clk/X                     10     14     -4 (VIOLATED)
fanout1001/X                             10     14     -4 (VIOLATED)
fanout1047/X                             10     14     -4 (VIOLATED)
fanout1066/X                             10     14     -4 (VIOLATED)
fanout1070/X                             10     14     -4 (VIOLATED)
fanout481/X                              10     14     -4 (VIOLATED)
fanout516/X                              10     14     -4 (VIOLATED)
fanout547/X                              10     14     -4 (VIOLATED)
fanout600/X                              10     14     -4 (VIOLATED)
fanout623/X                              10     14     -4 (VIOLATED)
fanout631/X                              10     14     -4 (VIOLATED)
fanout636/X                              10     14     -4 (VIOLATED)
fanout642/X                              10     14     -4 (VIOLATED)
fanout672/X                              10     14     -4 (VIOLATED)
fanout697/X                              10     14     -4 (VIOLATED)
fanout698/X                              10     14     -4 (VIOLATED)
fanout849/X                              10     14     -4 (VIOLATED)
fanout850/X                              10     14     -4 (VIOLATED)
fanout915/X                              10     14     -4 (VIOLATED)
fanout929/X                              10     14     -4 (VIOLATED)
fanout983/X                              10     14     -4 (VIOLATED)
input68/X                                10     14     -4 (VIOLATED)
input69/X                                10     14     -4 (VIOLATED)
input70/X                                10     14     -4 (VIOLATED)
input71/X                                10     14     -4 (VIOLATED)
input73/X                                10     14     -4 (VIOLATED)
input82/X                                10     14     -4 (VIOLATED)
clkbuf_leaf_132_clk/X                    10     13     -3 (VIOLATED)
clkbuf_leaf_150_clk/X                    10     13     -3 (VIOLATED)
clkbuf_leaf_170_clk/X                    10     13     -3 (VIOLATED)
clkbuf_leaf_171_clk/X                    10     13     -3 (VIOLATED)
clkbuf_leaf_21_clk/X                     10     13     -3 (VIOLATED)
clkbuf_leaf_220_clk/X                    10     13     -3 (VIOLATED)
clkbuf_leaf_234_clk/X                    10     13     -3 (VIOLATED)
clkbuf_leaf_237_clk/X                    10     13     -3 (VIOLATED)
clkbuf_leaf_241_clk/X                    10     13     -3 (VIOLATED)
clkbuf_leaf_249_clk/X                    10     13     -3 (VIOLATED)
clkbuf_leaf_257_clk/X                    10     13     -3 (VIOLATED)
clkbuf_leaf_280_clk/X                    10     13     -3 (VIOLATED)
clkbuf_leaf_292_clk/X                    10     13     -3 (VIOLATED)
clkbuf_leaf_311_clk/X                    10     13     -3 (VIOLATED)
clkbuf_leaf_327_clk/X                    10     13     -3 (VIOLATED)
clkbuf_leaf_336_clk/X                    10     13     -3 (VIOLATED)
clkbuf_leaf_366_clk/X                    10     13     -3 (VIOLATED)
clkbuf_leaf_372_clk/X                    10     13     -3 (VIOLATED)
clkbuf_leaf_413_clk/X                    10     13     -3 (VIOLATED)
clkbuf_leaf_435_clk/X                    10     13     -3 (VIOLATED)
clkbuf_leaf_440_clk/X                    10     13     -3 (VIOLATED)
clkbuf_leaf_480_clk/X                    10     13     -3 (VIOLATED)
clkbuf_leaf_520_clk/X                    10     13     -3 (VIOLATED)
clkbuf_leaf_521_clk/X                    10     13     -3 (VIOLATED)
clkbuf_leaf_523_clk/X                    10     13     -3 (VIOLATED)
clkbuf_leaf_563_clk/X                    10     13     -3 (VIOLATED)
clkbuf_leaf_78_clk/X                     10     13     -3 (VIOLATED)
_69952_/Q                                10     12     -2 (VIOLATED)
_69953_/Q                                10     12     -2 (VIOLATED)
_69957_/Q                                10     12     -2 (VIOLATED)
_71426_/Q                                10     12     -2 (VIOLATED)
_71730_/Q                                10     12     -2 (VIOLATED)
_71762_/Q                                10     12     -2 (VIOLATED)
_71890_/Q                                10     12     -2 (VIOLATED)
_71918_/Q                                10     12     -2 (VIOLATED)
_71985_/Q                                10     12     -2 (VIOLATED)
_72025_/Q                                10     12     -2 (VIOLATED)
_72065_/Q                                10     12     -2 (VIOLATED)
_72105_/Q                                10     12     -2 (VIOLATED)
_72185_/Q                                10     12     -2 (VIOLATED)
_72592_/Q                                10     12     -2 (VIOLATED)
_72595_/Q                                10     12     -2 (VIOLATED)
_72596_/Q                                10     12     -2 (VIOLATED)
_72967_/Q                                10     12     -2 (VIOLATED)
_72968_/Q                                10     12     -2 (VIOLATED)
_72971_/Q                                10     12     -2 (VIOLATED)
_73153_/Q                                10     12     -2 (VIOLATED)
_73343_/Q                                10     12     -2 (VIOLATED)
_73344_/Q                                10     12     -2 (VIOLATED)
_73719_/Q                                10     12     -2 (VIOLATED)
_73720_/Q                                10     12     -2 (VIOLATED)
_73724_/Q                                10     12     -2 (VIOLATED)
_74095_/Q                                10     12     -2 (VIOLATED)
_74096_/Q                                10     12     -2 (VIOLATED)
_74099_/Q                                10     12     -2 (VIOLATED)
_74100_/Q                                10     12     -2 (VIOLATED)
clkbuf_6_0__f_clk/X                      10     12     -2 (VIOLATED)
clkbuf_6_16__f_clk/X                     10     12     -2 (VIOLATED)
clkbuf_6_1__f_clk/X                      10     12     -2 (VIOLATED)
clkbuf_6_28__f_clk/X                     10     12     -2 (VIOLATED)
clkbuf_6_9__f_clk/X                      10     12     -2 (VIOLATED)
clkbuf_leaf_119_clk/X                    10     12     -2 (VIOLATED)
clkbuf_leaf_229_clk/X                    10     12     -2 (VIOLATED)
clkbuf_leaf_231_clk/X                    10     12     -2 (VIOLATED)
clkbuf_leaf_253_clk/X                    10     12     -2 (VIOLATED)
clkbuf_leaf_271_clk/X                    10     12     -2 (VIOLATED)
clkbuf_leaf_297_clk/X                    10     12     -2 (VIOLATED)
clkbuf_leaf_312_clk/X                    10     12     -2 (VIOLATED)
clkbuf_leaf_348_clk/X                    10     12     -2 (VIOLATED)
clkbuf_leaf_397_clk/X                    10     12     -2 (VIOLATED)
clkbuf_leaf_416_clk/X                    10     12     -2 (VIOLATED)
clkbuf_leaf_434_clk/X                    10     12     -2 (VIOLATED)
clkbuf_leaf_441_clk/X                    10     12     -2 (VIOLATED)
clkbuf_leaf_456_clk/X                    10     12     -2 (VIOLATED)
clkbuf_leaf_490_clk/X                    10     12     -2 (VIOLATED)
clkbuf_leaf_507_clk/X                    10     12     -2 (VIOLATED)
clkbuf_leaf_518_clk/X                    10     12     -2 (VIOLATED)
clkbuf_leaf_524_clk/X                    10     12     -2 (VIOLATED)
clkbuf_leaf_533_clk/X                    10     12     -2 (VIOLATED)
clkbuf_leaf_546_clk/X                    10     12     -2 (VIOLATED)
clkbuf_leaf_547_clk/X                    10     12     -2 (VIOLATED)
clkbuf_leaf_557_clk/X                    10     12     -2 (VIOLATED)
clkbuf_leaf_79_clk/X                     10     12     -2 (VIOLATED)
clkbuf_leaf_83_clk/X                     10     12     -2 (VIOLATED)
clkbuf_leaf_84_clk/X                     10     12     -2 (VIOLATED)
clkbuf_leaf_96_clk/X                     10     12     -2 (VIOLATED)
fanout1003/X                             10     12     -2 (VIOLATED)
fanout1016/X                             10     12     -2 (VIOLATED)
fanout1071/X                             10     12     -2 (VIOLATED)
fanout490/X                              10     12     -2 (VIOLATED)
fanout501/X                              10     12     -2 (VIOLATED)
fanout562/X                              10     12     -2 (VIOLATED)
fanout603/X                              10     12     -2 (VIOLATED)
fanout604/X                              10     12     -2 (VIOLATED)
fanout649/X                              10     12     -2 (VIOLATED)
fanout684/X                              10     12     -2 (VIOLATED)
fanout693/X                              10     12     -2 (VIOLATED)
fanout706/X                              10     12     -2 (VIOLATED)
fanout720/X                              10     12     -2 (VIOLATED)
fanout726/X                              10     12     -2 (VIOLATED)
fanout731/X                              10     12     -2 (VIOLATED)
fanout740/X                              10     12     -2 (VIOLATED)
fanout774/X                              10     12     -2 (VIOLATED)
fanout817/X                              10     12     -2 (VIOLATED)
fanout832/X                              10     12     -2 (VIOLATED)
fanout840/X                              10     12     -2 (VIOLATED)
fanout855/X                              10     12     -2 (VIOLATED)
fanout867/X                              10     12     -2 (VIOLATED)
fanout997/X                              10     12     -2 (VIOLATED)
max_cap350/X                             10     12     -2 (VIOLATED)
wire349/X                                10     12     -2 (VIOLATED)
clkbuf_leaf_139_clk/X                    10     11        (VIOLATED)
clkbuf_leaf_13_clk/X                     10     11        (VIOLATED)
clkbuf_leaf_162_clk/X                    10     11        (VIOLATED)
clkbuf_leaf_17_clk/X                     10     11        (VIOLATED)
clkbuf_leaf_226_clk/X                    10     11        (VIOLATED)
clkbuf_leaf_230_clk/X                    10     11        (VIOLATED)
clkbuf_leaf_256_clk/X                    10     11        (VIOLATED)
clkbuf_leaf_273_clk/X                    10     11        (VIOLATED)
clkbuf_leaf_284_clk/X                    10     11        (VIOLATED)
clkbuf_leaf_286_clk/X                    10     11        (VIOLATED)
clkbuf_leaf_298_clk/X                    10     11        (VIOLATED)
clkbuf_leaf_305_clk/X                    10     11        (VIOLATED)
clkbuf_leaf_307_clk/X                    10     11        (VIOLATED)
clkbuf_leaf_310_clk/X                    10     11        (VIOLATED)
clkbuf_leaf_323_clk/X                    10     11        (VIOLATED)
clkbuf_leaf_345_clk/X                    10     11        (VIOLATED)
clkbuf_leaf_355_clk/X                    10     11        (VIOLATED)
clkbuf_leaf_402_clk/X                    10     11        (VIOLATED)
clkbuf_leaf_40_clk/X                     10     11        (VIOLATED)
clkbuf_leaf_42_clk/X                     10     11        (VIOLATED)
clkbuf_leaf_432_clk/X                    10     11        (VIOLATED)
clkbuf_leaf_444_clk/X                    10     11        (VIOLATED)
clkbuf_leaf_468_clk/X                    10     11        (VIOLATED)
clkbuf_leaf_472_clk/X                    10     11        (VIOLATED)
clkbuf_leaf_503_clk/X                    10     11        (VIOLATED)
clkbuf_leaf_510_clk/X                    10     11        (VIOLATED)
clkbuf_leaf_531_clk/X                    10     11        (VIOLATED)
clkbuf_leaf_532_clk/X                    10     11        (VIOLATED)
clkbuf_leaf_545_clk/X                    10     11        (VIOLATED)
clkbuf_leaf_572_clk/X                    10     11        (VIOLATED)
clkbuf_leaf_578_clk/X                    10     11        (VIOLATED)
clkbuf_leaf_580_clk/X                    10     11        (VIOLATED)
clkbuf_leaf_59_clk/X                     10     11        (VIOLATED)
clkbuf_leaf_65_clk/X                     10     11        (VIOLATED)
clkbuf_leaf_68_clk/X                     10     11        (VIOLATED)
clkbuf_leaf_72_clk/X                     10     11        (VIOLATED)
clkbuf_leaf_89_clk/X                     10     11        (VIOLATED)
clkbuf_leaf_90_clk/X                     10     11        (VIOLATED)

max capacitance

Pin                                    Limit     Cap   Slack
------------------------------------------------------------
_63212_/Y                               0.04    0.04   -0.00 (VIOLATED)


======================= Typical Corner ===================================

max slew

Pin                                    Limit    Slew   Slack
------------------------------------------------------------
_69765_/A1                              0.75    1.22   -0.47 (VIOLATED)
ANTENNA__69765__A1/DIODE                0.75    1.22   -0.47 (VIOLATED)
_69402_/A                               0.75    1.22   -0.47 (VIOLATED)
ANTENNA__69402__A/DIODE                 0.75    1.22   -0.47 (VIOLATED)
_69151_/A                               0.75    1.22   -0.47 (VIOLATED)
ANTENNA__69151__A/DIODE                 0.75    1.22   -0.47 (VIOLATED)
_68791_/A                               0.75    1.22   -0.47 (VIOLATED)
ANTENNA__68791__A/DIODE                 0.75    1.22   -0.47 (VIOLATED)
_69646_/A1                              0.75    1.21   -0.46 (VIOLATED)
ANTENNA__69646__A1/DIODE                0.75    1.21   -0.46 (VIOLATED)
ANTENNA__69663__A1/DIODE                0.75    1.21   -0.46 (VIOLATED)
_69663_/A1                              0.75    1.21   -0.46 (VIOLATED)
_68747_/A                               0.75    1.21   -0.46 (VIOLATED)
ANTENNA__68747__A/DIODE                 0.75    1.21   -0.46 (VIOLATED)
_69697_/A1                              0.75    1.11   -0.36 (VIOLATED)
ANTENNA__69697__A1/DIODE                0.75    1.09   -0.34 (VIOLATED)
_69405_/A                               0.75    1.00   -0.25 (VIOLATED)
ANTENNA__69405__A/DIODE                 0.75    1.00   -0.25 (VIOLATED)
_69648_/A1                              0.75    1.00   -0.25 (VIOLATED)
ANTENNA__69648__A1/DIODE                0.75    1.00   -0.25 (VIOLATED)
_69665_/A1                              0.75    1.00   -0.25 (VIOLATED)
ANTENNA__69665__A1/DIODE                0.75    1.00   -0.25 (VIOLATED)
_69767_/A1                              0.75    0.99   -0.24 (VIOLATED)
ANTENNA__69767__A1/DIODE                0.75    0.99   -0.24 (VIOLATED)
_69076_/A                               0.75    0.97   -0.22 (VIOLATED)
ANTENNA__69076__A/DIODE                 0.75    0.97   -0.22 (VIOLATED)
_69154_/A                               0.75    0.97   -0.22 (VIOLATED)
ANTENNA__69154__A/DIODE                 0.75    0.97   -0.22 (VIOLATED)
_68750_/A                               0.75    0.94   -0.19 (VIOLATED)
ANTENNA__68750__A/DIODE                 0.75    0.93   -0.18 (VIOLATED)
ANTENNA__69073__A/DIODE                 0.75    0.91   -0.16 (VIOLATED)
_69073_/A                               0.75    0.91   -0.16 (VIOLATED)
ANTENNA_16/DIODE                        0.75    0.90   -0.15 (VIOLATED)
ANTENNA_18/DIODE                        0.75    0.90   -0.15 (VIOLATED)
ANTENNA_20/DIODE                        0.75    0.90   -0.15 (VIOLATED)
ANTENNA_21/DIODE                        0.75    0.90   -0.15 (VIOLATED)
ANTENNA_22/DIODE                        0.75    0.90   -0.15 (VIOLATED)
ANTENNA_23/DIODE                        0.75    0.90   -0.15 (VIOLATED)
ANTENNA_24/DIODE                        0.75    0.90   -0.15 (VIOLATED)
ANTENNA_25/DIODE                        0.75    0.90   -0.15 (VIOLATED)
ANTENNA_26/DIODE                        0.75    0.90   -0.15 (VIOLATED)
ANTENNA_27/DIODE                        0.75    0.90   -0.15 (VIOLATED)
ANTENNA_28/DIODE                        0.75    0.90   -0.15 (VIOLATED)
ANTENNA_1/DIODE                         0.75    0.90   -0.15 (VIOLATED)
ANTENNA_30/DIODE                        0.75    0.90   -0.15 (VIOLATED)
ANTENNA_29/DIODE                        0.75    0.90   -0.15 (VIOLATED)
ANTENNA_11/DIODE                        0.75    0.90   -0.15 (VIOLATED)
_72745_/D                               0.75    0.90   -0.15 (VIOLATED)
ANTENNA__72745__D/DIODE                 0.75    0.90   -0.15 (VIOLATED)
_63212_/Y                               0.75    0.90   -0.15 (VIOLATED)
_69671_/A1                              0.75    0.89   -0.14 (VIOLATED)
ANTENNA__69671__A1/DIODE                0.75    0.89   -0.14 (VIOLATED)
ANTENNA__69654__A1/DIODE                0.75    0.89   -0.14 (VIOLATED)
_69654_/A1                              0.75    0.89   -0.14 (VIOLATED)
_69773_/A1                              0.75    0.89   -0.14 (VIOLATED)
ANTENNA__69773__A1/DIODE                0.75    0.89   -0.14 (VIOLATED)
ANTENNA__69414__A/DIODE                 0.75    0.88   -0.13 (VIOLATED)
_69414_/A                               0.75    0.88   -0.13 (VIOLATED)
_68803_/A                               0.75    0.87   -0.12 (VIOLATED)
ANTENNA__68803__A/DIODE                 0.75    0.87   -0.12 (VIOLATED)
_69163_/A                               0.75    0.86   -0.11 (VIOLATED)
_69699_/A1                              0.75    0.86   -0.11 (VIOLATED)
ANTENNA__69163__A/DIODE                 0.75    0.86   -0.11 (VIOLATED)
ANTENNA__69699__A1/DIODE                0.75    0.86   -0.11 (VIOLATED)
_69705_/A1                              0.75    0.83   -0.08 (VIOLATED)
ANTENNA__69705__A1/DIODE                0.75    0.83   -0.08 (VIOLATED)
_68759_/A                               0.75    0.83   -0.08 (VIOLATED)
ANTENNA__68759__A/DIODE                 0.75    0.83   -0.08 (VIOLATED)
_69085_/A                               0.75    0.80   -0.05 (VIOLATED)
ANTENNA__69085__A/DIODE                 0.75    0.80   -0.05 (VIOLATED)
_68794_/A                               0.75    0.79   -0.04 (VIOLATED)
ANTENNA__68794__A/DIODE                 0.75    0.79   -0.04 (VIOLATED)
_69923_/D                               0.75    0.77   -0.02 (VIOLATED)
ANTENNA__69923__D/DIODE                 0.75    0.77   -0.02 (VIOLATED)
_49720_/Y                               0.75    0.77   -0.02 (VIOLATED)
_69924_/D                               0.75    0.76   -0.01 (VIOLATED)
ANTENNA__69924__D/DIODE                 0.75    0.76   -0.01 (VIOLATED)
_49760_/Y                               0.75    0.76   -0.01 (VIOLATED)

max fanout

Pin                                   Limit Fanout  Slack
---------------------------------------------------------
clkbuf_6_48__f_clk/X                     10     28    -18 (VIOLATED)
clkbuf_6_32__f_clk/X                     10     26    -16 (VIOLATED)
clkbuf_6_34__f_clk/X                     10     26    -16 (VIOLATED)
clkbuf_6_37__f_clk/X                     10     26    -16 (VIOLATED)
clkbuf_6_46__f_clk/X                     10     26    -16 (VIOLATED)
clkbuf_6_53__f_clk/X                     10     26    -16 (VIOLATED)
_69073_/X                                10     24    -14 (VIOLATED)
clkbuf_6_15__f_clk/X                     10     24    -14 (VIOLATED)
clkbuf_6_54__f_clk/X                     10     24    -14 (VIOLATED)
clkbuf_6_55__f_clk/X                     10     24    -14 (VIOLATED)
clkbuf_leaf_235_clk/X                    10     24    -14 (VIOLATED)
_69145_/X                                10     22    -12 (VIOLATED)
clkbuf_6_23__f_clk/X                     10     22    -12 (VIOLATED)
clkbuf_6_36__f_clk/X                     10     22    -12 (VIOLATED)
clkbuf_6_40__f_clk/X                     10     22    -12 (VIOLATED)
clkbuf_6_47__f_clk/X                     10     22    -12 (VIOLATED)
clkbuf_6_52__f_clk/X                     10     22    -12 (VIOLATED)
clkbuf_6_62__f_clk/X                     10     22    -12 (VIOLATED)
clkbuf_6_63__f_clk/X                     10     22    -12 (VIOLATED)
clkbuf_6_8__f_clk/X                      10     22    -12 (VIOLATED)
_45261_/X                                10     21    -11 (VIOLATED)
_68780_/X                                10     21    -11 (VIOLATED)
_68803_/X                                10     21    -11 (VIOLATED)
clkbuf_leaf_197_clk/X                    10     21    -11 (VIOLATED)
clkbuf_leaf_363_clk/X                    10     21    -11 (VIOLATED)
clkbuf_leaf_364_clk/X                    10     21    -11 (VIOLATED)
clkbuf_leaf_522_clk/X                    10     21    -11 (VIOLATED)
_34926_/X                                10     20    -10 (VIOLATED)
_35441_/X                                10     20    -10 (VIOLATED)
_35473_/X                                10     20    -10 (VIOLATED)
_36453_/X                                10     20    -10 (VIOLATED)
_36468_/X                                10     20    -10 (VIOLATED)
_36469_/X                                10     20    -10 (VIOLATED)
_36999_/X                                10     20    -10 (VIOLATED)
_37015_/X                                10     20    -10 (VIOLATED)
_37085_/X                                10     20    -10 (VIOLATED)
_37164_/X                                10     20    -10 (VIOLATED)
_37630_/X                                10     20    -10 (VIOLATED)
_38088_/X                                10     20    -10 (VIOLATED)
_38104_/X                                10     20    -10 (VIOLATED)
_38634_/X                                10     20    -10 (VIOLATED)
_38650_/X                                10     20    -10 (VIOLATED)
_38720_/X                                10     20    -10 (VIOLATED)
_39180_/X                                10     20    -10 (VIOLATED)
_39196_/X                                10     20    -10 (VIOLATED)
_39268_/X                                10     20    -10 (VIOLATED)
_39277_/X                                10     20    -10 (VIOLATED)
_39292_/X                                10     20    -10 (VIOLATED)
_39294_/X                                10     20    -10 (VIOLATED)
_39726_/X                                10     20    -10 (VIOLATED)
_39742_/X                                10     20    -10 (VIOLATED)
_39921_/X                                10     20    -10 (VIOLATED)
_39923_/X                                10     20    -10 (VIOLATED)
_40360_/X                                10     20    -10 (VIOLATED)
_40408_/X                                10     20    -10 (VIOLATED)
_40818_/X                                10     20    -10 (VIOLATED)
_40833_/X                                10     20    -10 (VIOLATED)
_40834_/X                                10     20    -10 (VIOLATED)
_40906_/X                                10     20    -10 (VIOLATED)
_40915_/X                                10     20    -10 (VIOLATED)
_41362_/X                                10     20    -10 (VIOLATED)
_41369_/X                                10     20    -10 (VIOLATED)
_41370_/X                                10     20    -10 (VIOLATED)
_41993_/X                                10     20    -10 (VIOLATED)
_42016_/X                                10     20    -10 (VIOLATED)
_42450_/X                                10     20    -10 (VIOLATED)
_42465_/X                                10     20    -10 (VIOLATED)
_42466_/X                                10     20    -10 (VIOLATED)
_42535_/X                                10     20    -10 (VIOLATED)
_42564_/X                                10     20    -10 (VIOLATED)
_42977_/X                                10     20    -10 (VIOLATED)
_42978_/X                                10     20    -10 (VIOLATED)
_42979_/X                                10     20    -10 (VIOLATED)
_43068_/X                                10     20    -10 (VIOLATED)
_43542_/X                                10     20    -10 (VIOLATED)
_43614_/X                                10     20    -10 (VIOLATED)
_44072_/X                                10     20    -10 (VIOLATED)
_44088_/X                                10     20    -10 (VIOLATED)
_44160_/X                                10     20    -10 (VIOLATED)
_44184_/X                                10     20    -10 (VIOLATED)
_44269_/X                                10     20    -10 (VIOLATED)
_44706_/X                                10     20    -10 (VIOLATED)
_44714_/X                                10     20    -10 (VIOLATED)
_44730_/X                                10     20    -10 (VIOLATED)
_44815_/X                                10     20    -10 (VIOLATED)
_45164_/X                                10     20    -10 (VIOLATED)
_45252_/X                                10     20    -10 (VIOLATED)
_45276_/X                                10     20    -10 (VIOLATED)
_45710_/X                                10     20    -10 (VIOLATED)
_45725_/X                                10     20    -10 (VIOLATED)
_45726_/X                                10     20    -10 (VIOLATED)
_45798_/X                                10     20    -10 (VIOLATED)
_46344_/X                                10     20    -10 (VIOLATED)
_46802_/X                                10     20    -10 (VIOLATED)
_46817_/X                                10     20    -10 (VIOLATED)
_46818_/X                                10     20    -10 (VIOLATED)
_46899_/X                                10     20    -10 (VIOLATED)
_47346_/X                                10     20    -10 (VIOLATED)
_47353_/X                                10     20    -10 (VIOLATED)
_47354_/X                                10     20    -10 (VIOLATED)
_47429_/X                                10     20    -10 (VIOLATED)
_47431_/X                                10     20    -10 (VIOLATED)
_47433_/X                                10     20    -10 (VIOLATED)
_47457_/X                                10     20    -10 (VIOLATED)
_47907_/X                                10     20    -10 (VIOLATED)
_47979_/X                                10     20    -10 (VIOLATED)
_48437_/X                                10     20    -10 (VIOLATED)
_48453_/X                                10     20    -10 (VIOLATED)
_48525_/X                                10     20    -10 (VIOLATED)
_48632_/X                                10     20    -10 (VIOLATED)
_49079_/X                                10     20    -10 (VIOLATED)
_49095_/X                                10     20    -10 (VIOLATED)
_49529_/X                                10     20    -10 (VIOLATED)
_49545_/X                                10     20    -10 (VIOLATED)
_49617_/X                                10     20    -10 (VIOLATED)
_50075_/X                                10     20    -10 (VIOLATED)
_50090_/X                                10     20    -10 (VIOLATED)
_50091_/X                                10     20    -10 (VIOLATED)
_50160_/X                                10     20    -10 (VIOLATED)
_50687_/X                                10     20    -10 (VIOLATED)
_50689_/X                                10     20    -10 (VIOLATED)
_50695_/X                                10     20    -10 (VIOLATED)
_50713_/X                                10     20    -10 (VIOLATED)
_50727_/X                                10     20    -10 (VIOLATED)
_51076_/X                                10     20    -10 (VIOLATED)
_51078_/X                                10     20    -10 (VIOLATED)
_51084_/X                                10     20    -10 (VIOLATED)
_51172_/X                                10     20    -10 (VIOLATED)
_51854_/X                                10     20    -10 (VIOLATED)
_51862_/X                                10     20    -10 (VIOLATED)
_51880_/X                                10     20    -10 (VIOLATED)
_52243_/X                                10     20    -10 (VIOLATED)
_52245_/X                                10     20    -10 (VIOLATED)
_52251_/X                                10     20    -10 (VIOLATED)
_52269_/X                                10     20    -10 (VIOLATED)
_52632_/X                                10     20    -10 (VIOLATED)
_52634_/X                                10     20    -10 (VIOLATED)
_52640_/X                                10     20    -10 (VIOLATED)
_52658_/X                                10     20    -10 (VIOLATED)
_53021_/X                                10     20    -10 (VIOLATED)
_53023_/X                                10     20    -10 (VIOLATED)
_53029_/X                                10     20    -10 (VIOLATED)
_53047_/X                                10     20    -10 (VIOLATED)
_53061_/X                                10     20    -10 (VIOLATED)
_53117_/X                                10     20    -10 (VIOLATED)
_53410_/X                                10     20    -10 (VIOLATED)
_53508_/X                                10     20    -10 (VIOLATED)
_53816_/X                                10     20    -10 (VIOLATED)
_53817_/X                                10     20    -10 (VIOLATED)
_53818_/X                                10     20    -10 (VIOLATED)
_53819_/X                                10     20    -10 (VIOLATED)
_53838_/X                                10     20    -10 (VIOLATED)
_53841_/X                                10     20    -10 (VIOLATED)
_53860_/X                                10     20    -10 (VIOLATED)
_53863_/X                                10     20    -10 (VIOLATED)
_53882_/X                                10     20    -10 (VIOLATED)
_53885_/X                                10     20    -10 (VIOLATED)
_53904_/X                                10     20    -10 (VIOLATED)
_53907_/X                                10     20    -10 (VIOLATED)
_53926_/X                                10     20    -10 (VIOLATED)
_53929_/X                                10     20    -10 (VIOLATED)
_53973_/X                                10     20    -10 (VIOLATED)
_53975_/X                                10     20    -10 (VIOLATED)
_54459_/X                                10     20    -10 (VIOLATED)
_55530_/X                                10     20    -10 (VIOLATED)
_55908_/X                                10     20    -10 (VIOLATED)
_55909_/X                                10     20    -10 (VIOLATED)
_55911_/X                                10     20    -10 (VIOLATED)
_55912_/X                                10     20    -10 (VIOLATED)
_55920_/X                                10     20    -10 (VIOLATED)
_56395_/X                                10     20    -10 (VIOLATED)
_56404_/X                                10     20    -10 (VIOLATED)
_56418_/X                                10     20    -10 (VIOLATED)
_56498_/X                                10     20    -10 (VIOLATED)
_56879_/X                                10     20    -10 (VIOLATED)
_56902_/X                                10     20    -10 (VIOLATED)
_56982_/X                                10     20    -10 (VIOLATED)
_57848_/X                                10     20    -10 (VIOLATED)
_57955_/X                                10     20    -10 (VIOLATED)
_57957_/X                                10     20    -10 (VIOLATED)
_58400_/X                                10     20    -10 (VIOLATED)
_58834_/X                                10     20    -10 (VIOLATED)
_58904_/X                                10     20    -10 (VIOLATED)
_59896_/X                                10     20    -10 (VIOLATED)
_59963_/X                                10     20    -10 (VIOLATED)
_59971_/X                                10     20    -10 (VIOLATED)
_60072_/X                                10     20    -10 (VIOLATED)
_60518_/X                                10     20    -10 (VIOLATED)
_61022_/X                                10     20    -10 (VIOLATED)
_61030_/X                                10     20    -10 (VIOLATED)
_61553_/X                                10     20    -10 (VIOLATED)
_61561_/X                                10     20    -10 (VIOLATED)
_61660_/X                                10     20    -10 (VIOLATED)
_62081_/X                                10     20    -10 (VIOLATED)
_62190_/X                                10     20    -10 (VIOLATED)
_62539_/X                                10     20    -10 (VIOLATED)
_62555_/X                                10     20    -10 (VIOLATED)
_62734_/X                                10     20    -10 (VIOLATED)
_63083_/X                                10     20    -10 (VIOLATED)
_63178_/X                                10     20    -10 (VIOLATED)
_63194_/X                                10     20    -10 (VIOLATED)
_63277_/X                                10     20    -10 (VIOLATED)
_63740_/X                                10     20    -10 (VIOLATED)
_64174_/X                                10     20    -10 (VIOLATED)
_65282_/X                                10     20    -10 (VIOLATED)
_65812_/X                                10     20    -10 (VIOLATED)
_65828_/X                                10     20    -10 (VIOLATED)
_65897_/X                                10     20    -10 (VIOLATED)
_65908_/X                                10     20    -10 (VIOLATED)
_66007_/X                                10     20    -10 (VIOLATED)
_66358_/X                                10     20    -10 (VIOLATED)
_66454_/X                                10     20    -10 (VIOLATED)
_66470_/X                                10     20    -10 (VIOLATED)
_66523_/X                                10     20    -10 (VIOLATED)
_66902_/X                                10     20    -10 (VIOLATED)
_66910_/X                                10     20    -10 (VIOLATED)
_66989_/X                                10     20    -10 (VIOLATED)
_67013_/X                                10     20    -10 (VIOLATED)
_67445_/X                                10     20    -10 (VIOLATED)
_67556_/X                                10     20    -10 (VIOLATED)
_67990_/X                                10     20    -10 (VIOLATED)
_68006_/X                                10     20    -10 (VIOLATED)
_68084_/X                                10     20    -10 (VIOLATED)
_68090_/X                                10     20    -10 (VIOLATED)
_68093_/X                                10     20    -10 (VIOLATED)
_68096_/X                                10     20    -10 (VIOLATED)
_68099_/X                                10     20    -10 (VIOLATED)
_68102_/X                                10     20    -10 (VIOLATED)
_68105_/X                                10     20    -10 (VIOLATED)
_68108_/X                                10     20    -10 (VIOLATED)
_68111_/X                                10     20    -10 (VIOLATED)
_68171_/X                                10     20    -10 (VIOLATED)
_68209_/X                                10     20    -10 (VIOLATED)
_68210_/X                                10     20    -10 (VIOLATED)
_68231_/X                                10     20    -10 (VIOLATED)
_68252_/X                                10     20    -10 (VIOLATED)
_68273_/X                                10     20    -10 (VIOLATED)
_68274_/X                                10     20    -10 (VIOLATED)
_68295_/X                                10     20    -10 (VIOLATED)
_68316_/X                                10     20    -10 (VIOLATED)
_68337_/X                                10     20    -10 (VIOLATED)
_68358_/X                                10     20    -10 (VIOLATED)
_68379_/X                                10     20    -10 (VIOLATED)
_68400_/X                                10     20    -10 (VIOLATED)
_68421_/X                                10     20    -10 (VIOLATED)
_68442_/X                                10     20    -10 (VIOLATED)
_68463_/X                                10     20    -10 (VIOLATED)
_68484_/X                                10     20    -10 (VIOLATED)
_68485_/X                                10     20    -10 (VIOLATED)
_68506_/X                                10     20    -10 (VIOLATED)
_68527_/X                                10     20    -10 (VIOLATED)
_68548_/X                                10     20    -10 (VIOLATED)
_68569_/X                                10     20    -10 (VIOLATED)
_68590_/X                                10     20    -10 (VIOLATED)
_68611_/X                                10     20    -10 (VIOLATED)
_68632_/X                                10     20    -10 (VIOLATED)
_68653_/X                                10     20    -10 (VIOLATED)
_68674_/X                                10     20    -10 (VIOLATED)
_68734_/X                                10     20    -10 (VIOLATED)
_68741_/X                                10     20    -10 (VIOLATED)
_68744_/X                                10     20    -10 (VIOLATED)
_68747_/X                                10     20    -10 (VIOLATED)
_68750_/X                                10     20    -10 (VIOLATED)
_68753_/X                                10     20    -10 (VIOLATED)
_68756_/X                                10     20    -10 (VIOLATED)
_68759_/X                                10     20    -10 (VIOLATED)
_68785_/X                                10     20    -10 (VIOLATED)
_68788_/X                                10     20    -10 (VIOLATED)
_68791_/X                                10     20    -10 (VIOLATED)
_68794_/X                                10     20    -10 (VIOLATED)
_68797_/X                                10     20    -10 (VIOLATED)
_68800_/X                                10     20    -10 (VIOLATED)
_68807_/X                                10     20    -10 (VIOLATED)
_69063_/X                                10     20    -10 (VIOLATED)
_69067_/X                                10     20    -10 (VIOLATED)
_69070_/X                                10     20    -10 (VIOLATED)
_69076_/X                                10     20    -10 (VIOLATED)
_69079_/X                                10     20    -10 (VIOLATED)
_69082_/X                                10     20    -10 (VIOLATED)
_69085_/X                                10     20    -10 (VIOLATED)
_69106_/X                                10     20    -10 (VIOLATED)
_69141_/X                                10     20    -10 (VIOLATED)
_69148_/X                                10     20    -10 (VIOLATED)
_69151_/X                                10     20    -10 (VIOLATED)
_69154_/X                                10     20    -10 (VIOLATED)
_69157_/X                                10     20    -10 (VIOLATED)
_69160_/X                                10     20    -10 (VIOLATED)
_69163_/X                                10     20    -10 (VIOLATED)
_69390_/X                                10     20    -10 (VIOLATED)
_69392_/X                                10     20    -10 (VIOLATED)
_69396_/X                                10     20    -10 (VIOLATED)
_69399_/X                                10     20    -10 (VIOLATED)
_69402_/X                                10     20    -10 (VIOLATED)
_69405_/X                                10     20    -10 (VIOLATED)
_69408_/X                                10     20    -10 (VIOLATED)
_69411_/X                                10     20    -10 (VIOLATED)
_69414_/X                                10     20    -10 (VIOLATED)
_69861_/Q                                10     20    -10 (VIOLATED)
_69909_/Q                                10     20    -10 (VIOLATED)
_71469_/Q                                10     20    -10 (VIOLATED)
_71501_/Q                                10     20    -10 (VIOLATED)
_71541_/Q                                10     20    -10 (VIOLATED)
_71589_/Q                                10     20    -10 (VIOLATED)
_71645_/Q                                10     20    -10 (VIOLATED)
_71709_/Q                                10     20    -10 (VIOLATED)
_71957_/Q                                10     20    -10 (VIOLATED)
_72309_/Q                                10     20    -10 (VIOLATED)
_72357_/Q                                10     20    -10 (VIOLATED)
_72405_/Q                                10     20    -10 (VIOLATED)
_72453_/Q                                10     20    -10 (VIOLATED)
_72501_/Q                                10     20    -10 (VIOLATED)
_72549_/Q                                10     20    -10 (VIOLATED)
_72685_/Q                                10     20    -10 (VIOLATED)
_72733_/Q                                10     20    -10 (VIOLATED)
_72781_/Q                                10     20    -10 (VIOLATED)
_72829_/Q                                10     20    -10 (VIOLATED)
_72877_/Q                                10     20    -10 (VIOLATED)
_72925_/Q                                10     20    -10 (VIOLATED)
_73061_/Q                                10     20    -10 (VIOLATED)
_73109_/Q                                10     20    -10 (VIOLATED)
_73156_/Q                                10     20    -10 (VIOLATED)
_73205_/Q                                10     20    -10 (VIOLATED)
_73301_/Q                                10     20    -10 (VIOLATED)
_73485_/Q                                10     20    -10 (VIOLATED)
_73533_/Q                                10     20    -10 (VIOLATED)
_73581_/Q                                10     20    -10 (VIOLATED)
_73584_/Q                                10     20    -10 (VIOLATED)
_73629_/Q                                10     20    -10 (VIOLATED)
_73677_/Q                                10     20    -10 (VIOLATED)
_73861_/Q                                10     20    -10 (VIOLATED)
_73957_/Q                                10     20    -10 (VIOLATED)
_74005_/Q                                10     20    -10 (VIOLATED)
_74237_/Q                                10     20    -10 (VIOLATED)
_74285_/Q                                10     20    -10 (VIOLATED)
clkbuf_6_10__f_clk/X                     10     20    -10 (VIOLATED)
clkbuf_6_31__f_clk/X                     10     20    -10 (VIOLATED)
clkbuf_6_41__f_clk/X                     10     20    -10 (VIOLATED)
clkbuf_6_4__f_clk/X                      10     20    -10 (VIOLATED)
clkbuf_6_50__f_clk/X                     10     20    -10 (VIOLATED)
clkbuf_6_56__f_clk/X                     10     20    -10 (VIOLATED)
clkbuf_6_59__f_clk/X                     10     20    -10 (VIOLATED)
clkbuf_6_60__f_clk/X                     10     20    -10 (VIOLATED)
clkbuf_6_7__f_clk/X                      10     20    -10 (VIOLATED)
clkbuf_leaf_242_clk/X                    10     20    -10 (VIOLATED)
fanout1002/X                             10     20    -10 (VIOLATED)
fanout1009/X                             10     20    -10 (VIOLATED)
fanout1012/X                             10     20    -10 (VIOLATED)
fanout1046/X                             10     20    -10 (VIOLATED)
fanout461/X                              10     20    -10 (VIOLATED)
fanout464/X                              10     20    -10 (VIOLATED)
fanout500/X                              10     20    -10 (VIOLATED)
fanout507/X                              10     20    -10 (VIOLATED)
fanout509/X                              10     20    -10 (VIOLATED)
fanout536/X                              10     20    -10 (VIOLATED)
fanout556/X                              10     20    -10 (VIOLATED)
fanout561/X                              10     20    -10 (VIOLATED)
fanout601/X                              10     20    -10 (VIOLATED)
fanout602/X                              10     20    -10 (VIOLATED)
fanout607/X                              10     20    -10 (VIOLATED)
fanout609/X                              10     20    -10 (VIOLATED)
fanout610/X                              10     20    -10 (VIOLATED)
fanout613/X                              10     20    -10 (VIOLATED)
fanout629/X                              10     20    -10 (VIOLATED)
fanout632/X                              10     20    -10 (VIOLATED)
fanout635/X                              10     20    -10 (VIOLATED)
fanout650/X                              10     20    -10 (VIOLATED)
fanout671/X                              10     20    -10 (VIOLATED)
fanout682/X                              10     20    -10 (VIOLATED)
fanout683/X                              10     20    -10 (VIOLATED)
fanout686/X                              10     20    -10 (VIOLATED)
fanout699/X                              10     20    -10 (VIOLATED)
fanout705/X                              10     20    -10 (VIOLATED)
fanout708/X                              10     20    -10 (VIOLATED)
fanout709/X                              10     20    -10 (VIOLATED)
fanout711/X                              10     20    -10 (VIOLATED)
fanout721/X                              10     20    -10 (VIOLATED)
fanout751/X                              10     20    -10 (VIOLATED)
fanout752/X                              10     20    -10 (VIOLATED)
fanout771/X                              10     20    -10 (VIOLATED)
fanout779/X                              10     20    -10 (VIOLATED)
fanout780/X                              10     20    -10 (VIOLATED)
fanout785/X                              10     20    -10 (VIOLATED)
fanout801/X                              10     20    -10 (VIOLATED)
fanout826/X                              10     20    -10 (VIOLATED)
fanout834/X                              10     20    -10 (VIOLATED)
fanout838/X                              10     20    -10 (VIOLATED)
fanout845/X                              10     20    -10 (VIOLATED)
fanout846/X                              10     20    -10 (VIOLATED)
fanout847/X                              10     20    -10 (VIOLATED)
fanout856/X                              10     20    -10 (VIOLATED)
fanout866/X                              10     20    -10 (VIOLATED)
fanout884/X                              10     20    -10 (VIOLATED)
fanout886/X                              10     20    -10 (VIOLATED)
fanout920/X                              10     20    -10 (VIOLATED)
fanout937/X                              10     20    -10 (VIOLATED)
fanout938/X                              10     20    -10 (VIOLATED)
fanout953/X                              10     20    -10 (VIOLATED)
fanout957/X                              10     20    -10 (VIOLATED)
fanout993/X                              10     20    -10 (VIOLATED)
input74/X                                10     20    -10 (VIOLATED)
input75/X                                10     20    -10 (VIOLATED)
input76/X                                10     20    -10 (VIOLATED)
input77/X                                10     20    -10 (VIOLATED)
input78/X                                10     20    -10 (VIOLATED)
input79/X                                10     20    -10 (VIOLATED)
input80/X                                10     20    -10 (VIOLATED)
input81/X                                10     20    -10 (VIOLATED)
clkbuf_leaf_25_clk/X                     10     19     -9 (VIOLATED)
clkbuf_leaf_282_clk/X                    10     19     -9 (VIOLATED)
_35346_/X                                10     18     -8 (VIOLATED)
_54440_/Y                                10     18     -8 (VIOLATED)
_54924_/Y                                10     18     -8 (VIOLATED)
_56376_/Y                                10     18     -8 (VIOLATED)
_56860_/Y                                10     18     -8 (VIOLATED)
_71424_/Q                                10     18     -8 (VIOLATED)
_71428_/Q                                10     18     -8 (VIOLATED)
_71438_/Q                                10     18     -8 (VIOLATED)
_71444_/Q                                10     18     -8 (VIOLATED)
_71728_/Q                                10     18     -8 (VIOLATED)
_71732_/Q                                10     18     -8 (VIOLATED)
_71760_/Q                                10     18     -8 (VIOLATED)
_71764_/Q                                10     18     -8 (VIOLATED)
_71796_/Q                                10     18     -8 (VIOLATED)
_71860_/Q                                10     18     -8 (VIOLATED)
_71888_/Q                                10     18     -8 (VIOLATED)
_71892_/Q                                10     18     -8 (VIOLATED)
_71982_/Q                                10     18     -8 (VIOLATED)
_71986_/Q                                10     18     -8 (VIOLATED)
_71988_/Q                                10     18     -8 (VIOLATED)
_72022_/Q                                10     18     -8 (VIOLATED)
_72026_/Q                                10     18     -8 (VIOLATED)
_72028_/Q                                10     18     -8 (VIOLATED)
_72062_/Q                                10     18     -8 (VIOLATED)
_72066_/Q                                10     18     -8 (VIOLATED)
_72068_/Q                                10     18     -8 (VIOLATED)
_72102_/Q                                10     18     -8 (VIOLATED)
_72106_/Q                                10     18     -8 (VIOLATED)
_72108_/Q                                10     18     -8 (VIOLATED)
_72142_/Q                                10     18     -8 (VIOLATED)
_72146_/Q                                10     18     -8 (VIOLATED)
_72148_/Q                                10     18     -8 (VIOLATED)
_72182_/Q                                10     18     -8 (VIOLATED)
_72186_/Q                                10     18     -8 (VIOLATED)
_72188_/Q                                10     18     -8 (VIOLATED)
_72317_/Q                                10     18     -8 (VIOLATED)
_72413_/Q                                10     18     -8 (VIOLATED)
_72509_/Q                                10     18     -8 (VIOLATED)
_72597_/Q                                10     18     -8 (VIOLATED)
_72693_/Q                                10     18     -8 (VIOLATED)
_72789_/Q                                10     18     -8 (VIOLATED)
_73157_/Q                                10     18     -8 (VIOLATED)
_73309_/Q                                10     18     -8 (VIOLATED)
_73445_/Q                                10     18     -8 (VIOLATED)
_73493_/Q                                10     18     -8 (VIOLATED)
_73637_/Q                                10     18     -8 (VIOLATED)
_73685_/Q                                10     18     -8 (VIOLATED)
_73806_/Q                                10     18     -8 (VIOLATED)
_73821_/Q                                10     18     -8 (VIOLATED)
_74061_/Q                                10     18     -8 (VIOLATED)
_74101_/Q                                10     18     -8 (VIOLATED)
clkbuf_6_12__f_clk/X                     10     18     -8 (VIOLATED)
clkbuf_6_18__f_clk/X                     10     18     -8 (VIOLATED)
clkbuf_6_20__f_clk/X                     10     18     -8 (VIOLATED)
clkbuf_6_22__f_clk/X                     10     18     -8 (VIOLATED)
clkbuf_6_24__f_clk/X                     10     18     -8 (VIOLATED)
clkbuf_6_2__f_clk/X                      10     18     -8 (VIOLATED)
clkbuf_6_33__f_clk/X                     10     18     -8 (VIOLATED)
clkbuf_6_44__f_clk/X                     10     18     -8 (VIOLATED)
clkbuf_6_49__f_clk/X                     10     18     -8 (VIOLATED)
clkbuf_6_58__f_clk/X                     10     18     -8 (VIOLATED)
clkbuf_6_5__f_clk/X                      10     18     -8 (VIOLATED)
clkbuf_leaf_185_clk/X                    10     18     -8 (VIOLATED)
clkbuf_leaf_202_clk/X                    10     18     -8 (VIOLATED)
clkbuf_leaf_471_clk/X                    10     18     -8 (VIOLATED)
clkbuf_leaf_550_clk/X                    10     18     -8 (VIOLATED)
clkbuf_leaf_555_clk/X                    10     18     -8 (VIOLATED)
fanout482/X                              10     18     -8 (VIOLATED)
fanout597/X                              10     18     -8 (VIOLATED)
fanout617/X                              10     18     -8 (VIOLATED)
fanout681/X                              10     18     -8 (VIOLATED)
fanout729/X                              10     18     -8 (VIOLATED)
fanout762/X                              10     18     -8 (VIOLATED)
fanout773/X                              10     18     -8 (VIOLATED)
fanout775/X                              10     18     -8 (VIOLATED)
fanout781/X                              10     18     -8 (VIOLATED)
fanout798/X                              10     18     -8 (VIOLATED)
fanout853/X                              10     18     -8 (VIOLATED)
fanout875/X                              10     18     -8 (VIOLATED)
fanout878/X                              10     18     -8 (VIOLATED)
fanout896/X                              10     18     -8 (VIOLATED)
fanout899/X                              10     18     -8 (VIOLATED)
fanout923/X                              10     18     -8 (VIOLATED)
fanout947/X                              10     18     -8 (VIOLATED)
fanout961/X                              10     18     -8 (VIOLATED)
wire341/X                                10     18     -8 (VIOLATED)
_63212_/Y                                10     17     -7 (VIOLATED)
clkbuf_leaf_105_clk/X                    10     17     -7 (VIOLATED)
clkbuf_leaf_154_clk/X                    10     17     -7 (VIOLATED)
clkbuf_leaf_238_clk/X                    10     17     -7 (VIOLATED)
clkbuf_leaf_254_clk/X                    10     17     -7 (VIOLATED)
clkbuf_leaf_362_clk/X                    10     17     -7 (VIOLATED)
clkbuf_leaf_398_clk/X                    10     17     -7 (VIOLATED)
clkbuf_leaf_453_clk/X                    10     17     -7 (VIOLATED)
_36447_/Y                                10     16     -6 (VIOLATED)
_36993_/Y                                10     16     -6 (VIOLATED)
_38082_/Y                                10     16     -6 (VIOLATED)
_38628_/Y                                10     16     -6 (VIOLATED)
_39174_/Y                                10     16     -6 (VIOLATED)
_40812_/Y                                10     16     -6 (VIOLATED)
_41354_/X                                10     16     -6 (VIOLATED)
_42444_/Y                                10     16     -6 (VIOLATED)
_42976_/X                                10     16     -6 (VIOLATED)
_43520_/Y                                10     16     -6 (VIOLATED)
_44612_/Y                                10     16     -6 (VIOLATED)
_45158_/Y                                10     16     -6 (VIOLATED)
_45704_/Y                                10     16     -6 (VIOLATED)
_46250_/Y                                10     16     -6 (VIOLATED)
_46796_/Y                                10     16     -6 (VIOLATED)
_47338_/X                                10     16     -6 (VIOLATED)
_48977_/Y                                10     16     -6 (VIOLATED)
_50069_/Y                                10     16     -6 (VIOLATED)
_62533_/Y                                10     16     -6 (VIOLATED)
_63075_/X                                10     16     -6 (VIOLATED)
_64168_/Y                                10     16     -6 (VIOLATED)
_64714_/Y                                10     16     -6 (VIOLATED)
_66352_/Y                                10     16     -6 (VIOLATED)
_66894_/X                                10     16     -6 (VIOLATED)
_67437_/X                                10     16     -6 (VIOLATED)
_67984_/Y                                10     16     -6 (VIOLATED)
_68117_/Y                                10     16     -6 (VIOLATED)
_68135_/Y                                10     16     -6 (VIOLATED)
_68174_/Y                                10     16     -6 (VIOLATED)
_68738_/Y                                10     16     -6 (VIOLATED)
_68763_/Y                                10     16     -6 (VIOLATED)
_68782_/Y                                10     16     -6 (VIOLATED)
_68828_/Y                                10     16     -6 (VIOLATED)
_68866_/X                                10     16     -6 (VIOLATED)
_68884_/Y                                10     16     -6 (VIOLATED)
_68902_/Y                                10     16     -6 (VIOLATED)
_68958_/Y                                10     16     -6 (VIOLATED)
_68993_/Y                                10     16     -6 (VIOLATED)
_69010_/Y                                10     16     -6 (VIOLATED)
_69027_/Y                                10     16     -6 (VIOLATED)
_69046_/Y                                10     16     -6 (VIOLATED)
_69124_/Y                                10     16     -6 (VIOLATED)
_69183_/Y                                10     16     -6 (VIOLATED)
_69234_/Y                                10     16     -6 (VIOLATED)
_69319_/Y                                10     16     -6 (VIOLATED)
_69339_/Y                                10     16     -6 (VIOLATED)
_69373_/Y                                10     16     -6 (VIOLATED)
_69417_/Y                                10     16     -6 (VIOLATED)
_69485_/Y                                10     16     -6 (VIOLATED)
_69502_/Y                                10     16     -6 (VIOLATED)
_69519_/Y                                10     16     -6 (VIOLATED)
_69536_/Y                                10     16     -6 (VIOLATED)
_69553_/Y                                10     16     -6 (VIOLATED)
_69622_/Y                                10     16     -6 (VIOLATED)
_69656_/Y                                10     16     -6 (VIOLATED)
_69673_/Y                                10     16     -6 (VIOLATED)
_69690_/Y                                10     16     -6 (VIOLATED)
_69707_/Y                                10     16     -6 (VIOLATED)
_69724_/Y                                10     16     -6 (VIOLATED)
_69741_/Y                                10     16     -6 (VIOLATED)
_69792_/Y                                10     16     -6 (VIOLATED)
_69854_/Q                                10     16     -6 (VIOLATED)
_69857_/Q                                10     16     -6 (VIOLATED)
_69858_/Q                                10     16     -6 (VIOLATED)
_69902_/Q                                10     16     -6 (VIOLATED)
_69906_/Q                                10     16     -6 (VIOLATED)
_71439_/Q                                10     16     -6 (VIOLATED)
_71443_/Q                                10     16     -6 (VIOLATED)
_71465_/Q                                10     16     -6 (VIOLATED)
_71466_/Q                                10     16     -6 (VIOLATED)
_71494_/Q                                10     16     -6 (VIOLATED)
_71497_/Q                                10     16     -6 (VIOLATED)
_71498_/Q                                10     16     -6 (VIOLATED)
_71534_/Q                                10     16     -6 (VIOLATED)
_71537_/Q                                10     16     -6 (VIOLATED)
_71538_/Q                                10     16     -6 (VIOLATED)
_71582_/Q                                10     16     -6 (VIOLATED)
_71586_/Q                                10     16     -6 (VIOLATED)
_71638_/Q                                10     16     -6 (VIOLATED)
_71641_/Q                                10     16     -6 (VIOLATED)
_71642_/Q                                10     16     -6 (VIOLATED)
_71702_/Q                                10     16     -6 (VIOLATED)
_71706_/Q                                10     16     -6 (VIOLATED)
_71731_/Q                                10     16     -6 (VIOLATED)
_71763_/Q                                10     16     -6 (VIOLATED)
_71795_/Q                                10     16     -6 (VIOLATED)
_71891_/Q                                10     16     -6 (VIOLATED)
_71925_/Q                                10     16     -6 (VIOLATED)
_71983_/Q                                10     16     -6 (VIOLATED)
_71987_/Q                                10     16     -6 (VIOLATED)
_72023_/Q                                10     16     -6 (VIOLATED)
_72027_/Q                                10     16     -6 (VIOLATED)
_72063_/Q                                10     16     -6 (VIOLATED)
_72067_/Q                                10     16     -6 (VIOLATED)
_72103_/Q                                10     16     -6 (VIOLATED)
_72107_/Q                                10     16     -6 (VIOLATED)
_72143_/Q                                10     16     -6 (VIOLATED)
_72147_/Q                                10     16     -6 (VIOLATED)
_72183_/Q                                10     16     -6 (VIOLATED)
_72187_/Q                                10     16     -6 (VIOLATED)
_72302_/Q                                10     16     -6 (VIOLATED)
_72306_/Q                                10     16     -6 (VIOLATED)
_72350_/Q                                10     16     -6 (VIOLATED)
_72353_/Q                                10     16     -6 (VIOLATED)
_72354_/Q                                10     16     -6 (VIOLATED)
_72398_/Q                                10     16     -6 (VIOLATED)
_72401_/Q                                10     16     -6 (VIOLATED)
_72402_/Q                                10     16     -6 (VIOLATED)
_72446_/Q                                10     16     -6 (VIOLATED)
_72449_/Q                                10     16     -6 (VIOLATED)
_72450_/Q                                10     16     -6 (VIOLATED)
_72498_/Q                                10     16     -6 (VIOLATED)
_72542_/Q                                10     16     -6 (VIOLATED)
_72545_/Q                                10     16     -6 (VIOLATED)
_72546_/Q                                10     16     -6 (VIOLATED)
_72682_/Q                                10     16     -6 (VIOLATED)
_72726_/Q                                10     16     -6 (VIOLATED)
_72729_/Q                                10     16     -6 (VIOLATED)
_72730_/Q                                10     16     -6 (VIOLATED)
_72774_/Q                                10     16     -6 (VIOLATED)
_72777_/Q                                10     16     -6 (VIOLATED)
_72778_/Q                                10     16     -6 (VIOLATED)
_72822_/Q                                10     16     -6 (VIOLATED)
_72825_/Q                                10     16     -6 (VIOLATED)
_72826_/Q                                10     16     -6 (VIOLATED)
_72870_/Q                                10     16     -6 (VIOLATED)
_72873_/Q                                10     16     -6 (VIOLATED)
_72874_/Q                                10     16     -6 (VIOLATED)
_72918_/Q                                10     16     -6 (VIOLATED)
_72921_/Q                                10     16     -6 (VIOLATED)
_72922_/Q                                10     16     -6 (VIOLATED)
_73054_/Q                                10     16     -6 (VIOLATED)
_73057_/Q                                10     16     -6 (VIOLATED)
_73102_/Q                                10     16     -6 (VIOLATED)
_73105_/Q                                10     16     -6 (VIOLATED)
_73106_/Q                                10     16     -6 (VIOLATED)
_73150_/Q                                10     16     -6 (VIOLATED)
_73198_/Q                                10     16     -6 (VIOLATED)
_73201_/Q                                10     16     -6 (VIOLATED)
_73202_/Q                                10     16     -6 (VIOLATED)
_73250_/Q                                10     16     -6 (VIOLATED)
_73298_/Q                                10     16     -6 (VIOLATED)
_73430_/Q                                10     16     -6 (VIOLATED)
_73433_/Q                                10     16     -6 (VIOLATED)
_73434_/Q                                10     16     -6 (VIOLATED)
_73478_/Q                                10     16     -6 (VIOLATED)
_73481_/Q                                10     16     -6 (VIOLATED)
_73482_/Q                                10     16     -6 (VIOLATED)
_73526_/Q                                10     16     -6 (VIOLATED)
_73529_/Q                                10     16     -6 (VIOLATED)
_73530_/Q                                10     16     -6 (VIOLATED)
_73574_/Q                                10     16     -6 (VIOLATED)
_73577_/Q                                10     16     -6 (VIOLATED)
_73578_/Q                                10     16     -6 (VIOLATED)
_73670_/Q                                10     16     -6 (VIOLATED)
_73673_/Q                                10     16     -6 (VIOLATED)
_73674_/Q                                10     16     -6 (VIOLATED)
_73810_/Q                                10     16     -6 (VIOLATED)
_73811_/Q                                10     16     -6 (VIOLATED)
_73812_/Q                                10     16     -6 (VIOLATED)
_73854_/Q                                10     16     -6 (VIOLATED)
_73857_/Q                                10     16     -6 (VIOLATED)
_73858_/Q                                10     16     -6 (VIOLATED)
_73950_/Q                                10     16     -6 (VIOLATED)
_73953_/Q                                10     16     -6 (VIOLATED)
_73954_/Q                                10     16     -6 (VIOLATED)
_73998_/Q                                10     16     -6 (VIOLATED)
_74001_/Q                                10     16     -6 (VIOLATED)
_74002_/Q                                10     16     -6 (VIOLATED)
_74050_/Q                                10     16     -6 (VIOLATED)
_74182_/Q                                10     16     -6 (VIOLATED)
_74185_/Q                                10     16     -6 (VIOLATED)
_74230_/Q                                10     16     -6 (VIOLATED)
_74233_/Q                                10     16     -6 (VIOLATED)
_74234_/Q                                10     16     -6 (VIOLATED)
_74278_/Q                                10     16     -6 (VIOLATED)
_74281_/Q                                10     16     -6 (VIOLATED)
_74282_/Q                                10     16     -6 (VIOLATED)
_74326_/Q                                10     16     -6 (VIOLATED)
clkbuf_3_0_0_clk/X                       10     16     -6 (VIOLATED)
clkbuf_3_1_0_clk/X                       10     16     -6 (VIOLATED)
clkbuf_3_2_0_clk/X                       10     16     -6 (VIOLATED)
clkbuf_3_3_0_clk/X                       10     16     -6 (VIOLATED)
clkbuf_3_4_0_clk/X                       10     16     -6 (VIOLATED)
clkbuf_3_5_0_clk/X                       10     16     -6 (VIOLATED)
clkbuf_3_6_0_clk/X                       10     16     -6 (VIOLATED)
clkbuf_3_7_0_clk/X                       10     16     -6 (VIOLATED)
clkbuf_6_11__f_clk/X                     10     16     -6 (VIOLATED)
clkbuf_6_14__f_clk/X                     10     16     -6 (VIOLATED)
clkbuf_6_17__f_clk/X                     10     16     -6 (VIOLATED)
clkbuf_6_19__f_clk/X                     10     16     -6 (VIOLATED)
clkbuf_6_27__f_clk/X                     10     16     -6 (VIOLATED)
clkbuf_6_29__f_clk/X                     10     16     -6 (VIOLATED)
clkbuf_6_30__f_clk/X                     10     16     -6 (VIOLATED)
clkbuf_6_35__f_clk/X                     10     16     -6 (VIOLATED)
clkbuf_6_38__f_clk/X                     10     16     -6 (VIOLATED)
clkbuf_6_43__f_clk/X                     10     16     -6 (VIOLATED)
clkbuf_6_45__f_clk/X                     10     16     -6 (VIOLATED)
clkbuf_6_57__f_clk/X                     10     16     -6 (VIOLATED)
clkbuf_6_61__f_clk/X                     10     16     -6 (VIOLATED)
clkbuf_leaf_155_clk/X                    10     16     -6 (VIOLATED)
clkbuf_leaf_189_clk/X                    10     16     -6 (VIOLATED)
clkbuf_leaf_1_clk/X                      10     16     -6 (VIOLATED)
clkbuf_leaf_354_clk/X                    10     16     -6 (VIOLATED)
clkbuf_leaf_377_clk/X                    10     16     -6 (VIOLATED)
clkbuf_leaf_457_clk/X                    10     16     -6 (VIOLATED)
clkbuf_leaf_492_clk/X                    10     16     -6 (VIOLATED)
clkbuf_leaf_512_clk/X                    10     16     -6 (VIOLATED)
clkbuf_leaf_67_clk/X                     10     16     -6 (VIOLATED)
fanout1044/X                             10     16     -6 (VIOLATED)
fanout465/X                              10     16     -6 (VIOLATED)
fanout477/X                              10     16     -6 (VIOLATED)
fanout496/X                              10     16     -6 (VIOLATED)
fanout538/X                              10     16     -6 (VIOLATED)
fanout687/X                              10     16     -6 (VIOLATED)
fanout732/X                              10     16     -6 (VIOLATED)
fanout802/X                              10     16     -6 (VIOLATED)
fanout863/X                              10     16     -6 (VIOLATED)
fanout888/X                              10     16     -6 (VIOLATED)
fanout912/X                              10     16     -6 (VIOLATED)
fanout935/X                              10     16     -6 (VIOLATED)
fanout958/X                              10     16     -6 (VIOLATED)
fanout992/X                              10     16     -6 (VIOLATED)
input72/X                                10     16     -6 (VIOLATED)
max_cap342/X                             10     16     -6 (VIOLATED)
clkbuf_leaf_184_clk/X                    10     15     -5 (VIOLATED)
clkbuf_leaf_222_clk/X                    10     15     -5 (VIOLATED)
clkbuf_leaf_406_clk/X                    10     15     -5 (VIOLATED)
clkbuf_leaf_436_clk/X                    10     15     -5 (VIOLATED)
clkbuf_leaf_452_clk/X                    10     15     -5 (VIOLATED)
clkbuf_leaf_454_clk/X                    10     15     -5 (VIOLATED)
clkbuf_leaf_467_clk/X                    10     15     -5 (VIOLATED)
clkbuf_leaf_543_clk/X                    10     15     -5 (VIOLATED)
clkbuf_leaf_76_clk/X                     10     15     -5 (VIOLATED)
_69855_/Q                                10     14     -4 (VIOLATED)
_69856_/Q                                10     14     -4 (VIOLATED)
_69859_/Q                                10     14     -4 (VIOLATED)
_69860_/Q                                10     14     -4 (VIOLATED)
_69903_/Q                                10     14     -4 (VIOLATED)
_69904_/Q                                10     14     -4 (VIOLATED)
_69907_/Q                                10     14     -4 (VIOLATED)
_69908_/Q                                10     14     -4 (VIOLATED)
_69954_/Q                                10     14     -4 (VIOLATED)
_69955_/Q                                10     14     -4 (VIOLATED)
_69956_/Q                                10     14     -4 (VIOLATED)
_71422_/Q                                10     14     -4 (VIOLATED)
_71423_/Q                                10     14     -4 (VIOLATED)
_71425_/Q                                10     14     -4 (VIOLATED)
_71440_/Q                                10     14     -4 (VIOLATED)
_71463_/Q                                10     14     -4 (VIOLATED)
_71464_/Q                                10     14     -4 (VIOLATED)
_71467_/Q                                10     14     -4 (VIOLATED)
_71468_/Q                                10     14     -4 (VIOLATED)
_71495_/Q                                10     14     -4 (VIOLATED)
_71496_/Q                                10     14     -4 (VIOLATED)
_71499_/Q                                10     14     -4 (VIOLATED)
_71500_/Q                                10     14     -4 (VIOLATED)
_71535_/Q                                10     14     -4 (VIOLATED)
_71536_/Q                                10     14     -4 (VIOLATED)
_71539_/Q                                10     14     -4 (VIOLATED)
_71540_/Q                                10     14     -4 (VIOLATED)
_71583_/Q                                10     14     -4 (VIOLATED)
_71584_/Q                                10     14     -4 (VIOLATED)
_71587_/Q                                10     14     -4 (VIOLATED)
_71639_/Q                                10     14     -4 (VIOLATED)
_71640_/Q                                10     14     -4 (VIOLATED)
_71643_/Q                                10     14     -4 (VIOLATED)
_71644_/Q                                10     14     -4 (VIOLATED)
_71703_/Q                                10     14     -4 (VIOLATED)
_71704_/Q                                10     14     -4 (VIOLATED)
_71707_/Q                                10     14     -4 (VIOLATED)
_71708_/Q                                10     14     -4 (VIOLATED)
_71729_/Q                                10     14     -4 (VIOLATED)
_71758_/Q                                10     14     -4 (VIOLATED)
_71759_/Q                                10     14     -4 (VIOLATED)
_71761_/Q                                10     14     -4 (VIOLATED)
_71857_/Q                                10     14     -4 (VIOLATED)
_71886_/Q                                10     14     -4 (VIOLATED)
_71887_/Q                                10     14     -4 (VIOLATED)
_71889_/Q                                10     14     -4 (VIOLATED)
_72024_/Q                                10     14     -4 (VIOLATED)
_72064_/Q                                10     14     -4 (VIOLATED)
_72104_/Q                                10     14     -4 (VIOLATED)
_72144_/Q                                10     14     -4 (VIOLATED)
_72184_/Q                                10     14     -4 (VIOLATED)
_72304_/Q                                10     14     -4 (VIOLATED)
_72307_/Q                                10     14     -4 (VIOLATED)
_72351_/Q                                10     14     -4 (VIOLATED)
_72352_/Q                                10     14     -4 (VIOLATED)
_72355_/Q                                10     14     -4 (VIOLATED)
_72356_/Q                                10     14     -4 (VIOLATED)
_72399_/Q                                10     14     -4 (VIOLATED)
_72403_/Q                                10     14     -4 (VIOLATED)
_72404_/Q                                10     14     -4 (VIOLATED)
_72447_/Q                                10     14     -4 (VIOLATED)
_72448_/Q                                10     14     -4 (VIOLATED)
_72451_/Q                                10     14     -4 (VIOLATED)
_72452_/Q                                10     14     -4 (VIOLATED)
_72499_/Q                                10     14     -4 (VIOLATED)
_72500_/Q                                10     14     -4 (VIOLATED)
_72543_/Q                                10     14     -4 (VIOLATED)
_72544_/Q                                10     14     -4 (VIOLATED)
_72547_/Q                                10     14     -4 (VIOLATED)
_72548_/Q                                10     14     -4 (VIOLATED)
_72679_/Q                                10     14     -4 (VIOLATED)
_72680_/Q                                10     14     -4 (VIOLATED)
_72727_/Q                                10     14     -4 (VIOLATED)
_72728_/Q                                10     14     -4 (VIOLATED)
_72731_/Q                                10     14     -4 (VIOLATED)
_72732_/Q                                10     14     -4 (VIOLATED)
_72776_/Q                                10     14     -4 (VIOLATED)
_72779_/Q                                10     14     -4 (VIOLATED)
_72780_/Q                                10     14     -4 (VIOLATED)
_72823_/Q                                10     14     -4 (VIOLATED)
_72824_/Q                                10     14     -4 (VIOLATED)
_72827_/Q                                10     14     -4 (VIOLATED)
_72828_/Q                                10     14     -4 (VIOLATED)
_72871_/Q                                10     14     -4 (VIOLATED)
_72872_/Q                                10     14     -4 (VIOLATED)
_72875_/Q                                10     14     -4 (VIOLATED)
_72876_/Q                                10     14     -4 (VIOLATED)
_72919_/Q                                10     14     -4 (VIOLATED)
_72920_/Q                                10     14     -4 (VIOLATED)
_72923_/Q                                10     14     -4 (VIOLATED)
_72924_/Q                                10     14     -4 (VIOLATED)
_72970_/Q                                10     14     -4 (VIOLATED)
_73056_/Q                                10     14     -4 (VIOLATED)
_73103_/Q                                10     14     -4 (VIOLATED)
_73104_/Q                                10     14     -4 (VIOLATED)
_73107_/Q                                10     14     -4 (VIOLATED)
_73108_/Q                                10     14     -4 (VIOLATED)
_73151_/Q                                10     14     -4 (VIOLATED)
_73152_/Q                                10     14     -4 (VIOLATED)
_73154_/Q                                10     14     -4 (VIOLATED)
_73199_/Q                                10     14     -4 (VIOLATED)
_73200_/Q                                10     14     -4 (VIOLATED)
_73203_/Q                                10     14     -4 (VIOLATED)
_73204_/Q                                10     14     -4 (VIOLATED)
_73295_/Q                                10     14     -4 (VIOLATED)
_73296_/Q                                10     14     -4 (VIOLATED)
_73299_/Q                                10     14     -4 (VIOLATED)
_73300_/Q                                10     14     -4 (VIOLATED)
_73342_/Q                                10     14     -4 (VIOLATED)
_73345_/Q                                10     14     -4 (VIOLATED)
_73346_/Q                                10     14     -4 (VIOLATED)
_73435_/Q                                10     14     -4 (VIOLATED)
_73436_/Q                                10     14     -4 (VIOLATED)
_73479_/Q                                10     14     -4 (VIOLATED)
_73480_/Q                                10     14     -4 (VIOLATED)
_73483_/Q                                10     14     -4 (VIOLATED)
_73484_/Q                                10     14     -4 (VIOLATED)
_73527_/Q                                10     14     -4 (VIOLATED)
_73528_/Q                                10     14     -4 (VIOLATED)
_73531_/Q                                10     14     -4 (VIOLATED)
_73532_/Q                                10     14     -4 (VIOLATED)
_73575_/Q                                10     14     -4 (VIOLATED)
_73576_/Q                                10     14     -4 (VIOLATED)
_73579_/Q                                10     14     -4 (VIOLATED)
_73580_/Q                                10     14     -4 (VIOLATED)
_73624_/Q                                10     14     -4 (VIOLATED)
_73627_/Q                                10     14     -4 (VIOLATED)
_73628_/Q                                10     14     -4 (VIOLATED)
_73671_/Q                                10     14     -4 (VIOLATED)
_73672_/Q                                10     14     -4 (VIOLATED)
_73675_/Q                                10     14     -4 (VIOLATED)
_73718_/Q                                10     14     -4 (VIOLATED)
_73722_/Q                                10     14     -4 (VIOLATED)
_73807_/Q                                10     14     -4 (VIOLATED)
_73808_/Q                                10     14     -4 (VIOLATED)
_73809_/Q                                10     14     -4 (VIOLATED)
_73855_/Q                                10     14     -4 (VIOLATED)
_73856_/Q                                10     14     -4 (VIOLATED)
_73859_/Q                                10     14     -4 (VIOLATED)
_73860_/Q                                10     14     -4 (VIOLATED)
_73903_/Q                                10     14     -4 (VIOLATED)
_73904_/Q                                10     14     -4 (VIOLATED)
_73951_/Q                                10     14     -4 (VIOLATED)
_73952_/Q                                10     14     -4 (VIOLATED)
_73955_/Q                                10     14     -4 (VIOLATED)
_73956_/Q                                10     14     -4 (VIOLATED)
_73999_/Q                                10     14     -4 (VIOLATED)
_74000_/Q                                10     14     -4 (VIOLATED)
_74003_/Q                                10     14     -4 (VIOLATED)
_74004_/Q                                10     14     -4 (VIOLATED)
_74094_/Q                                10     14     -4 (VIOLATED)
_74097_/Q                                10     14     -4 (VIOLATED)
_74098_/Q                                10     14     -4 (VIOLATED)
_74183_/Q                                10     14     -4 (VIOLATED)
_74184_/Q                                10     14     -4 (VIOLATED)
_74187_/Q                                10     14     -4 (VIOLATED)
_74231_/Q                                10     14     -4 (VIOLATED)
_74232_/Q                                10     14     -4 (VIOLATED)
_74235_/Q                                10     14     -4 (VIOLATED)
_74236_/Q                                10     14     -4 (VIOLATED)
_74279_/Q                                10     14     -4 (VIOLATED)
_74280_/Q                                10     14     -4 (VIOLATED)
_74283_/Q                                10     14     -4 (VIOLATED)
_74284_/Q                                10     14     -4 (VIOLATED)
clkbuf_6_13__f_clk/X                     10     14     -4 (VIOLATED)
clkbuf_6_21__f_clk/X                     10     14     -4 (VIOLATED)
clkbuf_6_25__f_clk/X                     10     14     -4 (VIOLATED)
clkbuf_6_26__f_clk/X                     10     14     -4 (VIOLATED)
clkbuf_6_39__f_clk/X                     10     14     -4 (VIOLATED)
clkbuf_6_3__f_clk/X                      10     14     -4 (VIOLATED)
clkbuf_6_42__f_clk/X                     10     14     -4 (VIOLATED)
clkbuf_6_51__f_clk/X                     10     14     -4 (VIOLATED)
clkbuf_6_6__f_clk/X                      10     14     -4 (VIOLATED)
clkbuf_leaf_127_clk/X                    10     14     -4 (VIOLATED)
clkbuf_leaf_18_clk/X                     10     14     -4 (VIOLATED)
clkbuf_leaf_200_clk/X                    10     14     -4 (VIOLATED)
clkbuf_leaf_283_clk/X                    10     14     -4 (VIOLATED)
clkbuf_leaf_335_clk/X                    10     14     -4 (VIOLATED)
clkbuf_leaf_339_clk/X                    10     14     -4 (VIOLATED)
clkbuf_leaf_342_clk/X                    10     14     -4 (VIOLATED)
clkbuf_leaf_38_clk/X                     10     14     -4 (VIOLATED)
clkbuf_leaf_469_clk/X                    10     14     -4 (VIOLATED)
clkbuf_leaf_483_clk/X                    10     14     -4 (VIOLATED)
clkbuf_leaf_544_clk/X                    10     14     -4 (VIOLATED)
clkbuf_leaf_548_clk/X                    10     14     -4 (VIOLATED)
clkbuf_leaf_549_clk/X                    10     14     -4 (VIOLATED)
clkbuf_leaf_556_clk/X                    10     14     -4 (VIOLATED)
clkbuf_leaf_77_clk/X                     10     14     -4 (VIOLATED)
clkbuf_leaf_92_clk/X                     10     14     -4 (VIOLATED)
clkbuf_leaf_98_clk/X                     10     14     -4 (VIOLATED)
fanout1001/X                             10     14     -4 (VIOLATED)
fanout1047/X                             10     14     -4 (VIOLATED)
fanout1066/X                             10     14     -4 (VIOLATED)
fanout1070/X                             10     14     -4 (VIOLATED)
fanout481/X                              10     14     -4 (VIOLATED)
fanout516/X                              10     14     -4 (VIOLATED)
fanout547/X                              10     14     -4 (VIOLATED)
fanout600/X                              10     14     -4 (VIOLATED)
fanout623/X                              10     14     -4 (VIOLATED)
fanout631/X                              10     14     -4 (VIOLATED)
fanout636/X                              10     14     -4 (VIOLATED)
fanout642/X                              10     14     -4 (VIOLATED)
fanout672/X                              10     14     -4 (VIOLATED)
fanout697/X                              10     14     -4 (VIOLATED)
fanout698/X                              10     14     -4 (VIOLATED)
fanout849/X                              10     14     -4 (VIOLATED)
fanout850/X                              10     14     -4 (VIOLATED)
fanout915/X                              10     14     -4 (VIOLATED)
fanout929/X                              10     14     -4 (VIOLATED)
fanout983/X                              10     14     -4 (VIOLATED)
input68/X                                10     14     -4 (VIOLATED)
input69/X                                10     14     -4 (VIOLATED)
input70/X                                10     14     -4 (VIOLATED)
input71/X                                10     14     -4 (VIOLATED)
input73/X                                10     14     -4 (VIOLATED)
input82/X                                10     14     -4 (VIOLATED)
clkbuf_leaf_132_clk/X                    10     13     -3 (VIOLATED)
clkbuf_leaf_150_clk/X                    10     13     -3 (VIOLATED)
clkbuf_leaf_170_clk/X                    10     13     -3 (VIOLATED)
clkbuf_leaf_171_clk/X                    10     13     -3 (VIOLATED)
clkbuf_leaf_21_clk/X                     10     13     -3 (VIOLATED)
clkbuf_leaf_220_clk/X                    10     13     -3 (VIOLATED)
clkbuf_leaf_234_clk/X                    10     13     -3 (VIOLATED)
clkbuf_leaf_237_clk/X                    10     13     -3 (VIOLATED)
clkbuf_leaf_241_clk/X                    10     13     -3 (VIOLATED)
clkbuf_leaf_249_clk/X                    10     13     -3 (VIOLATED)
clkbuf_leaf_257_clk/X                    10     13     -3 (VIOLATED)
clkbuf_leaf_280_clk/X                    10     13     -3 (VIOLATED)
clkbuf_leaf_292_clk/X                    10     13     -3 (VIOLATED)
clkbuf_leaf_311_clk/X                    10     13     -3 (VIOLATED)
clkbuf_leaf_327_clk/X                    10     13     -3 (VIOLATED)
clkbuf_leaf_336_clk/X                    10     13     -3 (VIOLATED)
clkbuf_leaf_366_clk/X                    10     13     -3 (VIOLATED)
clkbuf_leaf_372_clk/X                    10     13     -3 (VIOLATED)
clkbuf_leaf_413_clk/X                    10     13     -3 (VIOLATED)
clkbuf_leaf_435_clk/X                    10     13     -3 (VIOLATED)
clkbuf_leaf_440_clk/X                    10     13     -3 (VIOLATED)
clkbuf_leaf_480_clk/X                    10     13     -3 (VIOLATED)
clkbuf_leaf_520_clk/X                    10     13     -3 (VIOLATED)
clkbuf_leaf_521_clk/X                    10     13     -3 (VIOLATED)
clkbuf_leaf_523_clk/X                    10     13     -3 (VIOLATED)
clkbuf_leaf_563_clk/X                    10     13     -3 (VIOLATED)
clkbuf_leaf_78_clk/X                     10     13     -3 (VIOLATED)
_69952_/Q                                10     12     -2 (VIOLATED)
_69953_/Q                                10     12     -2 (VIOLATED)
_69957_/Q                                10     12     -2 (VIOLATED)
_71426_/Q                                10     12     -2 (VIOLATED)
_71730_/Q                                10     12     -2 (VIOLATED)
_71762_/Q                                10     12     -2 (VIOLATED)
_71890_/Q                                10     12     -2 (VIOLATED)
_71918_/Q                                10     12     -2 (VIOLATED)
_71985_/Q                                10     12     -2 (VIOLATED)
_72025_/Q                                10     12     -2 (VIOLATED)
_72065_/Q                                10     12     -2 (VIOLATED)
_72105_/Q                                10     12     -2 (VIOLATED)
_72185_/Q                                10     12     -2 (VIOLATED)
_72592_/Q                                10     12     -2 (VIOLATED)
_72595_/Q                                10     12     -2 (VIOLATED)
_72596_/Q                                10     12     -2 (VIOLATED)
_72967_/Q                                10     12     -2 (VIOLATED)
_72968_/Q                                10     12     -2 (VIOLATED)
_72971_/Q                                10     12     -2 (VIOLATED)
_73153_/Q                                10     12     -2 (VIOLATED)
_73343_/Q                                10     12     -2 (VIOLATED)
_73344_/Q                                10     12     -2 (VIOLATED)
_73719_/Q                                10     12     -2 (VIOLATED)
_73720_/Q                                10     12     -2 (VIOLATED)
_73724_/Q                                10     12     -2 (VIOLATED)
_74095_/Q                                10     12     -2 (VIOLATED)
_74096_/Q                                10     12     -2 (VIOLATED)
_74099_/Q                                10     12     -2 (VIOLATED)
_74100_/Q                                10     12     -2 (VIOLATED)
clkbuf_6_0__f_clk/X                      10     12     -2 (VIOLATED)
clkbuf_6_16__f_clk/X                     10     12     -2 (VIOLATED)
clkbuf_6_1__f_clk/X                      10     12     -2 (VIOLATED)
clkbuf_6_28__f_clk/X                     10     12     -2 (VIOLATED)
clkbuf_6_9__f_clk/X                      10     12     -2 (VIOLATED)
clkbuf_leaf_119_clk/X                    10     12     -2 (VIOLATED)
clkbuf_leaf_229_clk/X                    10     12     -2 (VIOLATED)
clkbuf_leaf_231_clk/X                    10     12     -2 (VIOLATED)
clkbuf_leaf_253_clk/X                    10     12     -2 (VIOLATED)
clkbuf_leaf_271_clk/X                    10     12     -2 (VIOLATED)
clkbuf_leaf_297_clk/X                    10     12     -2 (VIOLATED)
clkbuf_leaf_312_clk/X                    10     12     -2 (VIOLATED)
clkbuf_leaf_348_clk/X                    10     12     -2 (VIOLATED)
clkbuf_leaf_397_clk/X                    10     12     -2 (VIOLATED)
clkbuf_leaf_416_clk/X                    10     12     -2 (VIOLATED)
clkbuf_leaf_434_clk/X                    10     12     -2 (VIOLATED)
clkbuf_leaf_441_clk/X                    10     12     -2 (VIOLATED)
clkbuf_leaf_456_clk/X                    10     12     -2 (VIOLATED)
clkbuf_leaf_490_clk/X                    10     12     -2 (VIOLATED)
clkbuf_leaf_507_clk/X                    10     12     -2 (VIOLATED)
clkbuf_leaf_518_clk/X                    10     12     -2 (VIOLATED)
clkbuf_leaf_524_clk/X                    10     12     -2 (VIOLATED)
clkbuf_leaf_533_clk/X                    10     12     -2 (VIOLATED)
clkbuf_leaf_546_clk/X                    10     12     -2 (VIOLATED)
clkbuf_leaf_547_clk/X                    10     12     -2 (VIOLATED)
clkbuf_leaf_557_clk/X                    10     12     -2 (VIOLATED)
clkbuf_leaf_79_clk/X                     10     12     -2 (VIOLATED)
clkbuf_leaf_83_clk/X                     10     12     -2 (VIOLATED)
clkbuf_leaf_84_clk/X                     10     12     -2 (VIOLATED)
clkbuf_leaf_96_clk/X                     10     12     -2 (VIOLATED)
fanout1003/X                             10     12     -2 (VIOLATED)
fanout1016/X                             10     12     -2 (VIOLATED)
fanout1071/X                             10     12     -2 (VIOLATED)
fanout490/X                              10     12     -2 (VIOLATED)
fanout501/X                              10     12     -2 (VIOLATED)
fanout562/X                              10     12     -2 (VIOLATED)
fanout603/X                              10     12     -2 (VIOLATED)
fanout604/X                              10     12     -2 (VIOLATED)
fanout649/X                              10     12     -2 (VIOLATED)
fanout684/X                              10     12     -2 (VIOLATED)
fanout693/X                              10     12     -2 (VIOLATED)
fanout706/X                              10     12     -2 (VIOLATED)
fanout720/X                              10     12     -2 (VIOLATED)
fanout726/X                              10     12     -2 (VIOLATED)
fanout731/X                              10     12     -2 (VIOLATED)
fanout740/X                              10     12     -2 (VIOLATED)
fanout774/X                              10     12     -2 (VIOLATED)
fanout817/X                              10     12     -2 (VIOLATED)
fanout832/X                              10     12     -2 (VIOLATED)
fanout840/X                              10     12     -2 (VIOLATED)
fanout855/X                              10     12     -2 (VIOLATED)
fanout867/X                              10     12     -2 (VIOLATED)
fanout997/X                              10     12     -2 (VIOLATED)
max_cap350/X                             10     12     -2 (VIOLATED)
wire349/X                                10     12     -2 (VIOLATED)
clkbuf_leaf_139_clk/X                    10     11        (VIOLATED)
clkbuf_leaf_13_clk/X                     10     11        (VIOLATED)
clkbuf_leaf_162_clk/X                    10     11        (VIOLATED)
clkbuf_leaf_17_clk/X                     10     11        (VIOLATED)
clkbuf_leaf_226_clk/X                    10     11        (VIOLATED)
clkbuf_leaf_230_clk/X                    10     11        (VIOLATED)
clkbuf_leaf_256_clk/X                    10     11        (VIOLATED)
clkbuf_leaf_273_clk/X                    10     11        (VIOLATED)
clkbuf_leaf_284_clk/X                    10     11        (VIOLATED)
clkbuf_leaf_286_clk/X                    10     11        (VIOLATED)
clkbuf_leaf_298_clk/X                    10     11        (VIOLATED)
clkbuf_leaf_305_clk/X                    10     11        (VIOLATED)
clkbuf_leaf_307_clk/X                    10     11        (VIOLATED)
clkbuf_leaf_310_clk/X                    10     11        (VIOLATED)
clkbuf_leaf_323_clk/X                    10     11        (VIOLATED)
clkbuf_leaf_345_clk/X                    10     11        (VIOLATED)
clkbuf_leaf_355_clk/X                    10     11        (VIOLATED)
clkbuf_leaf_402_clk/X                    10     11        (VIOLATED)
clkbuf_leaf_40_clk/X                     10     11        (VIOLATED)
clkbuf_leaf_42_clk/X                     10     11        (VIOLATED)
clkbuf_leaf_432_clk/X                    10     11        (VIOLATED)
clkbuf_leaf_444_clk/X                    10     11        (VIOLATED)
clkbuf_leaf_468_clk/X                    10     11        (VIOLATED)
clkbuf_leaf_472_clk/X                    10     11        (VIOLATED)
clkbuf_leaf_503_clk/X                    10     11        (VIOLATED)
clkbuf_leaf_510_clk/X                    10     11        (VIOLATED)
clkbuf_leaf_531_clk/X                    10     11        (VIOLATED)
clkbuf_leaf_532_clk/X                    10     11        (VIOLATED)
clkbuf_leaf_545_clk/X                    10     11        (VIOLATED)
clkbuf_leaf_572_clk/X                    10     11        (VIOLATED)
clkbuf_leaf_578_clk/X                    10     11        (VIOLATED)
clkbuf_leaf_580_clk/X                    10     11        (VIOLATED)
clkbuf_leaf_59_clk/X                     10     11        (VIOLATED)
clkbuf_leaf_65_clk/X                     10     11        (VIOLATED)
clkbuf_leaf_68_clk/X                     10     11        (VIOLATED)
clkbuf_leaf_72_clk/X                     10     11        (VIOLATED)
clkbuf_leaf_89_clk/X                     10     11        (VIOLATED)
clkbuf_leaf_90_clk/X                     10     11        (VIOLATED)



===========================================================================
report_parasitic_annotation -report_unannotated
============================================================================
Found 0 unannotated drivers.
Found 0 partially unannotated drivers.

===========================================================================
max slew violation count 690
max fanout violation count 1102
max cap violation count 1
============================================================================

===========================================================================
check_setup -verbose -unconstrained_endpoints -multiple_clock -no_clock -no_input_delay -loops -generated_clocks
===========================================================================
