
===========================================================================
report_checks -path_delay min (Hold)
============================================================================
======================= Fastest Corner ===================================

Startpoint: _442_ (rising edge-triggered flip-flop clocked by clk)
Endpoint: _442_ (rising edge-triggered flip-flop clocked by clk)
Path Group: clk
Path Type: min
Corner: Fastest

Fanout     Cap    Slew   Delay    Time   Description
-----------------------------------------------------------------------------
                          0.00    0.00   clock clk (rise edge)
                          0.00    0.00   clock source latency
                  0.07    0.05    0.05 ^ clk (in)
     2    0.02                           clk (net)
                  0.07    0.00    0.05 ^ clkbuf_0_clk/A (sky130_fd_sc_hd__clkbuf_16)
                  0.05    0.11    0.15 ^ clkbuf_0_clk/X (sky130_fd_sc_hd__clkbuf_16)
     4    0.05                           clknet_0_clk (net)
                  0.05    0.00    0.16 ^ clkbuf_2_0__f_clk/A (sky130_fd_sc_hd__clkbuf_16)
                  0.04    0.10    0.25 ^ clkbuf_2_0__f_clk/X (sky130_fd_sc_hd__clkbuf_16)
    11    0.04                           clknet_2_0__leaf_clk (net)
                  0.04    0.00    0.26 ^ _442_/CLK (sky130_fd_sc_hd__dfrtp_2)
                  0.08    0.24    0.50 ^ _442_/Q (sky130_fd_sc_hd__dfrtp_2)
     6    0.02                           rx_inst.bit_index[2] (net)
                  0.08    0.00    0.50 ^ _245_/B1 (sky130_fd_sc_hd__a31o_1)
                  0.03    0.05    0.56 ^ _245_/X (sky130_fd_sc_hd__a31o_1)
     1    0.00                           _122_ (net)
                  0.03    0.00    0.56 ^ _246_/B1 (sky130_fd_sc_hd__o21a_1)
                  0.04    0.06    0.62 ^ _246_/X (sky130_fd_sc_hd__o21a_1)
     1    0.00                           _081_ (net)
                  0.04    0.00    0.62 ^ _442_/D (sky130_fd_sc_hd__dfrtp_2)
                                  0.62   data arrival time

                          0.00    0.00   clock clk (rise edge)
                          0.00    0.00   clock source latency
                  0.07    0.05    0.05 ^ clk (in)
     2    0.02                           clk (net)
                  0.07    0.00    0.05 ^ clkbuf_0_clk/A (sky130_fd_sc_hd__clkbuf_16)
                  0.05    0.12    0.17 ^ clkbuf_0_clk/X (sky130_fd_sc_hd__clkbuf_16)
     4    0.05                           clknet_0_clk (net)
                  0.05    0.00    0.17 ^ clkbuf_2_0__f_clk/A (sky130_fd_sc_hd__clkbuf_16)
                  0.04    0.11    0.28 ^ clkbuf_2_0__f_clk/X (sky130_fd_sc_hd__clkbuf_16)
    11    0.04                           clknet_2_0__leaf_clk (net)
                  0.04    0.00    0.28 ^ _442_/CLK (sky130_fd_sc_hd__dfrtp_2)
                          0.25    0.53   clock uncertainty
                         -0.03    0.51   clock reconvergence pessimism
                         -0.02    0.49   library hold time
                                  0.49   data required time
-----------------------------------------------------------------------------
                                  0.49   data required time
                                 -0.62   data arrival time
-----------------------------------------------------------------------------
                                  0.13   slack (MET)


Startpoint: _406_ (rising edge-triggered flip-flop clocked by clk)
Endpoint: _406_ (rising edge-triggered flip-flop clocked by clk)
Path Group: clk
Path Type: min
Corner: Fastest

Fanout     Cap    Slew   Delay    Time   Description
-----------------------------------------------------------------------------
                          0.00    0.00   clock clk (rise edge)
                          0.00    0.00   clock source latency
                  0.07    0.05    0.05 ^ clk (in)
     2    0.02                           clk (net)
                  0.07    0.00    0.05 ^ clkbuf_0_clk/A (sky130_fd_sc_hd__clkbuf_16)
                  0.05    0.11    0.15 ^ clkbuf_0_clk/X (sky130_fd_sc_hd__clkbuf_16)
     4    0.05                           clknet_0_clk (net)
                  0.05    0.00    0.16 ^ clkbuf_2_3__f_clk/A (sky130_fd_sc_hd__clkbuf_16)
                  0.04    0.09    0.25 ^ clkbuf_2_3__f_clk/X (sky130_fd_sc_hd__clkbuf_16)
     8    0.03                           clknet_2_3__leaf_clk (net)
                  0.04    0.00    0.25 ^ _406_/CLK (sky130_fd_sc_hd__dfrtp_2)
                  0.10    0.26    0.51 ^ _406_/Q (sky130_fd_sc_hd__dfrtp_2)
     5    0.03                           tx_inst.bit_index[0] (net)
                  0.10    0.00    0.51 ^ _350_/A (sky130_fd_sc_hd__inv_2)
                  0.03    0.03    0.54 v _350_/Y (sky130_fd_sc_hd__inv_2)
     2    0.01                           _196_ (net)
                  0.03    0.00    0.54 v _355_/A1 (sky130_fd_sc_hd__a21oi_1)
                  0.05    0.07    0.61 ^ _355_/Y (sky130_fd_sc_hd__a21oi_1)
     1    0.00                           _045_ (net)
                  0.05    0.00    0.61 ^ _406_/D (sky130_fd_sc_hd__dfrtp_2)
                                  0.61   data arrival time

                          0.00    0.00   clock clk (rise edge)
                          0.00    0.00   clock source latency
                  0.07    0.05    0.05 ^ clk (in)
     2    0.02                           clk (net)
                  0.07    0.00    0.05 ^ clkbuf_0_clk/A (sky130_fd_sc_hd__clkbuf_16)
                  0.05    0.12    0.17 ^ clkbuf_0_clk/X (sky130_fd_sc_hd__clkbuf_16)
     4    0.05                           clknet_0_clk (net)
                  0.05    0.00    0.17 ^ clkbuf_2_3__f_clk/A (sky130_fd_sc_hd__clkbuf_16)
                  0.04    0.10    0.27 ^ clkbuf_2_3__f_clk/X (sky130_fd_sc_hd__clkbuf_16)
     8    0.03                           clknet_2_3__leaf_clk (net)
                  0.04    0.00    0.28 ^ _406_/CLK (sky130_fd_sc_hd__dfrtp_2)
                          0.25    0.53   clock uncertainty
                         -0.03    0.50   clock reconvergence pessimism
                         -0.02    0.48   library hold time
                                  0.48   data required time
-----------------------------------------------------------------------------
                                  0.48   data required time
                                 -0.61   data arrival time
-----------------------------------------------------------------------------
                                  0.13   slack (MET)


Startpoint: _419_ (rising edge-triggered flip-flop clocked by clk)
Endpoint: _419_ (rising edge-triggered flip-flop clocked by clk)
Path Group: clk
Path Type: min
Corner: Fastest

Fanout     Cap    Slew   Delay    Time   Description
-----------------------------------------------------------------------------
                          0.00    0.00   clock clk (rise edge)
                          0.00    0.00   clock source latency
                  0.07    0.05    0.05 ^ clk (in)
     2    0.02                           clk (net)
                  0.07    0.00    0.05 ^ clkbuf_0_clk/A (sky130_fd_sc_hd__clkbuf_16)
                  0.05    0.11    0.15 ^ clkbuf_0_clk/X (sky130_fd_sc_hd__clkbuf_16)
     4    0.05                           clknet_0_clk (net)
                  0.05    0.00    0.16 ^ clkbuf_2_2__f_clk/A (sky130_fd_sc_hd__clkbuf_16)
                  0.04    0.09    0.25 ^ clkbuf_2_2__f_clk/X (sky130_fd_sc_hd__clkbuf_16)
    11    0.03                           clknet_2_2__leaf_clk (net)
                  0.04    0.00    0.25 ^ _419_/CLK (sky130_fd_sc_hd__dfrtp_1)
                  0.10    0.24    0.49 ^ _419_/Q (sky130_fd_sc_hd__dfrtp_1)
     2    0.01                           net20 (net)
                  0.10    0.00    0.49 ^ _321_/A0 (sky130_fd_sc_hd__mux2_1)
                  0.03    0.08    0.58 ^ _321_/X (sky130_fd_sc_hd__mux2_1)
     1    0.00                           _175_ (net)
                  0.03    0.00    0.58 ^ _322_/A (sky130_fd_sc_hd__clkbuf_1)
                  0.03    0.05    0.62 ^ _322_/X (sky130_fd_sc_hd__clkbuf_1)
     1    0.00                           _058_ (net)
                  0.03    0.00    0.62 ^ _419_/D (sky130_fd_sc_hd__dfrtp_1)
                                  0.62   data arrival time

                          0.00    0.00   clock clk (rise edge)
                          0.00    0.00   clock source latency
                  0.07    0.05    0.05 ^ clk (in)
     2    0.02                           clk (net)
                  0.07    0.00    0.05 ^ clkbuf_0_clk/A (sky130_fd_sc_hd__clkbuf_16)
                  0.05    0.12    0.17 ^ clkbuf_0_clk/X (sky130_fd_sc_hd__clkbuf_16)
     4    0.05                           clknet_0_clk (net)
                  0.05    0.00    0.17 ^ clkbuf_2_2__f_clk/A (sky130_fd_sc_hd__clkbuf_16)
                  0.04    0.10    0.28 ^ clkbuf_2_2__f_clk/X (sky130_fd_sc_hd__clkbuf_16)
    11    0.03                           clknet_2_2__leaf_clk (net)
                  0.04    0.00    0.28 ^ _419_/CLK (sky130_fd_sc_hd__dfrtp_1)
                          0.25    0.53   clock uncertainty
                         -0.03    0.50   clock reconvergence pessimism
                         -0.02    0.48   library hold time
                                  0.48   data required time
-----------------------------------------------------------------------------
                                  0.48   data required time
                                 -0.62   data arrival time
-----------------------------------------------------------------------------
                                  0.14   slack (MET)


Startpoint: _447_ (rising edge-triggered flip-flop clocked by clk)
Endpoint: _447_ (rising edge-triggered flip-flop clocked by clk)
Path Group: clk
Path Type: min
Corner: Fastest

Fanout     Cap    Slew   Delay    Time   Description
-----------------------------------------------------------------------------
                          0.00    0.00   clock clk (rise edge)
                          0.00    0.00   clock source latency
                  0.07    0.05    0.05 ^ clk (in)
     2    0.02                           clk (net)
                  0.07    0.00    0.05 ^ clkbuf_0_clk/A (sky130_fd_sc_hd__clkbuf_16)
                  0.05    0.11    0.15 ^ clkbuf_0_clk/X (sky130_fd_sc_hd__clkbuf_16)
     4    0.05                           clknet_0_clk (net)
                  0.05    0.00    0.16 ^ clkbuf_2_1__f_clk/A (sky130_fd_sc_hd__clkbuf_16)
                  0.05    0.10    0.26 ^ clkbuf_2_1__f_clk/X (sky130_fd_sc_hd__clkbuf_16)
    15    0.05                           clknet_2_1__leaf_clk (net)
                  0.05    0.00    0.26 ^ _447_/CLK (sky130_fd_sc_hd__dfrtp_1)
                  0.09    0.24    0.50 ^ _447_/Q (sky130_fd_sc_hd__dfrtp_1)
     5    0.01                           rx_inst.clk_count[4] (net)
                  0.09    0.00    0.50 ^ _214_/A (sky130_fd_sc_hd__and2_1)
                  0.06    0.10    0.60 ^ _214_/X (sky130_fd_sc_hd__and2_1)
     2    0.01                           _097_ (net)
                  0.06    0.00    0.60 ^ _218_/A (sky130_fd_sc_hd__nor2_1)
                  0.02    0.03    0.63 v _218_/Y (sky130_fd_sc_hd__nor2_1)
     1    0.00                           _086_ (net)
                  0.02    0.00    0.63 v _447_/D (sky130_fd_sc_hd__dfrtp_1)
                                  0.63   data arrival time

                          0.00    0.00   clock clk (rise edge)
                          0.00    0.00   clock source latency
                  0.07    0.05    0.05 ^ clk (in)
     2    0.02                           clk (net)
                  0.07    0.00    0.05 ^ clkbuf_0_clk/A (sky130_fd_sc_hd__clkbuf_16)
                  0.05    0.12    0.17 ^ clkbuf_0_clk/X (sky130_fd_sc_hd__clkbuf_16)
     4    0.05                           clknet_0_clk (net)
                  0.05    0.00    0.17 ^ clkbuf_2_1__f_clk/A (sky130_fd_sc_hd__clkbuf_16)
                  0.05    0.11    0.29 ^ clkbuf_2_1__f_clk/X (sky130_fd_sc_hd__clkbuf_16)
    15    0.05                           clknet_2_1__leaf_clk (net)
                  0.05    0.00    0.29 ^ _447_/CLK (sky130_fd_sc_hd__dfrtp_1)
                          0.25    0.54   clock uncertainty
                         -0.03    0.51   clock reconvergence pessimism
                         -0.03    0.49   library hold time
                                  0.49   data required time
-----------------------------------------------------------------------------
                                  0.49   data required time
                                 -0.63   data arrival time
-----------------------------------------------------------------------------
                                  0.14   slack (MET)


Startpoint: _449_ (rising edge-triggered flip-flop clocked by clk)
Endpoint: _449_ (rising edge-triggered flip-flop clocked by clk)
Path Group: clk
Path Type: min
Corner: Fastest

Fanout     Cap    Slew   Delay    Time   Description
-----------------------------------------------------------------------------
                          0.00    0.00   clock clk (rise edge)
                          0.00    0.00   clock source latency
                  0.07    0.05    0.05 ^ clk (in)
     2    0.02                           clk (net)
                  0.07    0.00    0.05 ^ clkbuf_0_clk/A (sky130_fd_sc_hd__clkbuf_16)
                  0.05    0.11    0.15 ^ clkbuf_0_clk/X (sky130_fd_sc_hd__clkbuf_16)
     4    0.05                           clknet_0_clk (net)
                  0.05    0.00    0.16 ^ clkbuf_2_1__f_clk/A (sky130_fd_sc_hd__clkbuf_16)
                  0.05    0.10    0.26 ^ clkbuf_2_1__f_clk/X (sky130_fd_sc_hd__clkbuf_16)
    15    0.05                           clknet_2_1__leaf_clk (net)
                  0.05    0.00    0.26 ^ _449_/CLK (sky130_fd_sc_hd__dfrtp_1)
                  0.07    0.23    0.49 ^ _449_/Q (sky130_fd_sc_hd__dfrtp_1)
     3    0.01                           rx_inst.clk_count[6] (net)
                  0.07    0.00    0.49 ^ _207_/A (sky130_fd_sc_hd__and2_1)
                  0.08    0.11    0.60 ^ _207_/X (sky130_fd_sc_hd__and2_1)
     3    0.01                           _092_ (net)
                  0.08    0.00    0.60 ^ _213_/A (sky130_fd_sc_hd__nor2_1)
                  0.02    0.03    0.63 v _213_/Y (sky130_fd_sc_hd__nor2_1)
     1    0.00                           _088_ (net)
                  0.02    0.00    0.63 v _449_/D (sky130_fd_sc_hd__dfrtp_1)
                                  0.63   data arrival time

                          0.00    0.00   clock clk (rise edge)
                          0.00    0.00   clock source latency
                  0.07    0.05    0.05 ^ clk (in)
     2    0.02                           clk (net)
                  0.07    0.00    0.05 ^ clkbuf_0_clk/A (sky130_fd_sc_hd__clkbuf_16)
                  0.05    0.12    0.17 ^ clkbuf_0_clk/X (sky130_fd_sc_hd__clkbuf_16)
     4    0.05                           clknet_0_clk (net)
                  0.05    0.00    0.17 ^ clkbuf_2_1__f_clk/A (sky130_fd_sc_hd__clkbuf_16)
                  0.05    0.11    0.29 ^ clkbuf_2_1__f_clk/X (sky130_fd_sc_hd__clkbuf_16)
    15    0.05                           clknet_2_1__leaf_clk (net)
                  0.05    0.00    0.29 ^ _449_/CLK (sky130_fd_sc_hd__dfrtp_1)
                          0.25    0.54   clock uncertainty
                         -0.03    0.51   clock reconvergence pessimism
                         -0.03    0.49   library hold time
                                  0.49   data required time
-----------------------------------------------------------------------------
                                  0.49   data required time
                                 -0.63   data arrival time
-----------------------------------------------------------------------------
                                  0.14   slack (MET)


Startpoint: _445_ (rising edge-triggered flip-flop clocked by clk)
Endpoint: _445_ (rising edge-triggered flip-flop clocked by clk)
Path Group: clk
Path Type: min
Corner: Fastest

Fanout     Cap    Slew   Delay    Time   Description
-----------------------------------------------------------------------------
                          0.00    0.00   clock clk (rise edge)
                          0.00    0.00   clock source latency
                  0.07    0.05    0.05 ^ clk (in)
     2    0.02                           clk (net)
                  0.07    0.00    0.05 ^ clkbuf_0_clk/A (sky130_fd_sc_hd__clkbuf_16)
                  0.05    0.11    0.15 ^ clkbuf_0_clk/X (sky130_fd_sc_hd__clkbuf_16)
     4    0.05                           clknet_0_clk (net)
                  0.05    0.00    0.16 ^ clkbuf_2_0__f_clk/A (sky130_fd_sc_hd__clkbuf_16)
                  0.04    0.10    0.25 ^ clkbuf_2_0__f_clk/X (sky130_fd_sc_hd__clkbuf_16)
    11    0.04                           clknet_2_0__leaf_clk (net)
                  0.04    0.00    0.26 ^ _445_/CLK (sky130_fd_sc_hd__dfrtp_2)
                  0.09    0.25    0.51 ^ _445_/Q (sky130_fd_sc_hd__dfrtp_2)
     6    0.02                           rx_inst.clk_count[2] (net)
                  0.09    0.00    0.51 ^ _234_/A (sky130_fd_sc_hd__xnor2_1)
                  0.02    0.04    0.55 v _234_/Y (sky130_fd_sc_hd__xnor2_1)
     1    0.00                           _114_ (net)
                  0.02    0.00    0.55 v _235_/B2 (sky130_fd_sc_hd__a32o_1)
                  0.02    0.07    0.63 v _235_/X (sky130_fd_sc_hd__a32o_1)
     1    0.00                           _084_ (net)
                  0.02    0.00    0.63 v _445_/D (sky130_fd_sc_hd__dfrtp_2)
                                  0.63   data arrival time

                          0.00    0.00   clock clk (rise edge)
                          0.00    0.00   clock source latency
                  0.07    0.05    0.05 ^ clk (in)
     2    0.02                           clk (net)
                  0.07    0.00    0.05 ^ clkbuf_0_clk/A (sky130_fd_sc_hd__clkbuf_16)
                  0.05    0.12    0.17 ^ clkbuf_0_clk/X (sky130_fd_sc_hd__clkbuf_16)
     4    0.05                           clknet_0_clk (net)
                  0.05    0.00    0.17 ^ clkbuf_2_0__f_clk/A (sky130_fd_sc_hd__clkbuf_16)
                  0.04    0.11    0.28 ^ clkbuf_2_0__f_clk/X (sky130_fd_sc_hd__clkbuf_16)
    11    0.04                           clknet_2_0__leaf_clk (net)
                  0.04    0.00    0.28 ^ _445_/CLK (sky130_fd_sc_hd__dfrtp_2)
                          0.25    0.53   clock uncertainty
                         -0.03    0.51   clock reconvergence pessimism
                         -0.02    0.48   library hold time
                                  0.48   data required time
-----------------------------------------------------------------------------
                                  0.48   data required time
                                 -0.63   data arrival time
-----------------------------------------------------------------------------
                                  0.15   slack (MET)


Startpoint: _443_ (rising edge-triggered flip-flop clocked by clk)
Endpoint: _443_ (rising edge-triggered flip-flop clocked by clk)
Path Group: clk
Path Type: min
Corner: Fastest

Fanout     Cap    Slew   Delay    Time   Description
-----------------------------------------------------------------------------
                          0.00    0.00   clock clk (rise edge)
                          0.00    0.00   clock source latency
                  0.07    0.05    0.05 ^ clk (in)
     2    0.02                           clk (net)
                  0.07    0.00    0.05 ^ clkbuf_0_clk/A (sky130_fd_sc_hd__clkbuf_16)
                  0.05    0.11    0.15 ^ clkbuf_0_clk/X (sky130_fd_sc_hd__clkbuf_16)
     4    0.05                           clknet_0_clk (net)
                  0.05    0.00    0.16 ^ clkbuf_2_1__f_clk/A (sky130_fd_sc_hd__clkbuf_16)
                  0.05    0.10    0.26 ^ clkbuf_2_1__f_clk/X (sky130_fd_sc_hd__clkbuf_16)
    15    0.05                           clknet_2_1__leaf_clk (net)
                  0.05    0.00    0.26 ^ _443_/CLK (sky130_fd_sc_hd__dfrtp_4)
                  0.07    0.27    0.53 ^ _443_/Q (sky130_fd_sc_hd__dfrtp_4)
     7    0.02                           rx_inst.clk_count[0] (net)
                  0.07    0.00    0.54 ^ _239_/A (sky130_fd_sc_hd__inv_2)
                  0.02    0.02    0.55 v _239_/Y (sky130_fd_sc_hd__inv_2)
     1    0.00                           _117_ (net)
                  0.02    0.00    0.55 v _240_/B2 (sky130_fd_sc_hd__a32o_1)
                  0.02    0.08    0.63 v _240_/X (sky130_fd_sc_hd__a32o_1)
     1    0.00                           _082_ (net)
                  0.02    0.00    0.63 v _443_/D (sky130_fd_sc_hd__dfrtp_4)
                                  0.63   data arrival time

                          0.00    0.00   clock clk (rise edge)
                          0.00    0.00   clock source latency
                  0.07    0.05    0.05 ^ clk (in)
     2    0.02                           clk (net)
                  0.07    0.00    0.05 ^ clkbuf_0_clk/A (sky130_fd_sc_hd__clkbuf_16)
                  0.05    0.12    0.17 ^ clkbuf_0_clk/X (sky130_fd_sc_hd__clkbuf_16)
     4    0.05                           clknet_0_clk (net)
                  0.05    0.00    0.17 ^ clkbuf_2_1__f_clk/A (sky130_fd_sc_hd__clkbuf_16)
                  0.05    0.11    0.29 ^ clkbuf_2_1__f_clk/X (sky130_fd_sc_hd__clkbuf_16)
    15    0.05                           clknet_2_1__leaf_clk (net)
                  0.05    0.00    0.29 ^ _443_/CLK (sky130_fd_sc_hd__dfrtp_4)
                          0.25    0.54   clock uncertainty
                         -0.03    0.51   clock reconvergence pessimism
                         -0.02    0.49   library hold time
                                  0.49   data required time
-----------------------------------------------------------------------------
                                  0.49   data required time
                                 -0.63   data arrival time
-----------------------------------------------------------------------------
                                  0.15   slack (MET)


Startpoint: _449_ (rising edge-triggered flip-flop clocked by clk)
Endpoint: _450_ (rising edge-triggered flip-flop clocked by clk)
Path Group: clk
Path Type: min
Corner: Fastest

Fanout     Cap    Slew   Delay    Time   Description
-----------------------------------------------------------------------------
                          0.00    0.00   clock clk (rise edge)
                          0.00    0.00   clock source latency
                  0.07    0.05    0.05 ^ clk (in)
     2    0.02                           clk (net)
                  0.07    0.00    0.05 ^ clkbuf_0_clk/A (sky130_fd_sc_hd__clkbuf_16)
                  0.05    0.11    0.15 ^ clkbuf_0_clk/X (sky130_fd_sc_hd__clkbuf_16)
     4    0.05                           clknet_0_clk (net)
                  0.05    0.00    0.16 ^ clkbuf_2_1__f_clk/A (sky130_fd_sc_hd__clkbuf_16)
                  0.05    0.10    0.26 ^ clkbuf_2_1__f_clk/X (sky130_fd_sc_hd__clkbuf_16)
    15    0.05                           clknet_2_1__leaf_clk (net)
                  0.05    0.00    0.26 ^ _449_/CLK (sky130_fd_sc_hd__dfrtp_1)
                  0.07    0.23    0.49 ^ _449_/Q (sky130_fd_sc_hd__dfrtp_1)
     3    0.01                           rx_inst.clk_count[6] (net)
                  0.07    0.00    0.49 ^ _207_/A (sky130_fd_sc_hd__and2_1)
                  0.08    0.11    0.60 ^ _207_/X (sky130_fd_sc_hd__and2_1)
     3    0.01                           _092_ (net)
                  0.08    0.00    0.60 ^ _211_/A2 (sky130_fd_sc_hd__a21oi_1)
                  0.02    0.04    0.64 v _211_/Y (sky130_fd_sc_hd__a21oi_1)
     1    0.00                           _089_ (net)
                  0.02    0.00    0.64 v _450_/D (sky130_fd_sc_hd__dfrtp_1)
                                  0.64   data arrival time

                          0.00    0.00   clock clk (rise edge)
                          0.00    0.00   clock source latency
                  0.07    0.05    0.05 ^ clk (in)
     2    0.02                           clk (net)
                  0.07    0.00    0.05 ^ clkbuf_0_clk/A (sky130_fd_sc_hd__clkbuf_16)
                  0.05    0.12    0.17 ^ clkbuf_0_clk/X (sky130_fd_sc_hd__clkbuf_16)
     4    0.05                           clknet_0_clk (net)
                  0.05    0.00    0.17 ^ clkbuf_2_1__f_clk/A (sky130_fd_sc_hd__clkbuf_16)
                  0.05    0.11    0.29 ^ clkbuf_2_1__f_clk/X (sky130_fd_sc_hd__clkbuf_16)
    15    0.05                           clknet_2_1__leaf_clk (net)
                  0.05    0.00    0.29 ^ _450_/CLK (sky130_fd_sc_hd__dfrtp_1)
                          0.25    0.54   clock uncertainty
                         -0.03    0.51   clock reconvergence pessimism
                         -0.03    0.49   library hold time
                                  0.49   data required time
-----------------------------------------------------------------------------
                                  0.49   data required time
                                 -0.64   data arrival time
-----------------------------------------------------------------------------
                                  0.15   slack (MET)


Startpoint: _437_ (rising edge-triggered flip-flop clocked by clk)
Endpoint: _437_ (rising edge-triggered flip-flop clocked by clk)
Path Group: clk
Path Type: min
Corner: Fastest

Fanout     Cap    Slew   Delay    Time   Description
-----------------------------------------------------------------------------
                          0.00    0.00   clock clk (rise edge)
                          0.00    0.00   clock source latency
                  0.07    0.05    0.05 ^ clk (in)
     2    0.02                           clk (net)
                  0.07    0.00    0.05 ^ clkbuf_0_clk/A (sky130_fd_sc_hd__clkbuf_16)
                  0.05    0.11    0.15 ^ clkbuf_0_clk/X (sky130_fd_sc_hd__clkbuf_16)
     4    0.05                           clknet_0_clk (net)
                  0.05    0.00    0.16 ^ clkbuf_2_0__f_clk/A (sky130_fd_sc_hd__clkbuf_16)
                  0.04    0.10    0.25 ^ clkbuf_2_0__f_clk/X (sky130_fd_sc_hd__clkbuf_16)
    11    0.04                           clknet_2_0__leaf_clk (net)
                  0.04    0.00    0.26 ^ _437_/CLK (sky130_fd_sc_hd__dfrtp_1)
                  0.11    0.25    0.50 ^ _437_/Q (sky130_fd_sc_hd__dfrtp_1)
     2    0.01                           net16 (net)
                  0.11    0.00    0.50 ^ _266_/A1 (sky130_fd_sc_hd__mux2_1)
                  0.03    0.09    0.59 ^ _266_/X (sky130_fd_sc_hd__mux2_1)
     1    0.00                           _138_ (net)
                  0.03    0.00    0.59 ^ _267_/A (sky130_fd_sc_hd__clkbuf_1)
                  0.03    0.05    0.64 ^ _267_/X (sky130_fd_sc_hd__clkbuf_1)
     1    0.00                           _076_ (net)
                  0.03    0.00    0.64 ^ _437_/D (sky130_fd_sc_hd__dfrtp_1)
                                  0.64   data arrival time

                          0.00    0.00   clock clk (rise edge)
                          0.00    0.00   clock source latency
                  0.07    0.05    0.05 ^ clk (in)
     2    0.02                           clk (net)
                  0.07    0.00    0.05 ^ clkbuf_0_clk/A (sky130_fd_sc_hd__clkbuf_16)
                  0.05    0.12    0.17 ^ clkbuf_0_clk/X (sky130_fd_sc_hd__clkbuf_16)
     4    0.05                           clknet_0_clk (net)
                  0.05    0.00    0.17 ^ clkbuf_2_0__f_clk/A (sky130_fd_sc_hd__clkbuf_16)
                  0.04    0.11    0.28 ^ clkbuf_2_0__f_clk/X (sky130_fd_sc_hd__clkbuf_16)
    11    0.04                           clknet_2_0__leaf_clk (net)
                  0.04    0.00    0.28 ^ _437_/CLK (sky130_fd_sc_hd__dfrtp_1)
                          0.25    0.53   clock uncertainty
                         -0.03    0.51   clock reconvergence pessimism
                         -0.02    0.49   library hold time
                                  0.49   data required time
-----------------------------------------------------------------------------
                                  0.49   data required time
                                 -0.64   data arrival time
-----------------------------------------------------------------------------
                                  0.15   slack (MET)


Startpoint: _448_ (rising edge-triggered flip-flop clocked by clk)
Endpoint: _448_ (rising edge-triggered flip-flop clocked by clk)
Path Group: clk
Path Type: min
Corner: Fastest

Fanout     Cap    Slew   Delay    Time   Description
-----------------------------------------------------------------------------
                          0.00    0.00   clock clk (rise edge)
                          0.00    0.00   clock source latency
                  0.07    0.05    0.05 ^ clk (in)
     2    0.02                           clk (net)
                  0.07    0.00    0.05 ^ clkbuf_0_clk/A (sky130_fd_sc_hd__clkbuf_16)
                  0.05    0.11    0.15 ^ clkbuf_0_clk/X (sky130_fd_sc_hd__clkbuf_16)
     4    0.05                           clknet_0_clk (net)
                  0.05    0.00    0.16 ^ clkbuf_2_1__f_clk/A (sky130_fd_sc_hd__clkbuf_16)
                  0.05    0.10    0.26 ^ clkbuf_2_1__f_clk/X (sky130_fd_sc_hd__clkbuf_16)
    15    0.05                           clknet_2_1__leaf_clk (net)
                  0.05    0.00    0.26 ^ _448_/CLK (sky130_fd_sc_hd__dfrtp_1)
                  0.06    0.22    0.48 ^ _448_/Q (sky130_fd_sc_hd__dfrtp_1)
     3    0.01                           rx_inst.clk_count[5] (net)
                  0.06    0.00    0.48 ^ _206_/A (sky130_fd_sc_hd__and3_1)
                  0.09    0.13    0.61 ^ _206_/X (sky130_fd_sc_hd__and3_1)
     3    0.01                           _091_ (net)
                  0.09    0.00    0.61 ^ _216_/A (sky130_fd_sc_hd__nor2_1)
                  0.02    0.03    0.64 v _216_/Y (sky130_fd_sc_hd__nor2_1)
     1    0.00                           _087_ (net)
                  0.02    0.00    0.64 v _448_/D (sky130_fd_sc_hd__dfrtp_1)
                                  0.64   data arrival time

                          0.00    0.00   clock clk (rise edge)
                          0.00    0.00   clock source latency
                  0.07    0.05    0.05 ^ clk (in)
     2    0.02                           clk (net)
                  0.07    0.00    0.05 ^ clkbuf_0_clk/A (sky130_fd_sc_hd__clkbuf_16)
                  0.05    0.12    0.17 ^ clkbuf_0_clk/X (sky130_fd_sc_hd__clkbuf_16)
     4    0.05                           clknet_0_clk (net)
                  0.05    0.00    0.17 ^ clkbuf_2_1__f_clk/A (sky130_fd_sc_hd__clkbuf_16)
                  0.05    0.11    0.29 ^ clkbuf_2_1__f_clk/X (sky130_fd_sc_hd__clkbuf_16)
    15    0.05                           clknet_2_1__leaf_clk (net)
                  0.05    0.00    0.29 ^ _448_/CLK (sky130_fd_sc_hd__dfrtp_1)
                          0.25    0.54   clock uncertainty
                         -0.03    0.51   clock reconvergence pessimism
                         -0.03    0.48   library hold time
                                  0.48   data required time
-----------------------------------------------------------------------------
                                  0.48   data required time
                                 -0.64   data arrival time
-----------------------------------------------------------------------------
                                  0.16   slack (MET)


Startpoint: _431_ (rising edge-triggered flip-flop clocked by clk)
Endpoint: _407_ (rising edge-triggered flip-flop clocked by clk)
Path Group: clk
Path Type: min
Corner: Fastest

Fanout     Cap    Slew   Delay    Time   Description
-----------------------------------------------------------------------------
                          0.00    0.00   clock clk (rise edge)
                          0.00    0.00   clock source latency
                  0.07    0.05    0.05 ^ clk (in)
     2    0.02                           clk (net)
                  0.07    0.00    0.05 ^ clkbuf_0_clk/A (sky130_fd_sc_hd__clkbuf_16)
                  0.05    0.11    0.15 ^ clkbuf_0_clk/X (sky130_fd_sc_hd__clkbuf_16)
     4    0.05                           clknet_0_clk (net)
                  0.05    0.00    0.16 ^ clkbuf_2_2__f_clk/A (sky130_fd_sc_hd__clkbuf_16)
                  0.04    0.09    0.25 ^ clkbuf_2_2__f_clk/X (sky130_fd_sc_hd__clkbuf_16)
    11    0.03                           clknet_2_2__leaf_clk (net)
                  0.04    0.00    0.25 ^ _431_/CLK (sky130_fd_sc_hd__dfrtp_4)
                  0.07    0.27    0.52 ^ _431_/Q (sky130_fd_sc_hd__dfrtp_4)
     7    0.02                           tx_inst.state[1] (net)
                  0.07    0.00    0.52 ^ _352_/A1 (sky130_fd_sc_hd__a21o_1)
                  0.04    0.08    0.60 ^ _352_/X (sky130_fd_sc_hd__a21o_1)
     1    0.01                           _198_ (net)
                  0.04    0.00    0.60 ^ _353_/B1 (sky130_fd_sc_hd__o21a_1)
                  0.03    0.05    0.65 ^ _353_/X (sky130_fd_sc_hd__o21a_1)
     1    0.00                           _046_ (net)
                  0.03    0.00    0.65 ^ _407_/D (sky130_fd_sc_hd__dfrtp_1)
                                  0.65   data arrival time

                          0.00    0.00   clock clk (rise edge)
                          0.00    0.00   clock source latency
                  0.07    0.05    0.05 ^ clk (in)
     2    0.02                           clk (net)
                  0.07    0.00    0.05 ^ clkbuf_0_clk/A (sky130_fd_sc_hd__clkbuf_16)
                  0.05    0.12    0.17 ^ clkbuf_0_clk/X (sky130_fd_sc_hd__clkbuf_16)
     4    0.05                           clknet_0_clk (net)
                  0.05    0.00    0.17 ^ clkbuf_2_3__f_clk/A (sky130_fd_sc_hd__clkbuf_16)
                  0.04    0.10    0.27 ^ clkbuf_2_3__f_clk/X (sky130_fd_sc_hd__clkbuf_16)
     8    0.03                           clknet_2_3__leaf_clk (net)
                  0.04    0.00    0.28 ^ _407_/CLK (sky130_fd_sc_hd__dfrtp_1)
                          0.25    0.53   clock uncertainty
                         -0.02    0.51   clock reconvergence pessimism
                         -0.02    0.49   library hold time
                                  0.49   data required time
-----------------------------------------------------------------------------
                                  0.49   data required time
                                 -0.65   data arrival time
-----------------------------------------------------------------------------
                                  0.16   slack (MET)


Startpoint: _432_ (rising edge-triggered flip-flop clocked by clk)
Endpoint: _432_ (rising edge-triggered flip-flop clocked by clk)
Path Group: clk
Path Type: min
Corner: Fastest

Fanout     Cap    Slew   Delay    Time   Description
-----------------------------------------------------------------------------
                          0.00    0.00   clock clk (rise edge)
                          0.00    0.00   clock source latency
                  0.07    0.05    0.05 ^ clk (in)
     2    0.02                           clk (net)
                  0.07    0.00    0.05 ^ clkbuf_0_clk/A (sky130_fd_sc_hd__clkbuf_16)
                  0.05    0.11    0.15 ^ clkbuf_0_clk/X (sky130_fd_sc_hd__clkbuf_16)
     4    0.05                           clknet_0_clk (net)
                  0.05    0.00    0.16 ^ clkbuf_2_1__f_clk/A (sky130_fd_sc_hd__clkbuf_16)
                  0.05    0.10    0.26 ^ clkbuf_2_1__f_clk/X (sky130_fd_sc_hd__clkbuf_16)
    15    0.05                           clknet_2_1__leaf_clk (net)
                  0.05    0.00    0.26 ^ _432_/CLK (sky130_fd_sc_hd__dfrtp_2)
                  0.10    0.26    0.53 ^ _432_/Q (sky130_fd_sc_hd__dfrtp_2)
     4    0.03                           net11 (net)
                  0.10    0.00    0.53 ^ _282_/A0 (sky130_fd_sc_hd__mux2_1)
                  0.03    0.08    0.61 ^ _282_/X (sky130_fd_sc_hd__mux2_1)
     1    0.00                           _149_ (net)
                  0.03    0.00    0.61 ^ _283_/A (sky130_fd_sc_hd__clkbuf_1)
                  0.03    0.05    0.66 ^ _283_/X (sky130_fd_sc_hd__clkbuf_1)
     1    0.00                           _071_ (net)
                  0.03    0.00    0.66 ^ _432_/D (sky130_fd_sc_hd__dfrtp_2)
                                  0.66   data arrival time

                          0.00    0.00   clock clk (rise edge)
                          0.00    0.00   clock source latency
                  0.07    0.05    0.05 ^ clk (in)
     2    0.02                           clk (net)
                  0.07    0.00    0.05 ^ clkbuf_0_clk/A (sky130_fd_sc_hd__clkbuf_16)
                  0.05    0.12    0.17 ^ clkbuf_0_clk/X (sky130_fd_sc_hd__clkbuf_16)
     4    0.05                           clknet_0_clk (net)
                  0.05    0.00    0.17 ^ clkbuf_2_1__f_clk/A (sky130_fd_sc_hd__clkbuf_16)
                  0.05    0.11    0.29 ^ clkbuf_2_1__f_clk/X (sky130_fd_sc_hd__clkbuf_16)
    15    0.05                           clknet_2_1__leaf_clk (net)
                  0.05    0.00    0.29 ^ _432_/CLK (sky130_fd_sc_hd__dfrtp_2)
                          0.25    0.54   clock uncertainty
                         -0.03    0.51   clock reconvergence pessimism
                         -0.02    0.49   library hold time
                                  0.49   data required time
-----------------------------------------------------------------------------
                                  0.49   data required time
                                 -0.66   data arrival time
-----------------------------------------------------------------------------
                                  0.16   slack (MET)


Startpoint: _408_ (rising edge-triggered flip-flop clocked by clk)
Endpoint: _408_ (rising edge-triggered flip-flop clocked by clk)
Path Group: clk
Path Type: min
Corner: Fastest

Fanout     Cap    Slew   Delay    Time   Description
-----------------------------------------------------------------------------
                          0.00    0.00   clock clk (rise edge)
                          0.00    0.00   clock source latency
                  0.07    0.05    0.05 ^ clk (in)
     2    0.02                           clk (net)
                  0.07    0.00    0.05 ^ clkbuf_0_clk/A (sky130_fd_sc_hd__clkbuf_16)
                  0.05    0.11    0.15 ^ clkbuf_0_clk/X (sky130_fd_sc_hd__clkbuf_16)
     4    0.05                           clknet_0_clk (net)
                  0.05    0.00    0.16 ^ clkbuf_2_3__f_clk/A (sky130_fd_sc_hd__clkbuf_16)
                  0.04    0.09    0.25 ^ clkbuf_2_3__f_clk/X (sky130_fd_sc_hd__clkbuf_16)
     8    0.03                           clknet_2_3__leaf_clk (net)
                  0.04    0.00    0.25 ^ _408_/CLK (sky130_fd_sc_hd__dfrtp_1)
                  0.11    0.25    0.50 ^ _408_/Q (sky130_fd_sc_hd__dfrtp_1)
     4    0.02                           tx_inst.bit_index[2] (net)
                  0.11    0.00    0.50 ^ _348_/B1_N (sky130_fd_sc_hd__o21ba_1)
                  0.02    0.09    0.59 v _348_/X (sky130_fd_sc_hd__o21ba_1)
     1    0.00                           _195_ (net)
                  0.02    0.00    0.59 v _349_/B (sky130_fd_sc_hd__nor2_1)
                  0.06    0.05    0.64 ^ _349_/Y (sky130_fd_sc_hd__nor2_1)
     1    0.00                           _047_ (net)
                  0.06    0.00    0.64 ^ _408_/D (sky130_fd_sc_hd__dfrtp_1)
                                  0.64   data arrival time

                          0.00    0.00   clock clk (rise edge)
                          0.00    0.00   clock source latency
                  0.07    0.05    0.05 ^ clk (in)
     2    0.02                           clk (net)
                  0.07    0.00    0.05 ^ clkbuf_0_clk/A (sky130_fd_sc_hd__clkbuf_16)
                  0.05    0.12    0.17 ^ clkbuf_0_clk/X (sky130_fd_sc_hd__clkbuf_16)
     4    0.05                           clknet_0_clk (net)
                  0.05    0.00    0.17 ^ clkbuf_2_3__f_clk/A (sky130_fd_sc_hd__clkbuf_16)
                  0.04    0.10    0.27 ^ clkbuf_2_3__f_clk/X (sky130_fd_sc_hd__clkbuf_16)
     8    0.03                           clknet_2_3__leaf_clk (net)
                  0.04    0.00    0.28 ^ _408_/CLK (sky130_fd_sc_hd__dfrtp_1)
                          0.25    0.53   clock uncertainty
                         -0.03    0.50   clock reconvergence pessimism
                         -0.02    0.48   library hold time
                                  0.48   data required time
-----------------------------------------------------------------------------
                                  0.48   data required time
                                 -0.64   data arrival time
-----------------------------------------------------------------------------
                                  0.16   slack (MET)


Startpoint: _433_ (rising edge-triggered flip-flop clocked by clk)
Endpoint: _433_ (rising edge-triggered flip-flop clocked by clk)
Path Group: clk
Path Type: min
Corner: Fastest

Fanout     Cap    Slew   Delay    Time   Description
-----------------------------------------------------------------------------
                          0.00    0.00   clock clk (rise edge)
                          0.00    0.00   clock source latency
                  0.07    0.05    0.05 ^ clk (in)
     2    0.02                           clk (net)
                  0.07    0.00    0.05 ^ clkbuf_0_clk/A (sky130_fd_sc_hd__clkbuf_16)
                  0.05    0.11    0.15 ^ clkbuf_0_clk/X (sky130_fd_sc_hd__clkbuf_16)
     4    0.05                           clknet_0_clk (net)
                  0.05    0.00    0.16 ^ clkbuf_2_1__f_clk/A (sky130_fd_sc_hd__clkbuf_16)
                  0.05    0.10    0.26 ^ clkbuf_2_1__f_clk/X (sky130_fd_sc_hd__clkbuf_16)
    15    0.05                           clknet_2_1__leaf_clk (net)
                  0.05    0.00    0.26 ^ _433_/CLK (sky130_fd_sc_hd__dfrtp_1)
                  0.13    0.26    0.53 ^ _433_/Q (sky130_fd_sc_hd__dfrtp_1)
     4    0.02                           net12 (net)
                  0.13    0.00    0.53 ^ _279_/A0 (sky130_fd_sc_hd__mux2_1)
                  0.03    0.09    0.61 ^ _279_/X (sky130_fd_sc_hd__mux2_1)
     1    0.00                           _147_ (net)
                  0.03    0.00    0.61 ^ _280_/A (sky130_fd_sc_hd__clkbuf_1)
                  0.03    0.05    0.66 ^ _280_/X (sky130_fd_sc_hd__clkbuf_1)
     1    0.00                           _072_ (net)
                  0.03    0.00    0.66 ^ _433_/D (sky130_fd_sc_hd__dfrtp_1)
                                  0.66   data arrival time

                          0.00    0.00   clock clk (rise edge)
                          0.00    0.00   clock source latency
                  0.07    0.05    0.05 ^ clk (in)
     2    0.02                           clk (net)
                  0.07    0.00    0.05 ^ clkbuf_0_clk/A (sky130_fd_sc_hd__clkbuf_16)
                  0.05    0.12    0.17 ^ clkbuf_0_clk/X (sky130_fd_sc_hd__clkbuf_16)
     4    0.05                           clknet_0_clk (net)
                  0.05    0.00    0.17 ^ clkbuf_2_1__f_clk/A (sky130_fd_sc_hd__clkbuf_16)
                  0.05    0.11    0.29 ^ clkbuf_2_1__f_clk/X (sky130_fd_sc_hd__clkbuf_16)
    15    0.05                           clknet_2_1__leaf_clk (net)
                  0.05    0.00    0.29 ^ _433_/CLK (sky130_fd_sc_hd__dfrtp_1)
                          0.25    0.54   clock uncertainty
                         -0.03    0.51   clock reconvergence pessimism
                         -0.02    0.49   library hold time
                                  0.49   data required time
-----------------------------------------------------------------------------
                                  0.49   data required time
                                 -0.66   data arrival time
-----------------------------------------------------------------------------
                                  0.17   slack (MET)


Startpoint: _438_ (rising edge-triggered flip-flop clocked by clk)
Endpoint: _438_ (rising edge-triggered flip-flop clocked by clk)
Path Group: clk
Path Type: min
Corner: Fastest

Fanout     Cap    Slew   Delay    Time   Description
-----------------------------------------------------------------------------
                          0.00    0.00   clock clk (rise edge)
                          0.00    0.00   clock source latency
                  0.07    0.05    0.05 ^ clk (in)
     2    0.02                           clk (net)
                  0.07    0.00    0.05 ^ clkbuf_0_clk/A (sky130_fd_sc_hd__clkbuf_16)
                  0.05    0.11    0.15 ^ clkbuf_0_clk/X (sky130_fd_sc_hd__clkbuf_16)
     4    0.05                           clknet_0_clk (net)
                  0.05    0.00    0.16 ^ clkbuf_2_1__f_clk/A (sky130_fd_sc_hd__clkbuf_16)
                  0.05    0.10    0.26 ^ clkbuf_2_1__f_clk/X (sky130_fd_sc_hd__clkbuf_16)
    15    0.05                           clknet_2_1__leaf_clk (net)
                  0.05    0.00    0.26 ^ _438_/CLK (sky130_fd_sc_hd__dfrtp_2)
                  0.10    0.26    0.52 ^ _438_/Q (sky130_fd_sc_hd__dfrtp_2)
     4    0.03                           net17 (net)
                  0.10    0.00    0.53 ^ _263_/A1 (sky130_fd_sc_hd__mux2_1)
                  0.03    0.09    0.61 ^ _263_/X (sky130_fd_sc_hd__mux2_1)
     1    0.00                           _136_ (net)
                  0.03    0.00    0.61 ^ _264_/A (sky130_fd_sc_hd__clkbuf_1)
                  0.03    0.05    0.66 ^ _264_/X (sky130_fd_sc_hd__clkbuf_1)
     1    0.00                           _077_ (net)
                  0.03    0.00    0.66 ^ _438_/D (sky130_fd_sc_hd__dfrtp_2)
                                  0.66   data arrival time

                          0.00    0.00   clock clk (rise edge)
                          0.00    0.00   clock source latency
                  0.07    0.05    0.05 ^ clk (in)
     2    0.02                           clk (net)
                  0.07    0.00    0.05 ^ clkbuf_0_clk/A (sky130_fd_sc_hd__clkbuf_16)
                  0.05    0.12    0.17 ^ clkbuf_0_clk/X (sky130_fd_sc_hd__clkbuf_16)
     4    0.05                           clknet_0_clk (net)
                  0.05    0.00    0.17 ^ clkbuf_2_1__f_clk/A (sky130_fd_sc_hd__clkbuf_16)
                  0.05    0.11    0.29 ^ clkbuf_2_1__f_clk/X (sky130_fd_sc_hd__clkbuf_16)
    15    0.05                           clknet_2_1__leaf_clk (net)
                  0.05    0.00    0.29 ^ _438_/CLK (sky130_fd_sc_hd__dfrtp_2)
                          0.25    0.54   clock uncertainty
                         -0.03    0.51   clock reconvergence pessimism
                         -0.02    0.49   library hold time
                                  0.49   data required time
-----------------------------------------------------------------------------
                                  0.49   data required time
                                 -0.66   data arrival time
-----------------------------------------------------------------------------
                                  0.17   slack (MET)


Startpoint: _409_ (rising edge-triggered flip-flop clocked by clk)
Endpoint: _409_ (rising edge-triggered flip-flop clocked by clk)
Path Group: clk
Path Type: min
Corner: Fastest

Fanout     Cap    Slew   Delay    Time   Description
-----------------------------------------------------------------------------
                          0.00    0.00   clock clk (rise edge)
                          0.00    0.00   clock source latency
                  0.07    0.05    0.05 ^ clk (in)
     2    0.02                           clk (net)
                  0.07    0.00    0.05 ^ clkbuf_0_clk/A (sky130_fd_sc_hd__clkbuf_16)
                  0.05    0.11    0.15 ^ clkbuf_0_clk/X (sky130_fd_sc_hd__clkbuf_16)
     4    0.05                           clknet_0_clk (net)
                  0.05    0.00    0.16 ^ clkbuf_2_2__f_clk/A (sky130_fd_sc_hd__clkbuf_16)
                  0.04    0.09    0.25 ^ clkbuf_2_2__f_clk/X (sky130_fd_sc_hd__clkbuf_16)
    11    0.03                           clknet_2_2__leaf_clk (net)
                  0.04    0.00    0.25 ^ _409_/CLK (sky130_fd_sc_hd__dfrtp_2)
                  0.07    0.24    0.49 ^ _409_/Q (sky130_fd_sc_hd__dfrtp_2)
     6    0.02                           tx_inst.clk_count[0] (net)
                  0.07    0.00    0.49 ^ _343_/A_N (sky130_fd_sc_hd__and2b_1)
                  0.02    0.11    0.60 v _343_/X (sky130_fd_sc_hd__and2b_1)
     1    0.00                           _191_ (net)
                  0.02    0.00    0.60 v _344_/A (sky130_fd_sc_hd__clkbuf_1)
                  0.02    0.05    0.65 v _344_/X (sky130_fd_sc_hd__clkbuf_1)
     1    0.00                           _048_ (net)
                  0.02    0.00    0.65 v _409_/D (sky130_fd_sc_hd__dfrtp_2)
                                  0.65   data arrival time

                          0.00    0.00   clock clk (rise edge)
                          0.00    0.00   clock source latency
                  0.07    0.05    0.05 ^ clk (in)
     2    0.02                           clk (net)
                  0.07    0.00    0.05 ^ clkbuf_0_clk/A (sky130_fd_sc_hd__clkbuf_16)
                  0.05    0.12    0.17 ^ clkbuf_0_clk/X (sky130_fd_sc_hd__clkbuf_16)
     4    0.05                           clknet_0_clk (net)
                  0.05    0.00    0.17 ^ clkbuf_2_2__f_clk/A (sky130_fd_sc_hd__clkbuf_16)
                  0.04    0.10    0.28 ^ clkbuf_2_2__f_clk/X (sky130_fd_sc_hd__clkbuf_16)
    11    0.03                           clknet_2_2__leaf_clk (net)
                  0.04    0.00    0.28 ^ _409_/CLK (sky130_fd_sc_hd__dfrtp_2)
                          0.25    0.53   clock uncertainty
                         -0.03    0.50   clock reconvergence pessimism
                         -0.02    0.48   library hold time
                                  0.48   data required time
-----------------------------------------------------------------------------
                                  0.48   data required time
                                 -0.65   data arrival time
-----------------------------------------------------------------------------
                                  0.17   slack (MET)


Startpoint: _411_ (rising edge-triggered flip-flop clocked by clk)
Endpoint: _411_ (rising edge-triggered flip-flop clocked by clk)
Path Group: clk
Path Type: min
Corner: Fastest

Fanout     Cap    Slew   Delay    Time   Description
-----------------------------------------------------------------------------
                          0.00    0.00   clock clk (rise edge)
                          0.00    0.00   clock source latency
                  0.07    0.05    0.05 ^ clk (in)
     2    0.02                           clk (net)
                  0.07    0.00    0.05 ^ clkbuf_0_clk/A (sky130_fd_sc_hd__clkbuf_16)
                  0.05    0.11    0.15 ^ clkbuf_0_clk/X (sky130_fd_sc_hd__clkbuf_16)
     4    0.05                           clknet_0_clk (net)
                  0.05    0.00    0.16 ^ clkbuf_2_3__f_clk/A (sky130_fd_sc_hd__clkbuf_16)
                  0.04    0.09    0.25 ^ clkbuf_2_3__f_clk/X (sky130_fd_sc_hd__clkbuf_16)
     8    0.03                           clknet_2_3__leaf_clk (net)
                  0.04    0.00    0.25 ^ _411_/CLK (sky130_fd_sc_hd__dfrtp_1)
                  0.07    0.22    0.47 ^ _411_/Q (sky130_fd_sc_hd__dfrtp_1)
     3    0.01                           tx_inst.clk_count[2] (net)
                  0.07    0.00    0.47 ^ _336_/B1 (sky130_fd_sc_hd__a21o_1)
                  0.03    0.05    0.52 ^ _336_/X (sky130_fd_sc_hd__a21o_1)
     1    0.00                           _186_ (net)
                  0.03    0.00    0.52 ^ _337_/C (sky130_fd_sc_hd__and3_1)
                  0.04    0.08    0.60 ^ _337_/X (sky130_fd_sc_hd__and3_1)
     1    0.00                           _187_ (net)
                  0.04    0.00    0.60 ^ _338_/A (sky130_fd_sc_hd__clkbuf_1)
                  0.03    0.05    0.65 ^ _338_/X (sky130_fd_sc_hd__clkbuf_1)
     1    0.00                           _050_ (net)
                  0.03    0.00    0.65 ^ _411_/D (sky130_fd_sc_hd__dfrtp_1)
                                  0.65   data arrival time

                          0.00    0.00   clock clk (rise edge)
                          0.00    0.00   clock source latency
                  0.07    0.05    0.05 ^ clk (in)
     2    0.02                           clk (net)
                  0.07    0.00    0.05 ^ clkbuf_0_clk/A (sky130_fd_sc_hd__clkbuf_16)
                  0.05    0.12    0.17 ^ clkbuf_0_clk/X (sky130_fd_sc_hd__clkbuf_16)
     4    0.05                           clknet_0_clk (net)
                  0.05    0.00    0.17 ^ clkbuf_2_3__f_clk/A (sky130_fd_sc_hd__clkbuf_16)
                  0.04    0.10    0.27 ^ clkbuf_2_3__f_clk/X (sky130_fd_sc_hd__clkbuf_16)
     8    0.03                           clknet_2_3__leaf_clk (net)
                  0.04    0.00    0.28 ^ _411_/CLK (sky130_fd_sc_hd__dfrtp_1)
                          0.25    0.53   clock uncertainty
                         -0.03    0.50   clock reconvergence pessimism
                         -0.02    0.48   library hold time
                                  0.48   data required time
-----------------------------------------------------------------------------
                                  0.48   data required time
                                 -0.65   data arrival time
-----------------------------------------------------------------------------
                                  0.17   slack (MET)


Startpoint: _430_ (rising edge-triggered flip-flop clocked by clk)
Endpoint: _430_ (rising edge-triggered flip-flop clocked by clk)
Path Group: clk
Path Type: min
Corner: Fastest

Fanout     Cap    Slew   Delay    Time   Description
-----------------------------------------------------------------------------
                          0.00    0.00   clock clk (rise edge)
                          0.00    0.00   clock source latency
                  0.07    0.05    0.05 ^ clk (in)
     2    0.02                           clk (net)
                  0.07    0.00    0.05 ^ clkbuf_0_clk/A (sky130_fd_sc_hd__clkbuf_16)
                  0.05    0.11    0.15 ^ clkbuf_0_clk/X (sky130_fd_sc_hd__clkbuf_16)
     4    0.05                           clknet_0_clk (net)
                  0.05    0.00    0.16 ^ clkbuf_2_2__f_clk/A (sky130_fd_sc_hd__clkbuf_16)
                  0.04    0.09    0.25 ^ clkbuf_2_2__f_clk/X (sky130_fd_sc_hd__clkbuf_16)
    11    0.03                           clknet_2_2__leaf_clk (net)
                  0.04    0.00    0.25 ^ _430_/CLK (sky130_fd_sc_hd__dfrtp_4)
                  0.07    0.27    0.52 ^ _430_/Q (sky130_fd_sc_hd__dfrtp_4)
     7    0.02                           tx_inst.state[0] (net)
                  0.07    0.00    0.52 ^ _294_/S (sky130_fd_sc_hd__mux2_1)
                  0.04    0.09    0.61 ^ _294_/X (sky130_fd_sc_hd__mux2_1)
     1    0.00                           _159_ (net)
                  0.04    0.00    0.61 ^ _295_/A (sky130_fd_sc_hd__clkbuf_1)
                  0.04    0.05    0.66 ^ _295_/X (sky130_fd_sc_hd__clkbuf_1)
     1    0.00                           _069_ (net)
                  0.04    0.00    0.66 ^ _430_/D (sky130_fd_sc_hd__dfrtp_4)
                                  0.66   data arrival time

                          0.00    0.00   clock clk (rise edge)
                          0.00    0.00   clock source latency
                  0.07    0.05    0.05 ^ clk (in)
     2    0.02                           clk (net)
                  0.07    0.00    0.05 ^ clkbuf_0_clk/A (sky130_fd_sc_hd__clkbuf_16)
                  0.05    0.12    0.17 ^ clkbuf_0_clk/X (sky130_fd_sc_hd__clkbuf_16)
     4    0.05                           clknet_0_clk (net)
                  0.05    0.00    0.17 ^ clkbuf_2_2__f_clk/A (sky130_fd_sc_hd__clkbuf_16)
                  0.04    0.10    0.28 ^ clkbuf_2_2__f_clk/X (sky130_fd_sc_hd__clkbuf_16)
    11    0.03                           clknet_2_2__leaf_clk (net)
                  0.04    0.00    0.28 ^ _430_/CLK (sky130_fd_sc_hd__dfrtp_4)
                          0.25    0.53   clock uncertainty
                         -0.03    0.50   clock reconvergence pessimism
                         -0.02    0.48   library hold time
                                  0.48   data required time
-----------------------------------------------------------------------------
                                  0.48   data required time
                                 -0.66   data arrival time
-----------------------------------------------------------------------------
                                  0.18   slack (MET)


Startpoint: _418_ (rising edge-triggered flip-flop clocked by clk)
Endpoint: _418_ (rising edge-triggered flip-flop clocked by clk)
Path Group: clk
Path Type: min
Corner: Fastest

Fanout     Cap    Slew   Delay    Time   Description
-----------------------------------------------------------------------------
                          0.00    0.00   clock clk (rise edge)
                          0.00    0.00   clock source latency
                  0.07    0.05    0.05 ^ clk (in)
     2    0.02                           clk (net)
                  0.07    0.00    0.05 ^ clkbuf_0_clk/A (sky130_fd_sc_hd__clkbuf_16)
                  0.05    0.11    0.15 ^ clkbuf_0_clk/X (sky130_fd_sc_hd__clkbuf_16)
     4    0.05                           clknet_0_clk (net)
                  0.05    0.00    0.16 ^ clkbuf_2_0__f_clk/A (sky130_fd_sc_hd__clkbuf_16)
                  0.04    0.10    0.25 ^ clkbuf_2_0__f_clk/X (sky130_fd_sc_hd__clkbuf_16)
    11    0.04                           clknet_2_0__leaf_clk (net)
                  0.04    0.00    0.26 ^ _418_/CLK (sky130_fd_sc_hd__dfrtp_1)
                  0.04    0.20    0.46 ^ _418_/Q (sky130_fd_sc_hd__dfrtp_1)
     2    0.00                           rx_inst.state[1] (net)
                  0.04    0.00    0.46 ^ _219_/A (sky130_fd_sc_hd__buf_2)
                  0.14    0.14    0.60 ^ _219_/X (sky130_fd_sc_hd__buf_2)
    10    0.04                           _100_ (net)
                  0.14    0.00    0.60 ^ _326_/A1 (sky130_fd_sc_hd__a21bo_1)
                  0.02    0.07    0.67 ^ _326_/X (sky130_fd_sc_hd__a21bo_1)
     1    0.00                           _057_ (net)
                  0.02    0.00    0.67 ^ _418_/D (sky130_fd_sc_hd__dfrtp_1)
                                  0.67   data arrival time

                          0.00    0.00   clock clk (rise edge)
                          0.00    0.00   clock source latency
                  0.07    0.05    0.05 ^ clk (in)
     2    0.02                           clk (net)
                  0.07    0.00    0.05 ^ clkbuf_0_clk/A (sky130_fd_sc_hd__clkbuf_16)
                  0.05    0.12    0.17 ^ clkbuf_0_clk/X (sky130_fd_sc_hd__clkbuf_16)
     4    0.05                           clknet_0_clk (net)
                  0.05    0.00    0.17 ^ clkbuf_2_0__f_clk/A (sky130_fd_sc_hd__clkbuf_16)
                  0.04    0.11    0.28 ^ clkbuf_2_0__f_clk/X (sky130_fd_sc_hd__clkbuf_16)
    11    0.04                           clknet_2_0__leaf_clk (net)
                  0.04    0.00    0.28 ^ _418_/CLK (sky130_fd_sc_hd__dfrtp_1)
                          0.25    0.53   clock uncertainty
                         -0.03    0.51   clock reconvergence pessimism
                         -0.02    0.49   library hold time
                                  0.49   data required time
-----------------------------------------------------------------------------
                                  0.49   data required time
                                 -0.67   data arrival time
-----------------------------------------------------------------------------
                                  0.18   slack (MET)


Startpoint: _436_ (rising edge-triggered flip-flop clocked by clk)
Endpoint: _436_ (rising edge-triggered flip-flop clocked by clk)
Path Group: clk
Path Type: min
Corner: Fastest

Fanout     Cap    Slew   Delay    Time   Description
-----------------------------------------------------------------------------
                          0.00    0.00   clock clk (rise edge)
                          0.00    0.00   clock source latency
                  0.07    0.05    0.05 ^ clk (in)
     2    0.02                           clk (net)
                  0.07    0.00    0.05 ^ clkbuf_0_clk/A (sky130_fd_sc_hd__clkbuf_16)
                  0.05    0.11    0.15 ^ clkbuf_0_clk/X (sky130_fd_sc_hd__clkbuf_16)
     4    0.05                           clknet_0_clk (net)
                  0.05    0.00    0.16 ^ clkbuf_2_0__f_clk/A (sky130_fd_sc_hd__clkbuf_16)
                  0.04    0.10    0.25 ^ clkbuf_2_0__f_clk/X (sky130_fd_sc_hd__clkbuf_16)
    11    0.04                           clknet_2_0__leaf_clk (net)
                  0.04    0.00    0.26 ^ _436_/CLK (sky130_fd_sc_hd__dfrtp_1)
                  0.15    0.28    0.53 ^ _436_/Q (sky130_fd_sc_hd__dfrtp_1)
     4    0.02                           net15 (net)
                  0.15    0.00    0.53 ^ _269_/A1 (sky130_fd_sc_hd__mux2_1)
                  0.03    0.09    0.62 ^ _269_/X (sky130_fd_sc_hd__mux2_1)
     1    0.00                           _140_ (net)
                  0.03    0.00    0.62 ^ _270_/A (sky130_fd_sc_hd__clkbuf_1)
                  0.03    0.05    0.67 ^ _270_/X (sky130_fd_sc_hd__clkbuf_1)
     1    0.00                           _075_ (net)
                  0.03    0.00    0.67 ^ _436_/D (sky130_fd_sc_hd__dfrtp_1)
                                  0.67   data arrival time

                          0.00    0.00   clock clk (rise edge)
                          0.00    0.00   clock source latency
                  0.07    0.05    0.05 ^ clk (in)
     2    0.02                           clk (net)
                  0.07    0.00    0.05 ^ clkbuf_0_clk/A (sky130_fd_sc_hd__clkbuf_16)
                  0.05    0.12    0.17 ^ clkbuf_0_clk/X (sky130_fd_sc_hd__clkbuf_16)
     4    0.05                           clknet_0_clk (net)
                  0.05    0.00    0.17 ^ clkbuf_2_0__f_clk/A (sky130_fd_sc_hd__clkbuf_16)
                  0.04    0.11    0.28 ^ clkbuf_2_0__f_clk/X (sky130_fd_sc_hd__clkbuf_16)
    11    0.04                           clknet_2_0__leaf_clk (net)
                  0.04    0.00    0.28 ^ _436_/CLK (sky130_fd_sc_hd__dfrtp_1)
                          0.25    0.53   clock uncertainty
                         -0.03    0.51   clock reconvergence pessimism
                         -0.02    0.49   library hold time
                                  0.49   data required time
-----------------------------------------------------------------------------
                                  0.49   data required time
                                 -0.67   data arrival time
-----------------------------------------------------------------------------
                                  0.18   slack (MET)


Startpoint: _412_ (rising edge-triggered flip-flop clocked by clk)
Endpoint: _412_ (rising edge-triggered flip-flop clocked by clk)
Path Group: clk
Path Type: min
Corner: Fastest

Fanout     Cap    Slew   Delay    Time   Description
-----------------------------------------------------------------------------
                          0.00    0.00   clock clk (rise edge)
                          0.00    0.00   clock source latency
                  0.07    0.05    0.05 ^ clk (in)
     2    0.02                           clk (net)
                  0.07    0.00    0.05 ^ clkbuf_0_clk/A (sky130_fd_sc_hd__clkbuf_16)
                  0.05    0.11    0.15 ^ clkbuf_0_clk/X (sky130_fd_sc_hd__clkbuf_16)
     4    0.05                           clknet_0_clk (net)
                  0.05    0.00    0.16 ^ clkbuf_2_3__f_clk/A (sky130_fd_sc_hd__clkbuf_16)
                  0.04    0.09    0.25 ^ clkbuf_2_3__f_clk/X (sky130_fd_sc_hd__clkbuf_16)
     8    0.03                           clknet_2_3__leaf_clk (net)
                  0.04    0.00    0.25 ^ _412_/CLK (sky130_fd_sc_hd__dfrtp_1)
                  0.07    0.22    0.47 ^ _412_/Q (sky130_fd_sc_hd__dfrtp_1)
     2    0.01                           tx_inst.clk_count[3] (net)
                  0.07    0.00    0.47 ^ _330_/A (sky130_fd_sc_hd__inv_2)
                  0.02    0.02    0.49 v _330_/Y (sky130_fd_sc_hd__inv_2)
     2    0.01                           _181_ (net)
                  0.02    0.00    0.49 v _332_/A (sky130_fd_sc_hd__nand2_1)
                  0.03    0.04    0.53 ^ _332_/Y (sky130_fd_sc_hd__nand2_1)
     1    0.00                           _183_ (net)
                  0.03    0.00    0.53 ^ _334_/B (sky130_fd_sc_hd__and3_1)
                  0.04    0.09    0.61 ^ _334_/X (sky130_fd_sc_hd__and3_1)
     1    0.00                           _185_ (net)
                  0.04    0.00    0.61 ^ _335_/A (sky130_fd_sc_hd__clkbuf_1)
                  0.03    0.05    0.66 ^ _335_/X (sky130_fd_sc_hd__clkbuf_1)
     1    0.00                           _051_ (net)
                  0.03    0.00    0.66 ^ _412_/D (sky130_fd_sc_hd__dfrtp_1)
                                  0.66   data arrival time

                          0.00    0.00   clock clk (rise edge)
                          0.00    0.00   clock source latency
                  0.07    0.05    0.05 ^ clk (in)
     2    0.02                           clk (net)
                  0.07    0.00    0.05 ^ clkbuf_0_clk/A (sky130_fd_sc_hd__clkbuf_16)
                  0.05    0.12    0.17 ^ clkbuf_0_clk/X (sky130_fd_sc_hd__clkbuf_16)
     4    0.05                           clknet_0_clk (net)
                  0.05    0.00    0.17 ^ clkbuf_2_3__f_clk/A (sky130_fd_sc_hd__clkbuf_16)
                  0.04    0.10    0.27 ^ clkbuf_2_3__f_clk/X (sky130_fd_sc_hd__clkbuf_16)
     8    0.03                           clknet_2_3__leaf_clk (net)
                  0.04    0.00    0.28 ^ _412_/CLK (sky130_fd_sc_hd__dfrtp_1)
                          0.25    0.53   clock uncertainty
                         -0.03    0.50   clock reconvergence pessimism
                         -0.02    0.48   library hold time
                                  0.48   data required time
-----------------------------------------------------------------------------
                                  0.48   data required time
                                 -0.66   data arrival time
-----------------------------------------------------------------------------
                                  0.18   slack (MET)


Startpoint: _440_ (rising edge-triggered flip-flop clocked by clk)
Endpoint: _440_ (rising edge-triggered flip-flop clocked by clk)
Path Group: clk
Path Type: min
Corner: Fastest

Fanout     Cap    Slew   Delay    Time   Description
-----------------------------------------------------------------------------
                          0.00    0.00   clock clk (rise edge)
                          0.00    0.00   clock source latency
                  0.07    0.05    0.05 ^ clk (in)
     2    0.02                           clk (net)
                  0.07    0.00    0.05 ^ clkbuf_0_clk/A (sky130_fd_sc_hd__clkbuf_16)
                  0.05    0.11    0.15 ^ clkbuf_0_clk/X (sky130_fd_sc_hd__clkbuf_16)
     4    0.05                           clknet_0_clk (net)
                  0.05    0.00    0.16 ^ clkbuf_2_0__f_clk/A (sky130_fd_sc_hd__clkbuf_16)
                  0.04    0.10    0.25 ^ clkbuf_2_0__f_clk/X (sky130_fd_sc_hd__clkbuf_16)
    11    0.04                           clknet_2_0__leaf_clk (net)
                  0.04    0.00    0.26 ^ _440_/CLK (sky130_fd_sc_hd__dfrtp_4)
                  0.08    0.27    0.53 ^ _440_/Q (sky130_fd_sc_hd__dfrtp_4)
     9    0.03                           rx_inst.bit_index[0] (net)
                  0.08    0.00    0.53 ^ _254_/S (sky130_fd_sc_hd__mux2_1)
                  0.03    0.09    0.62 ^ _254_/X (sky130_fd_sc_hd__mux2_1)
     1    0.00                           _129_ (net)
                  0.03    0.00    0.62 ^ _255_/A (sky130_fd_sc_hd__clkbuf_1)
                  0.04    0.05    0.67 ^ _255_/X (sky130_fd_sc_hd__clkbuf_1)
     1    0.00                           _079_ (net)
                  0.04    0.00    0.67 ^ _440_/D (sky130_fd_sc_hd__dfrtp_4)
                                  0.67   data arrival time

                          0.00    0.00   clock clk (rise edge)
                          0.00    0.00   clock source latency
                  0.07    0.05    0.05 ^ clk (in)
     2    0.02                           clk (net)
                  0.07    0.00    0.05 ^ clkbuf_0_clk/A (sky130_fd_sc_hd__clkbuf_16)
                  0.05    0.12    0.17 ^ clkbuf_0_clk/X (sky130_fd_sc_hd__clkbuf_16)
     4    0.05                           clknet_0_clk (net)
                  0.05    0.00    0.17 ^ clkbuf_2_0__f_clk/A (sky130_fd_sc_hd__clkbuf_16)
                  0.04    0.11    0.28 ^ clkbuf_2_0__f_clk/X (sky130_fd_sc_hd__clkbuf_16)
    11    0.04                           clknet_2_0__leaf_clk (net)
                  0.04    0.00    0.28 ^ _440_/CLK (sky130_fd_sc_hd__dfrtp_4)
                          0.25    0.53   clock uncertainty
                         -0.03    0.51   clock reconvergence pessimism
                         -0.02    0.49   library hold time
                                  0.49   data required time
-----------------------------------------------------------------------------
                                  0.49   data required time
                                 -0.67   data arrival time
-----------------------------------------------------------------------------
                                  0.18   slack (MET)


Startpoint: _417_ (rising edge-triggered flip-flop clocked by clk)
Endpoint: _441_ (rising edge-triggered flip-flop clocked by clk)
Path Group: clk
Path Type: min
Corner: Fastest

Fanout     Cap    Slew   Delay    Time   Description
-----------------------------------------------------------------------------
                          0.00    0.00   clock clk (rise edge)
                          0.00    0.00   clock source latency
                  0.07    0.05    0.05 ^ clk (in)
     2    0.02                           clk (net)
                  0.07    0.00    0.05 ^ clkbuf_0_clk/A (sky130_fd_sc_hd__clkbuf_16)
                  0.05    0.11    0.15 ^ clkbuf_0_clk/X (sky130_fd_sc_hd__clkbuf_16)
     4    0.05                           clknet_0_clk (net)
                  0.05    0.00    0.16 ^ clkbuf_2_2__f_clk/A (sky130_fd_sc_hd__clkbuf_16)
                  0.04    0.09    0.25 ^ clkbuf_2_2__f_clk/X (sky130_fd_sc_hd__clkbuf_16)
    11    0.03                           clknet_2_2__leaf_clk (net)
                  0.04    0.00    0.25 ^ _417_/CLK (sky130_fd_sc_hd__dfrtp_4)
                  0.07    0.27    0.52 ^ _417_/Q (sky130_fd_sc_hd__dfrtp_4)
     7    0.02                           rx_inst.state[0] (net)
                  0.07    0.00    0.52 ^ _241_/A (sky130_fd_sc_hd__inv_2)
                  0.04    0.04    0.57 v _241_/Y (sky130_fd_sc_hd__inv_2)
     7    0.02                           _118_ (net)
                  0.04    0.00    0.57 v _247_/A (sky130_fd_sc_hd__nand2_1)
                  0.05    0.05    0.62 ^ _247_/Y (sky130_fd_sc_hd__nand2_1)
     2    0.01                           _123_ (net)
                  0.05    0.00    0.62 ^ _252_/A2 (sky130_fd_sc_hd__a21bo_1)
                  0.03    0.07    0.69 ^ _252_/X (sky130_fd_sc_hd__a21bo_1)
     1    0.00                           _080_ (net)
                  0.03    0.00    0.69 ^ _441_/D (sky130_fd_sc_hd__dfrtp_2)
                                  0.69   data arrival time

                          0.00    0.00   clock clk (rise edge)
                          0.00    0.00   clock source latency
                  0.07    0.05    0.05 ^ clk (in)
     2    0.02                           clk (net)
                  0.07    0.00    0.05 ^ clkbuf_0_clk/A (sky130_fd_sc_hd__clkbuf_16)
                  0.05    0.12    0.17 ^ clkbuf_0_clk/X (sky130_fd_sc_hd__clkbuf_16)
     4    0.05                           clknet_0_clk (net)
                  0.05    0.00    0.17 ^ clkbuf_2_0__f_clk/A (sky130_fd_sc_hd__clkbuf_16)
                  0.04    0.11    0.28 ^ clkbuf_2_0__f_clk/X (sky130_fd_sc_hd__clkbuf_16)
    11    0.04                           clknet_2_0__leaf_clk (net)
                  0.04    0.00    0.28 ^ _441_/CLK (sky130_fd_sc_hd__dfrtp_2)
                          0.25    0.53   clock uncertainty
                         -0.02    0.52   clock reconvergence pessimism
                         -0.02    0.50   library hold time
                                  0.50   data required time
-----------------------------------------------------------------------------
                                  0.50   data required time
                                 -0.69   data arrival time
-----------------------------------------------------------------------------
                                  0.19   slack (MET)


Startpoint: _430_ (rising edge-triggered flip-flop clocked by clk)
Endpoint: _431_ (rising edge-triggered flip-flop clocked by clk)
Path Group: clk
Path Type: min
Corner: Fastest

Fanout     Cap    Slew   Delay    Time   Description
-----------------------------------------------------------------------------
                          0.00    0.00   clock clk (rise edge)
                          0.00    0.00   clock source latency
                  0.07    0.05    0.05 ^ clk (in)
     2    0.02                           clk (net)
                  0.07    0.00    0.05 ^ clkbuf_0_clk/A (sky130_fd_sc_hd__clkbuf_16)
                  0.05    0.11    0.15 ^ clkbuf_0_clk/X (sky130_fd_sc_hd__clkbuf_16)
     4    0.05                           clknet_0_clk (net)
                  0.05    0.00    0.16 ^ clkbuf_2_2__f_clk/A (sky130_fd_sc_hd__clkbuf_16)
                  0.04    0.09    0.25 ^ clkbuf_2_2__f_clk/X (sky130_fd_sc_hd__clkbuf_16)
    11    0.03                           clknet_2_2__leaf_clk (net)
                  0.04    0.00    0.25 ^ _430_/CLK (sky130_fd_sc_hd__dfrtp_4)
                  0.07    0.27    0.52 ^ _430_/Q (sky130_fd_sc_hd__dfrtp_4)
     7    0.02                           tx_inst.state[0] (net)
                  0.07    0.00    0.52 ^ _289_/A1 (sky130_fd_sc_hd__a211o_1)
                  0.02    0.07    0.59 ^ _289_/X (sky130_fd_sc_hd__a211o_1)
     1    0.00                           _155_ (net)
                  0.02    0.00    0.59 ^ _290_/B1_N (sky130_fd_sc_hd__a21bo_1)
                  0.02    0.08    0.67 v _290_/X (sky130_fd_sc_hd__a21bo_1)
     1    0.00                           _070_ (net)
                  0.02    0.00    0.67 v _431_/D (sky130_fd_sc_hd__dfrtp_4)
                                  0.67   data arrival time

                          0.00    0.00   clock clk (rise edge)
                          0.00    0.00   clock source latency
                  0.07    0.05    0.05 ^ clk (in)
     2    0.02                           clk (net)
                  0.07    0.00    0.05 ^ clkbuf_0_clk/A (sky130_fd_sc_hd__clkbuf_16)
                  0.05    0.12    0.17 ^ clkbuf_0_clk/X (sky130_fd_sc_hd__clkbuf_16)
     4    0.05                           clknet_0_clk (net)
                  0.05    0.00    0.17 ^ clkbuf_2_2__f_clk/A (sky130_fd_sc_hd__clkbuf_16)
                  0.04    0.10    0.28 ^ clkbuf_2_2__f_clk/X (sky130_fd_sc_hd__clkbuf_16)
    11    0.03                           clknet_2_2__leaf_clk (net)
                  0.04    0.00    0.28 ^ _431_/CLK (sky130_fd_sc_hd__dfrtp_4)
                          0.25    0.53   clock uncertainty
                         -0.03    0.50   clock reconvergence pessimism
                         -0.02    0.48   library hold time
                                  0.48   data required time
-----------------------------------------------------------------------------
                                  0.48   data required time
                                 -0.67   data arrival time
-----------------------------------------------------------------------------
                                  0.19   slack (MET)


Startpoint: _417_ (rising edge-triggered flip-flop clocked by clk)
Endpoint: _421_ (rising edge-triggered flip-flop clocked by clk)
Path Group: clk
Path Type: min
Corner: Fastest

Fanout     Cap    Slew   Delay    Time   Description
-----------------------------------------------------------------------------
                          0.00    0.00   clock clk (rise edge)
                          0.00    0.00   clock source latency
                  0.07    0.05    0.05 ^ clk (in)
     2    0.02                           clk (net)
                  0.07    0.00    0.05 ^ clkbuf_0_clk/A (sky130_fd_sc_hd__clkbuf_16)
                  0.05    0.11    0.15 ^ clkbuf_0_clk/X (sky130_fd_sc_hd__clkbuf_16)
     4    0.05                           clknet_0_clk (net)
                  0.05    0.00    0.16 ^ clkbuf_2_2__f_clk/A (sky130_fd_sc_hd__clkbuf_16)
                  0.04    0.09    0.25 ^ clkbuf_2_2__f_clk/X (sky130_fd_sc_hd__clkbuf_16)
    11    0.03                           clknet_2_2__leaf_clk (net)
                  0.04    0.00    0.25 ^ _417_/CLK (sky130_fd_sc_hd__dfrtp_4)
                  0.06    0.30    0.56 v _417_/Q (sky130_fd_sc_hd__dfrtp_4)
     7    0.02                           rx_inst.state[0] (net)
                  0.06    0.00    0.56 v _241_/A (sky130_fd_sc_hd__inv_2)
                  0.08    0.08    0.64 ^ _241_/Y (sky130_fd_sc_hd__inv_2)
     7    0.02                           _118_ (net)
                  0.08    0.00    0.64 ^ _314_/A2 (sky130_fd_sc_hd__o31ai_1)
                  0.02    0.05    0.68 v _314_/Y (sky130_fd_sc_hd__o31ai_1)
     1    0.00                           _060_ (net)
                  0.02    0.00    0.68 v _421_/D (sky130_fd_sc_hd__dfrtp_1)
                                  0.68   data arrival time

                          0.00    0.00   clock clk (rise edge)
                          0.00    0.00   clock source latency
                  0.07    0.05    0.05 ^ clk (in)
     2    0.02                           clk (net)
                  0.07    0.00    0.05 ^ clkbuf_0_clk/A (sky130_fd_sc_hd__clkbuf_16)
                  0.05    0.12    0.17 ^ clkbuf_0_clk/X (sky130_fd_sc_hd__clkbuf_16)
     4    0.05                           clknet_0_clk (net)
                  0.05    0.00    0.17 ^ clkbuf_2_0__f_clk/A (sky130_fd_sc_hd__clkbuf_16)
                  0.04    0.11    0.28 ^ clkbuf_2_0__f_clk/X (sky130_fd_sc_hd__clkbuf_16)
    11    0.04                           clknet_2_0__leaf_clk (net)
                  0.04    0.00    0.28 ^ _421_/CLK (sky130_fd_sc_hd__dfrtp_1)
                          0.25    0.53   clock uncertainty
                         -0.02    0.52   clock reconvergence pessimism
                         -0.03    0.49   library hold time
                                  0.49   data required time
-----------------------------------------------------------------------------
                                  0.49   data required time
                                 -0.68   data arrival time
-----------------------------------------------------------------------------
                                  0.19   slack (MET)


Startpoint: _446_ (rising edge-triggered flip-flop clocked by clk)
Endpoint: _446_ (rising edge-triggered flip-flop clocked by clk)
Path Group: clk
Path Type: min
Corner: Fastest

Fanout     Cap    Slew   Delay    Time   Description
-----------------------------------------------------------------------------
                          0.00    0.00   clock clk (rise edge)
                          0.00    0.00   clock source latency
                  0.07    0.05    0.05 ^ clk (in)
     2    0.02                           clk (net)
                  0.07    0.00    0.05 ^ clkbuf_0_clk/A (sky130_fd_sc_hd__clkbuf_16)
                  0.05    0.11    0.15 ^ clkbuf_0_clk/X (sky130_fd_sc_hd__clkbuf_16)
     4    0.05                           clknet_0_clk (net)
                  0.05    0.00    0.16 ^ clkbuf_2_1__f_clk/A (sky130_fd_sc_hd__clkbuf_16)
                  0.05    0.10    0.26 ^ clkbuf_2_1__f_clk/X (sky130_fd_sc_hd__clkbuf_16)
    15    0.05                           clknet_2_1__leaf_clk (net)
                  0.05    0.00    0.26 ^ _446_/CLK (sky130_fd_sc_hd__dfrtp_1)
                  0.09    0.24    0.50 ^ _446_/Q (sky130_fd_sc_hd__dfrtp_1)
     5    0.01                           rx_inst.clk_count[3] (net)
                  0.09    0.00    0.50 ^ _225_/B1 (sky130_fd_sc_hd__a31o_1)
                  0.02    0.05    0.55 ^ _225_/X (sky130_fd_sc_hd__a31o_1)
     1    0.00                           _106_ (net)
                  0.02    0.00    0.55 ^ _226_/C (sky130_fd_sc_hd__and3b_1)
                  0.03    0.08    0.64 ^ _226_/X (sky130_fd_sc_hd__and3b_1)
     1    0.00                           _107_ (net)
                  0.03    0.00    0.64 ^ _227_/A (sky130_fd_sc_hd__clkbuf_1)
                  0.03    0.05    0.69 ^ _227_/X (sky130_fd_sc_hd__clkbuf_1)
     1    0.00                           _085_ (net)
                  0.03    0.00    0.69 ^ _446_/D (sky130_fd_sc_hd__dfrtp_1)
                                  0.69   data arrival time

                          0.00    0.00   clock clk (rise edge)
                          0.00    0.00   clock source latency
                  0.07    0.05    0.05 ^ clk (in)
     2    0.02                           clk (net)
                  0.07    0.00    0.05 ^ clkbuf_0_clk/A (sky130_fd_sc_hd__clkbuf_16)
                  0.05    0.12    0.17 ^ clkbuf_0_clk/X (sky130_fd_sc_hd__clkbuf_16)
     4    0.05                           clknet_0_clk (net)
                  0.05    0.00    0.17 ^ clkbuf_2_1__f_clk/A (sky130_fd_sc_hd__clkbuf_16)
                  0.05    0.11    0.29 ^ clkbuf_2_1__f_clk/X (sky130_fd_sc_hd__clkbuf_16)
    15    0.05                           clknet_2_1__leaf_clk (net)
                  0.05    0.00    0.29 ^ _446_/CLK (sky130_fd_sc_hd__dfrtp_1)
                          0.25    0.54   clock uncertainty
                         -0.03    0.51   clock reconvergence pessimism
                         -0.02    0.49   library hold time
                                  0.49   data required time
-----------------------------------------------------------------------------
                                  0.49   data required time
                                 -0.69   data arrival time
-----------------------------------------------------------------------------
                                  0.19   slack (MET)


Startpoint: _409_ (rising edge-triggered flip-flop clocked by clk)
Endpoint: _410_ (rising edge-triggered flip-flop clocked by clk)
Path Group: clk
Path Type: min
Corner: Fastest

Fanout     Cap    Slew   Delay    Time   Description
-----------------------------------------------------------------------------
                          0.00    0.00   clock clk (rise edge)
                          0.00    0.00   clock source latency
                  0.07    0.05    0.05 ^ clk (in)
     2    0.02                           clk (net)
                  0.07    0.00    0.05 ^ clkbuf_0_clk/A (sky130_fd_sc_hd__clkbuf_16)
                  0.05    0.11    0.15 ^ clkbuf_0_clk/X (sky130_fd_sc_hd__clkbuf_16)
     4    0.05                           clknet_0_clk (net)
                  0.05    0.00    0.16 ^ clkbuf_2_2__f_clk/A (sky130_fd_sc_hd__clkbuf_16)
                  0.04    0.09    0.25 ^ clkbuf_2_2__f_clk/X (sky130_fd_sc_hd__clkbuf_16)
    11    0.03                           clknet_2_2__leaf_clk (net)
                  0.04    0.00    0.25 ^ _409_/CLK (sky130_fd_sc_hd__dfrtp_2)
                  0.07    0.24    0.49 ^ _409_/Q (sky130_fd_sc_hd__dfrtp_2)
     6    0.02                           tx_inst.clk_count[0] (net)
                  0.07    0.00    0.49 ^ _340_/B (sky130_fd_sc_hd__nand2_1)
                  0.02    0.03    0.52 v _340_/Y (sky130_fd_sc_hd__nand2_1)
     1    0.00                           _189_ (net)
                  0.02    0.00    0.52 v _341_/C (sky130_fd_sc_hd__and3_1)
                  0.03    0.11    0.63 v _341_/X (sky130_fd_sc_hd__and3_1)
     1    0.00                           _190_ (net)
                  0.03    0.00    0.63 v _342_/A (sky130_fd_sc_hd__clkbuf_1)
                  0.02    0.05    0.68 v _342_/X (sky130_fd_sc_hd__clkbuf_1)
     1    0.00                           _049_ (net)
                  0.02    0.00    0.68 v _410_/D (sky130_fd_sc_hd__dfrtp_1)
                                  0.68   data arrival time

                          0.00    0.00   clock clk (rise edge)
                          0.00    0.00   clock source latency
                  0.07    0.05    0.05 ^ clk (in)
     2    0.02                           clk (net)
                  0.07    0.00    0.05 ^ clkbuf_0_clk/A (sky130_fd_sc_hd__clkbuf_16)
                  0.05    0.12    0.17 ^ clkbuf_0_clk/X (sky130_fd_sc_hd__clkbuf_16)
     4    0.05                           clknet_0_clk (net)
                  0.05    0.00    0.17 ^ clkbuf_2_2__f_clk/A (sky130_fd_sc_hd__clkbuf_16)
                  0.04    0.10    0.28 ^ clkbuf_2_2__f_clk/X (sky130_fd_sc_hd__clkbuf_16)
    11    0.03                           clknet_2_2__leaf_clk (net)
                  0.04    0.00    0.28 ^ _410_/CLK (sky130_fd_sc_hd__dfrtp_1)
                          0.25    0.53   clock uncertainty
                         -0.03    0.50   clock reconvergence pessimism
                         -0.03    0.48   library hold time
                                  0.48   data required time
-----------------------------------------------------------------------------
                                  0.48   data required time
                                 -0.68   data arrival time
-----------------------------------------------------------------------------
                                  0.21   slack (MET)


Startpoint: _444_ (rising edge-triggered flip-flop clocked by clk)
Endpoint: _444_ (rising edge-triggered flip-flop clocked by clk)
Path Group: clk
Path Type: min
Corner: Fastest

Fanout     Cap    Slew   Delay    Time   Description
-----------------------------------------------------------------------------
                          0.00    0.00   clock clk (rise edge)
                          0.00    0.00   clock source latency
                  0.07    0.05    0.05 ^ clk (in)
     2    0.02                           clk (net)
                  0.07    0.00    0.05 ^ clkbuf_0_clk/A (sky130_fd_sc_hd__clkbuf_16)
                  0.05    0.11    0.15 ^ clkbuf_0_clk/X (sky130_fd_sc_hd__clkbuf_16)
     4    0.05                           clknet_0_clk (net)
                  0.05    0.00    0.16 ^ clkbuf_2_1__f_clk/A (sky130_fd_sc_hd__clkbuf_16)
                  0.05    0.10    0.26 ^ clkbuf_2_1__f_clk/X (sky130_fd_sc_hd__clkbuf_16)
    15    0.05                           clknet_2_1__leaf_clk (net)
                  0.05    0.00    0.26 ^ _444_/CLK (sky130_fd_sc_hd__dfrtp_2)
                  0.09    0.26    0.52 ^ _444_/Q (sky130_fd_sc_hd__dfrtp_2)
     7    0.02                           rx_inst.clk_count[1] (net)
                  0.09    0.00    0.52 ^ _236_/A (sky130_fd_sc_hd__xor2_1)
                  0.03    0.04    0.56 v _236_/X (sky130_fd_sc_hd__xor2_1)
     1    0.00                           _115_ (net)
                  0.03    0.00    0.56 v _237_/B (sky130_fd_sc_hd__and2_1)
                  0.02    0.09    0.65 v _237_/X (sky130_fd_sc_hd__and2_1)
     1    0.00                           _116_ (net)
                  0.02    0.00    0.65 v _238_/A (sky130_fd_sc_hd__clkbuf_1)
                  0.02    0.05    0.70 v _238_/X (sky130_fd_sc_hd__clkbuf_1)
     1    0.00                           _083_ (net)
                  0.02    0.00    0.70 v _444_/D (sky130_fd_sc_hd__dfrtp_2)
                                  0.70   data arrival time

                          0.00    0.00   clock clk (rise edge)
                          0.00    0.00   clock source latency
                  0.07    0.05    0.05 ^ clk (in)
     2    0.02                           clk (net)
                  0.07    0.00    0.05 ^ clkbuf_0_clk/A (sky130_fd_sc_hd__clkbuf_16)
                  0.05    0.12    0.17 ^ clkbuf_0_clk/X (sky130_fd_sc_hd__clkbuf_16)
     4    0.05                           clknet_0_clk (net)
                  0.05    0.00    0.17 ^ clkbuf_2_1__f_clk/A (sky130_fd_sc_hd__clkbuf_16)
                  0.05    0.11    0.29 ^ clkbuf_2_1__f_clk/X (sky130_fd_sc_hd__clkbuf_16)
    15    0.05                           clknet_2_1__leaf_clk (net)
                  0.05    0.00    0.29 ^ _444_/CLK (sky130_fd_sc_hd__dfrtp_2)
                          0.25    0.54   clock uncertainty
                         -0.03    0.51   clock reconvergence pessimism
                         -0.02    0.49   library hold time
                                  0.49   data required time
-----------------------------------------------------------------------------
                                  0.49   data required time
                                 -0.70   data arrival time
-----------------------------------------------------------------------------
                                  0.21   slack (MET)


Startpoint: _442_ (rising edge-triggered flip-flop clocked by clk)
Endpoint: _439_ (rising edge-triggered flip-flop clocked by clk)
Path Group: clk
Path Type: min
Corner: Fastest

Fanout     Cap    Slew   Delay    Time   Description
-----------------------------------------------------------------------------
                          0.00    0.00   clock clk (rise edge)
                          0.00    0.00   clock source latency
                  0.07    0.05    0.05 ^ clk (in)
     2    0.02                           clk (net)
                  0.07    0.00    0.05 ^ clkbuf_0_clk/A (sky130_fd_sc_hd__clkbuf_16)
                  0.05    0.11    0.15 ^ clkbuf_0_clk/X (sky130_fd_sc_hd__clkbuf_16)
     4    0.05                           clknet_0_clk (net)
                  0.05    0.00    0.16 ^ clkbuf_2_0__f_clk/A (sky130_fd_sc_hd__clkbuf_16)
                  0.04    0.10    0.25 ^ clkbuf_2_0__f_clk/X (sky130_fd_sc_hd__clkbuf_16)
    11    0.04                           clknet_2_0__leaf_clk (net)
                  0.04    0.00    0.26 ^ _442_/CLK (sky130_fd_sc_hd__dfrtp_2)
                  0.05    0.26    0.52 v _442_/Q (sky130_fd_sc_hd__dfrtp_2)
     6    0.02                           rx_inst.bit_index[2] (net)
                  0.05    0.00    0.52 v _259_/A (sky130_fd_sc_hd__nand2_1)
                  0.05    0.06    0.58 ^ _259_/Y (sky130_fd_sc_hd__nand2_1)
     2    0.01                           _133_ (net)
                  0.05    0.00    0.58 ^ _260_/A1 (sky130_fd_sc_hd__o21a_1)
                  0.04    0.08    0.65 ^ _260_/X (sky130_fd_sc_hd__o21a_1)
     1    0.00                           _134_ (net)
                  0.04    0.00    0.65 ^ _261_/B1 (sky130_fd_sc_hd__a31o_1)
                  0.03    0.05    0.70 ^ _261_/X (sky130_fd_sc_hd__a31o_1)
     1    0.00                           _078_ (net)
                  0.03    0.00    0.71 ^ _439_/D (sky130_fd_sc_hd__dfrtp_1)
                                  0.71   data arrival time

                          0.00    0.00   clock clk (rise edge)
                          0.00    0.00   clock source latency
                  0.07    0.05    0.05 ^ clk (in)
     2    0.02                           clk (net)
                  0.07    0.00    0.05 ^ clkbuf_0_clk/A (sky130_fd_sc_hd__clkbuf_16)
                  0.05    0.12    0.17 ^ clkbuf_0_clk/X (sky130_fd_sc_hd__clkbuf_16)
     4    0.05                           clknet_0_clk (net)
                  0.05    0.00    0.17 ^ clkbuf_2_0__f_clk/A (sky130_fd_sc_hd__clkbuf_16)
                  0.04    0.11    0.28 ^ clkbuf_2_0__f_clk/X (sky130_fd_sc_hd__clkbuf_16)
    11    0.04                           clknet_2_0__leaf_clk (net)
                  0.04    0.00    0.28 ^ _439_/CLK (sky130_fd_sc_hd__dfrtp_1)
                          0.25    0.53   clock uncertainty
                         -0.03    0.51   clock reconvergence pessimism
                         -0.02    0.49   library hold time
                                  0.49   data required time
-----------------------------------------------------------------------------
                                  0.49   data required time
                                 -0.71   data arrival time
-----------------------------------------------------------------------------
                                  0.22   slack (MET)


Startpoint: _420_ (rising edge-triggered flip-flop clocked by clk)
Endpoint: _417_ (rising edge-triggered flip-flop clocked by clk)
Path Group: clk
Path Type: min
Corner: Fastest

Fanout     Cap    Slew   Delay    Time   Description
-----------------------------------------------------------------------------
                          0.00    0.00   clock clk (rise edge)
                          0.00    0.00   clock source latency
                  0.07    0.05    0.05 ^ clk (in)
     2    0.02                           clk (net)
                  0.07    0.00    0.05 ^ clkbuf_0_clk/A (sky130_fd_sc_hd__clkbuf_16)
                  0.05    0.11    0.15 ^ clkbuf_0_clk/X (sky130_fd_sc_hd__clkbuf_16)
     4    0.05                           clknet_0_clk (net)
                  0.05    0.00    0.16 ^ clkbuf_2_2__f_clk/A (sky130_fd_sc_hd__clkbuf_16)
                  0.04    0.09    0.25 ^ clkbuf_2_2__f_clk/X (sky130_fd_sc_hd__clkbuf_16)
    11    0.03                           clknet_2_2__leaf_clk (net)
                  0.04    0.00    0.25 ^ _420_/CLK (sky130_fd_sc_hd__dfstp_1)
                  0.07    0.32    0.57 ^ _420_/Q (sky130_fd_sc_hd__dfstp_1)
     3    0.01                           rx_inst.rx (net)
                  0.07    0.00    0.57 ^ _327_/A1 (sky130_fd_sc_hd__a311o_1)
                  0.05    0.10    0.68 ^ _327_/X (sky130_fd_sc_hd__a311o_1)
     1    0.01                           _179_ (net)
                  0.05    0.00    0.68 ^ _328_/B (sky130_fd_sc_hd__xnor2_1)
                  0.03    0.04    0.71 v _328_/Y (sky130_fd_sc_hd__xnor2_1)
     1    0.00                           _056_ (net)
                  0.03    0.00    0.71 v _417_/D (sky130_fd_sc_hd__dfrtp_4)
                                  0.71   data arrival time

                          0.00    0.00   clock clk (rise edge)
                          0.00    0.00   clock source latency
                  0.07    0.05    0.05 ^ clk (in)
     2    0.02                           clk (net)
                  0.07    0.00    0.05 ^ clkbuf_0_clk/A (sky130_fd_sc_hd__clkbuf_16)
                  0.05    0.12    0.17 ^ clkbuf_0_clk/X (sky130_fd_sc_hd__clkbuf_16)
     4    0.05                           clknet_0_clk (net)
                  0.05    0.00    0.17 ^ clkbuf_2_2__f_clk/A (sky130_fd_sc_hd__clkbuf_16)
                  0.04    0.10    0.28 ^ clkbuf_2_2__f_clk/X (sky130_fd_sc_hd__clkbuf_16)
    11    0.03                           clknet_2_2__leaf_clk (net)
                  0.04    0.00    0.28 ^ _417_/CLK (sky130_fd_sc_hd__dfrtp_4)
                          0.25    0.53   clock uncertainty
                         -0.03    0.50   clock reconvergence pessimism
                         -0.03    0.48   library hold time
                                  0.48   data required time
-----------------------------------------------------------------------------
                                  0.48   data required time
                                 -0.71   data arrival time
-----------------------------------------------------------------------------
                                  0.24   slack (MET)


Startpoint: _431_ (rising edge-triggered flip-flop clocked by clk)
Endpoint: _420_ (rising edge-triggered flip-flop clocked by clk)
Path Group: clk
Path Type: min
Corner: Fastest

Fanout     Cap    Slew   Delay    Time   Description
-----------------------------------------------------------------------------
                          0.00    0.00   clock clk (rise edge)
                          0.00    0.00   clock source latency
                  0.07    0.05    0.05 ^ clk (in)
     2    0.02                           clk (net)
                  0.07    0.00    0.05 ^ clkbuf_0_clk/A (sky130_fd_sc_hd__clkbuf_16)
                  0.05    0.11    0.15 ^ clkbuf_0_clk/X (sky130_fd_sc_hd__clkbuf_16)
     4    0.05                           clknet_0_clk (net)
                  0.05    0.00    0.16 ^ clkbuf_2_2__f_clk/A (sky130_fd_sc_hd__clkbuf_16)
                  0.04    0.09    0.25 ^ clkbuf_2_2__f_clk/X (sky130_fd_sc_hd__clkbuf_16)
    11    0.03                           clknet_2_2__leaf_clk (net)
                  0.04    0.00    0.25 ^ _431_/CLK (sky130_fd_sc_hd__dfrtp_4)
                  0.07    0.27    0.52 ^ _431_/Q (sky130_fd_sc_hd__dfrtp_4)
     7    0.02                           tx_inst.state[1] (net)
                  0.07    0.00    0.52 ^ _318_/C (sky130_fd_sc_hd__and3b_1)
                  0.03    0.09    0.61 ^ _318_/X (sky130_fd_sc_hd__and3b_1)
     1    0.00                           _173_ (net)
                  0.03    0.00    0.61 ^ _319_/C (sky130_fd_sc_hd__or3_1)
                  0.03    0.06    0.67 ^ _319_/X (sky130_fd_sc_hd__or3_1)
     1    0.00                           _174_ (net)
                  0.03    0.00    0.67 ^ _320_/A (sky130_fd_sc_hd__clkbuf_1)
                  0.03    0.05    0.72 ^ _320_/X (sky130_fd_sc_hd__clkbuf_1)
     1    0.00                           _059_ (net)
                  0.03    0.00    0.72 ^ _420_/D (sky130_fd_sc_hd__dfstp_1)
                                  0.72   data arrival time

                          0.00    0.00   clock clk (rise edge)
                          0.00    0.00   clock source latency
                  0.07    0.05    0.05 ^ clk (in)
     2    0.02                           clk (net)
                  0.07    0.00    0.05 ^ clkbuf_0_clk/A (sky130_fd_sc_hd__clkbuf_16)
                  0.05    0.12    0.17 ^ clkbuf_0_clk/X (sky130_fd_sc_hd__clkbuf_16)
     4    0.05                           clknet_0_clk (net)
                  0.05    0.00    0.17 ^ clkbuf_2_2__f_clk/A (sky130_fd_sc_hd__clkbuf_16)
                  0.04    0.10    0.28 ^ clkbuf_2_2__f_clk/X (sky130_fd_sc_hd__clkbuf_16)
    11    0.03                           clknet_2_2__leaf_clk (net)
                  0.04    0.00    0.28 ^ _420_/CLK (sky130_fd_sc_hd__dfstp_1)
                          0.25    0.53   clock uncertainty
                         -0.03    0.50   clock reconvergence pessimism
                         -0.02    0.48   library hold time
                                  0.48   data required time
-----------------------------------------------------------------------------
                                  0.48   data required time
                                 -0.72   data arrival time
-----------------------------------------------------------------------------
                                  0.24   slack (MET)


Startpoint: _441_ (rising edge-triggered flip-flop clocked by clk)
Endpoint: _434_ (rising edge-triggered flip-flop clocked by clk)
Path Group: clk
Path Type: min
Corner: Fastest

Fanout     Cap    Slew   Delay    Time   Description
-----------------------------------------------------------------------------
                          0.00    0.00   clock clk (rise edge)
                          0.00    0.00   clock source latency
                  0.07    0.05    0.05 ^ clk (in)
     2    0.02                           clk (net)
                  0.07    0.00    0.05 ^ clkbuf_0_clk/A (sky130_fd_sc_hd__clkbuf_16)
                  0.05    0.11    0.15 ^ clkbuf_0_clk/X (sky130_fd_sc_hd__clkbuf_16)
     4    0.05                           clknet_0_clk (net)
                  0.05    0.00    0.16 ^ clkbuf_2_0__f_clk/A (sky130_fd_sc_hd__clkbuf_16)
                  0.04    0.10    0.25 ^ clkbuf_2_0__f_clk/X (sky130_fd_sc_hd__clkbuf_16)
    11    0.04                           clknet_2_0__leaf_clk (net)
                  0.04    0.00    0.26 ^ _441_/CLK (sky130_fd_sc_hd__dfrtp_2)
                  0.10    0.26    0.51 ^ _441_/Q (sky130_fd_sc_hd__dfrtp_2)
     9    0.03                           rx_inst.bit_index[1] (net)
                  0.10    0.00    0.52 ^ _275_/C (sky130_fd_sc_hd__and3b_1)
                  0.05    0.10    0.62 ^ _275_/X (sky130_fd_sc_hd__and3b_1)
     1    0.00                           _144_ (net)
                  0.05    0.00    0.62 ^ _276_/S (sky130_fd_sc_hd__mux2_1)
                  0.03    0.08    0.70 ^ _276_/X (sky130_fd_sc_hd__mux2_1)
     1    0.00                           _145_ (net)
                  0.03    0.00    0.70 ^ _277_/A (sky130_fd_sc_hd__clkbuf_1)
                  0.03    0.05    0.75 ^ _277_/X (sky130_fd_sc_hd__clkbuf_1)
     1    0.00                           _073_ (net)
                  0.03    0.00    0.75 ^ _434_/D (sky130_fd_sc_hd__dfrtp_1)
                                  0.75   data arrival time

                          0.00    0.00   clock clk (rise edge)
                          0.00    0.00   clock source latency
                  0.07    0.05    0.05 ^ clk (in)
     2    0.02                           clk (net)
                  0.07    0.00    0.05 ^ clkbuf_0_clk/A (sky130_fd_sc_hd__clkbuf_16)
                  0.05    0.12    0.17 ^ clkbuf_0_clk/X (sky130_fd_sc_hd__clkbuf_16)
     4    0.05                           clknet_0_clk (net)
                  0.05    0.00    0.17 ^ clkbuf_2_0__f_clk/A (sky130_fd_sc_hd__clkbuf_16)
                  0.04    0.11    0.28 ^ clkbuf_2_0__f_clk/X (sky130_fd_sc_hd__clkbuf_16)
    11    0.04                           clknet_2_0__leaf_clk (net)
                  0.04    0.00    0.28 ^ _434_/CLK (sky130_fd_sc_hd__dfrtp_1)
                          0.25    0.53   clock uncertainty
                         -0.03    0.51   clock reconvergence pessimism
                         -0.02    0.49   library hold time
                                  0.49   data required time
-----------------------------------------------------------------------------
                                  0.49   data required time
                                 -0.75   data arrival time
-----------------------------------------------------------------------------
                                  0.26   slack (MET)


Startpoint: _420_ (rising edge-triggered flip-flop clocked by clk)
Endpoint: _435_ (rising edge-triggered flip-flop clocked by clk)
Path Group: clk
Path Type: min
Corner: Fastest

Fanout     Cap    Slew   Delay    Time   Description
-----------------------------------------------------------------------------
                          0.00    0.00   clock clk (rise edge)
                          0.00    0.00   clock source latency
                  0.07    0.05    0.05 ^ clk (in)
     2    0.02                           clk (net)
                  0.07    0.00    0.05 ^ clkbuf_0_clk/A (sky130_fd_sc_hd__clkbuf_16)
                  0.05    0.11    0.15 ^ clkbuf_0_clk/X (sky130_fd_sc_hd__clkbuf_16)
     4    0.05                           clknet_0_clk (net)
                  0.05    0.00    0.16 ^ clkbuf_2_2__f_clk/A (sky130_fd_sc_hd__clkbuf_16)
                  0.04    0.09    0.25 ^ clkbuf_2_2__f_clk/X (sky130_fd_sc_hd__clkbuf_16)
    11    0.03                           clknet_2_2__leaf_clk (net)
                  0.04    0.00    0.25 ^ _420_/CLK (sky130_fd_sc_hd__dfstp_1)
                  0.04    0.23    0.48 v _420_/Q (sky130_fd_sc_hd__dfstp_1)
     3    0.01                           rx_inst.rx (net)
                  0.04    0.00    0.48 v _228_/A (sky130_fd_sc_hd__buf_2)
                  0.06    0.11    0.59 v _228_/X (sky130_fd_sc_hd__buf_2)
    10    0.04                           _108_ (net)
                  0.07    0.00    0.60 v _273_/A0 (sky130_fd_sc_hd__mux2_1)
                  0.04    0.15    0.75 v _273_/X (sky130_fd_sc_hd__mux2_1)
     1    0.00                           _143_ (net)
                  0.04    0.00    0.75 v _274_/A (sky130_fd_sc_hd__clkbuf_1)
                  0.02    0.06    0.81 v _274_/X (sky130_fd_sc_hd__clkbuf_1)
     1    0.00                           _074_ (net)
                  0.02    0.00    0.81 v _435_/D (sky130_fd_sc_hd__dfrtp_1)
                                  0.81   data arrival time

                          0.00    0.00   clock clk (rise edge)
                          0.00    0.00   clock source latency
                  0.07    0.05    0.05 ^ clk (in)
     2    0.02                           clk (net)
                  0.07    0.00    0.05 ^ clkbuf_0_clk/A (sky130_fd_sc_hd__clkbuf_16)
                  0.05    0.12    0.17 ^ clkbuf_0_clk/X (sky130_fd_sc_hd__clkbuf_16)
     4    0.05                           clknet_0_clk (net)
                  0.05    0.00    0.17 ^ clkbuf_2_0__f_clk/A (sky130_fd_sc_hd__clkbuf_16)
                  0.04    0.11    0.28 ^ clkbuf_2_0__f_clk/X (sky130_fd_sc_hd__clkbuf_16)
    11    0.04                           clknet_2_0__leaf_clk (net)
                  0.04    0.00    0.28 ^ _435_/CLK (sky130_fd_sc_hd__dfrtp_1)
                          0.25    0.53   clock uncertainty
                         -0.02    0.52   clock reconvergence pessimism
                         -0.03    0.49   library hold time
                                  0.49   data required time
-----------------------------------------------------------------------------
                                  0.49   data required time
                                 -0.81   data arrival time
-----------------------------------------------------------------------------
                                  0.32   slack (MET)


Startpoint: _430_ (rising edge-triggered flip-flop clocked by clk)
Endpoint: _423_ (rising edge-triggered flip-flop clocked by clk)
Path Group: clk
Path Type: min
Corner: Fastest

Fanout     Cap    Slew   Delay    Time   Description
-----------------------------------------------------------------------------
                          0.00    0.00   clock clk (rise edge)
                          0.00    0.00   clock source latency
                  0.07    0.05    0.05 ^ clk (in)
     2    0.02                           clk (net)
                  0.07    0.00    0.05 ^ clkbuf_0_clk/A (sky130_fd_sc_hd__clkbuf_16)
                  0.05    0.11    0.15 ^ clkbuf_0_clk/X (sky130_fd_sc_hd__clkbuf_16)
     4    0.05                           clknet_0_clk (net)
                  0.05    0.00    0.16 ^ clkbuf_2_2__f_clk/A (sky130_fd_sc_hd__clkbuf_16)
                  0.04    0.09    0.25 ^ clkbuf_2_2__f_clk/X (sky130_fd_sc_hd__clkbuf_16)
    11    0.03                           clknet_2_2__leaf_clk (net)
                  0.04    0.00    0.25 ^ _430_/CLK (sky130_fd_sc_hd__dfrtp_4)
                  0.07    0.27    0.52 ^ _430_/Q (sky130_fd_sc_hd__dfrtp_4)
     7    0.02                           tx_inst.state[0] (net)
                  0.07    0.00    0.52 ^ _288_/B (sky130_fd_sc_hd__nor2_2)
                  0.06    0.06    0.58 v _288_/Y (sky130_fd_sc_hd__nor2_2)
     7    0.03                           _154_ (net)
                  0.06    0.00    0.58 v _296_/B (sky130_fd_sc_hd__nand2_4)
                  0.11    0.11    0.69 ^ _296_/Y (sky130_fd_sc_hd__nand2_4)
     8    0.05                           _160_ (net)
                  0.11    0.00    0.69 ^ _309_/S (sky130_fd_sc_hd__mux2_1)
                  0.03    0.09    0.78 ^ _309_/X (sky130_fd_sc_hd__mux2_1)
     1    0.00                           _167_ (net)
                  0.03    0.00    0.78 ^ _310_/A (sky130_fd_sc_hd__clkbuf_1)
                  0.03    0.05    0.82 ^ _310_/X (sky130_fd_sc_hd__clkbuf_1)
     1    0.00                           _062_ (net)
                  0.03    0.00    0.82 ^ _423_/D (sky130_fd_sc_hd__dfrtp_1)
                                  0.82   data arrival time

                          0.00    0.00   clock clk (rise edge)
                          0.00    0.00   clock source latency
                  0.07    0.05    0.05 ^ clk (in)
     2    0.02                           clk (net)
                  0.07    0.00    0.05 ^ clkbuf_0_clk/A (sky130_fd_sc_hd__clkbuf_16)
                  0.05    0.12    0.17 ^ clkbuf_0_clk/X (sky130_fd_sc_hd__clkbuf_16)
     4    0.05                           clknet_0_clk (net)
                  0.05    0.00    0.17 ^ clkbuf_2_1__f_clk/A (sky130_fd_sc_hd__clkbuf_16)
                  0.05    0.11    0.29 ^ clkbuf_2_1__f_clk/X (sky130_fd_sc_hd__clkbuf_16)
    15    0.05                           clknet_2_1__leaf_clk (net)
                  0.05    0.00    0.29 ^ _423_/CLK (sky130_fd_sc_hd__dfrtp_1)
                          0.25    0.54   clock uncertainty
                         -0.02    0.52   clock reconvergence pessimism
                         -0.02    0.50   library hold time
                                  0.50   data required time
-----------------------------------------------------------------------------
                                  0.50   data required time
                                 -0.82   data arrival time
-----------------------------------------------------------------------------
                                  0.32   slack (MET)


Startpoint: _430_ (rising edge-triggered flip-flop clocked by clk)
Endpoint: _422_ (rising edge-triggered flip-flop clocked by clk)
Path Group: clk
Path Type: min
Corner: Fastest

Fanout     Cap    Slew   Delay    Time   Description
-----------------------------------------------------------------------------
                          0.00    0.00   clock clk (rise edge)
                          0.00    0.00   clock source latency
                  0.07    0.05    0.05 ^ clk (in)
     2    0.02                           clk (net)
                  0.07    0.00    0.05 ^ clkbuf_0_clk/A (sky130_fd_sc_hd__clkbuf_16)
                  0.05    0.11    0.15 ^ clkbuf_0_clk/X (sky130_fd_sc_hd__clkbuf_16)
     4    0.05                           clknet_0_clk (net)
                  0.05    0.00    0.16 ^ clkbuf_2_2__f_clk/A (sky130_fd_sc_hd__clkbuf_16)
                  0.04    0.09    0.25 ^ clkbuf_2_2__f_clk/X (sky130_fd_sc_hd__clkbuf_16)
    11    0.03                           clknet_2_2__leaf_clk (net)
                  0.04    0.00    0.25 ^ _430_/CLK (sky130_fd_sc_hd__dfrtp_4)
                  0.07    0.27    0.52 ^ _430_/Q (sky130_fd_sc_hd__dfrtp_4)
     7    0.02                           tx_inst.state[0] (net)
                  0.07    0.00    0.52 ^ _288_/B (sky130_fd_sc_hd__nor2_2)
                  0.06    0.06    0.58 v _288_/Y (sky130_fd_sc_hd__nor2_2)
     7    0.03                           _154_ (net)
                  0.06    0.00    0.58 v _296_/B (sky130_fd_sc_hd__nand2_4)
                  0.11    0.11    0.69 ^ _296_/Y (sky130_fd_sc_hd__nand2_4)
     8    0.05                           _160_ (net)
                  0.11    0.00    0.69 ^ _311_/S (sky130_fd_sc_hd__mux2_1)
                  0.03    0.09    0.78 ^ _311_/X (sky130_fd_sc_hd__mux2_1)
     1    0.00                           _168_ (net)
                  0.03    0.00    0.78 ^ _312_/A (sky130_fd_sc_hd__clkbuf_1)
                  0.03    0.05    0.83 ^ _312_/X (sky130_fd_sc_hd__clkbuf_1)
     1    0.00                           _061_ (net)
                  0.03    0.00    0.83 ^ _422_/D (sky130_fd_sc_hd__dfrtp_1)
                                  0.83   data arrival time

                          0.00    0.00   clock clk (rise edge)
                          0.00    0.00   clock source latency
                  0.07    0.05    0.05 ^ clk (in)
     2    0.02                           clk (net)
                  0.07    0.00    0.05 ^ clkbuf_0_clk/A (sky130_fd_sc_hd__clkbuf_16)
                  0.05    0.12    0.17 ^ clkbuf_0_clk/X (sky130_fd_sc_hd__clkbuf_16)
     4    0.05                           clknet_0_clk (net)
                  0.05    0.00    0.17 ^ clkbuf_2_1__f_clk/A (sky130_fd_sc_hd__clkbuf_16)
                  0.05    0.11    0.29 ^ clkbuf_2_1__f_clk/X (sky130_fd_sc_hd__clkbuf_16)
    15    0.05                           clknet_2_1__leaf_clk (net)
                  0.05    0.00    0.29 ^ _422_/CLK (sky130_fd_sc_hd__dfrtp_1)
                          0.25    0.54   clock uncertainty
                         -0.02    0.52   clock reconvergence pessimism
                         -0.02    0.50   library hold time
                                  0.50   data required time
-----------------------------------------------------------------------------
                                  0.50   data required time
                                 -0.83   data arrival time
-----------------------------------------------------------------------------
                                  0.32   slack (MET)


Startpoint: _430_ (rising edge-triggered flip-flop clocked by clk)
Endpoint: _428_ (rising edge-triggered flip-flop clocked by clk)
Path Group: clk
Path Type: min
Corner: Fastest

Fanout     Cap    Slew   Delay    Time   Description
-----------------------------------------------------------------------------
                          0.00    0.00   clock clk (rise edge)
                          0.00    0.00   clock source latency
                  0.07    0.05    0.05 ^ clk (in)
     2    0.02                           clk (net)
                  0.07    0.00    0.05 ^ clkbuf_0_clk/A (sky130_fd_sc_hd__clkbuf_16)
                  0.05    0.11    0.15 ^ clkbuf_0_clk/X (sky130_fd_sc_hd__clkbuf_16)
     4    0.05                           clknet_0_clk (net)
                  0.05    0.00    0.16 ^ clkbuf_2_2__f_clk/A (sky130_fd_sc_hd__clkbuf_16)
                  0.04    0.09    0.25 ^ clkbuf_2_2__f_clk/X (sky130_fd_sc_hd__clkbuf_16)
    11    0.03                           clknet_2_2__leaf_clk (net)
                  0.04    0.00    0.25 ^ _430_/CLK (sky130_fd_sc_hd__dfrtp_4)
                  0.07    0.27    0.52 ^ _430_/Q (sky130_fd_sc_hd__dfrtp_4)
     7    0.02                           tx_inst.state[0] (net)
                  0.07    0.00    0.52 ^ _288_/B (sky130_fd_sc_hd__nor2_2)
                  0.06    0.06    0.58 v _288_/Y (sky130_fd_sc_hd__nor2_2)
     7    0.03                           _154_ (net)
                  0.06    0.00    0.58 v _296_/B (sky130_fd_sc_hd__nand2_4)
                  0.11    0.11    0.69 ^ _296_/Y (sky130_fd_sc_hd__nand2_4)
     8    0.05                           _160_ (net)
                  0.11    0.00    0.69 ^ _299_/S (sky130_fd_sc_hd__mux2_1)
                  0.03    0.09    0.78 ^ _299_/X (sky130_fd_sc_hd__mux2_1)
     1    0.00                           _162_ (net)
                  0.03    0.00    0.78 ^ _300_/A (sky130_fd_sc_hd__clkbuf_1)
                  0.03    0.05    0.83 ^ _300_/X (sky130_fd_sc_hd__clkbuf_1)
     1    0.00                           _067_ (net)
                  0.03    0.00    0.83 ^ _428_/D (sky130_fd_sc_hd__dfrtp_1)
                                  0.83   data arrival time

                          0.00    0.00   clock clk (rise edge)
                          0.00    0.00   clock source latency
                  0.07    0.05    0.05 ^ clk (in)
     2    0.02                           clk (net)
                  0.07    0.00    0.05 ^ clkbuf_0_clk/A (sky130_fd_sc_hd__clkbuf_16)
                  0.05    0.12    0.17 ^ clkbuf_0_clk/X (sky130_fd_sc_hd__clkbuf_16)
     4    0.05                           clknet_0_clk (net)
                  0.05    0.00    0.17 ^ clkbuf_2_1__f_clk/A (sky130_fd_sc_hd__clkbuf_16)
                  0.05    0.11    0.29 ^ clkbuf_2_1__f_clk/X (sky130_fd_sc_hd__clkbuf_16)
    15    0.05                           clknet_2_1__leaf_clk (net)
                  0.05    0.00    0.29 ^ _428_/CLK (sky130_fd_sc_hd__dfrtp_1)
                          0.25    0.54   clock uncertainty
                         -0.02    0.52   clock reconvergence pessimism
                         -0.02    0.50   library hold time
                                  0.50   data required time
-----------------------------------------------------------------------------
                                  0.50   data required time
                                 -0.83   data arrival time
-----------------------------------------------------------------------------
                                  0.32   slack (MET)


Startpoint: _430_ (rising edge-triggered flip-flop clocked by clk)
Endpoint: _429_ (rising edge-triggered flip-flop clocked by clk)
Path Group: clk
Path Type: min
Corner: Fastest

Fanout     Cap    Slew   Delay    Time   Description
-----------------------------------------------------------------------------
                          0.00    0.00   clock clk (rise edge)
                          0.00    0.00   clock source latency
                  0.07    0.05    0.05 ^ clk (in)
     2    0.02                           clk (net)
                  0.07    0.00    0.05 ^ clkbuf_0_clk/A (sky130_fd_sc_hd__clkbuf_16)
                  0.05    0.11    0.15 ^ clkbuf_0_clk/X (sky130_fd_sc_hd__clkbuf_16)
     4    0.05                           clknet_0_clk (net)
                  0.05    0.00    0.16 ^ clkbuf_2_2__f_clk/A (sky130_fd_sc_hd__clkbuf_16)
                  0.04    0.09    0.25 ^ clkbuf_2_2__f_clk/X (sky130_fd_sc_hd__clkbuf_16)
    11    0.03                           clknet_2_2__leaf_clk (net)
                  0.04    0.00    0.25 ^ _430_/CLK (sky130_fd_sc_hd__dfrtp_4)
                  0.07    0.27    0.52 ^ _430_/Q (sky130_fd_sc_hd__dfrtp_4)
     7    0.02                           tx_inst.state[0] (net)
                  0.07    0.00    0.52 ^ _288_/B (sky130_fd_sc_hd__nor2_2)
                  0.06    0.06    0.58 v _288_/Y (sky130_fd_sc_hd__nor2_2)
     7    0.03                           _154_ (net)
                  0.06    0.00    0.58 v _296_/B (sky130_fd_sc_hd__nand2_4)
                  0.11    0.11    0.69 ^ _296_/Y (sky130_fd_sc_hd__nand2_4)
     8    0.05                           _160_ (net)
                  0.11    0.00    0.69 ^ _297_/S (sky130_fd_sc_hd__mux2_1)
                  0.03    0.09    0.78 ^ _297_/X (sky130_fd_sc_hd__mux2_1)
     1    0.00                           _161_ (net)
                  0.03    0.00    0.78 ^ _298_/A (sky130_fd_sc_hd__clkbuf_1)
                  0.03    0.05    0.83 ^ _298_/X (sky130_fd_sc_hd__clkbuf_1)
     1    0.00                           _068_ (net)
                  0.03    0.00    0.83 ^ _429_/D (sky130_fd_sc_hd__dfrtp_1)
                                  0.83   data arrival time

                          0.00    0.00   clock clk (rise edge)
                          0.00    0.00   clock source latency
                  0.07    0.05    0.05 ^ clk (in)
     2    0.02                           clk (net)
                  0.07    0.00    0.05 ^ clkbuf_0_clk/A (sky130_fd_sc_hd__clkbuf_16)
                  0.05    0.12    0.17 ^ clkbuf_0_clk/X (sky130_fd_sc_hd__clkbuf_16)
     4    0.05                           clknet_0_clk (net)
                  0.05    0.00    0.17 ^ clkbuf_2_1__f_clk/A (sky130_fd_sc_hd__clkbuf_16)
                  0.05    0.11    0.29 ^ clkbuf_2_1__f_clk/X (sky130_fd_sc_hd__clkbuf_16)
    15    0.05                           clknet_2_1__leaf_clk (net)
                  0.05    0.00    0.29 ^ _429_/CLK (sky130_fd_sc_hd__dfrtp_1)
                          0.25    0.54   clock uncertainty
                         -0.02    0.52   clock reconvergence pessimism
                         -0.02    0.50   library hold time
                                  0.50   data required time
-----------------------------------------------------------------------------
                                  0.50   data required time
                                 -0.83   data arrival time
-----------------------------------------------------------------------------
                                  0.32   slack (MET)


Startpoint: _430_ (rising edge-triggered flip-flop clocked by clk)
Endpoint: _425_ (rising edge-triggered flip-flop clocked by clk)
Path Group: clk
Path Type: min
Corner: Fastest

Fanout     Cap    Slew   Delay    Time   Description
-----------------------------------------------------------------------------
                          0.00    0.00   clock clk (rise edge)
                          0.00    0.00   clock source latency
                  0.07    0.05    0.05 ^ clk (in)
     2    0.02                           clk (net)
                  0.07    0.00    0.05 ^ clkbuf_0_clk/A (sky130_fd_sc_hd__clkbuf_16)
                  0.05    0.11    0.15 ^ clkbuf_0_clk/X (sky130_fd_sc_hd__clkbuf_16)
     4    0.05                           clknet_0_clk (net)
                  0.05    0.00    0.16 ^ clkbuf_2_2__f_clk/A (sky130_fd_sc_hd__clkbuf_16)
                  0.04    0.09    0.25 ^ clkbuf_2_2__f_clk/X (sky130_fd_sc_hd__clkbuf_16)
    11    0.03                           clknet_2_2__leaf_clk (net)
                  0.04    0.00    0.25 ^ _430_/CLK (sky130_fd_sc_hd__dfrtp_4)
                  0.07    0.27    0.52 ^ _430_/Q (sky130_fd_sc_hd__dfrtp_4)
     7    0.02                           tx_inst.state[0] (net)
                  0.07    0.00    0.52 ^ _288_/B (sky130_fd_sc_hd__nor2_2)
                  0.06    0.06    0.58 v _288_/Y (sky130_fd_sc_hd__nor2_2)
     7    0.03                           _154_ (net)
                  0.06    0.00    0.58 v _296_/B (sky130_fd_sc_hd__nand2_4)
                  0.11    0.11    0.69 ^ _296_/Y (sky130_fd_sc_hd__nand2_4)
     8    0.05                           _160_ (net)
                  0.11    0.00    0.69 ^ _305_/S (sky130_fd_sc_hd__mux2_1)
                  0.03    0.09    0.78 ^ _305_/X (sky130_fd_sc_hd__mux2_1)
     1    0.00                           _165_ (net)
                  0.03    0.00    0.78 ^ _306_/A (sky130_fd_sc_hd__clkbuf_1)
                  0.03    0.05    0.83 ^ _306_/X (sky130_fd_sc_hd__clkbuf_1)
     1    0.00                           _064_ (net)
                  0.03    0.00    0.83 ^ _425_/D (sky130_fd_sc_hd__dfrtp_1)
                                  0.83   data arrival time

                          0.00    0.00   clock clk (rise edge)
                          0.00    0.00   clock source latency
                  0.07    0.05    0.05 ^ clk (in)
     2    0.02                           clk (net)
                  0.07    0.00    0.05 ^ clkbuf_0_clk/A (sky130_fd_sc_hd__clkbuf_16)
                  0.05    0.12    0.17 ^ clkbuf_0_clk/X (sky130_fd_sc_hd__clkbuf_16)
     4    0.05                           clknet_0_clk (net)
                  0.05    0.00    0.17 ^ clkbuf_2_1__f_clk/A (sky130_fd_sc_hd__clkbuf_16)
                  0.05    0.11    0.29 ^ clkbuf_2_1__f_clk/X (sky130_fd_sc_hd__clkbuf_16)
    15    0.05                           clknet_2_1__leaf_clk (net)
                  0.05    0.00    0.29 ^ _425_/CLK (sky130_fd_sc_hd__dfrtp_1)
                          0.25    0.54   clock uncertainty
                         -0.02    0.52   clock reconvergence pessimism
                         -0.02    0.50   library hold time
                                  0.50   data required time
-----------------------------------------------------------------------------
                                  0.50   data required time
                                 -0.83   data arrival time
-----------------------------------------------------------------------------
                                  0.33   slack (MET)


Startpoint: _430_ (rising edge-triggered flip-flop clocked by clk)
Endpoint: _424_ (rising edge-triggered flip-flop clocked by clk)
Path Group: clk
Path Type: min
Corner: Fastest

Fanout     Cap    Slew   Delay    Time   Description
-----------------------------------------------------------------------------
                          0.00    0.00   clock clk (rise edge)
                          0.00    0.00   clock source latency
                  0.07    0.05    0.05 ^ clk (in)
     2    0.02                           clk (net)
                  0.07    0.00    0.05 ^ clkbuf_0_clk/A (sky130_fd_sc_hd__clkbuf_16)
                  0.05    0.11    0.15 ^ clkbuf_0_clk/X (sky130_fd_sc_hd__clkbuf_16)
     4    0.05                           clknet_0_clk (net)
                  0.05    0.00    0.16 ^ clkbuf_2_2__f_clk/A (sky130_fd_sc_hd__clkbuf_16)
                  0.04    0.09    0.25 ^ clkbuf_2_2__f_clk/X (sky130_fd_sc_hd__clkbuf_16)
    11    0.03                           clknet_2_2__leaf_clk (net)
                  0.04    0.00    0.25 ^ _430_/CLK (sky130_fd_sc_hd__dfrtp_4)
                  0.07    0.27    0.52 ^ _430_/Q (sky130_fd_sc_hd__dfrtp_4)
     7    0.02                           tx_inst.state[0] (net)
                  0.07    0.00    0.52 ^ _288_/B (sky130_fd_sc_hd__nor2_2)
                  0.06    0.06    0.58 v _288_/Y (sky130_fd_sc_hd__nor2_2)
     7    0.03                           _154_ (net)
                  0.06    0.00    0.58 v _296_/B (sky130_fd_sc_hd__nand2_4)
                  0.11    0.11    0.69 ^ _296_/Y (sky130_fd_sc_hd__nand2_4)
     8    0.05                           _160_ (net)
                  0.11    0.00    0.69 ^ _307_/S (sky130_fd_sc_hd__mux2_1)
                  0.03    0.09    0.78 ^ _307_/X (sky130_fd_sc_hd__mux2_1)
     1    0.00                           _166_ (net)
                  0.03    0.00    0.78 ^ _308_/A (sky130_fd_sc_hd__clkbuf_1)
                  0.03    0.05    0.82 ^ _308_/X (sky130_fd_sc_hd__clkbuf_1)
     1    0.00                           _063_ (net)
                  0.03    0.00    0.82 ^ _424_/D (sky130_fd_sc_hd__dfrtp_1)
                                  0.82   data arrival time

                          0.00    0.00   clock clk (rise edge)
                          0.00    0.00   clock source latency
                  0.07    0.05    0.05 ^ clk (in)
     2    0.02                           clk (net)
                  0.07    0.00    0.05 ^ clkbuf_0_clk/A (sky130_fd_sc_hd__clkbuf_16)
                  0.05    0.12    0.17 ^ clkbuf_0_clk/X (sky130_fd_sc_hd__clkbuf_16)
     4    0.05                           clknet_0_clk (net)
                  0.05    0.00    0.17 ^ clkbuf_2_3__f_clk/A (sky130_fd_sc_hd__clkbuf_16)
                  0.04    0.10    0.27 ^ clkbuf_2_3__f_clk/X (sky130_fd_sc_hd__clkbuf_16)
     8    0.03                           clknet_2_3__leaf_clk (net)
                  0.04    0.00    0.28 ^ _424_/CLK (sky130_fd_sc_hd__dfrtp_1)
                          0.25    0.53   clock uncertainty
                         -0.02    0.51   clock reconvergence pessimism
                         -0.02    0.49   library hold time
                                  0.49   data required time
-----------------------------------------------------------------------------
                                  0.49   data required time
                                 -0.82   data arrival time
-----------------------------------------------------------------------------
                                  0.33   slack (MET)


Startpoint: _430_ (rising edge-triggered flip-flop clocked by clk)
Endpoint: _426_ (rising edge-triggered flip-flop clocked by clk)
Path Group: clk
Path Type: min
Corner: Fastest

Fanout     Cap    Slew   Delay    Time   Description
-----------------------------------------------------------------------------
                          0.00    0.00   clock clk (rise edge)
                          0.00    0.00   clock source latency
                  0.07    0.05    0.05 ^ clk (in)
     2    0.02                           clk (net)
                  0.07    0.00    0.05 ^ clkbuf_0_clk/A (sky130_fd_sc_hd__clkbuf_16)
                  0.05    0.11    0.15 ^ clkbuf_0_clk/X (sky130_fd_sc_hd__clkbuf_16)
     4    0.05                           clknet_0_clk (net)
                  0.05    0.00    0.16 ^ clkbuf_2_2__f_clk/A (sky130_fd_sc_hd__clkbuf_16)
                  0.04    0.09    0.25 ^ clkbuf_2_2__f_clk/X (sky130_fd_sc_hd__clkbuf_16)
    11    0.03                           clknet_2_2__leaf_clk (net)
                  0.04    0.00    0.25 ^ _430_/CLK (sky130_fd_sc_hd__dfrtp_4)
                  0.07    0.27    0.52 ^ _430_/Q (sky130_fd_sc_hd__dfrtp_4)
     7    0.02                           tx_inst.state[0] (net)
                  0.07    0.00    0.52 ^ _288_/B (sky130_fd_sc_hd__nor2_2)
                  0.06    0.06    0.58 v _288_/Y (sky130_fd_sc_hd__nor2_2)
     7    0.03                           _154_ (net)
                  0.06    0.00    0.58 v _296_/B (sky130_fd_sc_hd__nand2_4)
                  0.11    0.11    0.69 ^ _296_/Y (sky130_fd_sc_hd__nand2_4)
     8    0.05                           _160_ (net)
                  0.11    0.00    0.69 ^ _303_/S (sky130_fd_sc_hd__mux2_1)
                  0.03    0.09    0.78 ^ _303_/X (sky130_fd_sc_hd__mux2_1)
     1    0.00                           _164_ (net)
                  0.03    0.00    0.78 ^ _304_/A (sky130_fd_sc_hd__clkbuf_1)
                  0.03    0.05    0.82 ^ _304_/X (sky130_fd_sc_hd__clkbuf_1)
     1    0.00                           _065_ (net)
                  0.03    0.00    0.82 ^ _426_/D (sky130_fd_sc_hd__dfrtp_1)
                                  0.82   data arrival time

                          0.00    0.00   clock clk (rise edge)
                          0.00    0.00   clock source latency
                  0.07    0.05    0.05 ^ clk (in)
     2    0.02                           clk (net)
                  0.07    0.00    0.05 ^ clkbuf_0_clk/A (sky130_fd_sc_hd__clkbuf_16)
                  0.05    0.12    0.17 ^ clkbuf_0_clk/X (sky130_fd_sc_hd__clkbuf_16)
     4    0.05                           clknet_0_clk (net)
                  0.05    0.00    0.17 ^ clkbuf_2_3__f_clk/A (sky130_fd_sc_hd__clkbuf_16)
                  0.04    0.10    0.27 ^ clkbuf_2_3__f_clk/X (sky130_fd_sc_hd__clkbuf_16)
     8    0.03                           clknet_2_3__leaf_clk (net)
                  0.04    0.00    0.28 ^ _426_/CLK (sky130_fd_sc_hd__dfrtp_1)
                          0.25    0.53   clock uncertainty
                         -0.02    0.51   clock reconvergence pessimism
                         -0.02    0.49   library hold time
                                  0.49   data required time
-----------------------------------------------------------------------------
                                  0.49   data required time
                                 -0.82   data arrival time
-----------------------------------------------------------------------------
                                  0.33   slack (MET)


Startpoint: _430_ (rising edge-triggered flip-flop clocked by clk)
Endpoint: _427_ (rising edge-triggered flip-flop clocked by clk)
Path Group: clk
Path Type: min
Corner: Fastest

Fanout     Cap    Slew   Delay    Time   Description
-----------------------------------------------------------------------------
                          0.00    0.00   clock clk (rise edge)
                          0.00    0.00   clock source latency
                  0.07    0.05    0.05 ^ clk (in)
     2    0.02                           clk (net)
                  0.07    0.00    0.05 ^ clkbuf_0_clk/A (sky130_fd_sc_hd__clkbuf_16)
                  0.05    0.11    0.15 ^ clkbuf_0_clk/X (sky130_fd_sc_hd__clkbuf_16)
     4    0.05                           clknet_0_clk (net)
                  0.05    0.00    0.16 ^ clkbuf_2_2__f_clk/A (sky130_fd_sc_hd__clkbuf_16)
                  0.04    0.09    0.25 ^ clkbuf_2_2__f_clk/X (sky130_fd_sc_hd__clkbuf_16)
    11    0.03                           clknet_2_2__leaf_clk (net)
                  0.04    0.00    0.25 ^ _430_/CLK (sky130_fd_sc_hd__dfrtp_4)
                  0.07    0.27    0.52 ^ _430_/Q (sky130_fd_sc_hd__dfrtp_4)
     7    0.02                           tx_inst.state[0] (net)
                  0.07    0.00    0.52 ^ _288_/B (sky130_fd_sc_hd__nor2_2)
                  0.06    0.06    0.58 v _288_/Y (sky130_fd_sc_hd__nor2_2)
     7    0.03                           _154_ (net)
                  0.06    0.00    0.58 v _296_/B (sky130_fd_sc_hd__nand2_4)
                  0.11    0.11    0.69 ^ _296_/Y (sky130_fd_sc_hd__nand2_4)
     8    0.05                           _160_ (net)
                  0.11    0.00    0.69 ^ _301_/S (sky130_fd_sc_hd__mux2_1)
                  0.03    0.09    0.78 ^ _301_/X (sky130_fd_sc_hd__mux2_1)
     1    0.00                           _163_ (net)
                  0.03    0.00    0.78 ^ _302_/A (sky130_fd_sc_hd__clkbuf_1)
                  0.04    0.05    0.83 ^ _302_/X (sky130_fd_sc_hd__clkbuf_1)
     1    0.00                           _066_ (net)
                  0.04    0.00    0.83 ^ _427_/D (sky130_fd_sc_hd__dfrtp_1)
                                  0.83   data arrival time

                          0.00    0.00   clock clk (rise edge)
                          0.00    0.00   clock source latency
                  0.07    0.05    0.05 ^ clk (in)
     2    0.02                           clk (net)
                  0.07    0.00    0.05 ^ clkbuf_0_clk/A (sky130_fd_sc_hd__clkbuf_16)
                  0.05    0.12    0.17 ^ clkbuf_0_clk/X (sky130_fd_sc_hd__clkbuf_16)
     4    0.05                           clknet_0_clk (net)
                  0.05    0.00    0.17 ^ clkbuf_2_3__f_clk/A (sky130_fd_sc_hd__clkbuf_16)
                  0.04    0.10    0.27 ^ clkbuf_2_3__f_clk/X (sky130_fd_sc_hd__clkbuf_16)
     8    0.03                           clknet_2_3__leaf_clk (net)
                  0.04    0.00    0.28 ^ _427_/CLK (sky130_fd_sc_hd__dfrtp_1)
                          0.25    0.53   clock uncertainty
                         -0.02    0.51   clock reconvergence pessimism
                         -0.02    0.49   library hold time
                                  0.49   data required time
-----------------------------------------------------------------------------
                                  0.49   data required time
                                 -0.83   data arrival time
-----------------------------------------------------------------------------
                                  0.34   slack (MET)


Startpoint: rst (input port clocked by clk)
Endpoint: _447_ (removal check against rising-edge clock clk)
Path Group: asynchronous
Path Type: min
Corner: Fastest

Fanout     Cap    Slew   Delay    Time   Description
-----------------------------------------------------------------------------
                          0.00    0.00   clock clk (rise edge)
                          0.00    0.00   clock network delay (propagated)
                          2.00    2.00 v input external delay
                  0.01    0.00    2.00 v rst (in)
     2    0.00                           rst (net)
                  0.01    0.00    2.00 v input1/A (sky130_fd_sc_hd__buf_1)
                  0.05    0.07    2.07 v input1/X (sky130_fd_sc_hd__buf_1)
     1    0.01                           net1 (net)
                  0.05    0.00    2.07 v _356_/A (sky130_fd_sc_hd__clkbuf_4)
                  0.08    0.13    2.21 v _356_/X (sky130_fd_sc_hd__clkbuf_4)
     9    0.05                           _200_ (net)
                  0.08    0.01    2.21 v _402_/A (sky130_fd_sc_hd__inv_2)
                  0.03    0.04    2.26 ^ _402_/Y (sky130_fd_sc_hd__inv_2)
     1    0.00                           _041_ (net)
                  0.03    0.00    2.26 ^ _447_/RESET_B (sky130_fd_sc_hd__dfrtp_1)
                                  2.26   data arrival time

                          0.00    0.00   clock clk (rise edge)
                          0.00    0.00   clock source latency
                  0.07    0.05    0.05 ^ clk (in)
     2    0.02                           clk (net)
                  0.07    0.00    0.05 ^ clkbuf_0_clk/A (sky130_fd_sc_hd__clkbuf_16)
                  0.05    0.12    0.17 ^ clkbuf_0_clk/X (sky130_fd_sc_hd__clkbuf_16)
     4    0.05                           clknet_0_clk (net)
                  0.05    0.00    0.17 ^ clkbuf_2_1__f_clk/A (sky130_fd_sc_hd__clkbuf_16)
                  0.05    0.11    0.29 ^ clkbuf_2_1__f_clk/X (sky130_fd_sc_hd__clkbuf_16)
    15    0.05                           clknet_2_1__leaf_clk (net)
                  0.05    0.00    0.29 ^ _447_/CLK (sky130_fd_sc_hd__dfrtp_1)
                          0.25    0.54   clock uncertainty
                          0.00    0.54   clock reconvergence pessimism
                          0.20    0.74   library removal time
                                  0.74   data required time
-----------------------------------------------------------------------------
                                  0.74   data required time
                                 -2.26   data arrival time
-----------------------------------------------------------------------------
                                  1.52   slack (MET)


Startpoint: rst (input port clocked by clk)
Endpoint: _448_ (removal check against rising-edge clock clk)
Path Group: asynchronous
Path Type: min
Corner: Fastest

Fanout     Cap    Slew   Delay    Time   Description
-----------------------------------------------------------------------------
                          0.00    0.00   clock clk (rise edge)
                          0.00    0.00   clock network delay (propagated)
                          2.00    2.00 v input external delay
                  0.01    0.00    2.00 v rst (in)
     2    0.00                           rst (net)
                  0.01    0.00    2.00 v input1/A (sky130_fd_sc_hd__buf_1)
                  0.05    0.07    2.07 v input1/X (sky130_fd_sc_hd__buf_1)
     1    0.01                           net1 (net)
                  0.05    0.00    2.07 v _356_/A (sky130_fd_sc_hd__clkbuf_4)
                  0.08    0.13    2.21 v _356_/X (sky130_fd_sc_hd__clkbuf_4)
     9    0.05                           _200_ (net)
                  0.08    0.01    2.21 v _403_/A (sky130_fd_sc_hd__inv_2)
                  0.03    0.04    2.26 ^ _403_/Y (sky130_fd_sc_hd__inv_2)
     1    0.00                           _042_ (net)
                  0.03    0.00    2.26 ^ _448_/RESET_B (sky130_fd_sc_hd__dfrtp_1)
                                  2.26   data arrival time

                          0.00    0.00   clock clk (rise edge)
                          0.00    0.00   clock source latency
                  0.07    0.05    0.05 ^ clk (in)
     2    0.02                           clk (net)
                  0.07    0.00    0.05 ^ clkbuf_0_clk/A (sky130_fd_sc_hd__clkbuf_16)
                  0.05    0.12    0.17 ^ clkbuf_0_clk/X (sky130_fd_sc_hd__clkbuf_16)
     4    0.05                           clknet_0_clk (net)
                  0.05    0.00    0.17 ^ clkbuf_2_1__f_clk/A (sky130_fd_sc_hd__clkbuf_16)
                  0.05    0.11    0.29 ^ clkbuf_2_1__f_clk/X (sky130_fd_sc_hd__clkbuf_16)
    15    0.05                           clknet_2_1__leaf_clk (net)
                  0.05    0.00    0.29 ^ _448_/CLK (sky130_fd_sc_hd__dfrtp_1)
                          0.25    0.54   clock uncertainty
                          0.00    0.54   clock reconvergence pessimism
                          0.20    0.74   library removal time
                                  0.74   data required time
-----------------------------------------------------------------------------
                                  0.74   data required time
                                 -2.26   data arrival time
-----------------------------------------------------------------------------
                                  1.52   slack (MET)


Startpoint: rst (input port clocked by clk)
Endpoint: _446_ (removal check against rising-edge clock clk)
Path Group: asynchronous
Path Type: min
Corner: Fastest

Fanout     Cap    Slew   Delay    Time   Description
-----------------------------------------------------------------------------
                          0.00    0.00   clock clk (rise edge)
                          0.00    0.00   clock network delay (propagated)
                          2.00    2.00 v input external delay
                  0.01    0.00    2.00 v rst (in)
     2    0.00                           rst (net)
                  0.01    0.00    2.00 v input1/A (sky130_fd_sc_hd__buf_1)
                  0.05    0.07    2.07 v input1/X (sky130_fd_sc_hd__buf_1)
     1    0.01                           net1 (net)
                  0.05    0.00    2.07 v _356_/A (sky130_fd_sc_hd__clkbuf_4)
                  0.08    0.13    2.21 v _356_/X (sky130_fd_sc_hd__clkbuf_4)
     9    0.05                           _200_ (net)
                  0.08    0.01    2.21 v _401_/A (sky130_fd_sc_hd__inv_2)
                  0.03    0.04    2.26 ^ _401_/Y (sky130_fd_sc_hd__inv_2)
     1    0.00                           _040_ (net)
                  0.03    0.00    2.26 ^ _446_/RESET_B (sky130_fd_sc_hd__dfrtp_1)
                                  2.26   data arrival time

                          0.00    0.00   clock clk (rise edge)
                          0.00    0.00   clock source latency
                  0.07    0.05    0.05 ^ clk (in)
     2    0.02                           clk (net)
                  0.07    0.00    0.05 ^ clkbuf_0_clk/A (sky130_fd_sc_hd__clkbuf_16)
                  0.05    0.12    0.17 ^ clkbuf_0_clk/X (sky130_fd_sc_hd__clkbuf_16)
     4    0.05                           clknet_0_clk (net)
                  0.05    0.00    0.17 ^ clkbuf_2_1__f_clk/A (sky130_fd_sc_hd__clkbuf_16)
                  0.05    0.11    0.29 ^ clkbuf_2_1__f_clk/X (sky130_fd_sc_hd__clkbuf_16)
    15    0.05                           clknet_2_1__leaf_clk (net)
                  0.05    0.00    0.29 ^ _446_/CLK (sky130_fd_sc_hd__dfrtp_1)
                          0.25    0.54   clock uncertainty
                          0.00    0.54   clock reconvergence pessimism
                          0.20    0.74   library removal time
                                  0.74   data required time
-----------------------------------------------------------------------------
                                  0.74   data required time
                                 -2.26   data arrival time
-----------------------------------------------------------------------------
                                  1.52   slack (MET)


Startpoint: rst (input port clocked by clk)
Endpoint: _450_ (removal check against rising-edge clock clk)
Path Group: asynchronous
Path Type: min
Corner: Fastest

Fanout     Cap    Slew   Delay    Time   Description
-----------------------------------------------------------------------------
                          0.00    0.00   clock clk (rise edge)
                          0.00    0.00   clock network delay (propagated)
                          2.00    2.00 v input external delay
                  0.01    0.00    2.00 v rst (in)
     2    0.00                           rst (net)
                  0.01    0.00    2.00 v input1/A (sky130_fd_sc_hd__buf_1)
                  0.05    0.07    2.07 v input1/X (sky130_fd_sc_hd__buf_1)
     1    0.01                           net1 (net)
                  0.05    0.00    2.07 v _356_/A (sky130_fd_sc_hd__clkbuf_4)
                  0.08    0.13    2.21 v _356_/X (sky130_fd_sc_hd__clkbuf_4)
     9    0.05                           _200_ (net)
                  0.08    0.01    2.21 v _405_/A (sky130_fd_sc_hd__inv_2)
                  0.03    0.04    2.26 ^ _405_/Y (sky130_fd_sc_hd__inv_2)
     1    0.00                           _044_ (net)
                  0.03    0.00    2.26 ^ _450_/RESET_B (sky130_fd_sc_hd__dfrtp_1)
                                  2.26   data arrival time

                          0.00    0.00   clock clk (rise edge)
                          0.00    0.00   clock source latency
                  0.07    0.05    0.05 ^ clk (in)
     2    0.02                           clk (net)
                  0.07    0.00    0.05 ^ clkbuf_0_clk/A (sky130_fd_sc_hd__clkbuf_16)
                  0.05    0.12    0.17 ^ clkbuf_0_clk/X (sky130_fd_sc_hd__clkbuf_16)
     4    0.05                           clknet_0_clk (net)
                  0.05    0.00    0.17 ^ clkbuf_2_1__f_clk/A (sky130_fd_sc_hd__clkbuf_16)
                  0.05    0.11    0.29 ^ clkbuf_2_1__f_clk/X (sky130_fd_sc_hd__clkbuf_16)
    15    0.05                           clknet_2_1__leaf_clk (net)
                  0.05    0.00    0.29 ^ _450_/CLK (sky130_fd_sc_hd__dfrtp_1)
                          0.25    0.54   clock uncertainty
                          0.00    0.54   clock reconvergence pessimism
                          0.20    0.74   library removal time
                                  0.74   data required time
-----------------------------------------------------------------------------
                                  0.74   data required time
                                 -2.26   data arrival time
-----------------------------------------------------------------------------
                                  1.52   slack (MET)


Startpoint: rst (input port clocked by clk)
Endpoint: _449_ (removal check against rising-edge clock clk)
Path Group: asynchronous
Path Type: min
Corner: Fastest

Fanout     Cap    Slew   Delay    Time   Description
-----------------------------------------------------------------------------
                          0.00    0.00   clock clk (rise edge)
                          0.00    0.00   clock network delay (propagated)
                          2.00    2.00 v input external delay
                  0.01    0.00    2.00 v rst (in)
     2    0.00                           rst (net)
                  0.01    0.00    2.00 v input1/A (sky130_fd_sc_hd__buf_1)
                  0.05    0.07    2.07 v input1/X (sky130_fd_sc_hd__buf_1)
     1    0.01                           net1 (net)
                  0.05    0.00    2.07 v _356_/A (sky130_fd_sc_hd__clkbuf_4)
                  0.08    0.13    2.21 v _356_/X (sky130_fd_sc_hd__clkbuf_4)
     9    0.05                           _200_ (net)
                  0.08    0.01    2.21 v _404_/A (sky130_fd_sc_hd__inv_2)
                  0.03    0.05    2.26 ^ _404_/Y (sky130_fd_sc_hd__inv_2)
     1    0.00                           _043_ (net)
                  0.03    0.00    2.26 ^ _449_/RESET_B (sky130_fd_sc_hd__dfrtp_1)
                                  2.26   data arrival time

                          0.00    0.00   clock clk (rise edge)
                          0.00    0.00   clock source latency
                  0.07    0.05    0.05 ^ clk (in)
     2    0.02                           clk (net)
                  0.07    0.00    0.05 ^ clkbuf_0_clk/A (sky130_fd_sc_hd__clkbuf_16)
                  0.05    0.12    0.17 ^ clkbuf_0_clk/X (sky130_fd_sc_hd__clkbuf_16)
     4    0.05                           clknet_0_clk (net)
                  0.05    0.00    0.17 ^ clkbuf_2_1__f_clk/A (sky130_fd_sc_hd__clkbuf_16)
                  0.05    0.11    0.29 ^ clkbuf_2_1__f_clk/X (sky130_fd_sc_hd__clkbuf_16)
    15    0.05                           clknet_2_1__leaf_clk (net)
                  0.05    0.00    0.29 ^ _449_/CLK (sky130_fd_sc_hd__dfrtp_1)
                          0.25    0.54   clock uncertainty
                          0.00    0.54   clock reconvergence pessimism
                          0.20    0.74   library removal time
                                  0.74   data required time
-----------------------------------------------------------------------------
                                  0.74   data required time
                                 -2.26   data arrival time
-----------------------------------------------------------------------------
                                  1.52   slack (MET)


Startpoint: rst (input port clocked by clk)
Endpoint: _423_ (removal check against rising-edge clock clk)
Path Group: asynchronous
Path Type: min
Corner: Fastest

Fanout     Cap    Slew   Delay    Time   Description
-----------------------------------------------------------------------------
                          0.00    0.00   clock clk (rise edge)
                          0.00    0.00   clock network delay (propagated)
                          2.00    2.00 v input external delay
                  0.01    0.00    2.00 v rst (in)
     2    0.00                           rst (net)
                  0.01    0.00    2.00 v input1/A (sky130_fd_sc_hd__buf_1)
                  0.05    0.07    2.07 v input1/X (sky130_fd_sc_hd__buf_1)
     1    0.01                           net1 (net)
                  0.05    0.00    2.07 v _356_/A (sky130_fd_sc_hd__clkbuf_4)
                  0.08    0.13    2.21 v _356_/X (sky130_fd_sc_hd__clkbuf_4)
     9    0.05                           _200_ (net)
                  0.08    0.01    2.21 v _368_/A (sky130_fd_sc_hd__buf_4)
                  0.06    0.14    2.35 v _368_/X (sky130_fd_sc_hd__buf_4)
    10    0.06                           _202_ (net)
                  0.06    0.00    2.35 v _376_/A (sky130_fd_sc_hd__inv_2)
                  0.03    0.04    2.39 ^ _376_/Y (sky130_fd_sc_hd__inv_2)
     1    0.00                           _017_ (net)
                  0.03    0.00    2.39 ^ _423_/RESET_B (sky130_fd_sc_hd__dfrtp_1)
                                  2.39   data arrival time

                          0.00    0.00   clock clk (rise edge)
                          0.00    0.00   clock source latency
                  0.07    0.05    0.05 ^ clk (in)
     2    0.02                           clk (net)
                  0.07    0.00    0.05 ^ clkbuf_0_clk/A (sky130_fd_sc_hd__clkbuf_16)
                  0.05    0.12    0.17 ^ clkbuf_0_clk/X (sky130_fd_sc_hd__clkbuf_16)
     4    0.05                           clknet_0_clk (net)
                  0.05    0.00    0.17 ^ clkbuf_2_1__f_clk/A (sky130_fd_sc_hd__clkbuf_16)
                  0.05    0.11    0.29 ^ clkbuf_2_1__f_clk/X (sky130_fd_sc_hd__clkbuf_16)
    15    0.05                           clknet_2_1__leaf_clk (net)
                  0.05    0.00    0.29 ^ _423_/CLK (sky130_fd_sc_hd__dfrtp_1)
                          0.25    0.54   clock uncertainty
                          0.00    0.54   clock reconvergence pessimism
                          0.20    0.74   library removal time
                                  0.74   data required time
-----------------------------------------------------------------------------
                                  0.74   data required time
                                 -2.39   data arrival time
-----------------------------------------------------------------------------
                                  1.66   slack (MET)


Startpoint: rst (input port clocked by clk)
Endpoint: _422_ (removal check against rising-edge clock clk)
Path Group: asynchronous
Path Type: min
Corner: Fastest

Fanout     Cap    Slew   Delay    Time   Description
-----------------------------------------------------------------------------
                          0.00    0.00   clock clk (rise edge)
                          0.00    0.00   clock network delay (propagated)
                          2.00    2.00 v input external delay
                  0.01    0.00    2.00 v rst (in)
     2    0.00                           rst (net)
                  0.01    0.00    2.00 v input1/A (sky130_fd_sc_hd__buf_1)
                  0.05    0.07    2.07 v input1/X (sky130_fd_sc_hd__buf_1)
     1    0.01                           net1 (net)
                  0.05    0.00    2.07 v _356_/A (sky130_fd_sc_hd__clkbuf_4)
                  0.08    0.13    2.21 v _356_/X (sky130_fd_sc_hd__clkbuf_4)
     9    0.05                           _200_ (net)
                  0.08    0.01    2.21 v _368_/A (sky130_fd_sc_hd__buf_4)
                  0.06    0.14    2.35 v _368_/X (sky130_fd_sc_hd__buf_4)
    10    0.06                           _202_ (net)
                  0.06    0.00    2.35 v _375_/A (sky130_fd_sc_hd__inv_2)
                  0.03    0.04    2.39 ^ _375_/Y (sky130_fd_sc_hd__inv_2)
     1    0.00                           _016_ (net)
                  0.03    0.00    2.39 ^ _422_/RESET_B (sky130_fd_sc_hd__dfrtp_1)
                                  2.39   data arrival time

                          0.00    0.00   clock clk (rise edge)
                          0.00    0.00   clock source latency
                  0.07    0.05    0.05 ^ clk (in)
     2    0.02                           clk (net)
                  0.07    0.00    0.05 ^ clkbuf_0_clk/A (sky130_fd_sc_hd__clkbuf_16)
                  0.05    0.12    0.17 ^ clkbuf_0_clk/X (sky130_fd_sc_hd__clkbuf_16)
     4    0.05                           clknet_0_clk (net)
                  0.05    0.00    0.17 ^ clkbuf_2_1__f_clk/A (sky130_fd_sc_hd__clkbuf_16)
                  0.05    0.11    0.29 ^ clkbuf_2_1__f_clk/X (sky130_fd_sc_hd__clkbuf_16)
    15    0.05                           clknet_2_1__leaf_clk (net)
                  0.05    0.00    0.29 ^ _422_/CLK (sky130_fd_sc_hd__dfrtp_1)
                          0.25    0.54   clock uncertainty
                          0.00    0.54   clock reconvergence pessimism
                          0.20    0.74   library removal time
                                  0.74   data required time
-----------------------------------------------------------------------------
                                  0.74   data required time
                                 -2.39   data arrival time
-----------------------------------------------------------------------------
                                  1.66   slack (MET)


Startpoint: rst (input port clocked by clk)
Endpoint: _438_ (removal check against rising-edge clock clk)
Path Group: asynchronous
Path Type: min
Corner: Fastest

Fanout     Cap    Slew   Delay    Time   Description
-----------------------------------------------------------------------------
                          0.00    0.00   clock clk (rise edge)
                          0.00    0.00   clock network delay (propagated)
                          2.00    2.00 v input external delay
                  0.01    0.00    2.00 v rst (in)
     2    0.00                           rst (net)
                  0.01    0.00    2.00 v input1/A (sky130_fd_sc_hd__buf_1)
                  0.05    0.07    2.07 v input1/X (sky130_fd_sc_hd__buf_1)
     1    0.01                           net1 (net)
                  0.05    0.00    2.07 v _356_/A (sky130_fd_sc_hd__clkbuf_4)
                  0.08    0.13    2.21 v _356_/X (sky130_fd_sc_hd__clkbuf_4)
     9    0.05                           _200_ (net)
                  0.08    0.01    2.21 v _390_/A (sky130_fd_sc_hd__buf_4)
                  0.07    0.14    2.35 v _390_/X (sky130_fd_sc_hd__buf_4)
    10    0.06                           _204_ (net)
                  0.07    0.00    2.35 v _393_/A (sky130_fd_sc_hd__inv_2)
                  0.03    0.04    2.39 ^ _393_/Y (sky130_fd_sc_hd__inv_2)
     1    0.00                           _032_ (net)
                  0.03    0.00    2.39 ^ _438_/RESET_B (sky130_fd_sc_hd__dfrtp_2)
                                  2.39   data arrival time

                          0.00    0.00   clock clk (rise edge)
                          0.00    0.00   clock source latency
                  0.07    0.05    0.05 ^ clk (in)
     2    0.02                           clk (net)
                  0.07    0.00    0.05 ^ clkbuf_0_clk/A (sky130_fd_sc_hd__clkbuf_16)
                  0.05    0.12    0.17 ^ clkbuf_0_clk/X (sky130_fd_sc_hd__clkbuf_16)
     4    0.05                           clknet_0_clk (net)
                  0.05    0.00    0.17 ^ clkbuf_2_1__f_clk/A (sky130_fd_sc_hd__clkbuf_16)
                  0.05    0.11    0.29 ^ clkbuf_2_1__f_clk/X (sky130_fd_sc_hd__clkbuf_16)
    15    0.05                           clknet_2_1__leaf_clk (net)
                  0.05    0.00    0.29 ^ _438_/CLK (sky130_fd_sc_hd__dfrtp_2)
                          0.25    0.54   clock uncertainty
                          0.00    0.54   clock reconvergence pessimism
                          0.20    0.74   library removal time
                                  0.74   data required time
-----------------------------------------------------------------------------
                                  0.74   data required time
                                 -2.39   data arrival time
-----------------------------------------------------------------------------
                                  1.66   slack (MET)


Startpoint: rst (input port clocked by clk)
Endpoint: _425_ (removal check against rising-edge clock clk)
Path Group: asynchronous
Path Type: min
Corner: Fastest

Fanout     Cap    Slew   Delay    Time   Description
-----------------------------------------------------------------------------
                          0.00    0.00   clock clk (rise edge)
                          0.00    0.00   clock network delay (propagated)
                          2.00    2.00 v input external delay
                  0.01    0.00    2.00 v rst (in)
     2    0.00                           rst (net)
                  0.01    0.00    2.00 v input1/A (sky130_fd_sc_hd__buf_1)
                  0.05    0.07    2.07 v input1/X (sky130_fd_sc_hd__buf_1)
     1    0.01                           net1 (net)
                  0.05    0.00    2.07 v _356_/A (sky130_fd_sc_hd__clkbuf_4)
                  0.08    0.13    2.21 v _356_/X (sky130_fd_sc_hd__clkbuf_4)
     9    0.05                           _200_ (net)
                  0.08    0.01    2.21 v _368_/A (sky130_fd_sc_hd__buf_4)
                  0.06    0.14    2.35 v _368_/X (sky130_fd_sc_hd__buf_4)
    10    0.06                           _202_ (net)
                  0.06    0.00    2.35 v _378_/A (sky130_fd_sc_hd__inv_2)
                  0.03    0.04    2.40 ^ _378_/Y (sky130_fd_sc_hd__inv_2)
     1    0.01                           _019_ (net)
                  0.03    0.00    2.40 ^ _425_/RESET_B (sky130_fd_sc_hd__dfrtp_1)
                                  2.40   data arrival time

                          0.00    0.00   clock clk (rise edge)
                          0.00    0.00   clock source latency
                  0.07    0.05    0.05 ^ clk (in)
     2    0.02                           clk (net)
                  0.07    0.00    0.05 ^ clkbuf_0_clk/A (sky130_fd_sc_hd__clkbuf_16)
                  0.05    0.12    0.17 ^ clkbuf_0_clk/X (sky130_fd_sc_hd__clkbuf_16)
     4    0.05                           clknet_0_clk (net)
                  0.05    0.00    0.17 ^ clkbuf_2_1__f_clk/A (sky130_fd_sc_hd__clkbuf_16)
                  0.05    0.11    0.29 ^ clkbuf_2_1__f_clk/X (sky130_fd_sc_hd__clkbuf_16)
    15    0.05                           clknet_2_1__leaf_clk (net)
                  0.05    0.00    0.29 ^ _425_/CLK (sky130_fd_sc_hd__dfrtp_1)
                          0.25    0.54   clock uncertainty
                          0.00    0.54   clock reconvergence pessimism
                          0.20    0.74   library removal time
                                  0.74   data required time
-----------------------------------------------------------------------------
                                  0.74   data required time
                                 -2.40   data arrival time
-----------------------------------------------------------------------------
                                  1.66   slack (MET)


Startpoint: rst (input port clocked by clk)
Endpoint: _443_ (removal check against rising-edge clock clk)
Path Group: asynchronous
Path Type: min
Corner: Fastest

Fanout     Cap    Slew   Delay    Time   Description
-----------------------------------------------------------------------------
                          0.00    0.00   clock clk (rise edge)
                          0.00    0.00   clock network delay (propagated)
                          2.00    2.00 v input external delay
                  0.01    0.00    2.00 v rst (in)
     2    0.00                           rst (net)
                  0.01    0.00    2.00 v input1/A (sky130_fd_sc_hd__buf_1)
                  0.05    0.07    2.07 v input1/X (sky130_fd_sc_hd__buf_1)
     1    0.01                           net1 (net)
                  0.05    0.00    2.07 v _356_/A (sky130_fd_sc_hd__clkbuf_4)
                  0.08    0.13    2.21 v _356_/X (sky130_fd_sc_hd__clkbuf_4)
     9    0.05                           _200_ (net)
                  0.08    0.01    2.21 v _390_/A (sky130_fd_sc_hd__buf_4)
                  0.07    0.14    2.35 v _390_/X (sky130_fd_sc_hd__buf_4)
    10    0.06                           _204_ (net)
                  0.07    0.00    2.36 v _398_/A (sky130_fd_sc_hd__inv_2)
                  0.03    0.04    2.40 ^ _398_/Y (sky130_fd_sc_hd__inv_2)
     1    0.00                           _037_ (net)
                  0.03    0.00    2.40 ^ _443_/RESET_B (sky130_fd_sc_hd__dfrtp_4)
                                  2.40   data arrival time

                          0.00    0.00   clock clk (rise edge)
                          0.00    0.00   clock source latency
                  0.07    0.05    0.05 ^ clk (in)
     2    0.02                           clk (net)
                  0.07    0.00    0.05 ^ clkbuf_0_clk/A (sky130_fd_sc_hd__clkbuf_16)
                  0.05    0.12    0.17 ^ clkbuf_0_clk/X (sky130_fd_sc_hd__clkbuf_16)
     4    0.05                           clknet_0_clk (net)
                  0.05    0.00    0.17 ^ clkbuf_2_1__f_clk/A (sky130_fd_sc_hd__clkbuf_16)
                  0.05    0.11    0.29 ^ clkbuf_2_1__f_clk/X (sky130_fd_sc_hd__clkbuf_16)
    15    0.05                           clknet_2_1__leaf_clk (net)
                  0.05    0.00    0.29 ^ _443_/CLK (sky130_fd_sc_hd__dfrtp_4)
                          0.25    0.54   clock uncertainty
                          0.00    0.54   clock reconvergence pessimism
                          0.20    0.74   library removal time
                                  0.74   data required time
-----------------------------------------------------------------------------
                                  0.74   data required time
                                 -2.40   data arrival time
-----------------------------------------------------------------------------
                                  1.66   slack (MET)


Startpoint: rst (input port clocked by clk)
Endpoint: _444_ (removal check against rising-edge clock clk)
Path Group: asynchronous
Path Type: min
Corner: Fastest

Fanout     Cap    Slew   Delay    Time   Description
-----------------------------------------------------------------------------
                          0.00    0.00   clock clk (rise edge)
                          0.00    0.00   clock network delay (propagated)
                          2.00    2.00 v input external delay
                  0.01    0.00    2.00 v rst (in)
     2    0.00                           rst (net)
                  0.01    0.00    2.00 v input1/A (sky130_fd_sc_hd__buf_1)
                  0.05    0.07    2.07 v input1/X (sky130_fd_sc_hd__buf_1)
     1    0.01                           net1 (net)
                  0.05    0.00    2.07 v _356_/A (sky130_fd_sc_hd__clkbuf_4)
                  0.08    0.13    2.21 v _356_/X (sky130_fd_sc_hd__clkbuf_4)
     9    0.05                           _200_ (net)
                  0.08    0.01    2.21 v _390_/A (sky130_fd_sc_hd__buf_4)
                  0.07    0.14    2.35 v _390_/X (sky130_fd_sc_hd__buf_4)
    10    0.06                           _204_ (net)
                  0.07    0.00    2.36 v _399_/A (sky130_fd_sc_hd__inv_2)
                  0.03    0.04    2.40 ^ _399_/Y (sky130_fd_sc_hd__inv_2)
     1    0.00                           _038_ (net)
                  0.03    0.00    2.40 ^ _444_/RESET_B (sky130_fd_sc_hd__dfrtp_2)
                                  2.40   data arrival time

                          0.00    0.00   clock clk (rise edge)
                          0.00    0.00   clock source latency
                  0.07    0.05    0.05 ^ clk (in)
     2    0.02                           clk (net)
                  0.07    0.00    0.05 ^ clkbuf_0_clk/A (sky130_fd_sc_hd__clkbuf_16)
                  0.05    0.12    0.17 ^ clkbuf_0_clk/X (sky130_fd_sc_hd__clkbuf_16)
     4    0.05                           clknet_0_clk (net)
                  0.05    0.00    0.17 ^ clkbuf_2_1__f_clk/A (sky130_fd_sc_hd__clkbuf_16)
                  0.05    0.11    0.29 ^ clkbuf_2_1__f_clk/X (sky130_fd_sc_hd__clkbuf_16)
    15    0.05                           clknet_2_1__leaf_clk (net)
                  0.05    0.00    0.29 ^ _444_/CLK (sky130_fd_sc_hd__dfrtp_2)
                          0.25    0.54   clock uncertainty
                          0.00    0.54   clock reconvergence pessimism
                          0.20    0.74   library removal time
                                  0.74   data required time
-----------------------------------------------------------------------------
                                  0.74   data required time
                                 -2.40   data arrival time
-----------------------------------------------------------------------------
                                  1.66   slack (MET)


Startpoint: rst (input port clocked by clk)
Endpoint: _410_ (removal check against rising-edge clock clk)
Path Group: asynchronous
Path Type: min
Corner: Fastest

Fanout     Cap    Slew   Delay    Time   Description
-----------------------------------------------------------------------------
                          0.00    0.00   clock clk (rise edge)
                          0.00    0.00   clock network delay (propagated)
                          2.00    2.00 v input external delay
                  0.01    0.00    2.00 v rst (in)
     2    0.00                           rst (net)
                  0.01    0.00    2.00 v input1/A (sky130_fd_sc_hd__buf_1)
                  0.05    0.07    2.07 v input1/X (sky130_fd_sc_hd__buf_1)
     1    0.01                           net1 (net)
                  0.05    0.00    2.07 v _356_/A (sky130_fd_sc_hd__clkbuf_4)
                  0.08    0.13    2.21 v _356_/X (sky130_fd_sc_hd__clkbuf_4)
     9    0.05                           _200_ (net)
                  0.08    0.00    2.21 v _357_/A (sky130_fd_sc_hd__buf_4)
                  0.06    0.14    2.35 v _357_/X (sky130_fd_sc_hd__buf_4)
    10    0.06                           _201_ (net)
                  0.06    0.00    2.35 v _362_/A (sky130_fd_sc_hd__inv_2)
                  0.03    0.04    2.39 ^ _362_/Y (sky130_fd_sc_hd__inv_2)
     1    0.00                           _004_ (net)
                  0.03    0.00    2.39 ^ _410_/RESET_B (sky130_fd_sc_hd__dfrtp_1)
                                  2.39   data arrival time

                          0.00    0.00   clock clk (rise edge)
                          0.00    0.00   clock source latency
                  0.07    0.05    0.05 ^ clk (in)
     2    0.02                           clk (net)
                  0.07    0.00    0.05 ^ clkbuf_0_clk/A (sky130_fd_sc_hd__clkbuf_16)
                  0.05    0.12    0.17 ^ clkbuf_0_clk/X (sky130_fd_sc_hd__clkbuf_16)
     4    0.05                           clknet_0_clk (net)
                  0.05    0.00    0.17 ^ clkbuf_2_2__f_clk/A (sky130_fd_sc_hd__clkbuf_16)
                  0.04    0.10    0.28 ^ clkbuf_2_2__f_clk/X (sky130_fd_sc_hd__clkbuf_16)
    11    0.03                           clknet_2_2__leaf_clk (net)
                  0.04    0.00    0.28 ^ _410_/CLK (sky130_fd_sc_hd__dfrtp_1)
                          0.25    0.53   clock uncertainty
                          0.00    0.53   clock reconvergence pessimism
                          0.20    0.73   library removal time
                                  0.73   data required time
-----------------------------------------------------------------------------
                                  0.73   data required time
                                 -2.39   data arrival time
-----------------------------------------------------------------------------
                                  1.66   slack (MET)


Startpoint: rst (input port clocked by clk)
Endpoint: _409_ (removal check against rising-edge clock clk)
Path Group: asynchronous
Path Type: min
Corner: Fastest

Fanout     Cap    Slew   Delay    Time   Description
-----------------------------------------------------------------------------
                          0.00    0.00   clock clk (rise edge)
                          0.00    0.00   clock network delay (propagated)
                          2.00    2.00 v input external delay
                  0.01    0.00    2.00 v rst (in)
     2    0.00                           rst (net)
                  0.01    0.00    2.00 v input1/A (sky130_fd_sc_hd__buf_1)
                  0.05    0.07    2.07 v input1/X (sky130_fd_sc_hd__buf_1)
     1    0.01                           net1 (net)
                  0.05    0.00    2.07 v _356_/A (sky130_fd_sc_hd__clkbuf_4)
                  0.08    0.13    2.21 v _356_/X (sky130_fd_sc_hd__clkbuf_4)
     9    0.05                           _200_ (net)
                  0.08    0.00    2.21 v _357_/A (sky130_fd_sc_hd__buf_4)
                  0.06    0.14    2.35 v _357_/X (sky130_fd_sc_hd__buf_4)
    10    0.06                           _201_ (net)
                  0.06    0.00    2.35 v _361_/A (sky130_fd_sc_hd__inv_2)
                  0.03    0.04    2.39 ^ _361_/Y (sky130_fd_sc_hd__inv_2)
     1    0.00                           _003_ (net)
                  0.03    0.00    2.39 ^ _409_/RESET_B (sky130_fd_sc_hd__dfrtp_2)
                                  2.39   data arrival time

                          0.00    0.00   clock clk (rise edge)
                          0.00    0.00   clock source latency
                  0.07    0.05    0.05 ^ clk (in)
     2    0.02                           clk (net)
                  0.07    0.00    0.05 ^ clkbuf_0_clk/A (sky130_fd_sc_hd__clkbuf_16)
                  0.05    0.12    0.17 ^ clkbuf_0_clk/X (sky130_fd_sc_hd__clkbuf_16)
     4    0.05                           clknet_0_clk (net)
                  0.05    0.00    0.17 ^ clkbuf_2_2__f_clk/A (sky130_fd_sc_hd__clkbuf_16)
                  0.04    0.10    0.28 ^ clkbuf_2_2__f_clk/X (sky130_fd_sc_hd__clkbuf_16)
    11    0.03                           clknet_2_2__leaf_clk (net)
                  0.04    0.00    0.28 ^ _409_/CLK (sky130_fd_sc_hd__dfrtp_2)
                          0.25    0.53   clock uncertainty
                          0.00    0.53   clock reconvergence pessimism
                          0.20    0.73   library removal time
                                  0.73   data required time
-----------------------------------------------------------------------------
                                  0.73   data required time
                                 -2.39   data arrival time
-----------------------------------------------------------------------------
                                  1.66   slack (MET)


Startpoint: rst (input port clocked by clk)
Endpoint: _418_ (removal check against rising-edge clock clk)
Path Group: asynchronous
Path Type: min
Corner: Fastest

Fanout     Cap    Slew   Delay    Time   Description
-----------------------------------------------------------------------------
                          0.00    0.00   clock clk (rise edge)
                          0.00    0.00   clock network delay (propagated)
                          2.00    2.00 v input external delay
                  0.01    0.00    2.00 v rst (in)
     2    0.00                           rst (net)
                  0.01    0.00    2.00 v input1/A (sky130_fd_sc_hd__buf_1)
                  0.05    0.07    2.07 v input1/X (sky130_fd_sc_hd__buf_1)
     1    0.01                           net1 (net)
                  0.05    0.00    2.07 v _356_/A (sky130_fd_sc_hd__clkbuf_4)
                  0.08    0.13    2.21 v _356_/X (sky130_fd_sc_hd__clkbuf_4)
     9    0.05                           _200_ (net)
                  0.08    0.01    2.21 v _368_/A (sky130_fd_sc_hd__buf_4)
                  0.06    0.14    2.35 v _368_/X (sky130_fd_sc_hd__buf_4)
    10    0.06                           _202_ (net)
                  0.06    0.00    2.36 v _371_/A (sky130_fd_sc_hd__inv_2)
                  0.03    0.04    2.40 ^ _371_/Y (sky130_fd_sc_hd__inv_2)
     1    0.00                           _012_ (net)
                  0.03    0.00    2.40 ^ _418_/RESET_B (sky130_fd_sc_hd__dfrtp_1)
                                  2.40   data arrival time

                          0.00    0.00   clock clk (rise edge)
                          0.00    0.00   clock source latency
                  0.07    0.05    0.05 ^ clk (in)
     2    0.02                           clk (net)
                  0.07    0.00    0.05 ^ clkbuf_0_clk/A (sky130_fd_sc_hd__clkbuf_16)
                  0.05    0.12    0.17 ^ clkbuf_0_clk/X (sky130_fd_sc_hd__clkbuf_16)
     4    0.05                           clknet_0_clk (net)
                  0.05    0.00    0.17 ^ clkbuf_2_0__f_clk/A (sky130_fd_sc_hd__clkbuf_16)
                  0.04    0.11    0.28 ^ clkbuf_2_0__f_clk/X (sky130_fd_sc_hd__clkbuf_16)
    11    0.04                           clknet_2_0__leaf_clk (net)
                  0.04    0.00    0.28 ^ _418_/CLK (sky130_fd_sc_hd__dfrtp_1)
                          0.25    0.53   clock uncertainty
                          0.00    0.53   clock reconvergence pessimism
                          0.20    0.73   library removal time
                                  0.73   data required time
-----------------------------------------------------------------------------
                                  0.73   data required time
                                 -2.40   data arrival time
-----------------------------------------------------------------------------
                                  1.66   slack (MET)


Startpoint: rst (input port clocked by clk)
Endpoint: _415_ (removal check against rising-edge clock clk)
Path Group: asynchronous
Path Type: min
Corner: Fastest

Fanout     Cap    Slew   Delay    Time   Description
-----------------------------------------------------------------------------
                          0.00    0.00   clock clk (rise edge)
                          0.00    0.00   clock network delay (propagated)
                          2.00    2.00 v input external delay
                  0.01    0.00    2.00 v rst (in)
     2    0.00                           rst (net)
                  0.01    0.00    2.00 v input1/A (sky130_fd_sc_hd__buf_1)
                  0.05    0.07    2.07 v input1/X (sky130_fd_sc_hd__buf_1)
     1    0.01                           net1 (net)
                  0.05    0.00    2.07 v _356_/A (sky130_fd_sc_hd__clkbuf_4)
                  0.08    0.13    2.21 v _356_/X (sky130_fd_sc_hd__clkbuf_4)
     9    0.05                           _200_ (net)
                  0.08    0.00    2.21 v _357_/A (sky130_fd_sc_hd__buf_4)
                  0.06    0.14    2.35 v _357_/X (sky130_fd_sc_hd__buf_4)
    10    0.06                           _201_ (net)
                  0.06    0.00    2.35 v _367_/A (sky130_fd_sc_hd__inv_2)
                  0.03    0.04    2.39 ^ _367_/Y (sky130_fd_sc_hd__inv_2)
     1    0.00                           _009_ (net)
                  0.03    0.00    2.39 ^ _415_/RESET_B (sky130_fd_sc_hd__dfrtp_1)
                                  2.39   data arrival time

                          0.00    0.00   clock clk (rise edge)
                          0.00    0.00   clock source latency
                  0.07    0.05    0.05 ^ clk (in)
     2    0.02                           clk (net)
                  0.07    0.00    0.05 ^ clkbuf_0_clk/A (sky130_fd_sc_hd__clkbuf_16)
                  0.05    0.12    0.17 ^ clkbuf_0_clk/X (sky130_fd_sc_hd__clkbuf_16)
     4    0.05                           clknet_0_clk (net)
                  0.05    0.00    0.17 ^ clkbuf_2_2__f_clk/A (sky130_fd_sc_hd__clkbuf_16)
                  0.04    0.10    0.28 ^ clkbuf_2_2__f_clk/X (sky130_fd_sc_hd__clkbuf_16)
    11    0.03                           clknet_2_2__leaf_clk (net)
                  0.04    0.00    0.28 ^ _415_/CLK (sky130_fd_sc_hd__dfrtp_1)
                          0.25    0.53   clock uncertainty
                          0.00    0.53   clock reconvergence pessimism
                          0.20    0.73   library removal time
                                  0.73   data required time
-----------------------------------------------------------------------------
                                  0.73   data required time
                                 -2.39   data arrival time
-----------------------------------------------------------------------------
                                  1.66   slack (MET)


Startpoint: rst (input port clocked by clk)
Endpoint: _414_ (removal check against rising-edge clock clk)
Path Group: asynchronous
Path Type: min
Corner: Fastest

Fanout     Cap    Slew   Delay    Time   Description
-----------------------------------------------------------------------------
                          0.00    0.00   clock clk (rise edge)
                          0.00    0.00   clock network delay (propagated)
                          2.00    2.00 v input external delay
                  0.01    0.00    2.00 v rst (in)
     2    0.00                           rst (net)
                  0.01    0.00    2.00 v input1/A (sky130_fd_sc_hd__buf_1)
                  0.05    0.07    2.07 v input1/X (sky130_fd_sc_hd__buf_1)
     1    0.01                           net1 (net)
                  0.05    0.00    2.07 v _356_/A (sky130_fd_sc_hd__clkbuf_4)
                  0.08    0.13    2.21 v _356_/X (sky130_fd_sc_hd__clkbuf_4)
     9    0.05                           _200_ (net)
                  0.08    0.00    2.21 v _357_/A (sky130_fd_sc_hd__buf_4)
                  0.06    0.14    2.35 v _357_/X (sky130_fd_sc_hd__buf_4)
    10    0.06                           _201_ (net)
                  0.06    0.00    2.35 v _366_/A (sky130_fd_sc_hd__inv_2)
                  0.03    0.04    2.39 ^ _366_/Y (sky130_fd_sc_hd__inv_2)
     1    0.00                           _008_ (net)
                  0.03    0.00    2.39 ^ _414_/RESET_B (sky130_fd_sc_hd__dfrtp_1)
                                  2.39   data arrival time

                          0.00    0.00   clock clk (rise edge)
                          0.00    0.00   clock source latency
                  0.07    0.05    0.05 ^ clk (in)
     2    0.02                           clk (net)
                  0.07    0.00    0.05 ^ clkbuf_0_clk/A (sky130_fd_sc_hd__clkbuf_16)
                  0.05    0.12    0.17 ^ clkbuf_0_clk/X (sky130_fd_sc_hd__clkbuf_16)
     4    0.05                           clknet_0_clk (net)
                  0.05    0.00    0.17 ^ clkbuf_2_2__f_clk/A (sky130_fd_sc_hd__clkbuf_16)
                  0.04    0.10    0.28 ^ clkbuf_2_2__f_clk/X (sky130_fd_sc_hd__clkbuf_16)
    11    0.03                           clknet_2_2__leaf_clk (net)
                  0.04    0.00    0.28 ^ _414_/CLK (sky130_fd_sc_hd__dfrtp_1)
                          0.25    0.53   clock uncertainty
                          0.00    0.53   clock reconvergence pessimism
                          0.20    0.73   library removal time
                                  0.73   data required time
-----------------------------------------------------------------------------
                                  0.73   data required time
                                 -2.39   data arrival time
-----------------------------------------------------------------------------
                                  1.66   slack (MET)


Startpoint: rst (input port clocked by clk)
Endpoint: _412_ (removal check against rising-edge clock clk)
Path Group: asynchronous
Path Type: min
Corner: Fastest

Fanout     Cap    Slew   Delay    Time   Description
-----------------------------------------------------------------------------
                          0.00    0.00   clock clk (rise edge)
                          0.00    0.00   clock network delay (propagated)
                          2.00    2.00 v input external delay
                  0.01    0.00    2.00 v rst (in)
     2    0.00                           rst (net)
                  0.01    0.00    2.00 v input1/A (sky130_fd_sc_hd__buf_1)
                  0.05    0.07    2.07 v input1/X (sky130_fd_sc_hd__buf_1)
     1    0.01                           net1 (net)
                  0.05    0.00    2.07 v _356_/A (sky130_fd_sc_hd__clkbuf_4)
                  0.08    0.13    2.21 v _356_/X (sky130_fd_sc_hd__clkbuf_4)
     9    0.05                           _200_ (net)
                  0.08    0.00    2.21 v _357_/A (sky130_fd_sc_hd__buf_4)
                  0.06    0.14    2.35 v _357_/X (sky130_fd_sc_hd__buf_4)
    10    0.06                           _201_ (net)
                  0.06    0.00    2.35 v _364_/A (sky130_fd_sc_hd__inv_2)
                  0.03    0.04    2.39 ^ _364_/Y (sky130_fd_sc_hd__inv_2)
     1    0.00                           _006_ (net)
                  0.03    0.00    2.39 ^ _412_/RESET_B (sky130_fd_sc_hd__dfrtp_1)
                                  2.39   data arrival time

                          0.00    0.00   clock clk (rise edge)
                          0.00    0.00   clock source latency
                  0.07    0.05    0.05 ^ clk (in)
     2    0.02                           clk (net)
                  0.07    0.00    0.05 ^ clkbuf_0_clk/A (sky130_fd_sc_hd__clkbuf_16)
                  0.05    0.12    0.17 ^ clkbuf_0_clk/X (sky130_fd_sc_hd__clkbuf_16)
     4    0.05                           clknet_0_clk (net)
                  0.05    0.00    0.17 ^ clkbuf_2_3__f_clk/A (sky130_fd_sc_hd__clkbuf_16)
                  0.04    0.10    0.27 ^ clkbuf_2_3__f_clk/X (sky130_fd_sc_hd__clkbuf_16)
     8    0.03                           clknet_2_3__leaf_clk (net)
                  0.04    0.00    0.28 ^ _412_/CLK (sky130_fd_sc_hd__dfrtp_1)
                          0.25    0.53   clock uncertainty
                          0.00    0.53   clock reconvergence pessimism
                          0.20    0.72   library removal time
                                  0.72   data required time
-----------------------------------------------------------------------------
                                  0.72   data required time
                                 -2.39   data arrival time
-----------------------------------------------------------------------------
                                  1.66   slack (MET)


Startpoint: rst (input port clocked by clk)
Endpoint: _421_ (removal check against rising-edge clock clk)
Path Group: asynchronous
Path Type: min
Corner: Fastest

Fanout     Cap    Slew   Delay    Time   Description
-----------------------------------------------------------------------------
                          0.00    0.00   clock clk (rise edge)
                          0.00    0.00   clock network delay (propagated)
                          2.00    2.00 v input external delay
                  0.01    0.00    2.00 v rst (in)
     2    0.00                           rst (net)
                  0.01    0.00    2.00 v input1/A (sky130_fd_sc_hd__buf_1)
                  0.05    0.07    2.07 v input1/X (sky130_fd_sc_hd__buf_1)
     1    0.01                           net1 (net)
                  0.05    0.00    2.07 v _356_/A (sky130_fd_sc_hd__clkbuf_4)
                  0.08    0.13    2.21 v _356_/X (sky130_fd_sc_hd__clkbuf_4)
     9    0.05                           _200_ (net)
                  0.08    0.01    2.21 v _368_/A (sky130_fd_sc_hd__buf_4)
                  0.06    0.14    2.35 v _368_/X (sky130_fd_sc_hd__buf_4)
    10    0.06                           _202_ (net)
                  0.07    0.00    2.36 v _374_/A (sky130_fd_sc_hd__inv_2)
                  0.03    0.04    2.40 ^ _374_/Y (sky130_fd_sc_hd__inv_2)
     1    0.00                           _015_ (net)
                  0.03    0.00    2.40 ^ _421_/RESET_B (sky130_fd_sc_hd__dfrtp_1)
                                  2.40   data arrival time

                          0.00    0.00   clock clk (rise edge)
                          0.00    0.00   clock source latency
                  0.07    0.05    0.05 ^ clk (in)
     2    0.02                           clk (net)
                  0.07    0.00    0.05 ^ clkbuf_0_clk/A (sky130_fd_sc_hd__clkbuf_16)
                  0.05    0.12    0.17 ^ clkbuf_0_clk/X (sky130_fd_sc_hd__clkbuf_16)
     4    0.05                           clknet_0_clk (net)
                  0.05    0.00    0.17 ^ clkbuf_2_0__f_clk/A (sky130_fd_sc_hd__clkbuf_16)
                  0.04    0.11    0.28 ^ clkbuf_2_0__f_clk/X (sky130_fd_sc_hd__clkbuf_16)
    11    0.04                           clknet_2_0__leaf_clk (net)
                  0.04    0.00    0.28 ^ _421_/CLK (sky130_fd_sc_hd__dfrtp_1)
                          0.25    0.53   clock uncertainty
                          0.00    0.53   clock reconvergence pessimism
                          0.20    0.73   library removal time
                                  0.73   data required time
-----------------------------------------------------------------------------
                                  0.73   data required time
                                 -2.40   data arrival time
-----------------------------------------------------------------------------
                                  1.67   slack (MET)


Startpoint: rst (input port clocked by clk)
Endpoint: _406_ (removal check against rising-edge clock clk)
Path Group: asynchronous
Path Type: min
Corner: Fastest

Fanout     Cap    Slew   Delay    Time   Description
-----------------------------------------------------------------------------
                          0.00    0.00   clock clk (rise edge)
                          0.00    0.00   clock network delay (propagated)
                          2.00    2.00 v input external delay
                  0.01    0.00    2.00 v rst (in)
     2    0.00                           rst (net)
                  0.01    0.00    2.00 v input1/A (sky130_fd_sc_hd__buf_1)
                  0.05    0.07    2.07 v input1/X (sky130_fd_sc_hd__buf_1)
     1    0.01                           net1 (net)
                  0.05    0.00    2.07 v _356_/A (sky130_fd_sc_hd__clkbuf_4)
                  0.08    0.13    2.21 v _356_/X (sky130_fd_sc_hd__clkbuf_4)
     9    0.05                           _200_ (net)
                  0.08    0.00    2.21 v _357_/A (sky130_fd_sc_hd__buf_4)
                  0.06    0.14    2.35 v _357_/X (sky130_fd_sc_hd__buf_4)
    10    0.06                           _201_ (net)
                  0.06    0.00    2.35 v _358_/A (sky130_fd_sc_hd__inv_2)
                  0.03    0.04    2.39 ^ _358_/Y (sky130_fd_sc_hd__inv_2)
     1    0.00                           _000_ (net)
                  0.03    0.00    2.39 ^ _406_/RESET_B (sky130_fd_sc_hd__dfrtp_2)
                                  2.39   data arrival time

                          0.00    0.00   clock clk (rise edge)
                          0.00    0.00   clock source latency
                  0.07    0.05    0.05 ^ clk (in)
     2    0.02                           clk (net)
                  0.07    0.00    0.05 ^ clkbuf_0_clk/A (sky130_fd_sc_hd__clkbuf_16)
                  0.05    0.12    0.17 ^ clkbuf_0_clk/X (sky130_fd_sc_hd__clkbuf_16)
     4    0.05                           clknet_0_clk (net)
                  0.05    0.00    0.17 ^ clkbuf_2_3__f_clk/A (sky130_fd_sc_hd__clkbuf_16)
                  0.04    0.10    0.27 ^ clkbuf_2_3__f_clk/X (sky130_fd_sc_hd__clkbuf_16)
     8    0.03                           clknet_2_3__leaf_clk (net)
                  0.04    0.00    0.28 ^ _406_/CLK (sky130_fd_sc_hd__dfrtp_2)
                          0.25    0.53   clock uncertainty
                          0.00    0.53   clock reconvergence pessimism
                          0.20    0.72   library removal time
                                  0.72   data required time
-----------------------------------------------------------------------------
                                  0.72   data required time
                                 -2.39   data arrival time
-----------------------------------------------------------------------------
                                  1.67   slack (MET)


Startpoint: rst (input port clocked by clk)
Endpoint: _408_ (removal check against rising-edge clock clk)
Path Group: asynchronous
Path Type: min
Corner: Fastest

Fanout     Cap    Slew   Delay    Time   Description
-----------------------------------------------------------------------------
                          0.00    0.00   clock clk (rise edge)
                          0.00    0.00   clock network delay (propagated)
                          2.00    2.00 v input external delay
                  0.01    0.00    2.00 v rst (in)
     2    0.00                           rst (net)
                  0.01    0.00    2.00 v input1/A (sky130_fd_sc_hd__buf_1)
                  0.05    0.07    2.07 v input1/X (sky130_fd_sc_hd__buf_1)
     1    0.01                           net1 (net)
                  0.05    0.00    2.07 v _356_/A (sky130_fd_sc_hd__clkbuf_4)
                  0.08    0.13    2.21 v _356_/X (sky130_fd_sc_hd__clkbuf_4)
     9    0.05                           _200_ (net)
                  0.08    0.00    2.21 v _357_/A (sky130_fd_sc_hd__buf_4)
                  0.06    0.14    2.35 v _357_/X (sky130_fd_sc_hd__buf_4)
    10    0.06                           _201_ (net)
                  0.06    0.00    2.35 v _360_/A (sky130_fd_sc_hd__inv_2)
                  0.03    0.04    2.39 ^ _360_/Y (sky130_fd_sc_hd__inv_2)
     1    0.00                           _002_ (net)
                  0.03    0.00    2.39 ^ _408_/RESET_B (sky130_fd_sc_hd__dfrtp_1)
                                  2.39   data arrival time

                          0.00    0.00   clock clk (rise edge)
                          0.00    0.00   clock source latency
                  0.07    0.05    0.05 ^ clk (in)
     2    0.02                           clk (net)
                  0.07    0.00    0.05 ^ clkbuf_0_clk/A (sky130_fd_sc_hd__clkbuf_16)
                  0.05    0.12    0.17 ^ clkbuf_0_clk/X (sky130_fd_sc_hd__clkbuf_16)
     4    0.05                           clknet_0_clk (net)
                  0.05    0.00    0.17 ^ clkbuf_2_3__f_clk/A (sky130_fd_sc_hd__clkbuf_16)
                  0.04    0.10    0.27 ^ clkbuf_2_3__f_clk/X (sky130_fd_sc_hd__clkbuf_16)
     8    0.03                           clknet_2_3__leaf_clk (net)
                  0.04    0.00    0.28 ^ _408_/CLK (sky130_fd_sc_hd__dfrtp_1)
                          0.25    0.53   clock uncertainty
                          0.00    0.53   clock reconvergence pessimism
                          0.20    0.72   library removal time
                                  0.72   data required time
-----------------------------------------------------------------------------
                                  0.72   data required time
                                 -2.39   data arrival time
-----------------------------------------------------------------------------
                                  1.67   slack (MET)


Startpoint: rst (input port clocked by clk)
Endpoint: _413_ (removal check against rising-edge clock clk)
Path Group: asynchronous
Path Type: min
Corner: Fastest

Fanout     Cap    Slew   Delay    Time   Description
-----------------------------------------------------------------------------
                          0.00    0.00   clock clk (rise edge)
                          0.00    0.00   clock network delay (propagated)
                          2.00    2.00 v input external delay
                  0.01    0.00    2.00 v rst (in)
     2    0.00                           rst (net)
                  0.01    0.00    2.00 v input1/A (sky130_fd_sc_hd__buf_1)
                  0.05    0.07    2.07 v input1/X (sky130_fd_sc_hd__buf_1)
     1    0.01                           net1 (net)
                  0.05    0.00    2.07 v _356_/A (sky130_fd_sc_hd__clkbuf_4)
                  0.08    0.13    2.21 v _356_/X (sky130_fd_sc_hd__clkbuf_4)
     9    0.05                           _200_ (net)
                  0.08    0.00    2.21 v _357_/A (sky130_fd_sc_hd__buf_4)
                  0.06    0.14    2.35 v _357_/X (sky130_fd_sc_hd__buf_4)
    10    0.06                           _201_ (net)
                  0.06    0.01    2.35 v _365_/A (sky130_fd_sc_hd__inv_2)
                  0.03    0.04    2.39 ^ _365_/Y (sky130_fd_sc_hd__inv_2)
     1    0.00                           _007_ (net)
                  0.03    0.00    2.39 ^ _413_/RESET_B (sky130_fd_sc_hd__dfrtp_1)
                                  2.39   data arrival time

                          0.00    0.00   clock clk (rise edge)
                          0.00    0.00   clock source latency
                  0.07    0.05    0.05 ^ clk (in)
     2    0.02                           clk (net)
                  0.07    0.00    0.05 ^ clkbuf_0_clk/A (sky130_fd_sc_hd__clkbuf_16)
                  0.05    0.12    0.17 ^ clkbuf_0_clk/X (sky130_fd_sc_hd__clkbuf_16)
     4    0.05                           clknet_0_clk (net)
                  0.05    0.00    0.17 ^ clkbuf_2_2__f_clk/A (sky130_fd_sc_hd__clkbuf_16)
                  0.04    0.10    0.28 ^ clkbuf_2_2__f_clk/X (sky130_fd_sc_hd__clkbuf_16)
    11    0.03                           clknet_2_2__leaf_clk (net)
                  0.04    0.00    0.28 ^ _413_/CLK (sky130_fd_sc_hd__dfrtp_1)
                          0.25    0.53   clock uncertainty
                          0.00    0.53   clock reconvergence pessimism
                          0.20    0.73   library removal time
                                  0.73   data required time
-----------------------------------------------------------------------------
                                  0.73   data required time
                                 -2.39   data arrival time
-----------------------------------------------------------------------------
                                  1.67   slack (MET)


Startpoint: rst (input port clocked by clk)
Endpoint: _436_ (removal check against rising-edge clock clk)
Path Group: asynchronous
Path Type: min
Corner: Fastest

Fanout     Cap    Slew   Delay    Time   Description
-----------------------------------------------------------------------------
                          0.00    0.00   clock clk (rise edge)
                          0.00    0.00   clock network delay (propagated)
                          2.00    2.00 v input external delay
                  0.01    0.00    2.00 v rst (in)
     2    0.00                           rst (net)
                  0.01    0.00    2.00 v input1/A (sky130_fd_sc_hd__buf_1)
                  0.05    0.07    2.07 v input1/X (sky130_fd_sc_hd__buf_1)
     1    0.01                           net1 (net)
                  0.05    0.00    2.07 v _356_/A (sky130_fd_sc_hd__clkbuf_4)
                  0.08    0.13    2.21 v _356_/X (sky130_fd_sc_hd__clkbuf_4)
     9    0.05                           _200_ (net)
                  0.08    0.01    2.21 v _390_/A (sky130_fd_sc_hd__buf_4)
                  0.07    0.14    2.35 v _390_/X (sky130_fd_sc_hd__buf_4)
    10    0.06                           _204_ (net)
                  0.07    0.01    2.36 v _391_/A (sky130_fd_sc_hd__inv_2)
                  0.03    0.04    2.40 ^ _391_/Y (sky130_fd_sc_hd__inv_2)
     1    0.00                           _030_ (net)
                  0.03    0.00    2.40 ^ _436_/RESET_B (sky130_fd_sc_hd__dfrtp_1)
                                  2.40   data arrival time

                          0.00    0.00   clock clk (rise edge)
                          0.00    0.00   clock source latency
                  0.07    0.05    0.05 ^ clk (in)
     2    0.02                           clk (net)
                  0.07    0.00    0.05 ^ clkbuf_0_clk/A (sky130_fd_sc_hd__clkbuf_16)
                  0.05    0.12    0.17 ^ clkbuf_0_clk/X (sky130_fd_sc_hd__clkbuf_16)
     4    0.05                           clknet_0_clk (net)
                  0.05    0.00    0.17 ^ clkbuf_2_0__f_clk/A (sky130_fd_sc_hd__clkbuf_16)
                  0.04    0.11    0.28 ^ clkbuf_2_0__f_clk/X (sky130_fd_sc_hd__clkbuf_16)
    11    0.04                           clknet_2_0__leaf_clk (net)
                  0.04    0.00    0.28 ^ _436_/CLK (sky130_fd_sc_hd__dfrtp_1)
                          0.25    0.53   clock uncertainty
                          0.00    0.53   clock reconvergence pessimism
                          0.20    0.73   library removal time
                                  0.73   data required time
-----------------------------------------------------------------------------
                                  0.73   data required time
                                 -2.40   data arrival time
-----------------------------------------------------------------------------
                                  1.67   slack (MET)


Startpoint: rst (input port clocked by clk)
Endpoint: _440_ (removal check against rising-edge clock clk)
Path Group: asynchronous
Path Type: min
Corner: Fastest

Fanout     Cap    Slew   Delay    Time   Description
-----------------------------------------------------------------------------
                          0.00    0.00   clock clk (rise edge)
                          0.00    0.00   clock network delay (propagated)
                          2.00    2.00 v input external delay
                  0.01    0.00    2.00 v rst (in)
     2    0.00                           rst (net)
                  0.01    0.00    2.00 v input1/A (sky130_fd_sc_hd__buf_1)
                  0.05    0.07    2.07 v input1/X (sky130_fd_sc_hd__buf_1)
     1    0.01                           net1 (net)
                  0.05    0.00    2.07 v _356_/A (sky130_fd_sc_hd__clkbuf_4)
                  0.08    0.13    2.21 v _356_/X (sky130_fd_sc_hd__clkbuf_4)
     9    0.05                           _200_ (net)
                  0.08    0.01    2.21 v _390_/A (sky130_fd_sc_hd__buf_4)
                  0.07    0.14    2.35 v _390_/X (sky130_fd_sc_hd__buf_4)
    10    0.06                           _204_ (net)
                  0.07    0.01    2.36 v _395_/A (sky130_fd_sc_hd__inv_2)
                  0.03    0.04    2.40 ^ _395_/Y (sky130_fd_sc_hd__inv_2)
     1    0.00                           _034_ (net)
                  0.03    0.00    2.40 ^ _440_/RESET_B (sky130_fd_sc_hd__dfrtp_4)
                                  2.40   data arrival time

                          0.00    0.00   clock clk (rise edge)
                          0.00    0.00   clock source latency
                  0.07    0.05    0.05 ^ clk (in)
     2    0.02                           clk (net)
                  0.07    0.00    0.05 ^ clkbuf_0_clk/A (sky130_fd_sc_hd__clkbuf_16)
                  0.05    0.12    0.17 ^ clkbuf_0_clk/X (sky130_fd_sc_hd__clkbuf_16)
     4    0.05                           clknet_0_clk (net)
                  0.05    0.00    0.17 ^ clkbuf_2_0__f_clk/A (sky130_fd_sc_hd__clkbuf_16)
                  0.04    0.11    0.28 ^ clkbuf_2_0__f_clk/X (sky130_fd_sc_hd__clkbuf_16)
    11    0.04                           clknet_2_0__leaf_clk (net)
                  0.04    0.00    0.28 ^ _440_/CLK (sky130_fd_sc_hd__dfrtp_4)
                          0.25    0.53   clock uncertainty
                          0.00    0.53   clock reconvergence pessimism
                          0.20    0.73   library removal time
                                  0.73   data required time
-----------------------------------------------------------------------------
                                  0.73   data required time
                                 -2.40   data arrival time
-----------------------------------------------------------------------------
                                  1.67   slack (MET)


Startpoint: rst (input port clocked by clk)
Endpoint: _437_ (removal check against rising-edge clock clk)
Path Group: asynchronous
Path Type: min
Corner: Fastest

Fanout     Cap    Slew   Delay    Time   Description
-----------------------------------------------------------------------------
                          0.00    0.00   clock clk (rise edge)
                          0.00    0.00   clock network delay (propagated)
                          2.00    2.00 v input external delay
                  0.01    0.00    2.00 v rst (in)
     2    0.00                           rst (net)
                  0.01    0.00    2.00 v input1/A (sky130_fd_sc_hd__buf_1)
                  0.05    0.07    2.07 v input1/X (sky130_fd_sc_hd__buf_1)
     1    0.01                           net1 (net)
                  0.05    0.00    2.07 v _356_/A (sky130_fd_sc_hd__clkbuf_4)
                  0.08    0.13    2.21 v _356_/X (sky130_fd_sc_hd__clkbuf_4)
     9    0.05                           _200_ (net)
                  0.08    0.01    2.21 v _390_/A (sky130_fd_sc_hd__buf_4)
                  0.07    0.14    2.35 v _390_/X (sky130_fd_sc_hd__buf_4)
    10    0.06                           _204_ (net)
                  0.07    0.00    2.36 v _392_/A (sky130_fd_sc_hd__inv_2)
                  0.03    0.04    2.40 ^ _392_/Y (sky130_fd_sc_hd__inv_2)
     1    0.00                           _031_ (net)
                  0.03    0.00    2.40 ^ _437_/RESET_B (sky130_fd_sc_hd__dfrtp_1)
                                  2.40   data arrival time

                          0.00    0.00   clock clk (rise edge)
                          0.00    0.00   clock source latency
                  0.07    0.05    0.05 ^ clk (in)
     2    0.02                           clk (net)
                  0.07    0.00    0.05 ^ clkbuf_0_clk/A (sky130_fd_sc_hd__clkbuf_16)
                  0.05    0.12    0.17 ^ clkbuf_0_clk/X (sky130_fd_sc_hd__clkbuf_16)
     4    0.05                           clknet_0_clk (net)
                  0.05    0.00    0.17 ^ clkbuf_2_0__f_clk/A (sky130_fd_sc_hd__clkbuf_16)
                  0.04    0.11    0.28 ^ clkbuf_2_0__f_clk/X (sky130_fd_sc_hd__clkbuf_16)
    11    0.04                           clknet_2_0__leaf_clk (net)
                  0.04    0.00    0.28 ^ _437_/CLK (sky130_fd_sc_hd__dfrtp_1)
                          0.25    0.53   clock uncertainty
                          0.00    0.53   clock reconvergence pessimism
                          0.20    0.73   library removal time
                                  0.73   data required time
-----------------------------------------------------------------------------
                                  0.73   data required time
                                 -2.40   data arrival time
-----------------------------------------------------------------------------
                                  1.67   slack (MET)


Startpoint: rst (input port clocked by clk)
Endpoint: _445_ (removal check against rising-edge clock clk)
Path Group: asynchronous
Path Type: min
Corner: Fastest

Fanout     Cap    Slew   Delay    Time   Description
-----------------------------------------------------------------------------
                          0.00    0.00   clock clk (rise edge)
                          0.00    0.00   clock network delay (propagated)
                          2.00    2.00 v input external delay
                  0.01    0.00    2.00 v rst (in)
     2    0.00                           rst (net)
                  0.01    0.00    2.00 v input1/A (sky130_fd_sc_hd__buf_1)
                  0.05    0.07    2.07 v input1/X (sky130_fd_sc_hd__buf_1)
     1    0.01                           net1 (net)
                  0.05    0.00    2.07 v _356_/A (sky130_fd_sc_hd__clkbuf_4)
                  0.08    0.13    2.21 v _356_/X (sky130_fd_sc_hd__clkbuf_4)
     9    0.05                           _200_ (net)
                  0.08    0.01    2.21 v _390_/A (sky130_fd_sc_hd__buf_4)
                  0.07    0.14    2.35 v _390_/X (sky130_fd_sc_hd__buf_4)
    10    0.06                           _204_ (net)
                  0.07    0.00    2.36 v _400_/A (sky130_fd_sc_hd__inv_2)
                  0.03    0.04    2.40 ^ _400_/Y (sky130_fd_sc_hd__inv_2)
     1    0.00                           _039_ (net)
                  0.03    0.00    2.40 ^ _445_/RESET_B (sky130_fd_sc_hd__dfrtp_2)
                                  2.40   data arrival time

                          0.00    0.00   clock clk (rise edge)
                          0.00    0.00   clock source latency
                  0.07    0.05    0.05 ^ clk (in)
     2    0.02                           clk (net)
                  0.07    0.00    0.05 ^ clkbuf_0_clk/A (sky130_fd_sc_hd__clkbuf_16)
                  0.05    0.12    0.17 ^ clkbuf_0_clk/X (sky130_fd_sc_hd__clkbuf_16)
     4    0.05                           clknet_0_clk (net)
                  0.05    0.00    0.17 ^ clkbuf_2_0__f_clk/A (sky130_fd_sc_hd__clkbuf_16)
                  0.04    0.11    0.28 ^ clkbuf_2_0__f_clk/X (sky130_fd_sc_hd__clkbuf_16)
    11    0.04                           clknet_2_0__leaf_clk (net)
                  0.04    0.00    0.28 ^ _445_/CLK (sky130_fd_sc_hd__dfrtp_2)
                          0.25    0.53   clock uncertainty
                          0.00    0.53   clock reconvergence pessimism
                          0.20    0.73   library removal time
                                  0.73   data required time
-----------------------------------------------------------------------------
                                  0.73   data required time
                                 -2.40   data arrival time
-----------------------------------------------------------------------------
                                  1.67   slack (MET)


Startpoint: rst (input port clocked by clk)
Endpoint: _442_ (removal check against rising-edge clock clk)
Path Group: asynchronous
Path Type: min
Corner: Fastest

Fanout     Cap    Slew   Delay    Time   Description
-----------------------------------------------------------------------------
                          0.00    0.00   clock clk (rise edge)
                          0.00    0.00   clock network delay (propagated)
                          2.00    2.00 v input external delay
                  0.01    0.00    2.00 v rst (in)
     2    0.00                           rst (net)
                  0.01    0.00    2.00 v input1/A (sky130_fd_sc_hd__buf_1)
                  0.05    0.07    2.07 v input1/X (sky130_fd_sc_hd__buf_1)
     1    0.01                           net1 (net)
                  0.05    0.00    2.07 v _356_/A (sky130_fd_sc_hd__clkbuf_4)
                  0.08    0.13    2.21 v _356_/X (sky130_fd_sc_hd__clkbuf_4)
     9    0.05                           _200_ (net)
                  0.08    0.01    2.21 v _390_/A (sky130_fd_sc_hd__buf_4)
                  0.07    0.14    2.35 v _390_/X (sky130_fd_sc_hd__buf_4)
    10    0.06                           _204_ (net)
                  0.07    0.01    2.36 v _397_/A (sky130_fd_sc_hd__inv_2)
                  0.03    0.04    2.40 ^ _397_/Y (sky130_fd_sc_hd__inv_2)
     1    0.00                           _036_ (net)
                  0.03    0.00    2.40 ^ _442_/RESET_B (sky130_fd_sc_hd__dfrtp_2)
                                  2.40   data arrival time

                          0.00    0.00   clock clk (rise edge)
                          0.00    0.00   clock source latency
                  0.07    0.05    0.05 ^ clk (in)
     2    0.02                           clk (net)
                  0.07    0.00    0.05 ^ clkbuf_0_clk/A (sky130_fd_sc_hd__clkbuf_16)
                  0.05    0.12    0.17 ^ clkbuf_0_clk/X (sky130_fd_sc_hd__clkbuf_16)
     4    0.05                           clknet_0_clk (net)
                  0.05    0.00    0.17 ^ clkbuf_2_0__f_clk/A (sky130_fd_sc_hd__clkbuf_16)
                  0.04    0.11    0.28 ^ clkbuf_2_0__f_clk/X (sky130_fd_sc_hd__clkbuf_16)
    11    0.04                           clknet_2_0__leaf_clk (net)
                  0.04    0.00    0.28 ^ _442_/CLK (sky130_fd_sc_hd__dfrtp_2)
                          0.25    0.53   clock uncertainty
                          0.00    0.53   clock reconvergence pessimism
                          0.20    0.73   library removal time
                                  0.73   data required time
-----------------------------------------------------------------------------
                                  0.73   data required time
                                 -2.40   data arrival time
-----------------------------------------------------------------------------
                                  1.67   slack (MET)


Startpoint: rst (input port clocked by clk)
Endpoint: _439_ (removal check against rising-edge clock clk)
Path Group: asynchronous
Path Type: min
Corner: Fastest

Fanout     Cap    Slew   Delay    Time   Description
-----------------------------------------------------------------------------
                          0.00    0.00   clock clk (rise edge)
                          0.00    0.00   clock network delay (propagated)
                          2.00    2.00 v input external delay
                  0.01    0.00    2.00 v rst (in)
     2    0.00                           rst (net)
                  0.01    0.00    2.00 v input1/A (sky130_fd_sc_hd__buf_1)
                  0.05    0.07    2.07 v input1/X (sky130_fd_sc_hd__buf_1)
     1    0.01                           net1 (net)
                  0.05    0.00    2.07 v _356_/A (sky130_fd_sc_hd__clkbuf_4)
                  0.08    0.13    2.21 v _356_/X (sky130_fd_sc_hd__clkbuf_4)
     9    0.05                           _200_ (net)
                  0.08    0.01    2.21 v _390_/A (sky130_fd_sc_hd__buf_4)
                  0.07    0.14    2.35 v _390_/X (sky130_fd_sc_hd__buf_4)
    10    0.06                           _204_ (net)
                  0.07    0.01    2.36 v _394_/A (sky130_fd_sc_hd__inv_2)
                  0.03    0.04    2.40 ^ _394_/Y (sky130_fd_sc_hd__inv_2)
     1    0.00                           _033_ (net)
                  0.03    0.00    2.40 ^ _439_/RESET_B (sky130_fd_sc_hd__dfrtp_1)
                                  2.40   data arrival time

                          0.00    0.00   clock clk (rise edge)
                          0.00    0.00   clock source latency
                  0.07    0.05    0.05 ^ clk (in)
     2    0.02                           clk (net)
                  0.07    0.00    0.05 ^ clkbuf_0_clk/A (sky130_fd_sc_hd__clkbuf_16)
                  0.05    0.12    0.17 ^ clkbuf_0_clk/X (sky130_fd_sc_hd__clkbuf_16)
     4    0.05                           clknet_0_clk (net)
                  0.05    0.00    0.17 ^ clkbuf_2_0__f_clk/A (sky130_fd_sc_hd__clkbuf_16)
                  0.04    0.11    0.28 ^ clkbuf_2_0__f_clk/X (sky130_fd_sc_hd__clkbuf_16)
    11    0.04                           clknet_2_0__leaf_clk (net)
                  0.04    0.00    0.28 ^ _439_/CLK (sky130_fd_sc_hd__dfrtp_1)
                          0.25    0.53   clock uncertainty
                          0.00    0.53   clock reconvergence pessimism
                          0.20    0.73   library removal time
                                  0.73   data required time
-----------------------------------------------------------------------------
                                  0.73   data required time
                                 -2.40   data arrival time
-----------------------------------------------------------------------------
                                  1.67   slack (MET)


Startpoint: rst (input port clocked by clk)
Endpoint: _411_ (removal check against rising-edge clock clk)
Path Group: asynchronous
Path Type: min
Corner: Fastest

Fanout     Cap    Slew   Delay    Time   Description
-----------------------------------------------------------------------------
                          0.00    0.00   clock clk (rise edge)
                          0.00    0.00   clock network delay (propagated)
                          2.00    2.00 v input external delay
                  0.01    0.00    2.00 v rst (in)
     2    0.00                           rst (net)
                  0.01    0.00    2.00 v input1/A (sky130_fd_sc_hd__buf_1)
                  0.05    0.07    2.07 v input1/X (sky130_fd_sc_hd__buf_1)
     1    0.01                           net1 (net)
                  0.05    0.00    2.07 v _356_/A (sky130_fd_sc_hd__clkbuf_4)
                  0.08    0.13    2.21 v _356_/X (sky130_fd_sc_hd__clkbuf_4)
     9    0.05                           _200_ (net)
                  0.08    0.00    2.21 v _357_/A (sky130_fd_sc_hd__buf_4)
                  0.06    0.14    2.35 v _357_/X (sky130_fd_sc_hd__buf_4)
    10    0.06                           _201_ (net)
                  0.06    0.00    2.35 v _363_/A (sky130_fd_sc_hd__inv_2)
                  0.03    0.04    2.39 ^ _363_/Y (sky130_fd_sc_hd__inv_2)
     1    0.00                           _005_ (net)
                  0.03    0.00    2.39 ^ _411_/RESET_B (sky130_fd_sc_hd__dfrtp_1)
                                  2.39   data arrival time

                          0.00    0.00   clock clk (rise edge)
                          0.00    0.00   clock source latency
                  0.07    0.05    0.05 ^ clk (in)
     2    0.02                           clk (net)
                  0.07    0.00    0.05 ^ clkbuf_0_clk/A (sky130_fd_sc_hd__clkbuf_16)
                  0.05    0.12    0.17 ^ clkbuf_0_clk/X (sky130_fd_sc_hd__clkbuf_16)
     4    0.05                           clknet_0_clk (net)
                  0.05    0.00    0.17 ^ clkbuf_2_3__f_clk/A (sky130_fd_sc_hd__clkbuf_16)
                  0.04    0.10    0.27 ^ clkbuf_2_3__f_clk/X (sky130_fd_sc_hd__clkbuf_16)
     8    0.03                           clknet_2_3__leaf_clk (net)
                  0.04    0.00    0.28 ^ _411_/CLK (sky130_fd_sc_hd__dfrtp_1)
                          0.25    0.53   clock uncertainty
                          0.00    0.53   clock reconvergence pessimism
                          0.20    0.72   library removal time
                                  0.72   data required time
-----------------------------------------------------------------------------
                                  0.72   data required time
                                 -2.39   data arrival time
-----------------------------------------------------------------------------
                                  1.67   slack (MET)


Startpoint: rst (input port clocked by clk)
Endpoint: _417_ (removal check against rising-edge clock clk)
Path Group: asynchronous
Path Type: min
Corner: Fastest

Fanout     Cap    Slew   Delay    Time   Description
-----------------------------------------------------------------------------
                          0.00    0.00   clock clk (rise edge)
                          0.00    0.00   clock network delay (propagated)
                          2.00    2.00 v input external delay
                  0.01    0.00    2.00 v rst (in)
     2    0.00                           rst (net)
                  0.01    0.00    2.00 v input1/A (sky130_fd_sc_hd__buf_1)
                  0.05    0.07    2.07 v input1/X (sky130_fd_sc_hd__buf_1)
     1    0.01                           net1 (net)
                  0.05    0.00    2.07 v _356_/A (sky130_fd_sc_hd__clkbuf_4)
                  0.08    0.13    2.21 v _356_/X (sky130_fd_sc_hd__clkbuf_4)
     9    0.05                           _200_ (net)
                  0.08    0.01    2.21 v _368_/A (sky130_fd_sc_hd__buf_4)
                  0.06    0.14    2.35 v _368_/X (sky130_fd_sc_hd__buf_4)
    10    0.06                           _202_ (net)
                  0.07    0.00    2.36 v _370_/A (sky130_fd_sc_hd__inv_2)
                  0.03    0.04    2.40 ^ _370_/Y (sky130_fd_sc_hd__inv_2)
     1    0.00                           _011_ (net)
                  0.03    0.00    2.40 ^ _417_/RESET_B (sky130_fd_sc_hd__dfrtp_4)
                                  2.40   data arrival time

                          0.00    0.00   clock clk (rise edge)
                          0.00    0.00   clock source latency
                  0.07    0.05    0.05 ^ clk (in)
     2    0.02                           clk (net)
                  0.07    0.00    0.05 ^ clkbuf_0_clk/A (sky130_fd_sc_hd__clkbuf_16)
                  0.05    0.12    0.17 ^ clkbuf_0_clk/X (sky130_fd_sc_hd__clkbuf_16)
     4    0.05                           clknet_0_clk (net)
                  0.05    0.00    0.17 ^ clkbuf_2_2__f_clk/A (sky130_fd_sc_hd__clkbuf_16)
                  0.04    0.10    0.28 ^ clkbuf_2_2__f_clk/X (sky130_fd_sc_hd__clkbuf_16)
    11    0.03                           clknet_2_2__leaf_clk (net)
                  0.04    0.00    0.28 ^ _417_/CLK (sky130_fd_sc_hd__dfrtp_4)
                          0.25    0.53   clock uncertainty
                          0.00    0.53   clock reconvergence pessimism
                          0.20    0.73   library removal time
                                  0.73   data required time
-----------------------------------------------------------------------------
                                  0.73   data required time
                                 -2.40   data arrival time
-----------------------------------------------------------------------------
                                  1.67   slack (MET)


Startpoint: rst (input port clocked by clk)
Endpoint: _429_ (removal check against rising-edge clock clk)
Path Group: asynchronous
Path Type: min
Corner: Fastest

Fanout     Cap    Slew   Delay    Time   Description
-----------------------------------------------------------------------------
                          0.00    0.00   clock clk (rise edge)
                          0.00    0.00   clock network delay (propagated)
                          2.00    2.00 v input external delay
                  0.01    0.00    2.00 v rst (in)
     2    0.00                           rst (net)
                  0.01    0.00    2.00 v input1/A (sky130_fd_sc_hd__buf_1)
                  0.05    0.07    2.07 v input1/X (sky130_fd_sc_hd__buf_1)
     1    0.01                           net1 (net)
                  0.05    0.00    2.07 v _356_/A (sky130_fd_sc_hd__clkbuf_4)
                  0.08    0.13    2.21 v _356_/X (sky130_fd_sc_hd__clkbuf_4)
     9    0.05                           _200_ (net)
                  0.08    0.01    2.21 v _379_/A (sky130_fd_sc_hd__buf_4)
                  0.07    0.15    2.36 v _379_/X (sky130_fd_sc_hd__buf_4)
    20    0.08                           _203_ (net)
                  0.07    0.00    2.36 v _383_/A (sky130_fd_sc_hd__inv_2)
                  0.03    0.04    2.41 ^ _383_/Y (sky130_fd_sc_hd__inv_2)
     1    0.00                           _023_ (net)
                  0.03    0.00    2.41 ^ _429_/RESET_B (sky130_fd_sc_hd__dfrtp_1)
                                  2.41   data arrival time

                          0.00    0.00   clock clk (rise edge)
                          0.00    0.00   clock source latency
                  0.07    0.05    0.05 ^ clk (in)
     2    0.02                           clk (net)
                  0.07    0.00    0.05 ^ clkbuf_0_clk/A (sky130_fd_sc_hd__clkbuf_16)
                  0.05    0.12    0.17 ^ clkbuf_0_clk/X (sky130_fd_sc_hd__clkbuf_16)
     4    0.05                           clknet_0_clk (net)
                  0.05    0.00    0.17 ^ clkbuf_2_1__f_clk/A (sky130_fd_sc_hd__clkbuf_16)
                  0.05    0.11    0.29 ^ clkbuf_2_1__f_clk/X (sky130_fd_sc_hd__clkbuf_16)
    15    0.05                           clknet_2_1__leaf_clk (net)
                  0.05    0.00    0.29 ^ _429_/CLK (sky130_fd_sc_hd__dfrtp_1)
                          0.25    0.54   clock uncertainty
                          0.00    0.54   clock reconvergence pessimism
                          0.20    0.74   library removal time
                                  0.74   data required time
-----------------------------------------------------------------------------
                                  0.74   data required time
                                 -2.41   data arrival time
-----------------------------------------------------------------------------
                                  1.67   slack (MET)


Startpoint: rst (input port clocked by clk)
Endpoint: _441_ (removal check against rising-edge clock clk)
Path Group: asynchronous
Path Type: min
Corner: Fastest

Fanout     Cap    Slew   Delay    Time   Description
-----------------------------------------------------------------------------
                          0.00    0.00   clock clk (rise edge)
                          0.00    0.00   clock network delay (propagated)
                          2.00    2.00 v input external delay
                  0.01    0.00    2.00 v rst (in)
     2    0.00                           rst (net)
                  0.01    0.00    2.00 v input1/A (sky130_fd_sc_hd__buf_1)
                  0.05    0.07    2.07 v input1/X (sky130_fd_sc_hd__buf_1)
     1    0.01                           net1 (net)
                  0.05    0.00    2.07 v _356_/A (sky130_fd_sc_hd__clkbuf_4)
                  0.08    0.13    2.21 v _356_/X (sky130_fd_sc_hd__clkbuf_4)
     9    0.05                           _200_ (net)
                  0.08    0.01    2.21 v _390_/A (sky130_fd_sc_hd__buf_4)
                  0.07    0.14    2.35 v _390_/X (sky130_fd_sc_hd__buf_4)
    10    0.06                           _204_ (net)
                  0.07    0.01    2.36 v _396_/A (sky130_fd_sc_hd__inv_2)
                  0.03    0.04    2.40 ^ _396_/Y (sky130_fd_sc_hd__inv_2)
     1    0.00                           _035_ (net)
                  0.03    0.00    2.40 ^ _441_/RESET_B (sky130_fd_sc_hd__dfrtp_2)
                                  2.40   data arrival time

                          0.00    0.00   clock clk (rise edge)
                          0.00    0.00   clock source latency
                  0.07    0.05    0.05 ^ clk (in)
     2    0.02                           clk (net)
                  0.07    0.00    0.05 ^ clkbuf_0_clk/A (sky130_fd_sc_hd__clkbuf_16)
                  0.05    0.12    0.17 ^ clkbuf_0_clk/X (sky130_fd_sc_hd__clkbuf_16)
     4    0.05                           clknet_0_clk (net)
                  0.05    0.00    0.17 ^ clkbuf_2_0__f_clk/A (sky130_fd_sc_hd__clkbuf_16)
                  0.04    0.11    0.28 ^ clkbuf_2_0__f_clk/X (sky130_fd_sc_hd__clkbuf_16)
    11    0.04                           clknet_2_0__leaf_clk (net)
                  0.04    0.00    0.28 ^ _441_/CLK (sky130_fd_sc_hd__dfrtp_2)
                          0.25    0.53   clock uncertainty
                          0.00    0.53   clock reconvergence pessimism
                          0.20    0.73   library removal time
                                  0.73   data required time
-----------------------------------------------------------------------------
                                  0.73   data required time
                                 -2.40   data arrival time
-----------------------------------------------------------------------------
                                  1.67   slack (MET)


Startpoint: rst (input port clocked by clk)
Endpoint: _407_ (removal check against rising-edge clock clk)
Path Group: asynchronous
Path Type: min
Corner: Fastest

Fanout     Cap    Slew   Delay    Time   Description
-----------------------------------------------------------------------------
                          0.00    0.00   clock clk (rise edge)
                          0.00    0.00   clock network delay (propagated)
                          2.00    2.00 v input external delay
                  0.01    0.00    2.00 v rst (in)
     2    0.00                           rst (net)
                  0.01    0.00    2.00 v input1/A (sky130_fd_sc_hd__buf_1)
                  0.05    0.07    2.07 v input1/X (sky130_fd_sc_hd__buf_1)
     1    0.01                           net1 (net)
                  0.05    0.00    2.07 v _356_/A (sky130_fd_sc_hd__clkbuf_4)
                  0.08    0.13    2.21 v _356_/X (sky130_fd_sc_hd__clkbuf_4)
     9    0.05                           _200_ (net)
                  0.08    0.00    2.21 v _357_/A (sky130_fd_sc_hd__buf_4)
                  0.06    0.14    2.35 v _357_/X (sky130_fd_sc_hd__buf_4)
    10    0.06                           _201_ (net)
                  0.06    0.00    2.35 v _359_/A (sky130_fd_sc_hd__inv_2)
                  0.03    0.04    2.39 ^ _359_/Y (sky130_fd_sc_hd__inv_2)
     1    0.01                           _001_ (net)
                  0.03    0.00    2.39 ^ _407_/RESET_B (sky130_fd_sc_hd__dfrtp_1)
                                  2.39   data arrival time

                          0.00    0.00   clock clk (rise edge)
                          0.00    0.00   clock source latency
                  0.07    0.05    0.05 ^ clk (in)
     2    0.02                           clk (net)
                  0.07    0.00    0.05 ^ clkbuf_0_clk/A (sky130_fd_sc_hd__clkbuf_16)
                  0.05    0.12    0.17 ^ clkbuf_0_clk/X (sky130_fd_sc_hd__clkbuf_16)
     4    0.05                           clknet_0_clk (net)
                  0.05    0.00    0.17 ^ clkbuf_2_3__f_clk/A (sky130_fd_sc_hd__clkbuf_16)
                  0.04    0.10    0.27 ^ clkbuf_2_3__f_clk/X (sky130_fd_sc_hd__clkbuf_16)
     8    0.03                           clknet_2_3__leaf_clk (net)
                  0.04    0.00    0.28 ^ _407_/CLK (sky130_fd_sc_hd__dfrtp_1)
                          0.25    0.53   clock uncertainty
                          0.00    0.53   clock reconvergence pessimism
                          0.20    0.72   library removal time
                                  0.72   data required time
-----------------------------------------------------------------------------
                                  0.72   data required time
                                 -2.39   data arrival time
-----------------------------------------------------------------------------
                                  1.67   slack (MET)


Startpoint: rst (input port clocked by clk)
Endpoint: _419_ (removal check against rising-edge clock clk)
Path Group: asynchronous
Path Type: min
Corner: Fastest

Fanout     Cap    Slew   Delay    Time   Description
-----------------------------------------------------------------------------
                          0.00    0.00   clock clk (rise edge)
                          0.00    0.00   clock network delay (propagated)
                          2.00    2.00 v input external delay
                  0.01    0.00    2.00 v rst (in)
     2    0.00                           rst (net)
                  0.01    0.00    2.00 v input1/A (sky130_fd_sc_hd__buf_1)
                  0.05    0.07    2.07 v input1/X (sky130_fd_sc_hd__buf_1)
     1    0.01                           net1 (net)
                  0.05    0.00    2.07 v _356_/A (sky130_fd_sc_hd__clkbuf_4)
                  0.08    0.13    2.21 v _356_/X (sky130_fd_sc_hd__clkbuf_4)
     9    0.05                           _200_ (net)
                  0.08    0.01    2.21 v _368_/A (sky130_fd_sc_hd__buf_4)
                  0.06    0.14    2.35 v _368_/X (sky130_fd_sc_hd__buf_4)
    10    0.06                           _202_ (net)
                  0.07    0.01    2.36 v _372_/A (sky130_fd_sc_hd__inv_2)
                  0.03    0.04    2.40 ^ _372_/Y (sky130_fd_sc_hd__inv_2)
     1    0.00                           _013_ (net)
                  0.03    0.00    2.40 ^ _419_/RESET_B (sky130_fd_sc_hd__dfrtp_1)
                                  2.40   data arrival time

                          0.00    0.00   clock clk (rise edge)
                          0.00    0.00   clock source latency
                  0.07    0.05    0.05 ^ clk (in)
     2    0.02                           clk (net)
                  0.07    0.00    0.05 ^ clkbuf_0_clk/A (sky130_fd_sc_hd__clkbuf_16)
                  0.05    0.12    0.17 ^ clkbuf_0_clk/X (sky130_fd_sc_hd__clkbuf_16)
     4    0.05                           clknet_0_clk (net)
                  0.05    0.00    0.17 ^ clkbuf_2_2__f_clk/A (sky130_fd_sc_hd__clkbuf_16)
                  0.04    0.10    0.28 ^ clkbuf_2_2__f_clk/X (sky130_fd_sc_hd__clkbuf_16)
    11    0.03                           clknet_2_2__leaf_clk (net)
                  0.04    0.00    0.28 ^ _419_/CLK (sky130_fd_sc_hd__dfrtp_1)
                          0.25    0.53   clock uncertainty
                          0.00    0.53   clock reconvergence pessimism
                          0.20    0.73   library removal time
                                  0.73   data required time
-----------------------------------------------------------------------------
                                  0.73   data required time
                                 -2.40   data arrival time
-----------------------------------------------------------------------------
                                  1.67   slack (MET)


Startpoint: rst (input port clocked by clk)
Endpoint: _433_ (removal check against rising-edge clock clk)
Path Group: asynchronous
Path Type: min
Corner: Fastest

Fanout     Cap    Slew   Delay    Time   Description
-----------------------------------------------------------------------------
                          0.00    0.00   clock clk (rise edge)
                          0.00    0.00   clock network delay (propagated)
                          2.00    2.00 v input external delay
                  0.01    0.00    2.00 v rst (in)
     2    0.00                           rst (net)
                  0.01    0.00    2.00 v input1/A (sky130_fd_sc_hd__buf_1)
                  0.05    0.07    2.07 v input1/X (sky130_fd_sc_hd__buf_1)
     1    0.01                           net1 (net)
                  0.05    0.00    2.07 v _356_/A (sky130_fd_sc_hd__clkbuf_4)
                  0.08    0.13    2.21 v _356_/X (sky130_fd_sc_hd__clkbuf_4)
     9    0.05                           _200_ (net)
                  0.08    0.01    2.21 v _379_/A (sky130_fd_sc_hd__buf_4)
                  0.07    0.15    2.36 v _379_/X (sky130_fd_sc_hd__buf_4)
    20    0.08                           _203_ (net)
                  0.07    0.01    2.37 v _387_/A (sky130_fd_sc_hd__inv_2)
                  0.03    0.04    2.41 ^ _387_/Y (sky130_fd_sc_hd__inv_2)
     1    0.00                           _027_ (net)
                  0.03    0.00    2.41 ^ _433_/RESET_B (sky130_fd_sc_hd__dfrtp_1)
                                  2.41   data arrival time

                          0.00    0.00   clock clk (rise edge)
                          0.00    0.00   clock source latency
                  0.07    0.05    0.05 ^ clk (in)
     2    0.02                           clk (net)
                  0.07    0.00    0.05 ^ clkbuf_0_clk/A (sky130_fd_sc_hd__clkbuf_16)
                  0.05    0.12    0.17 ^ clkbuf_0_clk/X (sky130_fd_sc_hd__clkbuf_16)
     4    0.05                           clknet_0_clk (net)
                  0.05    0.00    0.17 ^ clkbuf_2_1__f_clk/A (sky130_fd_sc_hd__clkbuf_16)
                  0.05    0.11    0.29 ^ clkbuf_2_1__f_clk/X (sky130_fd_sc_hd__clkbuf_16)
    15    0.05                           clknet_2_1__leaf_clk (net)
                  0.05    0.00    0.29 ^ _433_/CLK (sky130_fd_sc_hd__dfrtp_1)
                          0.25    0.54   clock uncertainty
                          0.00    0.54   clock reconvergence pessimism
                          0.20    0.74   library removal time
                                  0.74   data required time
-----------------------------------------------------------------------------
                                  0.74   data required time
                                 -2.41   data arrival time
-----------------------------------------------------------------------------
                                  1.67   slack (MET)


Startpoint: rst (input port clocked by clk)
Endpoint: _428_ (removal check against rising-edge clock clk)
Path Group: asynchronous
Path Type: min
Corner: Fastest

Fanout     Cap    Slew   Delay    Time   Description
-----------------------------------------------------------------------------
                          0.00    0.00   clock clk (rise edge)
                          0.00    0.00   clock network delay (propagated)
                          2.00    2.00 v input external delay
                  0.01    0.00    2.00 v rst (in)
     2    0.00                           rst (net)
                  0.01    0.00    2.00 v input1/A (sky130_fd_sc_hd__buf_1)
                  0.05    0.07    2.07 v input1/X (sky130_fd_sc_hd__buf_1)
     1    0.01                           net1 (net)
                  0.05    0.00    2.07 v _356_/A (sky130_fd_sc_hd__clkbuf_4)
                  0.08    0.13    2.21 v _356_/X (sky130_fd_sc_hd__clkbuf_4)
     9    0.05                           _200_ (net)
                  0.08    0.01    2.21 v _379_/A (sky130_fd_sc_hd__buf_4)
                  0.07    0.15    2.36 v _379_/X (sky130_fd_sc_hd__buf_4)
    20    0.08                           _203_ (net)
                  0.07    0.00    2.36 v _382_/A (sky130_fd_sc_hd__inv_2)
                  0.03    0.05    2.41 ^ _382_/Y (sky130_fd_sc_hd__inv_2)
     1    0.00                           _022_ (net)
                  0.03    0.00    2.41 ^ _428_/RESET_B (sky130_fd_sc_hd__dfrtp_1)
                                  2.41   data arrival time

                          0.00    0.00   clock clk (rise edge)
                          0.00    0.00   clock source latency
                  0.07    0.05    0.05 ^ clk (in)
     2    0.02                           clk (net)
                  0.07    0.00    0.05 ^ clkbuf_0_clk/A (sky130_fd_sc_hd__clkbuf_16)
                  0.05    0.12    0.17 ^ clkbuf_0_clk/X (sky130_fd_sc_hd__clkbuf_16)
     4    0.05                           clknet_0_clk (net)
                  0.05    0.00    0.17 ^ clkbuf_2_1__f_clk/A (sky130_fd_sc_hd__clkbuf_16)
                  0.05    0.11    0.29 ^ clkbuf_2_1__f_clk/X (sky130_fd_sc_hd__clkbuf_16)
    15    0.05                           clknet_2_1__leaf_clk (net)
                  0.05    0.00    0.29 ^ _428_/CLK (sky130_fd_sc_hd__dfrtp_1)
                          0.25    0.54   clock uncertainty
                          0.00    0.54   clock reconvergence pessimism
                          0.20    0.74   library removal time
                                  0.74   data required time
-----------------------------------------------------------------------------
                                  0.74   data required time
                                 -2.41   data arrival time
-----------------------------------------------------------------------------
                                  1.67   slack (MET)


Startpoint: rst (input port clocked by clk)
Endpoint: _424_ (removal check against rising-edge clock clk)
Path Group: asynchronous
Path Type: min
Corner: Fastest

Fanout     Cap    Slew   Delay    Time   Description
-----------------------------------------------------------------------------
                          0.00    0.00   clock clk (rise edge)
                          0.00    0.00   clock network delay (propagated)
                          2.00    2.00 v input external delay
                  0.01    0.00    2.00 v rst (in)
     2    0.00                           rst (net)
                  0.01    0.00    2.00 v input1/A (sky130_fd_sc_hd__buf_1)
                  0.05    0.07    2.07 v input1/X (sky130_fd_sc_hd__buf_1)
     1    0.01                           net1 (net)
                  0.05    0.00    2.07 v _356_/A (sky130_fd_sc_hd__clkbuf_4)
                  0.08    0.13    2.21 v _356_/X (sky130_fd_sc_hd__clkbuf_4)
     9    0.05                           _200_ (net)
                  0.08    0.01    2.21 v _368_/A (sky130_fd_sc_hd__buf_4)
                  0.06    0.14    2.35 v _368_/X (sky130_fd_sc_hd__buf_4)
    10    0.06                           _202_ (net)
                  0.06    0.00    2.35 v _377_/A (sky130_fd_sc_hd__inv_2)
                  0.03    0.04    2.40 ^ _377_/Y (sky130_fd_sc_hd__inv_2)
     1    0.00                           _018_ (net)
                  0.03    0.00    2.40 ^ _424_/RESET_B (sky130_fd_sc_hd__dfrtp_1)
                                  2.40   data arrival time

                          0.00    0.00   clock clk (rise edge)
                          0.00    0.00   clock source latency
                  0.07    0.05    0.05 ^ clk (in)
     2    0.02                           clk (net)
                  0.07    0.00    0.05 ^ clkbuf_0_clk/A (sky130_fd_sc_hd__clkbuf_16)
                  0.05    0.12    0.17 ^ clkbuf_0_clk/X (sky130_fd_sc_hd__clkbuf_16)
     4    0.05                           clknet_0_clk (net)
                  0.05    0.00    0.17 ^ clkbuf_2_3__f_clk/A (sky130_fd_sc_hd__clkbuf_16)
                  0.04    0.10    0.27 ^ clkbuf_2_3__f_clk/X (sky130_fd_sc_hd__clkbuf_16)
     8    0.03                           clknet_2_3__leaf_clk (net)
                  0.04    0.00    0.28 ^ _424_/CLK (sky130_fd_sc_hd__dfrtp_1)
                          0.25    0.53   clock uncertainty
                          0.00    0.53   clock reconvergence pessimism
                          0.20    0.72   library removal time
                                  0.72   data required time
-----------------------------------------------------------------------------
                                  0.72   data required time
                                 -2.40   data arrival time
-----------------------------------------------------------------------------
                                  1.67   slack (MET)


Startpoint: rst (input port clocked by clk)
Endpoint: _432_ (removal check against rising-edge clock clk)
Path Group: asynchronous
Path Type: min
Corner: Fastest

Fanout     Cap    Slew   Delay    Time   Description
-----------------------------------------------------------------------------
                          0.00    0.00   clock clk (rise edge)
                          0.00    0.00   clock network delay (propagated)
                          2.00    2.00 v input external delay
                  0.01    0.00    2.00 v rst (in)
     2    0.00                           rst (net)
                  0.01    0.00    2.00 v input1/A (sky130_fd_sc_hd__buf_1)
                  0.05    0.07    2.07 v input1/X (sky130_fd_sc_hd__buf_1)
     1    0.01                           net1 (net)
                  0.05    0.00    2.07 v _356_/A (sky130_fd_sc_hd__clkbuf_4)
                  0.08    0.13    2.21 v _356_/X (sky130_fd_sc_hd__clkbuf_4)
     9    0.05                           _200_ (net)
                  0.08    0.01    2.21 v _379_/A (sky130_fd_sc_hd__buf_4)
                  0.07    0.15    2.36 v _379_/X (sky130_fd_sc_hd__buf_4)
    20    0.08                           _203_ (net)
                  0.07    0.01    2.37 v _386_/A (sky130_fd_sc_hd__inv_2)
                  0.03    0.05    2.41 ^ _386_/Y (sky130_fd_sc_hd__inv_2)
     1    0.00                           _026_ (net)
                  0.03    0.00    2.41 ^ _432_/RESET_B (sky130_fd_sc_hd__dfrtp_2)
                                  2.41   data arrival time

                          0.00    0.00   clock clk (rise edge)
                          0.00    0.00   clock source latency
                  0.07    0.05    0.05 ^ clk (in)
     2    0.02                           clk (net)
                  0.07    0.00    0.05 ^ clkbuf_0_clk/A (sky130_fd_sc_hd__clkbuf_16)
                  0.05    0.12    0.17 ^ clkbuf_0_clk/X (sky130_fd_sc_hd__clkbuf_16)
     4    0.05                           clknet_0_clk (net)
                  0.05    0.00    0.17 ^ clkbuf_2_1__f_clk/A (sky130_fd_sc_hd__clkbuf_16)
                  0.05    0.11    0.29 ^ clkbuf_2_1__f_clk/X (sky130_fd_sc_hd__clkbuf_16)
    15    0.05                           clknet_2_1__leaf_clk (net)
                  0.05    0.00    0.29 ^ _432_/CLK (sky130_fd_sc_hd__dfrtp_2)
                          0.25    0.54   clock uncertainty
                          0.00    0.54   clock reconvergence pessimism
                          0.20    0.74   library removal time
                                  0.74   data required time
-----------------------------------------------------------------------------
                                  0.74   data required time
                                 -2.41   data arrival time
-----------------------------------------------------------------------------
                                  1.67   slack (MET)


Startpoint: rst (input port clocked by clk)
Endpoint: _416_ (removal check against rising-edge clock clk)
Path Group: asynchronous
Path Type: min
Corner: Fastest

Fanout     Cap    Slew   Delay    Time   Description
-----------------------------------------------------------------------------
                          0.00    0.00   clock clk (rise edge)
                          0.00    0.00   clock network delay (propagated)
                          2.00    2.00 v input external delay
                  0.01    0.00    2.00 v rst (in)
     2    0.00                           rst (net)
                  0.01    0.00    2.00 v input1/A (sky130_fd_sc_hd__buf_1)
                  0.05    0.07    2.07 v input1/X (sky130_fd_sc_hd__buf_1)
     1    0.01                           net1 (net)
                  0.05    0.00    2.07 v _356_/A (sky130_fd_sc_hd__clkbuf_4)
                  0.08    0.13    2.21 v _356_/X (sky130_fd_sc_hd__clkbuf_4)
     9    0.05                           _200_ (net)
                  0.08    0.01    2.21 v _368_/A (sky130_fd_sc_hd__buf_4)
                  0.06    0.14    2.35 v _368_/X (sky130_fd_sc_hd__buf_4)
    10    0.06                           _202_ (net)
                  0.07    0.00    2.36 v _369_/A (sky130_fd_sc_hd__inv_2)
                  0.03    0.05    2.40 ^ _369_/Y (sky130_fd_sc_hd__inv_2)
     1    0.01                           _010_ (net)
                  0.03    0.00    2.40 ^ _416_/RESET_B (sky130_fd_sc_hd__dfrtp_1)
                                  2.40   data arrival time

                          0.00    0.00   clock clk (rise edge)
                          0.00    0.00   clock source latency
                  0.07    0.05    0.05 ^ clk (in)
     2    0.02                           clk (net)
                  0.07    0.00    0.05 ^ clkbuf_0_clk/A (sky130_fd_sc_hd__clkbuf_16)
                  0.05    0.12    0.17 ^ clkbuf_0_clk/X (sky130_fd_sc_hd__clkbuf_16)
     4    0.05                           clknet_0_clk (net)
                  0.05    0.00    0.17 ^ clkbuf_2_2__f_clk/A (sky130_fd_sc_hd__clkbuf_16)
                  0.04    0.10    0.28 ^ clkbuf_2_2__f_clk/X (sky130_fd_sc_hd__clkbuf_16)
    11    0.03                           clknet_2_2__leaf_clk (net)
                  0.04    0.00    0.28 ^ _416_/CLK (sky130_fd_sc_hd__dfrtp_1)
                          0.25    0.53   clock uncertainty
                          0.00    0.53   clock reconvergence pessimism
                          0.20    0.73   library removal time
                                  0.73   data required time
-----------------------------------------------------------------------------
                                  0.73   data required time
                                 -2.40   data arrival time
-----------------------------------------------------------------------------
                                  1.67   slack (MET)


Startpoint: rst (input port clocked by clk)
Endpoint: _430_ (removal check against rising-edge clock clk)
Path Group: asynchronous
Path Type: min
Corner: Fastest

Fanout     Cap    Slew   Delay    Time   Description
-----------------------------------------------------------------------------
                          0.00    0.00   clock clk (rise edge)
                          0.00    0.00   clock network delay (propagated)
                          2.00    2.00 v input external delay
                  0.01    0.00    2.00 v rst (in)
     2    0.00                           rst (net)
                  0.01    0.00    2.00 v input1/A (sky130_fd_sc_hd__buf_1)
                  0.05    0.07    2.07 v input1/X (sky130_fd_sc_hd__buf_1)
     1    0.01                           net1 (net)
                  0.05    0.00    2.07 v _356_/A (sky130_fd_sc_hd__clkbuf_4)
                  0.08    0.13    2.21 v _356_/X (sky130_fd_sc_hd__clkbuf_4)
     9    0.05                           _200_ (net)
                  0.08    0.01    2.21 v _379_/A (sky130_fd_sc_hd__buf_4)
                  0.07    0.15    2.36 v _379_/X (sky130_fd_sc_hd__buf_4)
    20    0.08                           _203_ (net)
                  0.07    0.01    2.37 v _384_/A (sky130_fd_sc_hd__inv_2)
                  0.03    0.04    2.41 ^ _384_/Y (sky130_fd_sc_hd__inv_2)
     1    0.00                           _024_ (net)
                  0.03    0.00    2.41 ^ _430_/RESET_B (sky130_fd_sc_hd__dfrtp_4)
                                  2.41   data arrival time

                          0.00    0.00   clock clk (rise edge)
                          0.00    0.00   clock source latency
                  0.07    0.05    0.05 ^ clk (in)
     2    0.02                           clk (net)
                  0.07    0.00    0.05 ^ clkbuf_0_clk/A (sky130_fd_sc_hd__clkbuf_16)
                  0.05    0.12    0.17 ^ clkbuf_0_clk/X (sky130_fd_sc_hd__clkbuf_16)
     4    0.05                           clknet_0_clk (net)
                  0.05    0.00    0.17 ^ clkbuf_2_2__f_clk/A (sky130_fd_sc_hd__clkbuf_16)
                  0.04    0.10    0.28 ^ clkbuf_2_2__f_clk/X (sky130_fd_sc_hd__clkbuf_16)
    11    0.03                           clknet_2_2__leaf_clk (net)
                  0.04    0.00    0.28 ^ _430_/CLK (sky130_fd_sc_hd__dfrtp_4)
                          0.25    0.53   clock uncertainty
                          0.00    0.53   clock reconvergence pessimism
                          0.20    0.73   library removal time
                                  0.73   data required time
-----------------------------------------------------------------------------
                                  0.73   data required time
                                 -2.41   data arrival time
-----------------------------------------------------------------------------
                                  1.68   slack (MET)


Startpoint: rst (input port clocked by clk)
Endpoint: _431_ (removal check against rising-edge clock clk)
Path Group: asynchronous
Path Type: min
Corner: Fastest

Fanout     Cap    Slew   Delay    Time   Description
-----------------------------------------------------------------------------
                          0.00    0.00   clock clk (rise edge)
                          0.00    0.00   clock network delay (propagated)
                          2.00    2.00 v input external delay
                  0.01    0.00    2.00 v rst (in)
     2    0.00                           rst (net)
                  0.01    0.00    2.00 v input1/A (sky130_fd_sc_hd__buf_1)
                  0.05    0.07    2.07 v input1/X (sky130_fd_sc_hd__buf_1)
     1    0.01                           net1 (net)
                  0.05    0.00    2.07 v _356_/A (sky130_fd_sc_hd__clkbuf_4)
                  0.08    0.13    2.21 v _356_/X (sky130_fd_sc_hd__clkbuf_4)
     9    0.05                           _200_ (net)
                  0.08    0.01    2.21 v _379_/A (sky130_fd_sc_hd__buf_4)
                  0.07    0.15    2.36 v _379_/X (sky130_fd_sc_hd__buf_4)
    20    0.08                           _203_ (net)
                  0.07    0.01    2.37 v _385_/A (sky130_fd_sc_hd__inv_2)
                  0.03    0.04    2.41 ^ _385_/Y (sky130_fd_sc_hd__inv_2)
     1    0.00                           _025_ (net)
                  0.03    0.00    2.41 ^ _431_/RESET_B (sky130_fd_sc_hd__dfrtp_4)
                                  2.41   data arrival time

                          0.00    0.00   clock clk (rise edge)
                          0.00    0.00   clock source latency
                  0.07    0.05    0.05 ^ clk (in)
     2    0.02                           clk (net)
                  0.07    0.00    0.05 ^ clkbuf_0_clk/A (sky130_fd_sc_hd__clkbuf_16)
                  0.05    0.12    0.17 ^ clkbuf_0_clk/X (sky130_fd_sc_hd__clkbuf_16)
     4    0.05                           clknet_0_clk (net)
                  0.05    0.00    0.17 ^ clkbuf_2_2__f_clk/A (sky130_fd_sc_hd__clkbuf_16)
                  0.04    0.10    0.28 ^ clkbuf_2_2__f_clk/X (sky130_fd_sc_hd__clkbuf_16)
    11    0.03                           clknet_2_2__leaf_clk (net)
                  0.04    0.00    0.28 ^ _431_/CLK (sky130_fd_sc_hd__dfrtp_4)
                          0.25    0.53   clock uncertainty
                          0.00    0.53   clock reconvergence pessimism
                          0.20    0.73   library removal time
                                  0.73   data required time
-----------------------------------------------------------------------------
                                  0.73   data required time
                                 -2.41   data arrival time
-----------------------------------------------------------------------------
                                  1.68   slack (MET)


Startpoint: rst (input port clocked by clk)
Endpoint: _434_ (removal check against rising-edge clock clk)
Path Group: asynchronous
Path Type: min
Corner: Fastest

Fanout     Cap    Slew   Delay    Time   Description
-----------------------------------------------------------------------------
                          0.00    0.00   clock clk (rise edge)
                          0.00    0.00   clock network delay (propagated)
                          2.00    2.00 v input external delay
                  0.01    0.00    2.00 v rst (in)
     2    0.00                           rst (net)
                  0.01    0.00    2.00 v input1/A (sky130_fd_sc_hd__buf_1)
                  0.05    0.07    2.07 v input1/X (sky130_fd_sc_hd__buf_1)
     1    0.01                           net1 (net)
                  0.05    0.00    2.07 v _356_/A (sky130_fd_sc_hd__clkbuf_4)
                  0.08    0.13    2.21 v _356_/X (sky130_fd_sc_hd__clkbuf_4)
     9    0.05                           _200_ (net)
                  0.08    0.01    2.21 v _379_/A (sky130_fd_sc_hd__buf_4)
                  0.07    0.15    2.36 v _379_/X (sky130_fd_sc_hd__buf_4)
    20    0.08                           _203_ (net)
                  0.08    0.01    2.37 v _388_/A (sky130_fd_sc_hd__inv_2)
                  0.03    0.04    2.41 ^ _388_/Y (sky130_fd_sc_hd__inv_2)
     1    0.00                           _028_ (net)
                  0.03    0.00    2.41 ^ _434_/RESET_B (sky130_fd_sc_hd__dfrtp_1)
                                  2.41   data arrival time

                          0.00    0.00   clock clk (rise edge)
                          0.00    0.00   clock source latency
                  0.07    0.05    0.05 ^ clk (in)
     2    0.02                           clk (net)
                  0.07    0.00    0.05 ^ clkbuf_0_clk/A (sky130_fd_sc_hd__clkbuf_16)
                  0.05    0.12    0.17 ^ clkbuf_0_clk/X (sky130_fd_sc_hd__clkbuf_16)
     4    0.05                           clknet_0_clk (net)
                  0.05    0.00    0.17 ^ clkbuf_2_0__f_clk/A (sky130_fd_sc_hd__clkbuf_16)
                  0.04    0.11    0.28 ^ clkbuf_2_0__f_clk/X (sky130_fd_sc_hd__clkbuf_16)
    11    0.04                           clknet_2_0__leaf_clk (net)
                  0.04    0.00    0.28 ^ _434_/CLK (sky130_fd_sc_hd__dfrtp_1)
                          0.25    0.53   clock uncertainty
                          0.00    0.53   clock reconvergence pessimism
                          0.20    0.73   library removal time
                                  0.73   data required time
-----------------------------------------------------------------------------
                                  0.73   data required time
                                 -2.41   data arrival time
-----------------------------------------------------------------------------
                                  1.68   slack (MET)


Startpoint: rst (input port clocked by clk)
Endpoint: _435_ (removal check against rising-edge clock clk)
Path Group: asynchronous
Path Type: min
Corner: Fastest

Fanout     Cap    Slew   Delay    Time   Description
-----------------------------------------------------------------------------
                          0.00    0.00   clock clk (rise edge)
                          0.00    0.00   clock network delay (propagated)
                          2.00    2.00 v input external delay
                  0.01    0.00    2.00 v rst (in)
     2    0.00                           rst (net)
                  0.01    0.00    2.00 v input1/A (sky130_fd_sc_hd__buf_1)
                  0.05    0.07    2.07 v input1/X (sky130_fd_sc_hd__buf_1)
     1    0.01                           net1 (net)
                  0.05    0.00    2.07 v _356_/A (sky130_fd_sc_hd__clkbuf_4)
                  0.08    0.13    2.21 v _356_/X (sky130_fd_sc_hd__clkbuf_4)
     9    0.05                           _200_ (net)
                  0.08    0.01    2.21 v _379_/A (sky130_fd_sc_hd__buf_4)
                  0.07    0.15    2.36 v _379_/X (sky130_fd_sc_hd__buf_4)
    20    0.08                           _203_ (net)
                  0.08    0.01    2.37 v _389_/A (sky130_fd_sc_hd__inv_2)
                  0.03    0.05    2.41 ^ _389_/Y (sky130_fd_sc_hd__inv_2)
     1    0.00                           _029_ (net)
                  0.03    0.00    2.41 ^ _435_/RESET_B (sky130_fd_sc_hd__dfrtp_1)
                                  2.41   data arrival time

                          0.00    0.00   clock clk (rise edge)
                          0.00    0.00   clock source latency
                  0.07    0.05    0.05 ^ clk (in)
     2    0.02                           clk (net)
                  0.07    0.00    0.05 ^ clkbuf_0_clk/A (sky130_fd_sc_hd__clkbuf_16)
                  0.05    0.12    0.17 ^ clkbuf_0_clk/X (sky130_fd_sc_hd__clkbuf_16)
     4    0.05                           clknet_0_clk (net)
                  0.05    0.00    0.17 ^ clkbuf_2_0__f_clk/A (sky130_fd_sc_hd__clkbuf_16)
                  0.04    0.11    0.28 ^ clkbuf_2_0__f_clk/X (sky130_fd_sc_hd__clkbuf_16)
    11    0.04                           clknet_2_0__leaf_clk (net)
                  0.04    0.00    0.28 ^ _435_/CLK (sky130_fd_sc_hd__dfrtp_1)
                          0.25    0.53   clock uncertainty
                          0.00    0.53   clock reconvergence pessimism
                          0.20    0.73   library removal time
                                  0.73   data required time
-----------------------------------------------------------------------------
                                  0.73   data required time
                                 -2.41   data arrival time
-----------------------------------------------------------------------------
                                  1.68   slack (MET)


Startpoint: rst (input port clocked by clk)
Endpoint: _427_ (removal check against rising-edge clock clk)
Path Group: asynchronous
Path Type: min
Corner: Fastest

Fanout     Cap    Slew   Delay    Time   Description
-----------------------------------------------------------------------------
                          0.00    0.00   clock clk (rise edge)
                          0.00    0.00   clock network delay (propagated)
                          2.00    2.00 v input external delay
                  0.01    0.00    2.00 v rst (in)
     2    0.00                           rst (net)
                  0.01    0.00    2.00 v input1/A (sky130_fd_sc_hd__buf_1)
                  0.05    0.07    2.07 v input1/X (sky130_fd_sc_hd__buf_1)
     1    0.01                           net1 (net)
                  0.05    0.00    2.07 v _356_/A (sky130_fd_sc_hd__clkbuf_4)
                  0.08    0.13    2.21 v _356_/X (sky130_fd_sc_hd__clkbuf_4)
     9    0.05                           _200_ (net)
                  0.08    0.01    2.21 v _379_/A (sky130_fd_sc_hd__buf_4)
                  0.07    0.15    2.36 v _379_/X (sky130_fd_sc_hd__buf_4)
    20    0.08                           _203_ (net)
                  0.07    0.01    2.37 v _381_/A (sky130_fd_sc_hd__inv_2)
                  0.03    0.04    2.41 ^ _381_/Y (sky130_fd_sc_hd__inv_2)
     1    0.00                           _021_ (net)
                  0.03    0.00    2.41 ^ _427_/RESET_B (sky130_fd_sc_hd__dfrtp_1)
                                  2.41   data arrival time

                          0.00    0.00   clock clk (rise edge)
                          0.00    0.00   clock source latency
                  0.07    0.05    0.05 ^ clk (in)
     2    0.02                           clk (net)
                  0.07    0.00    0.05 ^ clkbuf_0_clk/A (sky130_fd_sc_hd__clkbuf_16)
                  0.05    0.12    0.17 ^ clkbuf_0_clk/X (sky130_fd_sc_hd__clkbuf_16)
     4    0.05                           clknet_0_clk (net)
                  0.05    0.00    0.17 ^ clkbuf_2_3__f_clk/A (sky130_fd_sc_hd__clkbuf_16)
                  0.04    0.10    0.27 ^ clkbuf_2_3__f_clk/X (sky130_fd_sc_hd__clkbuf_16)
     8    0.03                           clknet_2_3__leaf_clk (net)
                  0.04    0.00    0.28 ^ _427_/CLK (sky130_fd_sc_hd__dfrtp_1)
                          0.25    0.53   clock uncertainty
                          0.00    0.53   clock reconvergence pessimism
                          0.20    0.72   library removal time
                                  0.72   data required time
-----------------------------------------------------------------------------
                                  0.72   data required time
                                 -2.41   data arrival time
-----------------------------------------------------------------------------
                                  1.69   slack (MET)


Startpoint: rst (input port clocked by clk)
Endpoint: _426_ (removal check against rising-edge clock clk)
Path Group: asynchronous
Path Type: min
Corner: Fastest

Fanout     Cap    Slew   Delay    Time   Description
-----------------------------------------------------------------------------
                          0.00    0.00   clock clk (rise edge)
                          0.00    0.00   clock network delay (propagated)
                          2.00    2.00 v input external delay
                  0.01    0.00    2.00 v rst (in)
     2    0.00                           rst (net)
                  0.01    0.00    2.00 v input1/A (sky130_fd_sc_hd__buf_1)
                  0.05    0.07    2.07 v input1/X (sky130_fd_sc_hd__buf_1)
     1    0.01                           net1 (net)
                  0.05    0.00    2.07 v _356_/A (sky130_fd_sc_hd__clkbuf_4)
                  0.08    0.13    2.21 v _356_/X (sky130_fd_sc_hd__clkbuf_4)
     9    0.05                           _200_ (net)
                  0.08    0.01    2.21 v _379_/A (sky130_fd_sc_hd__buf_4)
                  0.07    0.15    2.36 v _379_/X (sky130_fd_sc_hd__buf_4)
    20    0.08                           _203_ (net)
                  0.07    0.01    2.37 v _380_/A (sky130_fd_sc_hd__inv_2)
                  0.03    0.05    2.41 ^ _380_/Y (sky130_fd_sc_hd__inv_2)
     1    0.01                           _020_ (net)
                  0.03    0.00    2.41 ^ _426_/RESET_B (sky130_fd_sc_hd__dfrtp_1)
                                  2.41   data arrival time

                          0.00    0.00   clock clk (rise edge)
                          0.00    0.00   clock source latency
                  0.07    0.05    0.05 ^ clk (in)
     2    0.02                           clk (net)
                  0.07    0.00    0.05 ^ clkbuf_0_clk/A (sky130_fd_sc_hd__clkbuf_16)
                  0.05    0.12    0.17 ^ clkbuf_0_clk/X (sky130_fd_sc_hd__clkbuf_16)
     4    0.05                           clknet_0_clk (net)
                  0.05    0.00    0.17 ^ clkbuf_2_3__f_clk/A (sky130_fd_sc_hd__clkbuf_16)
                  0.04    0.10    0.27 ^ clkbuf_2_3__f_clk/X (sky130_fd_sc_hd__clkbuf_16)
     8    0.03                           clknet_2_3__leaf_clk (net)
                  0.04    0.00    0.28 ^ _426_/CLK (sky130_fd_sc_hd__dfrtp_1)
                          0.25    0.53   clock uncertainty
                          0.00    0.53   clock reconvergence pessimism
                          0.20    0.72   library removal time
                                  0.72   data required time
-----------------------------------------------------------------------------
                                  0.72   data required time
                                 -2.41   data arrival time
-----------------------------------------------------------------------------
                                  1.69   slack (MET)


Startpoint: rst (input port clocked by clk)
Endpoint: _420_ (removal check against rising-edge clock clk)
Path Group: asynchronous
Path Type: min
Corner: Fastest

Fanout     Cap    Slew   Delay    Time   Description
-----------------------------------------------------------------------------
                          0.00    0.00   clock clk (rise edge)
                          0.00    0.00   clock network delay (propagated)
                          2.00    2.00 v input external delay
                  0.01    0.00    2.00 v rst (in)
     2    0.00                           rst (net)
                  0.01    0.00    2.00 v input1/A (sky130_fd_sc_hd__buf_1)
                  0.05    0.07    2.07 v input1/X (sky130_fd_sc_hd__buf_1)
     1    0.01                           net1 (net)
                  0.05    0.00    2.07 v _356_/A (sky130_fd_sc_hd__clkbuf_4)
                  0.08    0.13    2.21 v _356_/X (sky130_fd_sc_hd__clkbuf_4)
     9    0.05                           _200_ (net)
                  0.08    0.01    2.21 v _368_/A (sky130_fd_sc_hd__buf_4)
                  0.06    0.14    2.35 v _368_/X (sky130_fd_sc_hd__buf_4)
    10    0.06                           _202_ (net)
                  0.07    0.00    2.36 v _373_/A (sky130_fd_sc_hd__inv_2)
                  0.03    0.04    2.40 ^ _373_/Y (sky130_fd_sc_hd__inv_2)
     1    0.00                           _014_ (net)
                  0.03    0.00    2.40 ^ _420_/SET_B (sky130_fd_sc_hd__dfstp_1)
                                  2.40   data arrival time

                          0.00    0.00   clock clk (rise edge)
                          0.00    0.00   clock source latency
                  0.07    0.05    0.05 ^ clk (in)
     2    0.02                           clk (net)
                  0.07    0.00    0.05 ^ clkbuf_0_clk/A (sky130_fd_sc_hd__clkbuf_16)
                  0.05    0.12    0.17 ^ clkbuf_0_clk/X (sky130_fd_sc_hd__clkbuf_16)
     4    0.05                           clknet_0_clk (net)
                  0.05    0.00    0.17 ^ clkbuf_2_2__f_clk/A (sky130_fd_sc_hd__clkbuf_16)
                  0.04    0.10    0.28 ^ clkbuf_2_2__f_clk/X (sky130_fd_sc_hd__clkbuf_16)
    11    0.03                           clknet_2_2__leaf_clk (net)
                  0.04    0.00    0.28 ^ _420_/CLK (sky130_fd_sc_hd__dfstp_1)
                          0.25    0.53   clock uncertainty
                          0.00    0.53   clock reconvergence pessimism
                          0.10    0.63   library removal time
                                  0.63   data required time
-----------------------------------------------------------------------------
                                  0.63   data required time
                                 -2.40   data arrival time
-----------------------------------------------------------------------------
                                  1.77   slack (MET)


Startpoint: _434_ (rising edge-triggered flip-flop clocked by clk)
Endpoint: rx_data[2] (output port clocked by clk)
Path Group: clk
Path Type: min
Corner: Fastest

Fanout     Cap    Slew   Delay    Time   Description
-----------------------------------------------------------------------------
                          0.00    0.00   clock clk (rise edge)
                          0.00    0.00   clock source latency
                  0.07    0.05    0.05 ^ clk (in)
     2    0.02                           clk (net)
                  0.07    0.00    0.05 ^ clkbuf_0_clk/A (sky130_fd_sc_hd__clkbuf_16)
                  0.05    0.11    0.15 ^ clkbuf_0_clk/X (sky130_fd_sc_hd__clkbuf_16)
     4    0.05                           clknet_0_clk (net)
                  0.05    0.00    0.16 ^ clkbuf_2_0__f_clk/A (sky130_fd_sc_hd__clkbuf_16)
                  0.04    0.10    0.25 ^ clkbuf_2_0__f_clk/X (sky130_fd_sc_hd__clkbuf_16)
    11    0.04                           clknet_2_0__leaf_clk (net)
                  0.04    0.00    0.26 ^ _434_/CLK (sky130_fd_sc_hd__dfrtp_1)
                  0.06    0.22    0.47 ^ _434_/Q (sky130_fd_sc_hd__dfrtp_1)
     2    0.01                           net13 (net)
                  0.06    0.00    0.47 ^ output13/A (sky130_fd_sc_hd__clkbuf_4)
                  0.08    0.13    0.60 ^ output13/X (sky130_fd_sc_hd__clkbuf_4)
     1    0.03                           rx_data[2] (net)
                  0.08    0.00    0.60 ^ rx_data[2] (out)
                                  0.60   data arrival time

                          0.00    0.00   clock clk (rise edge)
                          0.00    0.00   clock network delay (propagated)
                          0.25    0.25   clock uncertainty
                          0.00    0.25   clock reconvergence pessimism
                         -2.00   -1.75   output external delay
                                 -1.75   data required time
-----------------------------------------------------------------------------
                                 -1.75   data required time
                                 -0.60   data arrival time
-----------------------------------------------------------------------------
                                  2.35   slack (MET)


Startpoint: _435_ (rising edge-triggered flip-flop clocked by clk)
Endpoint: rx_data[3] (output port clocked by clk)
Path Group: clk
Path Type: min
Corner: Fastest

Fanout     Cap    Slew   Delay    Time   Description
-----------------------------------------------------------------------------
                          0.00    0.00   clock clk (rise edge)
                          0.00    0.00   clock source latency
                  0.07    0.05    0.05 ^ clk (in)
     2    0.02                           clk (net)
                  0.07    0.00    0.05 ^ clkbuf_0_clk/A (sky130_fd_sc_hd__clkbuf_16)
                  0.05    0.11    0.15 ^ clkbuf_0_clk/X (sky130_fd_sc_hd__clkbuf_16)
     4    0.05                           clknet_0_clk (net)
                  0.05    0.00    0.16 ^ clkbuf_2_0__f_clk/A (sky130_fd_sc_hd__clkbuf_16)
                  0.04    0.10    0.25 ^ clkbuf_2_0__f_clk/X (sky130_fd_sc_hd__clkbuf_16)
    11    0.04                           clknet_2_0__leaf_clk (net)
                  0.04    0.00    0.26 ^ _435_/CLK (sky130_fd_sc_hd__dfrtp_1)
                  0.07    0.22    0.48 ^ _435_/Q (sky130_fd_sc_hd__dfrtp_1)
     2    0.01                           net14 (net)
                  0.07    0.00    0.48 ^ output14/A (sky130_fd_sc_hd__clkbuf_4)
                  0.08    0.13    0.61 ^ output14/X (sky130_fd_sc_hd__clkbuf_4)
     1    0.03                           rx_data[3] (net)
                  0.08    0.00    0.61 ^ rx_data[3] (out)
                                  0.61   data arrival time

                          0.00    0.00   clock clk (rise edge)
                          0.00    0.00   clock network delay (propagated)
                          0.25    0.25   clock uncertainty
                          0.00    0.25   clock reconvergence pessimism
                         -2.00   -1.75   output external delay
                                 -1.75   data required time
-----------------------------------------------------------------------------
                                 -1.75   data required time
                                 -0.61   data arrival time
-----------------------------------------------------------------------------
                                  2.36   slack (MET)


Startpoint: _439_ (rising edge-triggered flip-flop clocked by clk)
Endpoint: rx_data[7] (output port clocked by clk)
Path Group: clk
Path Type: min
Corner: Fastest

Fanout     Cap    Slew   Delay    Time   Description
-----------------------------------------------------------------------------
                          0.00    0.00   clock clk (rise edge)
                          0.00    0.00   clock source latency
                  0.07    0.05    0.05 ^ clk (in)
     2    0.02                           clk (net)
                  0.07    0.00    0.05 ^ clkbuf_0_clk/A (sky130_fd_sc_hd__clkbuf_16)
                  0.05    0.11    0.15 ^ clkbuf_0_clk/X (sky130_fd_sc_hd__clkbuf_16)
     4    0.05                           clknet_0_clk (net)
                  0.05    0.00    0.16 ^ clkbuf_2_0__f_clk/A (sky130_fd_sc_hd__clkbuf_16)
                  0.04    0.10    0.25 ^ clkbuf_2_0__f_clk/X (sky130_fd_sc_hd__clkbuf_16)
    11    0.04                           clknet_2_0__leaf_clk (net)
                  0.04    0.00    0.26 ^ _439_/CLK (sky130_fd_sc_hd__dfrtp_1)
                  0.08    0.23    0.48 ^ _439_/Q (sky130_fd_sc_hd__dfrtp_1)
     2    0.01                           net18 (net)
                  0.08    0.00    0.48 ^ output18/A (sky130_fd_sc_hd__clkbuf_4)
                  0.09    0.13    0.62 ^ output18/X (sky130_fd_sc_hd__clkbuf_4)
     1    0.03                           rx_data[7] (net)
                  0.09    0.00    0.62 ^ rx_data[7] (out)
                                  0.62   data arrival time

                          0.00    0.00   clock clk (rise edge)
                          0.00    0.00   clock network delay (propagated)
                          0.25    0.25   clock uncertainty
                          0.00    0.25   clock reconvergence pessimism
                         -2.00   -1.75   output external delay
                                 -1.75   data required time
-----------------------------------------------------------------------------
                                 -1.75   data required time
                                 -0.62   data arrival time
-----------------------------------------------------------------------------
                                  2.37   slack (MET)


Startpoint: _421_ (rising edge-triggered flip-flop clocked by clk)
Endpoint: rx_done (output port clocked by clk)
Path Group: clk
Path Type: min
Corner: Fastest

Fanout     Cap    Slew   Delay    Time   Description
-----------------------------------------------------------------------------
                          0.00    0.00   clock clk (rise edge)
                          0.00    0.00   clock source latency
                  0.07    0.05    0.05 ^ clk (in)
     2    0.02                           clk (net)
                  0.07    0.00    0.05 ^ clkbuf_0_clk/A (sky130_fd_sc_hd__clkbuf_16)
                  0.05    0.11    0.15 ^ clkbuf_0_clk/X (sky130_fd_sc_hd__clkbuf_16)
     4    0.05                           clknet_0_clk (net)
                  0.05    0.00    0.16 ^ clkbuf_2_0__f_clk/A (sky130_fd_sc_hd__clkbuf_16)
                  0.04    0.10    0.25 ^ clkbuf_2_0__f_clk/X (sky130_fd_sc_hd__clkbuf_16)
    11    0.04                           clknet_2_0__leaf_clk (net)
                  0.04    0.00    0.26 ^ _421_/CLK (sky130_fd_sc_hd__dfrtp_1)
                  0.09    0.23    0.49 ^ _421_/Q (sky130_fd_sc_hd__dfrtp_1)
     2    0.01                           net19 (net)
                  0.09    0.00    0.49 ^ output19/A (sky130_fd_sc_hd__clkbuf_4)
                  0.08    0.13    0.62 ^ output19/X (sky130_fd_sc_hd__clkbuf_4)
     1    0.03                           rx_done (net)
                  0.08    0.00    0.63 ^ rx_done (out)
                                  0.63   data arrival time

                          0.00    0.00   clock clk (rise edge)
                          0.00    0.00   clock network delay (propagated)
                          0.25    0.25   clock uncertainty
                          0.00    0.25   clock reconvergence pessimism
                         -2.00   -1.75   output external delay
                                 -1.75   data required time
-----------------------------------------------------------------------------
                                 -1.75   data required time
                                 -0.63   data arrival time
-----------------------------------------------------------------------------
                                  2.38   slack (MET)


Startpoint: _419_ (rising edge-triggered flip-flop clocked by clk)
Endpoint: tx_busy (output port clocked by clk)
Path Group: clk
Path Type: min
Corner: Fastest

Fanout     Cap    Slew   Delay    Time   Description
-----------------------------------------------------------------------------
                          0.00    0.00   clock clk (rise edge)
                          0.00    0.00   clock source latency
                  0.07    0.05    0.05 ^ clk (in)
     2    0.02                           clk (net)
                  0.07    0.00    0.05 ^ clkbuf_0_clk/A (sky130_fd_sc_hd__clkbuf_16)
                  0.05    0.11    0.15 ^ clkbuf_0_clk/X (sky130_fd_sc_hd__clkbuf_16)
     4    0.05                           clknet_0_clk (net)
                  0.05    0.00    0.16 ^ clkbuf_2_2__f_clk/A (sky130_fd_sc_hd__clkbuf_16)
                  0.04    0.09    0.25 ^ clkbuf_2_2__f_clk/X (sky130_fd_sc_hd__clkbuf_16)
    11    0.03                           clknet_2_2__leaf_clk (net)
                  0.04    0.00    0.25 ^ _419_/CLK (sky130_fd_sc_hd__dfrtp_1)
                  0.06    0.25    0.50 v _419_/Q (sky130_fd_sc_hd__dfrtp_1)
     2    0.01                           net20 (net)
                  0.06    0.00    0.50 v output20/A (sky130_fd_sc_hd__clkbuf_4)
                  0.06    0.13    0.63 v output20/X (sky130_fd_sc_hd__clkbuf_4)
     1    0.03                           tx_busy (net)
                  0.06    0.00    0.63 v tx_busy (out)
                                  0.63   data arrival time

                          0.00    0.00   clock clk (rise edge)
                          0.00    0.00   clock network delay (propagated)
                          0.25    0.25   clock uncertainty
                          0.00    0.25   clock reconvergence pessimism
                         -2.00   -1.75   output external delay
                                 -1.75   data required time
-----------------------------------------------------------------------------
                                 -1.75   data required time
                                 -0.63   data arrival time
-----------------------------------------------------------------------------
                                  2.38   slack (MET)


Startpoint: _437_ (rising edge-triggered flip-flop clocked by clk)
Endpoint: rx_data[5] (output port clocked by clk)
Path Group: clk
Path Type: min
Corner: Fastest

Fanout     Cap    Slew   Delay    Time   Description
-----------------------------------------------------------------------------
                          0.00    0.00   clock clk (rise edge)
                          0.00    0.00   clock source latency
                  0.07    0.05    0.05 ^ clk (in)
     2    0.02                           clk (net)
                  0.07    0.00    0.05 ^ clkbuf_0_clk/A (sky130_fd_sc_hd__clkbuf_16)
                  0.05    0.11    0.15 ^ clkbuf_0_clk/X (sky130_fd_sc_hd__clkbuf_16)
     4    0.05                           clknet_0_clk (net)
                  0.05    0.00    0.16 ^ clkbuf_2_0__f_clk/A (sky130_fd_sc_hd__clkbuf_16)
                  0.04    0.10    0.25 ^ clkbuf_2_0__f_clk/X (sky130_fd_sc_hd__clkbuf_16)
    11    0.04                           clknet_2_0__leaf_clk (net)
                  0.04    0.00    0.26 ^ _437_/CLK (sky130_fd_sc_hd__dfrtp_1)
                  0.06    0.25    0.51 v _437_/Q (sky130_fd_sc_hd__dfrtp_1)
     2    0.01                           net16 (net)
                  0.06    0.00    0.51 v output16/A (sky130_fd_sc_hd__clkbuf_4)
                  0.06    0.13    0.64 v output16/X (sky130_fd_sc_hd__clkbuf_4)
     1    0.03                           rx_data[5] (net)
                  0.06    0.00    0.64 v rx_data[5] (out)
                                  0.64   data arrival time

                          0.00    0.00   clock clk (rise edge)
                          0.00    0.00   clock network delay (propagated)
                          0.25    0.25   clock uncertainty
                          0.00    0.25   clock reconvergence pessimism
                         -2.00   -1.75   output external delay
                                 -1.75   data required time
-----------------------------------------------------------------------------
                                 -1.75   data required time
                                 -0.64   data arrival time
-----------------------------------------------------------------------------
                                  2.39   slack (MET)


Startpoint: _436_ (rising edge-triggered flip-flop clocked by clk)
Endpoint: rx_data[4] (output port clocked by clk)
Path Group: clk
Path Type: min
Corner: Fastest

Fanout     Cap    Slew   Delay    Time   Description
-----------------------------------------------------------------------------
                          0.00    0.00   clock clk (rise edge)
                          0.00    0.00   clock source latency
                  0.07    0.05    0.05 ^ clk (in)
     2    0.02                           clk (net)
                  0.07    0.00    0.05 ^ clkbuf_0_clk/A (sky130_fd_sc_hd__clkbuf_16)
                  0.05    0.11    0.15 ^ clkbuf_0_clk/X (sky130_fd_sc_hd__clkbuf_16)
     4    0.05                           clknet_0_clk (net)
                  0.05    0.00    0.16 ^ clkbuf_2_0__f_clk/A (sky130_fd_sc_hd__clkbuf_16)
                  0.04    0.10    0.25 ^ clkbuf_2_0__f_clk/X (sky130_fd_sc_hd__clkbuf_16)
    11    0.04                           clknet_2_0__leaf_clk (net)
                  0.04    0.00    0.26 ^ _436_/CLK (sky130_fd_sc_hd__dfrtp_1)
                  0.08    0.27    0.53 v _436_/Q (sky130_fd_sc_hd__dfrtp_1)
     4    0.02                           net15 (net)
                  0.08    0.00    0.53 v output15/A (sky130_fd_sc_hd__buf_2)
                  0.06    0.13    0.66 v output15/X (sky130_fd_sc_hd__buf_2)
     1    0.03                           rx_data[4] (net)
                  0.06    0.00    0.66 v rx_data[4] (out)
                                  0.66   data arrival time

                          0.00    0.00   clock clk (rise edge)
                          0.00    0.00   clock network delay (propagated)
                          0.25    0.25   clock uncertainty
                          0.00    0.25   clock reconvergence pessimism
                         -2.00   -1.75   output external delay
                                 -1.75   data required time
-----------------------------------------------------------------------------
                                 -1.75   data required time
                                 -0.66   data arrival time
-----------------------------------------------------------------------------
                                  2.41   slack (MET)


Startpoint: _433_ (rising edge-triggered flip-flop clocked by clk)
Endpoint: rx_data[1] (output port clocked by clk)
Path Group: clk
Path Type: min
Corner: Fastest

Fanout     Cap    Slew   Delay    Time   Description
-----------------------------------------------------------------------------
                          0.00    0.00   clock clk (rise edge)
                          0.00    0.00   clock source latency
                  0.07    0.05    0.05 ^ clk (in)
     2    0.02                           clk (net)
                  0.07    0.00    0.05 ^ clkbuf_0_clk/A (sky130_fd_sc_hd__clkbuf_16)
                  0.05    0.11    0.15 ^ clkbuf_0_clk/X (sky130_fd_sc_hd__clkbuf_16)
     4    0.05                           clknet_0_clk (net)
                  0.05    0.00    0.16 ^ clkbuf_2_1__f_clk/A (sky130_fd_sc_hd__clkbuf_16)
                  0.05    0.10    0.26 ^ clkbuf_2_1__f_clk/X (sky130_fd_sc_hd__clkbuf_16)
    15    0.05                           clknet_2_1__leaf_clk (net)
                  0.05    0.00    0.26 ^ _433_/CLK (sky130_fd_sc_hd__dfrtp_1)
                  0.07    0.26    0.52 v _433_/Q (sky130_fd_sc_hd__dfrtp_1)
     4    0.02                           net12 (net)
                  0.07    0.00    0.53 v output12/A (sky130_fd_sc_hd__clkbuf_4)
                  0.06    0.13    0.66 v output12/X (sky130_fd_sc_hd__clkbuf_4)
     1    0.03                           rx_data[1] (net)
                  0.06    0.00    0.66 v rx_data[1] (out)
                                  0.66   data arrival time

                          0.00    0.00   clock clk (rise edge)
                          0.00    0.00   clock network delay (propagated)
                          0.25    0.25   clock uncertainty
                          0.00    0.25   clock reconvergence pessimism
                         -2.00   -1.75   output external delay
                                 -1.75   data required time
-----------------------------------------------------------------------------
                                 -1.75   data required time
                                 -0.66   data arrival time
-----------------------------------------------------------------------------
                                  2.41   slack (MET)


Startpoint: _438_ (rising edge-triggered flip-flop clocked by clk)
Endpoint: rx_data[6] (output port clocked by clk)
Path Group: clk
Path Type: min
Corner: Fastest

Fanout     Cap    Slew   Delay    Time   Description
-----------------------------------------------------------------------------
                          0.00    0.00   clock clk (rise edge)
                          0.00    0.00   clock source latency
                  0.07    0.05    0.05 ^ clk (in)
     2    0.02                           clk (net)
                  0.07    0.00    0.05 ^ clkbuf_0_clk/A (sky130_fd_sc_hd__clkbuf_16)
                  0.05    0.11    0.15 ^ clkbuf_0_clk/X (sky130_fd_sc_hd__clkbuf_16)
     4    0.05                           clknet_0_clk (net)
                  0.05    0.00    0.16 ^ clkbuf_2_1__f_clk/A (sky130_fd_sc_hd__clkbuf_16)
                  0.05    0.10    0.26 ^ clkbuf_2_1__f_clk/X (sky130_fd_sc_hd__clkbuf_16)
    15    0.05                           clknet_2_1__leaf_clk (net)
                  0.05    0.00    0.26 ^ _438_/CLK (sky130_fd_sc_hd__dfrtp_2)
                  0.07    0.28    0.54 v _438_/Q (sky130_fd_sc_hd__dfrtp_2)
     4    0.03                           net17 (net)
                  0.07    0.00    0.54 v output17/A (sky130_fd_sc_hd__buf_2)
                  0.06    0.12    0.66 v output17/X (sky130_fd_sc_hd__buf_2)
     1    0.03                           rx_data[6] (net)
                  0.06    0.00    0.67 v rx_data[6] (out)
                                  0.67   data arrival time

                          0.00    0.00   clock clk (rise edge)
                          0.00    0.00   clock network delay (propagated)
                          0.25    0.25   clock uncertainty
                          0.00    0.25   clock reconvergence pessimism
                         -2.00   -1.75   output external delay
                                 -1.75   data required time
-----------------------------------------------------------------------------
                                 -1.75   data required time
                                 -0.67   data arrival time
-----------------------------------------------------------------------------
                                  2.42   slack (MET)


Startpoint: _432_ (rising edge-triggered flip-flop clocked by clk)
Endpoint: rx_data[0] (output port clocked by clk)
Path Group: clk
Path Type: min
Corner: Fastest

Fanout     Cap    Slew   Delay    Time   Description
-----------------------------------------------------------------------------
                          0.00    0.00   clock clk (rise edge)
                          0.00    0.00   clock source latency
                  0.07    0.05    0.05 ^ clk (in)
     2    0.02                           clk (net)
                  0.07    0.00    0.05 ^ clkbuf_0_clk/A (sky130_fd_sc_hd__clkbuf_16)
                  0.05    0.11    0.15 ^ clkbuf_0_clk/X (sky130_fd_sc_hd__clkbuf_16)
     4    0.05                           clknet_0_clk (net)
                  0.05    0.00    0.16 ^ clkbuf_2_1__f_clk/A (sky130_fd_sc_hd__clkbuf_16)
                  0.05    0.10    0.26 ^ clkbuf_2_1__f_clk/X (sky130_fd_sc_hd__clkbuf_16)
    15    0.05                           clknet_2_1__leaf_clk (net)
                  0.05    0.00    0.26 ^ _432_/CLK (sky130_fd_sc_hd__dfrtp_2)
                  0.10    0.26    0.53 ^ _432_/Q (sky130_fd_sc_hd__dfrtp_2)
     4    0.03                           net11 (net)
                  0.10    0.00    0.53 ^ output11/A (sky130_fd_sc_hd__clkbuf_4)
                  0.08    0.14    0.67 ^ output11/X (sky130_fd_sc_hd__clkbuf_4)
     1    0.03                           rx_data[0] (net)
                  0.08    0.00    0.67 ^ rx_data[0] (out)
                                  0.67   data arrival time

                          0.00    0.00   clock clk (rise edge)
                          0.00    0.00   clock network delay (propagated)
                          0.25    0.25   clock uncertainty
                          0.00    0.25   clock reconvergence pessimism
                         -2.00   -1.75   output external delay
                                 -1.75   data required time
-----------------------------------------------------------------------------
                                 -1.75   data required time
                                 -0.67   data arrival time
-----------------------------------------------------------------------------
                                  2.42   slack (MET)



======================= Slowest Corner ===================================

Startpoint: _406_ (rising edge-triggered flip-flop clocked by clk)
Endpoint: _406_ (rising edge-triggered flip-flop clocked by clk)
Path Group: clk
Path Type: min
Corner: Slowest

Fanout     Cap    Slew   Delay    Time   Description
-----------------------------------------------------------------------------
                          0.00    0.00   clock clk (rise edge)
                          0.00    0.00   clock source latency
                  0.16    0.10    0.10 ^ clk (in)
     2    0.02                           clk (net)
                  0.16    0.00    0.10 ^ clkbuf_0_clk/A (sky130_fd_sc_hd__clkbuf_16)
                  0.10    0.28    0.38 ^ clkbuf_0_clk/X (sky130_fd_sc_hd__clkbuf_16)
     4    0.05                           clknet_0_clk (net)
                  0.10    0.00    0.39 ^ clkbuf_2_3__f_clk/A (sky130_fd_sc_hd__clkbuf_16)
                  0.08    0.24    0.62 ^ clkbuf_2_3__f_clk/X (sky130_fd_sc_hd__clkbuf_16)
     8    0.03                           clknet_2_3__leaf_clk (net)
                  0.08    0.00    0.62 ^ _406_/CLK (sky130_fd_sc_hd__dfrtp_2)
                  0.22    0.79    1.41 ^ _406_/Q (sky130_fd_sc_hd__dfrtp_2)
     5    0.03                           tx_inst.bit_index[0] (net)
                  0.22    0.00    1.41 ^ _350_/A (sky130_fd_sc_hd__inv_2)
                  0.07    0.12    1.53 v _350_/Y (sky130_fd_sc_hd__inv_2)
     2    0.01                           _196_ (net)
                  0.07    0.00    1.53 v _355_/A1 (sky130_fd_sc_hd__a21oi_1)
                  0.13    0.18    1.71 ^ _355_/Y (sky130_fd_sc_hd__a21oi_1)
     1    0.00                           _045_ (net)
                  0.13    0.00    1.71 ^ _406_/D (sky130_fd_sc_hd__dfrtp_2)
                                  1.71   data arrival time

                          0.00    0.00   clock clk (rise edge)
                          0.00    0.00   clock source latency
                  0.16    0.11    0.11 ^ clk (in)
     2    0.02                           clk (net)
                  0.16    0.00    0.11 ^ clkbuf_0_clk/A (sky130_fd_sc_hd__clkbuf_16)
                  0.10    0.31    0.42 ^ clkbuf_0_clk/X (sky130_fd_sc_hd__clkbuf_16)
     4    0.05                           clknet_0_clk (net)
                  0.10    0.00    0.43 ^ clkbuf_2_3__f_clk/A (sky130_fd_sc_hd__clkbuf_16)
                  0.08    0.26    0.69 ^ clkbuf_2_3__f_clk/X (sky130_fd_sc_hd__clkbuf_16)
     8    0.03                           clknet_2_3__leaf_clk (net)
                  0.08    0.00    0.69 ^ _406_/CLK (sky130_fd_sc_hd__dfrtp_2)
                          0.25    0.94   clock uncertainty
                         -0.07    0.87   clock reconvergence pessimism
                         -0.09    0.78   library hold time
                                  0.78   data required time
-----------------------------------------------------------------------------
                                  0.78   data required time
                                 -1.71   data arrival time
-----------------------------------------------------------------------------
                                  0.93   slack (MET)


Startpoint: _419_ (rising edge-triggered flip-flop clocked by clk)
Endpoint: _419_ (rising edge-triggered flip-flop clocked by clk)
Path Group: clk
Path Type: min
Corner: Slowest

Fanout     Cap    Slew   Delay    Time   Description
-----------------------------------------------------------------------------
                          0.00    0.00   clock clk (rise edge)
                          0.00    0.00   clock source latency
                  0.16    0.10    0.10 ^ clk (in)
     2    0.02                           clk (net)
                  0.16    0.00    0.10 ^ clkbuf_0_clk/A (sky130_fd_sc_hd__clkbuf_16)
                  0.10    0.28    0.38 ^ clkbuf_0_clk/X (sky130_fd_sc_hd__clkbuf_16)
     4    0.05                           clknet_0_clk (net)
                  0.10    0.00    0.39 ^ clkbuf_2_2__f_clk/A (sky130_fd_sc_hd__clkbuf_16)
                  0.08    0.24    0.63 ^ clkbuf_2_2__f_clk/X (sky130_fd_sc_hd__clkbuf_16)
    11    0.03                           clknet_2_2__leaf_clk (net)
                  0.08    0.00    0.63 ^ _419_/CLK (sky130_fd_sc_hd__dfrtp_1)
                  0.21    0.73    1.35 ^ _419_/Q (sky130_fd_sc_hd__dfrtp_1)
     2    0.01                           net20 (net)
                  0.21    0.00    1.35 ^ _321_/A0 (sky130_fd_sc_hd__mux2_1)
                  0.07    0.26    1.62 ^ _321_/X (sky130_fd_sc_hd__mux2_1)
     1    0.00                           _175_ (net)
                  0.07    0.00    1.62 ^ _322_/A (sky130_fd_sc_hd__clkbuf_1)
                  0.06    0.13    1.75 ^ _322_/X (sky130_fd_sc_hd__clkbuf_1)
     1    0.00                           _058_ (net)
                  0.06    0.00    1.75 ^ _419_/D (sky130_fd_sc_hd__dfrtp_1)
                                  1.75   data arrival time

                          0.00    0.00   clock clk (rise edge)
                          0.00    0.00   clock source latency
                  0.16    0.11    0.11 ^ clk (in)
     2    0.02                           clk (net)
                  0.16    0.00    0.11 ^ clkbuf_0_clk/A (sky130_fd_sc_hd__clkbuf_16)
                  0.10    0.31    0.42 ^ clkbuf_0_clk/X (sky130_fd_sc_hd__clkbuf_16)
     4    0.05                           clknet_0_clk (net)
                  0.10    0.00    0.43 ^ clkbuf_2_2__f_clk/A (sky130_fd_sc_hd__clkbuf_16)
                  0.08    0.27    0.69 ^ clkbuf_2_2__f_clk/X (sky130_fd_sc_hd__clkbuf_16)
    11    0.03                           clknet_2_2__leaf_clk (net)
                  0.08    0.00    0.69 ^ _419_/CLK (sky130_fd_sc_hd__dfrtp_1)
                          0.25    0.94   clock uncertainty
                         -0.07    0.88   clock reconvergence pessimism
                         -0.07    0.81   library hold time
                                  0.81   data required time
-----------------------------------------------------------------------------
                                  0.81   data required time
                                 -1.75   data arrival time
-----------------------------------------------------------------------------
                                  0.95   slack (MET)


Startpoint: _447_ (rising edge-triggered flip-flop clocked by clk)
Endpoint: _447_ (rising edge-triggered flip-flop clocked by clk)
Path Group: clk
Path Type: min
Corner: Slowest

Fanout     Cap    Slew   Delay    Time   Description
-----------------------------------------------------------------------------
                          0.00    0.00   clock clk (rise edge)
                          0.00    0.00   clock source latency
                  0.16    0.10    0.10 ^ clk (in)
     2    0.02                           clk (net)
                  0.16    0.00    0.10 ^ clkbuf_0_clk/A (sky130_fd_sc_hd__clkbuf_16)
                  0.10    0.28    0.38 ^ clkbuf_0_clk/X (sky130_fd_sc_hd__clkbuf_16)
     4    0.05                           clknet_0_clk (net)
                  0.10    0.00    0.39 ^ clkbuf_2_1__f_clk/A (sky130_fd_sc_hd__clkbuf_16)
                  0.10    0.26    0.65 ^ clkbuf_2_1__f_clk/X (sky130_fd_sc_hd__clkbuf_16)
    15    0.05                           clknet_2_1__leaf_clk (net)
                  0.10    0.00    0.65 ^ _447_/CLK (sky130_fd_sc_hd__dfrtp_1)
                  0.19    0.72    1.36 ^ _447_/Q (sky130_fd_sc_hd__dfrtp_1)
     5    0.01                           rx_inst.clk_count[4] (net)
                  0.19    0.00    1.36 ^ _214_/A (sky130_fd_sc_hd__and2_1)
                  0.14    0.30    1.67 ^ _214_/X (sky130_fd_sc_hd__and2_1)
     2    0.01                           _097_ (net)
                  0.14    0.00    1.67 ^ _218_/A (sky130_fd_sc_hd__nor2_1)
                  0.04    0.10    1.77 v _218_/Y (sky130_fd_sc_hd__nor2_1)
     1    0.00                           _086_ (net)
                  0.04    0.00    1.77 v _447_/D (sky130_fd_sc_hd__dfrtp_1)
                                  1.77   data arrival time

                          0.00    0.00   clock clk (rise edge)
                          0.00    0.00   clock source latency
                  0.16    0.11    0.11 ^ clk (in)
     2    0.02                           clk (net)
                  0.16    0.00    0.11 ^ clkbuf_0_clk/A (sky130_fd_sc_hd__clkbuf_16)
                  0.10    0.31    0.42 ^ clkbuf_0_clk/X (sky130_fd_sc_hd__clkbuf_16)
     4    0.05                           clknet_0_clk (net)
                  0.10    0.00    0.43 ^ clkbuf_2_1__f_clk/A (sky130_fd_sc_hd__clkbuf_16)
                  0.10    0.29    0.71 ^ clkbuf_2_1__f_clk/X (sky130_fd_sc_hd__clkbuf_16)
    15    0.05                           clknet_2_1__leaf_clk (net)
                  0.10    0.00    0.72 ^ _447_/CLK (sky130_fd_sc_hd__dfrtp_1)
                          0.25    0.97   clock uncertainty
                         -0.07    0.90   clock reconvergence pessimism
                         -0.08    0.82   library hold time
                                  0.82   data required time
-----------------------------------------------------------------------------
                                  0.82   data required time
                                 -1.77   data arrival time
-----------------------------------------------------------------------------
                                  0.95   slack (MET)


Startpoint: _449_ (rising edge-triggered flip-flop clocked by clk)
Endpoint: _449_ (rising edge-triggered flip-flop clocked by clk)
Path Group: clk
Path Type: min
Corner: Slowest

Fanout     Cap    Slew   Delay    Time   Description
-----------------------------------------------------------------------------
                          0.00    0.00   clock clk (rise edge)
                          0.00    0.00   clock source latency
                  0.16    0.10    0.10 ^ clk (in)
     2    0.02                           clk (net)
                  0.16    0.00    0.10 ^ clkbuf_0_clk/A (sky130_fd_sc_hd__clkbuf_16)
                  0.10    0.28    0.38 ^ clkbuf_0_clk/X (sky130_fd_sc_hd__clkbuf_16)
     4    0.05                           clknet_0_clk (net)
                  0.10    0.00    0.39 ^ clkbuf_2_1__f_clk/A (sky130_fd_sc_hd__clkbuf_16)
                  0.10    0.26    0.65 ^ clkbuf_2_1__f_clk/X (sky130_fd_sc_hd__clkbuf_16)
    15    0.05                           clknet_2_1__leaf_clk (net)
                  0.10    0.00    0.65 ^ _449_/CLK (sky130_fd_sc_hd__dfrtp_1)
                  0.16    0.69    1.34 ^ _449_/Q (sky130_fd_sc_hd__dfrtp_1)
     3    0.01                           rx_inst.clk_count[6] (net)
                  0.16    0.00    1.34 ^ _207_/A (sky130_fd_sc_hd__and2_1)
                  0.18    0.32    1.65 ^ _207_/X (sky130_fd_sc_hd__and2_1)
     3    0.01                           _092_ (net)
                  0.18    0.00    1.65 ^ _213_/A (sky130_fd_sc_hd__nor2_1)
                  0.05    0.12    1.78 v _213_/Y (sky130_fd_sc_hd__nor2_1)
     1    0.00                           _088_ (net)
                  0.05    0.00    1.78 v _449_/D (sky130_fd_sc_hd__dfrtp_1)
                                  1.78   data arrival time

                          0.00    0.00   clock clk (rise edge)
                          0.00    0.00   clock source latency
                  0.16    0.11    0.11 ^ clk (in)
     2    0.02                           clk (net)
                  0.16    0.00    0.11 ^ clkbuf_0_clk/A (sky130_fd_sc_hd__clkbuf_16)
                  0.10    0.31    0.42 ^ clkbuf_0_clk/X (sky130_fd_sc_hd__clkbuf_16)
     4    0.05                           clknet_0_clk (net)
                  0.10    0.00    0.43 ^ clkbuf_2_1__f_clk/A (sky130_fd_sc_hd__clkbuf_16)
                  0.10    0.29    0.71 ^ clkbuf_2_1__f_clk/X (sky130_fd_sc_hd__clkbuf_16)
    15    0.05                           clknet_2_1__leaf_clk (net)
                  0.10    0.00    0.71 ^ _449_/CLK (sky130_fd_sc_hd__dfrtp_1)
                          0.25    0.96   clock uncertainty
                         -0.07    0.90   clock reconvergence pessimism
                         -0.08    0.82   library hold time
                                  0.82   data required time
-----------------------------------------------------------------------------
                                  0.82   data required time
                                 -1.78   data arrival time
-----------------------------------------------------------------------------
                                  0.96   slack (MET)


Startpoint: _437_ (rising edge-triggered flip-flop clocked by clk)
Endpoint: _437_ (rising edge-triggered flip-flop clocked by clk)
Path Group: clk
Path Type: min
Corner: Slowest

Fanout     Cap    Slew   Delay    Time   Description
-----------------------------------------------------------------------------
                          0.00    0.00   clock clk (rise edge)
                          0.00    0.00   clock source latency
                  0.16    0.10    0.10 ^ clk (in)
     2    0.02                           clk (net)
                  0.16    0.00    0.10 ^ clkbuf_0_clk/A (sky130_fd_sc_hd__clkbuf_16)
                  0.10    0.28    0.38 ^ clkbuf_0_clk/X (sky130_fd_sc_hd__clkbuf_16)
     4    0.05                           clknet_0_clk (net)
                  0.10    0.00    0.39 ^ clkbuf_2_0__f_clk/A (sky130_fd_sc_hd__clkbuf_16)
                  0.09    0.25    0.63 ^ clkbuf_2_0__f_clk/X (sky130_fd_sc_hd__clkbuf_16)
    11    0.04                           clknet_2_0__leaf_clk (net)
                  0.09    0.00    0.63 ^ _437_/CLK (sky130_fd_sc_hd__dfrtp_1)
                  0.22    0.73    1.37 ^ _437_/Q (sky130_fd_sc_hd__dfrtp_1)
     2    0.01                           net16 (net)
                  0.22    0.00    1.37 ^ _266_/A1 (sky130_fd_sc_hd__mux2_1)
                  0.08    0.29    1.66 ^ _266_/X (sky130_fd_sc_hd__mux2_1)
     1    0.00                           _138_ (net)
                  0.08    0.00    1.66 ^ _267_/A (sky130_fd_sc_hd__clkbuf_1)
                  0.06    0.14    1.80 ^ _267_/X (sky130_fd_sc_hd__clkbuf_1)
     1    0.00                           _076_ (net)
                  0.06    0.00    1.80 ^ _437_/D (sky130_fd_sc_hd__dfrtp_1)
                                  1.80   data arrival time

                          0.00    0.00   clock clk (rise edge)
                          0.00    0.00   clock source latency
                  0.16    0.11    0.11 ^ clk (in)
     2    0.02                           clk (net)
                  0.16    0.00    0.11 ^ clkbuf_0_clk/A (sky130_fd_sc_hd__clkbuf_16)
                  0.10    0.31    0.42 ^ clkbuf_0_clk/X (sky130_fd_sc_hd__clkbuf_16)
     4    0.05                           clknet_0_clk (net)
                  0.10    0.00    0.43 ^ clkbuf_2_0__f_clk/A (sky130_fd_sc_hd__clkbuf_16)
                  0.09    0.27    0.70 ^ clkbuf_2_0__f_clk/X (sky130_fd_sc_hd__clkbuf_16)
    11    0.04                           clknet_2_0__leaf_clk (net)
                  0.09    0.00    0.70 ^ _437_/CLK (sky130_fd_sc_hd__dfrtp_1)
                          0.25    0.95   clock uncertainty
                         -0.07    0.88   clock reconvergence pessimism
                         -0.07    0.81   library hold time
                                  0.81   data required time
-----------------------------------------------------------------------------
                                  0.81   data required time
                                 -1.80   data arrival time
-----------------------------------------------------------------------------
                                  0.98   slack (MET)


Startpoint: _449_ (rising edge-triggered flip-flop clocked by clk)
Endpoint: _450_ (rising edge-triggered flip-flop clocked by clk)
Path Group: clk
Path Type: min
Corner: Slowest

Fanout     Cap    Slew   Delay    Time   Description
-----------------------------------------------------------------------------
                          0.00    0.00   clock clk (rise edge)
                          0.00    0.00   clock source latency
                  0.16    0.10    0.10 ^ clk (in)
     2    0.02                           clk (net)
                  0.16    0.00    0.10 ^ clkbuf_0_clk/A (sky130_fd_sc_hd__clkbuf_16)
                  0.10    0.28    0.38 ^ clkbuf_0_clk/X (sky130_fd_sc_hd__clkbuf_16)
     4    0.05                           clknet_0_clk (net)
                  0.10    0.00    0.39 ^ clkbuf_2_1__f_clk/A (sky130_fd_sc_hd__clkbuf_16)
                  0.10    0.26    0.65 ^ clkbuf_2_1__f_clk/X (sky130_fd_sc_hd__clkbuf_16)
    15    0.05                           clknet_2_1__leaf_clk (net)
                  0.10    0.00    0.65 ^ _449_/CLK (sky130_fd_sc_hd__dfrtp_1)
                  0.16    0.69    1.34 ^ _449_/Q (sky130_fd_sc_hd__dfrtp_1)
     3    0.01                           rx_inst.clk_count[6] (net)
                  0.16    0.00    1.34 ^ _207_/A (sky130_fd_sc_hd__and2_1)
                  0.18    0.32    1.65 ^ _207_/X (sky130_fd_sc_hd__and2_1)
     3    0.01                           _092_ (net)
                  0.18    0.00    1.65 ^ _211_/A2 (sky130_fd_sc_hd__a21oi_1)
                  0.05    0.16    1.81 v _211_/Y (sky130_fd_sc_hd__a21oi_1)
     1    0.00                           _089_ (net)
                  0.05    0.00    1.81 v _450_/D (sky130_fd_sc_hd__dfrtp_1)
                                  1.81   data arrival time

                          0.00    0.00   clock clk (rise edge)
                          0.00    0.00   clock source latency
                  0.16    0.11    0.11 ^ clk (in)
     2    0.02                           clk (net)
                  0.16    0.00    0.11 ^ clkbuf_0_clk/A (sky130_fd_sc_hd__clkbuf_16)
                  0.10    0.31    0.42 ^ clkbuf_0_clk/X (sky130_fd_sc_hd__clkbuf_16)
     4    0.05                           clknet_0_clk (net)
                  0.10    0.00    0.43 ^ clkbuf_2_1__f_clk/A (sky130_fd_sc_hd__clkbuf_16)
                  0.10    0.29    0.71 ^ clkbuf_2_1__f_clk/X (sky130_fd_sc_hd__clkbuf_16)
    15    0.05                           clknet_2_1__leaf_clk (net)
                  0.10    0.00    0.72 ^ _450_/CLK (sky130_fd_sc_hd__dfrtp_1)
                          0.25    0.97   clock uncertainty
                         -0.07    0.90   clock reconvergence pessimism
                         -0.08    0.81   library hold time
                                  0.81   data required time
-----------------------------------------------------------------------------
                                  0.81   data required time
                                 -1.81   data arrival time
-----------------------------------------------------------------------------
                                  1.00   slack (MET)


Startpoint: _442_ (rising edge-triggered flip-flop clocked by clk)
Endpoint: _442_ (rising edge-triggered flip-flop clocked by clk)
Path Group: clk
Path Type: min
Corner: Slowest

Fanout     Cap    Slew   Delay    Time   Description
-----------------------------------------------------------------------------
                          0.00    0.00   clock clk (rise edge)
                          0.00    0.00   clock source latency
                  0.16    0.10    0.10 ^ clk (in)
     2    0.02                           clk (net)
                  0.16    0.00    0.10 ^ clkbuf_0_clk/A (sky130_fd_sc_hd__clkbuf_16)
                  0.10    0.28    0.38 ^ clkbuf_0_clk/X (sky130_fd_sc_hd__clkbuf_16)
     4    0.05                           clknet_0_clk (net)
                  0.10    0.00    0.39 ^ clkbuf_2_0__f_clk/A (sky130_fd_sc_hd__clkbuf_16)
                  0.09    0.25    0.63 ^ clkbuf_2_0__f_clk/X (sky130_fd_sc_hd__clkbuf_16)
    11    0.04                           clknet_2_0__leaf_clk (net)
                  0.09    0.00    0.63 ^ _442_/CLK (sky130_fd_sc_hd__dfrtp_2)
                  0.18    0.76    1.40 ^ _442_/Q (sky130_fd_sc_hd__dfrtp_2)
     6    0.02                           rx_inst.bit_index[2] (net)
                  0.18    0.00    1.40 ^ _245_/B1 (sky130_fd_sc_hd__a31o_1)
                  0.07    0.20    1.59 ^ _245_/X (sky130_fd_sc_hd__a31o_1)
     1    0.00                           _122_ (net)
                  0.07    0.00    1.59 ^ _246_/B1 (sky130_fd_sc_hd__o21a_1)
                  0.09    0.22    1.81 ^ _246_/X (sky130_fd_sc_hd__o21a_1)
     1    0.00                           _081_ (net)
                  0.09    0.00    1.81 ^ _442_/D (sky130_fd_sc_hd__dfrtp_2)
                                  1.81   data arrival time

                          0.00    0.00   clock clk (rise edge)
                          0.00    0.00   clock source latency
                  0.16    0.11    0.11 ^ clk (in)
     2    0.02                           clk (net)
                  0.16    0.00    0.11 ^ clkbuf_0_clk/A (sky130_fd_sc_hd__clkbuf_16)
                  0.10    0.31    0.42 ^ clkbuf_0_clk/X (sky130_fd_sc_hd__clkbuf_16)
     4    0.05                           clknet_0_clk (net)
                  0.10    0.00    0.43 ^ clkbuf_2_0__f_clk/A (sky130_fd_sc_hd__clkbuf_16)
                  0.09    0.27    0.70 ^ clkbuf_2_0__f_clk/X (sky130_fd_sc_hd__clkbuf_16)
    11    0.04                           clknet_2_0__leaf_clk (net)
                  0.09    0.00    0.70 ^ _442_/CLK (sky130_fd_sc_hd__dfrtp_2)
                          0.25    0.95   clock uncertainty
                         -0.07    0.88   clock reconvergence pessimism
                         -0.08    0.81   library hold time
                                  0.81   data required time
-----------------------------------------------------------------------------
                                  0.81   data required time
                                 -1.81   data arrival time
-----------------------------------------------------------------------------
                                  1.01   slack (MET)


Startpoint: _433_ (rising edge-triggered flip-flop clocked by clk)
Endpoint: _433_ (rising edge-triggered flip-flop clocked by clk)
Path Group: clk
Path Type: min
Corner: Slowest

Fanout     Cap    Slew   Delay    Time   Description
-----------------------------------------------------------------------------
                          0.00    0.00   clock clk (rise edge)
                          0.00    0.00   clock source latency
                  0.16    0.10    0.10 ^ clk (in)
     2    0.02                           clk (net)
                  0.16    0.00    0.10 ^ clkbuf_0_clk/A (sky130_fd_sc_hd__clkbuf_16)
                  0.10    0.28    0.38 ^ clkbuf_0_clk/X (sky130_fd_sc_hd__clkbuf_16)
     4    0.05                           clknet_0_clk (net)
                  0.10    0.00    0.39 ^ clkbuf_2_1__f_clk/A (sky130_fd_sc_hd__clkbuf_16)
                  0.10    0.26    0.65 ^ clkbuf_2_1__f_clk/X (sky130_fd_sc_hd__clkbuf_16)
    15    0.05                           clknet_2_1__leaf_clk (net)
                  0.10    0.00    0.65 ^ _433_/CLK (sky130_fd_sc_hd__dfrtp_1)
                  0.28    0.78    1.43 ^ _433_/Q (sky130_fd_sc_hd__dfrtp_1)
     4    0.02                           net12 (net)
                  0.28    0.00    1.43 ^ _279_/A0 (sky130_fd_sc_hd__mux2_1)
                  0.07    0.29    1.71 ^ _279_/X (sky130_fd_sc_hd__mux2_1)
     1    0.00                           _147_ (net)
                  0.07    0.00    1.71 ^ _280_/A (sky130_fd_sc_hd__clkbuf_1)
                  0.06    0.13    1.85 ^ _280_/X (sky130_fd_sc_hd__clkbuf_1)
     1    0.00                           _072_ (net)
                  0.06    0.00    1.85 ^ _433_/D (sky130_fd_sc_hd__dfrtp_1)
                                  1.85   data arrival time

                          0.00    0.00   clock clk (rise edge)
                          0.00    0.00   clock source latency
                  0.16    0.11    0.11 ^ clk (in)
     2    0.02                           clk (net)
                  0.16    0.00    0.11 ^ clkbuf_0_clk/A (sky130_fd_sc_hd__clkbuf_16)
                  0.10    0.31    0.42 ^ clkbuf_0_clk/X (sky130_fd_sc_hd__clkbuf_16)
     4    0.05                           clknet_0_clk (net)
                  0.10    0.00    0.43 ^ clkbuf_2_1__f_clk/A (sky130_fd_sc_hd__clkbuf_16)
                  0.10    0.29    0.71 ^ clkbuf_2_1__f_clk/X (sky130_fd_sc_hd__clkbuf_16)
    15    0.05                           clknet_2_1__leaf_clk (net)
                  0.10    0.00    0.72 ^ _433_/CLK (sky130_fd_sc_hd__dfrtp_1)
                          0.25    0.97   clock uncertainty
                         -0.07    0.90   clock reconvergence pessimism
                         -0.07    0.83   library hold time
                                  0.83   data required time
-----------------------------------------------------------------------------
                                  0.83   data required time
                                 -1.85   data arrival time
-----------------------------------------------------------------------------
                                  1.02   slack (MET)


Startpoint: _408_ (rising edge-triggered flip-flop clocked by clk)
Endpoint: _408_ (rising edge-triggered flip-flop clocked by clk)
Path Group: clk
Path Type: min
Corner: Slowest

Fanout     Cap    Slew   Delay    Time   Description
-----------------------------------------------------------------------------
                          0.00    0.00   clock clk (rise edge)
                          0.00    0.00   clock source latency
                  0.16    0.10    0.10 ^ clk (in)
     2    0.02                           clk (net)
                  0.16    0.00    0.10 ^ clkbuf_0_clk/A (sky130_fd_sc_hd__clkbuf_16)
                  0.10    0.28    0.38 ^ clkbuf_0_clk/X (sky130_fd_sc_hd__clkbuf_16)
     4    0.05                           clknet_0_clk (net)
                  0.10    0.00    0.39 ^ clkbuf_2_3__f_clk/A (sky130_fd_sc_hd__clkbuf_16)
                  0.08    0.24    0.62 ^ clkbuf_2_3__f_clk/X (sky130_fd_sc_hd__clkbuf_16)
     8    0.03                           clknet_2_3__leaf_clk (net)
                  0.08    0.00    0.62 ^ _408_/CLK (sky130_fd_sc_hd__dfrtp_1)
                  0.23    0.73    1.35 ^ _408_/Q (sky130_fd_sc_hd__dfrtp_1)
     4    0.01                           tx_inst.bit_index[2] (net)
                  0.23    0.00    1.35 ^ _348_/B1_N (sky130_fd_sc_hd__o21ba_1)
                  0.05    0.31    1.66 v _348_/X (sky130_fd_sc_hd__o21ba_1)
     1    0.00                           _195_ (net)
                  0.05    0.00    1.66 v _349_/B (sky130_fd_sc_hd__nor2_1)
                  0.14    0.14    1.80 ^ _349_/Y (sky130_fd_sc_hd__nor2_1)
     1    0.00                           _047_ (net)
                  0.14    0.00    1.80 ^ _408_/D (sky130_fd_sc_hd__dfrtp_1)
                                  1.80   data arrival time

                          0.00    0.00   clock clk (rise edge)
                          0.00    0.00   clock source latency
                  0.16    0.11    0.11 ^ clk (in)
     2    0.02                           clk (net)
                  0.16    0.00    0.11 ^ clkbuf_0_clk/A (sky130_fd_sc_hd__clkbuf_16)
                  0.10    0.31    0.42 ^ clkbuf_0_clk/X (sky130_fd_sc_hd__clkbuf_16)
     4    0.05                           clknet_0_clk (net)
                  0.10    0.00    0.43 ^ clkbuf_2_3__f_clk/A (sky130_fd_sc_hd__clkbuf_16)
                  0.08    0.26    0.69 ^ clkbuf_2_3__f_clk/X (sky130_fd_sc_hd__clkbuf_16)
     8    0.03                           clknet_2_3__leaf_clk (net)
                  0.08    0.00    0.69 ^ _408_/CLK (sky130_fd_sc_hd__dfrtp_1)
                          0.25    0.94   clock uncertainty
                         -0.07    0.87   clock reconvergence pessimism
                         -0.09    0.78   library hold time
                                  0.78   data required time
-----------------------------------------------------------------------------
                                  0.78   data required time
                                 -1.80   data arrival time
-----------------------------------------------------------------------------
                                  1.02   slack (MET)


Startpoint: _448_ (rising edge-triggered flip-flop clocked by clk)
Endpoint: _448_ (rising edge-triggered flip-flop clocked by clk)
Path Group: clk
Path Type: min
Corner: Slowest

Fanout     Cap    Slew   Delay    Time   Description
-----------------------------------------------------------------------------
                          0.00    0.00   clock clk (rise edge)
                          0.00    0.00   clock source latency
                  0.16    0.10    0.10 ^ clk (in)
     2    0.02                           clk (net)
                  0.16    0.00    0.10 ^ clkbuf_0_clk/A (sky130_fd_sc_hd__clkbuf_16)
                  0.10    0.28    0.38 ^ clkbuf_0_clk/X (sky130_fd_sc_hd__clkbuf_16)
     4    0.05                           clknet_0_clk (net)
                  0.10    0.00    0.39 ^ clkbuf_2_1__f_clk/A (sky130_fd_sc_hd__clkbuf_16)
                  0.10    0.26    0.65 ^ clkbuf_2_1__f_clk/X (sky130_fd_sc_hd__clkbuf_16)
    15    0.05                           clknet_2_1__leaf_clk (net)
                  0.10    0.00    0.65 ^ _448_/CLK (sky130_fd_sc_hd__dfrtp_1)
                  0.14    0.67    1.32 ^ _448_/Q (sky130_fd_sc_hd__dfrtp_1)
     3    0.01                           rx_inst.clk_count[5] (net)
                  0.14    0.00    1.32 ^ _206_/A (sky130_fd_sc_hd__and3_1)
                  0.20    0.38    1.71 ^ _206_/X (sky130_fd_sc_hd__and3_1)
     3    0.01                           _091_ (net)
                  0.20    0.00    1.71 ^ _216_/A (sky130_fd_sc_hd__nor2_1)
                  0.05    0.13    1.84 v _216_/Y (sky130_fd_sc_hd__nor2_1)
     1    0.00                           _087_ (net)
                  0.05    0.00    1.84 v _448_/D (sky130_fd_sc_hd__dfrtp_1)
                                  1.84   data arrival time

                          0.00    0.00   clock clk (rise edge)
                          0.00    0.00   clock source latency
                  0.16    0.11    0.11 ^ clk (in)
     2    0.02                           clk (net)
                  0.16    0.00    0.11 ^ clkbuf_0_clk/A (sky130_fd_sc_hd__clkbuf_16)
                  0.10    0.31    0.42 ^ clkbuf_0_clk/X (sky130_fd_sc_hd__clkbuf_16)
     4    0.05                           clknet_0_clk (net)
                  0.10    0.00    0.43 ^ clkbuf_2_1__f_clk/A (sky130_fd_sc_hd__clkbuf_16)
                  0.10    0.29    0.71 ^ clkbuf_2_1__f_clk/X (sky130_fd_sc_hd__clkbuf_16)
    15    0.05                           clknet_2_1__leaf_clk (net)
                  0.10    0.00    0.72 ^ _448_/CLK (sky130_fd_sc_hd__dfrtp_1)
                          0.25    0.97   clock uncertainty
                         -0.07    0.90   clock reconvergence pessimism
                         -0.08    0.81   library hold time
                                  0.81   data required time
-----------------------------------------------------------------------------
                                  0.81   data required time
                                 -1.84   data arrival time
-----------------------------------------------------------------------------
                                  1.02   slack (MET)


Startpoint: _432_ (rising edge-triggered flip-flop clocked by clk)
Endpoint: _432_ (rising edge-triggered flip-flop clocked by clk)
Path Group: clk
Path Type: min
Corner: Slowest

Fanout     Cap    Slew   Delay    Time   Description
-----------------------------------------------------------------------------
                          0.00    0.00   clock clk (rise edge)
                          0.00    0.00   clock source latency
                  0.16    0.10    0.10 ^ clk (in)
     2    0.02                           clk (net)
                  0.16    0.00    0.10 ^ clkbuf_0_clk/A (sky130_fd_sc_hd__clkbuf_16)
                  0.10    0.28    0.38 ^ clkbuf_0_clk/X (sky130_fd_sc_hd__clkbuf_16)
     4    0.05                           clknet_0_clk (net)
                  0.10    0.00    0.39 ^ clkbuf_2_1__f_clk/A (sky130_fd_sc_hd__clkbuf_16)
                  0.10    0.26    0.65 ^ clkbuf_2_1__f_clk/X (sky130_fd_sc_hd__clkbuf_16)
    15    0.05                           clknet_2_1__leaf_clk (net)
                  0.10    0.00    0.65 ^ _432_/CLK (sky130_fd_sc_hd__dfrtp_2)
                  0.23    0.81    1.46 ^ _432_/Q (sky130_fd_sc_hd__dfrtp_2)
     4    0.03                           net11 (net)
                  0.23    0.00    1.46 ^ _282_/A0 (sky130_fd_sc_hd__mux2_1)
                  0.07    0.27    1.73 ^ _282_/X (sky130_fd_sc_hd__mux2_1)
     1    0.00                           _149_ (net)
                  0.07    0.00    1.73 ^ _283_/A (sky130_fd_sc_hd__clkbuf_1)
                  0.06    0.14    1.86 ^ _283_/X (sky130_fd_sc_hd__clkbuf_1)
     1    0.00                           _071_ (net)
                  0.06    0.00    1.87 ^ _432_/D (sky130_fd_sc_hd__dfrtp_2)
                                  1.87   data arrival time

                          0.00    0.00   clock clk (rise edge)
                          0.00    0.00   clock source latency
                  0.16    0.11    0.11 ^ clk (in)
     2    0.02                           clk (net)
                  0.16    0.00    0.11 ^ clkbuf_0_clk/A (sky130_fd_sc_hd__clkbuf_16)
                  0.10    0.31    0.42 ^ clkbuf_0_clk/X (sky130_fd_sc_hd__clkbuf_16)
     4    0.05                           clknet_0_clk (net)
                  0.10    0.00    0.43 ^ clkbuf_2_1__f_clk/A (sky130_fd_sc_hd__clkbuf_16)
                  0.10    0.29    0.71 ^ clkbuf_2_1__f_clk/X (sky130_fd_sc_hd__clkbuf_16)
    15    0.05                           clknet_2_1__leaf_clk (net)
                  0.10    0.00    0.72 ^ _432_/CLK (sky130_fd_sc_hd__dfrtp_2)
                          0.25    0.97   clock uncertainty
                         -0.07    0.90   clock reconvergence pessimism
                         -0.07    0.83   library hold time
                                  0.83   data required time
-----------------------------------------------------------------------------
                                  0.83   data required time
                                 -1.87   data arrival time
-----------------------------------------------------------------------------
                                  1.04   slack (MET)


Startpoint: _438_ (rising edge-triggered flip-flop clocked by clk)
Endpoint: _438_ (rising edge-triggered flip-flop clocked by clk)
Path Group: clk
Path Type: min
Corner: Slowest

Fanout     Cap    Slew   Delay    Time   Description
-----------------------------------------------------------------------------
                          0.00    0.00   clock clk (rise edge)
                          0.00    0.00   clock source latency
                  0.16    0.10    0.10 ^ clk (in)
     2    0.02                           clk (net)
                  0.16    0.00    0.10 ^ clkbuf_0_clk/A (sky130_fd_sc_hd__clkbuf_16)
                  0.10    0.28    0.38 ^ clkbuf_0_clk/X (sky130_fd_sc_hd__clkbuf_16)
     4    0.05                           clknet_0_clk (net)
                  0.10    0.00    0.39 ^ clkbuf_2_1__f_clk/A (sky130_fd_sc_hd__clkbuf_16)
                  0.10    0.26    0.65 ^ clkbuf_2_1__f_clk/X (sky130_fd_sc_hd__clkbuf_16)
    15    0.05                           clknet_2_1__leaf_clk (net)
                  0.10    0.00    0.65 ^ _438_/CLK (sky130_fd_sc_hd__dfrtp_2)
                  0.23    0.81    1.45 ^ _438_/Q (sky130_fd_sc_hd__dfrtp_2)
     4    0.03                           net17 (net)
                  0.23    0.00    1.45 ^ _263_/A1 (sky130_fd_sc_hd__mux2_1)
                  0.08    0.29    1.74 ^ _263_/X (sky130_fd_sc_hd__mux2_1)
     1    0.00                           _136_ (net)
                  0.08    0.00    1.74 ^ _264_/A (sky130_fd_sc_hd__clkbuf_1)
                  0.06    0.14    1.88 ^ _264_/X (sky130_fd_sc_hd__clkbuf_1)
     1    0.00                           _077_ (net)
                  0.06    0.00    1.88 ^ _438_/D (sky130_fd_sc_hd__dfrtp_2)
                                  1.88   data arrival time

                          0.00    0.00   clock clk (rise edge)
                          0.00    0.00   clock source latency
                  0.16    0.11    0.11 ^ clk (in)
     2    0.02                           clk (net)
                  0.16    0.00    0.11 ^ clkbuf_0_clk/A (sky130_fd_sc_hd__clkbuf_16)
                  0.10    0.31    0.42 ^ clkbuf_0_clk/X (sky130_fd_sc_hd__clkbuf_16)
     4    0.05                           clknet_0_clk (net)
                  0.10    0.00    0.43 ^ clkbuf_2_1__f_clk/A (sky130_fd_sc_hd__clkbuf_16)
                  0.10    0.29    0.71 ^ clkbuf_2_1__f_clk/X (sky130_fd_sc_hd__clkbuf_16)
    15    0.05                           clknet_2_1__leaf_clk (net)
                  0.10    0.00    0.71 ^ _438_/CLK (sky130_fd_sc_hd__dfrtp_2)
                          0.25    0.96   clock uncertainty
                         -0.07    0.90   clock reconvergence pessimism
                         -0.07    0.83   library hold time
                                  0.83   data required time
-----------------------------------------------------------------------------
                                  0.83   data required time
                                 -1.88   data arrival time
-----------------------------------------------------------------------------
                                  1.05   slack (MET)


Startpoint: _445_ (rising edge-triggered flip-flop clocked by clk)
Endpoint: _445_ (rising edge-triggered flip-flop clocked by clk)
Path Group: clk
Path Type: min
Corner: Slowest

Fanout     Cap    Slew   Delay    Time   Description
-----------------------------------------------------------------------------
                          0.00    0.00   clock clk (rise edge)
                          0.00    0.00   clock source latency
                  0.16    0.10    0.10 ^ clk (in)
     2    0.02                           clk (net)
                  0.16    0.00    0.10 ^ clkbuf_0_clk/A (sky130_fd_sc_hd__clkbuf_16)
                  0.10    0.28    0.38 ^ clkbuf_0_clk/X (sky130_fd_sc_hd__clkbuf_16)
     4    0.05                           clknet_0_clk (net)
                  0.10    0.00    0.39 ^ clkbuf_2_0__f_clk/A (sky130_fd_sc_hd__clkbuf_16)
                  0.09    0.25    0.63 ^ clkbuf_2_0__f_clk/X (sky130_fd_sc_hd__clkbuf_16)
    11    0.04                           clknet_2_0__leaf_clk (net)
                  0.09    0.00    0.63 ^ _445_/CLK (sky130_fd_sc_hd__dfrtp_2)
                  0.20    0.77    1.41 ^ _445_/Q (sky130_fd_sc_hd__dfrtp_2)
     6    0.02                           rx_inst.clk_count[2] (net)
                  0.20    0.00    1.41 ^ _234_/A (sky130_fd_sc_hd__xnor2_1)
                  0.08    0.24    1.65 ^ _234_/Y (sky130_fd_sc_hd__xnor2_1)
     1    0.00                           _114_ (net)
                  0.08    0.00    1.65 ^ _235_/B2 (sky130_fd_sc_hd__a32o_1)
                  0.08    0.21    1.86 ^ _235_/X (sky130_fd_sc_hd__a32o_1)
     1    0.00                           _084_ (net)
                  0.08    0.00    1.86 ^ _445_/D (sky130_fd_sc_hd__dfrtp_2)
                                  1.86   data arrival time

                          0.00    0.00   clock clk (rise edge)
                          0.00    0.00   clock source latency
                  0.16    0.11    0.11 ^ clk (in)
     2    0.02                           clk (net)
                  0.16    0.00    0.11 ^ clkbuf_0_clk/A (sky130_fd_sc_hd__clkbuf_16)
                  0.10    0.31    0.42 ^ clkbuf_0_clk/X (sky130_fd_sc_hd__clkbuf_16)
     4    0.05                           clknet_0_clk (net)
                  0.10    0.00    0.43 ^ clkbuf_2_0__f_clk/A (sky130_fd_sc_hd__clkbuf_16)
                  0.09    0.27    0.70 ^ clkbuf_2_0__f_clk/X (sky130_fd_sc_hd__clkbuf_16)
    11    0.04                           clknet_2_0__leaf_clk (net)
                  0.09    0.00    0.70 ^ _445_/CLK (sky130_fd_sc_hd__dfrtp_2)
                          0.25    0.95   clock uncertainty
                         -0.07    0.88   clock reconvergence pessimism
                         -0.08    0.81   library hold time
                                  0.81   data required time
-----------------------------------------------------------------------------
                                  0.81   data required time
                                 -1.86   data arrival time
-----------------------------------------------------------------------------
                                  1.05   slack (MET)


Startpoint: _418_ (rising edge-triggered flip-flop clocked by clk)
Endpoint: _418_ (rising edge-triggered flip-flop clocked by clk)
Path Group: clk
Path Type: min
Corner: Slowest

Fanout     Cap    Slew   Delay    Time   Description
-----------------------------------------------------------------------------
                          0.00    0.00   clock clk (rise edge)
                          0.00    0.00   clock source latency
                  0.16    0.10    0.10 ^ clk (in)
     2    0.02                           clk (net)
                  0.16    0.00    0.10 ^ clkbuf_0_clk/A (sky130_fd_sc_hd__clkbuf_16)
                  0.10    0.28    0.38 ^ clkbuf_0_clk/X (sky130_fd_sc_hd__clkbuf_16)
     4    0.05                           clknet_0_clk (net)
                  0.10    0.00    0.39 ^ clkbuf_2_0__f_clk/A (sky130_fd_sc_hd__clkbuf_16)
                  0.09    0.25    0.63 ^ clkbuf_2_0__f_clk/X (sky130_fd_sc_hd__clkbuf_16)
    11    0.04                           clknet_2_0__leaf_clk (net)
                  0.09    0.00    0.64 ^ _418_/CLK (sky130_fd_sc_hd__dfrtp_1)
                  0.10    0.63    1.27 ^ _418_/Q (sky130_fd_sc_hd__dfrtp_1)
     2    0.00                           rx_inst.state[1] (net)
                  0.10    0.00    1.27 ^ _219_/A (sky130_fd_sc_hd__buf_2)
                  0.29    0.35    1.61 ^ _219_/X (sky130_fd_sc_hd__buf_2)
    10    0.04                           _100_ (net)
                  0.29    0.00    1.62 ^ _326_/A1 (sky130_fd_sc_hd__a21bo_1)
                  0.06    0.26    1.88 ^ _326_/X (sky130_fd_sc_hd__a21bo_1)
     1    0.00                           _057_ (net)
                  0.06    0.00    1.88 ^ _418_/D (sky130_fd_sc_hd__dfrtp_1)
                                  1.88   data arrival time

                          0.00    0.00   clock clk (rise edge)
                          0.00    0.00   clock source latency
                  0.16    0.11    0.11 ^ clk (in)
     2    0.02                           clk (net)
                  0.16    0.00    0.11 ^ clkbuf_0_clk/A (sky130_fd_sc_hd__clkbuf_16)
                  0.10    0.31    0.42 ^ clkbuf_0_clk/X (sky130_fd_sc_hd__clkbuf_16)
     4    0.05                           clknet_0_clk (net)
                  0.10    0.00    0.43 ^ clkbuf_2_0__f_clk/A (sky130_fd_sc_hd__clkbuf_16)
                  0.09    0.27    0.70 ^ clkbuf_2_0__f_clk/X (sky130_fd_sc_hd__clkbuf_16)
    11    0.04                           clknet_2_0__leaf_clk (net)
                  0.09    0.00    0.70 ^ _418_/CLK (sky130_fd_sc_hd__dfrtp_1)
                          0.25    0.95   clock uncertainty
                         -0.07    0.89   clock reconvergence pessimism
                         -0.07    0.82   library hold time
                                  0.82   data required time
-----------------------------------------------------------------------------
                                  0.82   data required time
                                 -1.88   data arrival time
-----------------------------------------------------------------------------
                                  1.06   slack (MET)


Startpoint: rst (input port clocked by clk)
Endpoint: _447_ (removal check against rising-edge clock clk)
Path Group: asynchronous
Path Type: min
Corner: Slowest

Fanout     Cap    Slew   Delay    Time   Description
-----------------------------------------------------------------------------
                          0.00    0.00   clock clk (rise edge)
                          0.00    0.00   clock network delay (propagated)
                          2.00    2.00 v input external delay
                  0.02    0.01    2.01 v rst (in)
     2    0.00                           rst (net)
                  0.02    0.00    2.01 v input1/A (sky130_fd_sc_hd__buf_1)
                  0.14    0.20    2.21 v input1/X (sky130_fd_sc_hd__buf_1)
     1    0.01                           net1 (net)
                  0.14    0.00    2.21 v _356_/A (sky130_fd_sc_hd__clkbuf_4)
                  0.18    0.37    2.58 v _356_/X (sky130_fd_sc_hd__clkbuf_4)
     9    0.05                           _200_ (net)
                  0.18    0.01    2.59 v _402_/A (sky130_fd_sc_hd__inv_2)
                  0.06    0.11    2.69 ^ _402_/Y (sky130_fd_sc_hd__inv_2)
     1    0.00                           _041_ (net)
                  0.06    0.00    2.69 ^ _447_/RESET_B (sky130_fd_sc_hd__dfrtp_1)
                                  2.69   data arrival time

                          0.00    0.00   clock clk (rise edge)
                          0.00    0.00   clock source latency
                  0.16    0.11    0.11 ^ clk (in)
     2    0.02                           clk (net)
                  0.16    0.00    0.11 ^ clkbuf_0_clk/A (sky130_fd_sc_hd__clkbuf_16)
                  0.10    0.31    0.42 ^ clkbuf_0_clk/X (sky130_fd_sc_hd__clkbuf_16)
     4    0.05                           clknet_0_clk (net)
                  0.10    0.00    0.43 ^ clkbuf_2_1__f_clk/A (sky130_fd_sc_hd__clkbuf_16)
                  0.10    0.29    0.71 ^ clkbuf_2_1__f_clk/X (sky130_fd_sc_hd__clkbuf_16)
    15    0.05                           clknet_2_1__leaf_clk (net)
                  0.10    0.00    0.72 ^ _447_/CLK (sky130_fd_sc_hd__dfrtp_1)
                          0.25    0.97   clock uncertainty
                          0.00    0.97   clock reconvergence pessimism
                          0.67    1.63   library removal time
                                  1.63   data required time
-----------------------------------------------------------------------------
                                  1.63   data required time
                                 -2.69   data arrival time
-----------------------------------------------------------------------------
                                  1.06   slack (MET)


Startpoint: rst (input port clocked by clk)
Endpoint: _448_ (removal check against rising-edge clock clk)
Path Group: asynchronous
Path Type: min
Corner: Slowest

Fanout     Cap    Slew   Delay    Time   Description
-----------------------------------------------------------------------------
                          0.00    0.00   clock clk (rise edge)
                          0.00    0.00   clock network delay (propagated)
                          2.00    2.00 v input external delay
                  0.02    0.01    2.01 v rst (in)
     2    0.00                           rst (net)
                  0.02    0.00    2.01 v input1/A (sky130_fd_sc_hd__buf_1)
                  0.14    0.20    2.21 v input1/X (sky130_fd_sc_hd__buf_1)
     1    0.01                           net1 (net)
                  0.14    0.00    2.21 v _356_/A (sky130_fd_sc_hd__clkbuf_4)
                  0.18    0.37    2.58 v _356_/X (sky130_fd_sc_hd__clkbuf_4)
     9    0.05                           _200_ (net)
                  0.18    0.01    2.59 v _403_/A (sky130_fd_sc_hd__inv_2)
                  0.06    0.11    2.69 ^ _403_/Y (sky130_fd_sc_hd__inv_2)
     1    0.00                           _042_ (net)
                  0.06    0.00    2.70 ^ _448_/RESET_B (sky130_fd_sc_hd__dfrtp_1)
                                  2.70   data arrival time

                          0.00    0.00   clock clk (rise edge)
                          0.00    0.00   clock source latency
                  0.16    0.11    0.11 ^ clk (in)
     2    0.02                           clk (net)
                  0.16    0.00    0.11 ^ clkbuf_0_clk/A (sky130_fd_sc_hd__clkbuf_16)
                  0.10    0.31    0.42 ^ clkbuf_0_clk/X (sky130_fd_sc_hd__clkbuf_16)
     4    0.05                           clknet_0_clk (net)
                  0.10    0.00    0.43 ^ clkbuf_2_1__f_clk/A (sky130_fd_sc_hd__clkbuf_16)
                  0.10    0.29    0.71 ^ clkbuf_2_1__f_clk/X (sky130_fd_sc_hd__clkbuf_16)
    15    0.05                           clknet_2_1__leaf_clk (net)
                  0.10    0.00    0.72 ^ _448_/CLK (sky130_fd_sc_hd__dfrtp_1)
                          0.25    0.97   clock uncertainty
                          0.00    0.97   clock reconvergence pessimism
                          0.67    1.63   library removal time
                                  1.63   data required time
-----------------------------------------------------------------------------
                                  1.63   data required time
                                 -2.70   data arrival time
-----------------------------------------------------------------------------
                                  1.06   slack (MET)


Startpoint: rst (input port clocked by clk)
Endpoint: _446_ (removal check against rising-edge clock clk)
Path Group: asynchronous
Path Type: min
Corner: Slowest

Fanout     Cap    Slew   Delay    Time   Description
-----------------------------------------------------------------------------
                          0.00    0.00   clock clk (rise edge)
                          0.00    0.00   clock network delay (propagated)
                          2.00    2.00 v input external delay
                  0.02    0.01    2.01 v rst (in)
     2    0.00                           rst (net)
                  0.02    0.00    2.01 v input1/A (sky130_fd_sc_hd__buf_1)
                  0.14    0.20    2.21 v input1/X (sky130_fd_sc_hd__buf_1)
     1    0.01                           net1 (net)
                  0.14    0.00    2.21 v _356_/A (sky130_fd_sc_hd__clkbuf_4)
                  0.18    0.37    2.58 v _356_/X (sky130_fd_sc_hd__clkbuf_4)
     9    0.05                           _200_ (net)
                  0.18    0.01    2.59 v _401_/A (sky130_fd_sc_hd__inv_2)
                  0.06    0.11    2.70 ^ _401_/Y (sky130_fd_sc_hd__inv_2)
     1    0.00                           _040_ (net)
                  0.06    0.00    2.70 ^ _446_/RESET_B (sky130_fd_sc_hd__dfrtp_1)
                                  2.70   data arrival time

                          0.00    0.00   clock clk (rise edge)
                          0.00    0.00   clock source latency
                  0.16    0.11    0.11 ^ clk (in)
     2    0.02                           clk (net)
                  0.16    0.00    0.11 ^ clkbuf_0_clk/A (sky130_fd_sc_hd__clkbuf_16)
                  0.10    0.31    0.42 ^ clkbuf_0_clk/X (sky130_fd_sc_hd__clkbuf_16)
     4    0.05                           clknet_0_clk (net)
                  0.10    0.00    0.43 ^ clkbuf_2_1__f_clk/A (sky130_fd_sc_hd__clkbuf_16)
                  0.10    0.29    0.71 ^ clkbuf_2_1__f_clk/X (sky130_fd_sc_hd__clkbuf_16)
    15    0.05                           clknet_2_1__leaf_clk (net)
                  0.10    0.00    0.72 ^ _446_/CLK (sky130_fd_sc_hd__dfrtp_1)
                          0.25    0.97   clock uncertainty
                          0.00    0.97   clock reconvergence pessimism
                          0.67    1.63   library removal time
                                  1.63   data required time
-----------------------------------------------------------------------------
                                  1.63   data required time
                                 -2.70   data arrival time
-----------------------------------------------------------------------------
                                  1.06   slack (MET)


Startpoint: rst (input port clocked by clk)
Endpoint: _450_ (removal check against rising-edge clock clk)
Path Group: asynchronous
Path Type: min
Corner: Slowest

Fanout     Cap    Slew   Delay    Time   Description
-----------------------------------------------------------------------------
                          0.00    0.00   clock clk (rise edge)
                          0.00    0.00   clock network delay (propagated)
                          2.00    2.00 v input external delay
                  0.02    0.01    2.01 v rst (in)
     2    0.00                           rst (net)
                  0.02    0.00    2.01 v input1/A (sky130_fd_sc_hd__buf_1)
                  0.14    0.20    2.21 v input1/X (sky130_fd_sc_hd__buf_1)
     1    0.01                           net1 (net)
                  0.14    0.00    2.21 v _356_/A (sky130_fd_sc_hd__clkbuf_4)
                  0.18    0.37    2.58 v _356_/X (sky130_fd_sc_hd__clkbuf_4)
     9    0.05                           _200_ (net)
                  0.18    0.01    2.59 v _405_/A (sky130_fd_sc_hd__inv_2)
                  0.06    0.11    2.69 ^ _405_/Y (sky130_fd_sc_hd__inv_2)
     1    0.00                           _044_ (net)
                  0.06    0.00    2.70 ^ _450_/RESET_B (sky130_fd_sc_hd__dfrtp_1)
                                  2.70   data arrival time

                          0.00    0.00   clock clk (rise edge)
                          0.00    0.00   clock source latency
                  0.16    0.11    0.11 ^ clk (in)
     2    0.02                           clk (net)
                  0.16    0.00    0.11 ^ clkbuf_0_clk/A (sky130_fd_sc_hd__clkbuf_16)
                  0.10    0.31    0.42 ^ clkbuf_0_clk/X (sky130_fd_sc_hd__clkbuf_16)
     4    0.05                           clknet_0_clk (net)
                  0.10    0.00    0.43 ^ clkbuf_2_1__f_clk/A (sky130_fd_sc_hd__clkbuf_16)
                  0.10    0.29    0.71 ^ clkbuf_2_1__f_clk/X (sky130_fd_sc_hd__clkbuf_16)
    15    0.05                           clknet_2_1__leaf_clk (net)
                  0.10    0.00    0.72 ^ _450_/CLK (sky130_fd_sc_hd__dfrtp_1)
                          0.25    0.97   clock uncertainty
                          0.00    0.97   clock reconvergence pessimism
                          0.67    1.63   library removal time
                                  1.63   data required time
-----------------------------------------------------------------------------
                                  1.63   data required time
                                 -2.70   data arrival time
-----------------------------------------------------------------------------
                                  1.06   slack (MET)


Startpoint: _436_ (rising edge-triggered flip-flop clocked by clk)
Endpoint: _436_ (rising edge-triggered flip-flop clocked by clk)
Path Group: clk
Path Type: min
Corner: Slowest

Fanout     Cap    Slew   Delay    Time   Description
-----------------------------------------------------------------------------
                          0.00    0.00   clock clk (rise edge)
                          0.00    0.00   clock source latency
                  0.16    0.10    0.10 ^ clk (in)
     2    0.02                           clk (net)
                  0.16    0.00    0.10 ^ clkbuf_0_clk/A (sky130_fd_sc_hd__clkbuf_16)
                  0.10    0.28    0.38 ^ clkbuf_0_clk/X (sky130_fd_sc_hd__clkbuf_16)
     4    0.05                           clknet_0_clk (net)
                  0.10    0.00    0.39 ^ clkbuf_2_0__f_clk/A (sky130_fd_sc_hd__clkbuf_16)
                  0.09    0.25    0.63 ^ clkbuf_2_0__f_clk/X (sky130_fd_sc_hd__clkbuf_16)
    11    0.04                           clknet_2_0__leaf_clk (net)
                  0.09    0.00    0.63 ^ _436_/CLK (sky130_fd_sc_hd__dfrtp_1)
                  0.32    0.80    1.44 ^ _436_/Q (sky130_fd_sc_hd__dfrtp_1)
     4    0.02                           net15 (net)
                  0.32    0.00    1.44 ^ _269_/A1 (sky130_fd_sc_hd__mux2_1)
                  0.07    0.31    1.74 ^ _269_/X (sky130_fd_sc_hd__mux2_1)
     1    0.00                           _140_ (net)
                  0.07    0.00    1.74 ^ _270_/A (sky130_fd_sc_hd__clkbuf_1)
                  0.06    0.13    1.88 ^ _270_/X (sky130_fd_sc_hd__clkbuf_1)
     1    0.00                           _075_ (net)
                  0.06    0.00    1.88 ^ _436_/D (sky130_fd_sc_hd__dfrtp_1)
                                  1.88   data arrival time

                          0.00    0.00   clock clk (rise edge)
                          0.00    0.00   clock source latency
                  0.16    0.11    0.11 ^ clk (in)
     2    0.02                           clk (net)
                  0.16    0.00    0.11 ^ clkbuf_0_clk/A (sky130_fd_sc_hd__clkbuf_16)
                  0.10    0.31    0.42 ^ clkbuf_0_clk/X (sky130_fd_sc_hd__clkbuf_16)
     4    0.05                           clknet_0_clk (net)
                  0.10    0.00    0.43 ^ clkbuf_2_0__f_clk/A (sky130_fd_sc_hd__clkbuf_16)
                  0.09    0.27    0.70 ^ clkbuf_2_0__f_clk/X (sky130_fd_sc_hd__clkbuf_16)
    11    0.04                           clknet_2_0__leaf_clk (net)
                  0.09    0.00    0.70 ^ _436_/CLK (sky130_fd_sc_hd__dfrtp_1)
                          0.25    0.95   clock uncertainty
                         -0.07    0.89   clock reconvergence pessimism
                         -0.07    0.81   library hold time
                                  0.81   data required time
-----------------------------------------------------------------------------
                                  0.81   data required time
                                 -1.88   data arrival time
-----------------------------------------------------------------------------
                                  1.06   slack (MET)


Startpoint: rst (input port clocked by clk)
Endpoint: _449_ (removal check against rising-edge clock clk)
Path Group: asynchronous
Path Type: min
Corner: Slowest

Fanout     Cap    Slew   Delay    Time   Description
-----------------------------------------------------------------------------
                          0.00    0.00   clock clk (rise edge)
                          0.00    0.00   clock network delay (propagated)
                          2.00    2.00 v input external delay
                  0.02    0.01    2.01 v rst (in)
     2    0.00                           rst (net)
                  0.02    0.00    2.01 v input1/A (sky130_fd_sc_hd__buf_1)
                  0.14    0.20    2.21 v input1/X (sky130_fd_sc_hd__buf_1)
     1    0.01                           net1 (net)
                  0.14    0.00    2.21 v _356_/A (sky130_fd_sc_hd__clkbuf_4)
                  0.18    0.37    2.58 v _356_/X (sky130_fd_sc_hd__clkbuf_4)
     9    0.05                           _200_ (net)
                  0.18    0.01    2.59 v _404_/A (sky130_fd_sc_hd__inv_2)
                  0.07    0.11    2.70 ^ _404_/Y (sky130_fd_sc_hd__inv_2)
     1    0.00                           _043_ (net)
                  0.07    0.00    2.70 ^ _449_/RESET_B (sky130_fd_sc_hd__dfrtp_1)
                                  2.70   data arrival time

                          0.00    0.00   clock clk (rise edge)
                          0.00    0.00   clock source latency
                  0.16    0.11    0.11 ^ clk (in)
     2    0.02                           clk (net)
                  0.16    0.00    0.11 ^ clkbuf_0_clk/A (sky130_fd_sc_hd__clkbuf_16)
                  0.10    0.31    0.42 ^ clkbuf_0_clk/X (sky130_fd_sc_hd__clkbuf_16)
     4    0.05                           clknet_0_clk (net)
                  0.10    0.00    0.43 ^ clkbuf_2_1__f_clk/A (sky130_fd_sc_hd__clkbuf_16)
                  0.10    0.29    0.71 ^ clkbuf_2_1__f_clk/X (sky130_fd_sc_hd__clkbuf_16)
    15    0.05                           clknet_2_1__leaf_clk (net)
                  0.10    0.00    0.71 ^ _449_/CLK (sky130_fd_sc_hd__dfrtp_1)
                          0.25    0.96   clock uncertainty
                          0.00    0.96   clock reconvergence pessimism
                          0.67    1.63   library removal time
                                  1.63   data required time
-----------------------------------------------------------------------------
                                  1.63   data required time
                                 -2.70   data arrival time
-----------------------------------------------------------------------------
                                  1.07   slack (MET)


Startpoint: _411_ (rising edge-triggered flip-flop clocked by clk)
Endpoint: _411_ (rising edge-triggered flip-flop clocked by clk)
Path Group: clk
Path Type: min
Corner: Slowest

Fanout     Cap    Slew   Delay    Time   Description
-----------------------------------------------------------------------------
                          0.00    0.00   clock clk (rise edge)
                          0.00    0.00   clock source latency
                  0.16    0.10    0.10 ^ clk (in)
     2    0.02                           clk (net)
                  0.16    0.00    0.10 ^ clkbuf_0_clk/A (sky130_fd_sc_hd__clkbuf_16)
                  0.10    0.28    0.38 ^ clkbuf_0_clk/X (sky130_fd_sc_hd__clkbuf_16)
     4    0.05                           clknet_0_clk (net)
                  0.10    0.00    0.39 ^ clkbuf_2_3__f_clk/A (sky130_fd_sc_hd__clkbuf_16)
                  0.08    0.24    0.62 ^ clkbuf_2_3__f_clk/X (sky130_fd_sc_hd__clkbuf_16)
     8    0.03                           clknet_2_3__leaf_clk (net)
                  0.08    0.00    0.62 ^ _411_/CLK (sky130_fd_sc_hd__dfrtp_1)
                  0.15    0.67    1.30 ^ _411_/Q (sky130_fd_sc_hd__dfrtp_1)
     3    0.01                           tx_inst.clk_count[2] (net)
                  0.15    0.00    1.30 ^ _336_/B1 (sky130_fd_sc_hd__a21o_1)
                  0.06    0.16    1.46 ^ _336_/X (sky130_fd_sc_hd__a21o_1)
     1    0.00                           _186_ (net)
                  0.06    0.00    1.46 ^ _337_/C (sky130_fd_sc_hd__and3_1)
                  0.09    0.29    1.74 ^ _337_/X (sky130_fd_sc_hd__and3_1)
     1    0.00                           _187_ (net)
                  0.09    0.00    1.74 ^ _338_/A (sky130_fd_sc_hd__clkbuf_1)
                  0.07    0.15    1.89 ^ _338_/X (sky130_fd_sc_hd__clkbuf_1)
     1    0.00                           _050_ (net)
                  0.07    0.00    1.89 ^ _411_/D (sky130_fd_sc_hd__dfrtp_1)
                                  1.89   data arrival time

                          0.00    0.00   clock clk (rise edge)
                          0.00    0.00   clock source latency
                  0.16    0.11    0.11 ^ clk (in)
     2    0.02                           clk (net)
                  0.16    0.00    0.11 ^ clkbuf_0_clk/A (sky130_fd_sc_hd__clkbuf_16)
                  0.10    0.31    0.42 ^ clkbuf_0_clk/X (sky130_fd_sc_hd__clkbuf_16)
     4    0.05                           clknet_0_clk (net)
                  0.10    0.00    0.43 ^ clkbuf_2_3__f_clk/A (sky130_fd_sc_hd__clkbuf_16)
                  0.08    0.26    0.69 ^ clkbuf_2_3__f_clk/X (sky130_fd_sc_hd__clkbuf_16)
     8    0.03                           clknet_2_3__leaf_clk (net)
                  0.08    0.00    0.69 ^ _411_/CLK (sky130_fd_sc_hd__dfrtp_1)
                          0.25    0.94   clock uncertainty
                         -0.07    0.87   clock reconvergence pessimism
                         -0.07    0.80   library hold time
                                  0.80   data required time
-----------------------------------------------------------------------------
                                  0.80   data required time
                                 -1.89   data arrival time
-----------------------------------------------------------------------------
                                  1.09   slack (MET)


Startpoint: _409_ (rising edge-triggered flip-flop clocked by clk)
Endpoint: _409_ (rising edge-triggered flip-flop clocked by clk)
Path Group: clk
Path Type: min
Corner: Slowest

Fanout     Cap    Slew   Delay    Time   Description
-----------------------------------------------------------------------------
                          0.00    0.00   clock clk (rise edge)
                          0.00    0.00   clock source latency
                  0.16    0.10    0.10 ^ clk (in)
     2    0.02                           clk (net)
                  0.16    0.00    0.10 ^ clkbuf_0_clk/A (sky130_fd_sc_hd__clkbuf_16)
                  0.10    0.28    0.38 ^ clkbuf_0_clk/X (sky130_fd_sc_hd__clkbuf_16)
     4    0.05                           clknet_0_clk (net)
                  0.10    0.00    0.39 ^ clkbuf_2_2__f_clk/A (sky130_fd_sc_hd__clkbuf_16)
                  0.08    0.24    0.63 ^ clkbuf_2_2__f_clk/X (sky130_fd_sc_hd__clkbuf_16)
    11    0.03                           clknet_2_2__leaf_clk (net)
                  0.08    0.00    0.63 ^ _409_/CLK (sky130_fd_sc_hd__dfrtp_2)
                  0.17    0.75    1.37 ^ _409_/Q (sky130_fd_sc_hd__dfrtp_2)
     6    0.02                           tx_inst.clk_count[0] (net)
                  0.17    0.00    1.37 ^ _343_/A_N (sky130_fd_sc_hd__and2b_1)
                  0.07    0.38    1.75 v _343_/X (sky130_fd_sc_hd__and2b_1)
     1    0.00                           _191_ (net)
                  0.07    0.00    1.75 v _344_/A (sky130_fd_sc_hd__clkbuf_1)
                  0.05    0.15    1.90 v _344_/X (sky130_fd_sc_hd__clkbuf_1)
     1    0.00                           _048_ (net)
                  0.05    0.00    1.90 v _409_/D (sky130_fd_sc_hd__dfrtp_2)
                                  1.90   data arrival time

                          0.00    0.00   clock clk (rise edge)
                          0.00    0.00   clock source latency
                  0.16    0.11    0.11 ^ clk (in)
     2    0.02                           clk (net)
                  0.16    0.00    0.11 ^ clkbuf_0_clk/A (sky130_fd_sc_hd__clkbuf_16)
                  0.10    0.31    0.42 ^ clkbuf_0_clk/X (sky130_fd_sc_hd__clkbuf_16)
     4    0.05                           clknet_0_clk (net)
                  0.10    0.00    0.43 ^ clkbuf_2_2__f_clk/A (sky130_fd_sc_hd__clkbuf_16)
                  0.08    0.27    0.69 ^ clkbuf_2_2__f_clk/X (sky130_fd_sc_hd__clkbuf_16)
    11    0.03                           clknet_2_2__leaf_clk (net)
                  0.08    0.00    0.69 ^ _409_/CLK (sky130_fd_sc_hd__dfrtp_2)
                          0.25    0.94   clock uncertainty
                         -0.07    0.88   clock reconvergence pessimism
                         -0.08    0.80   library hold time
                                  0.80   data required time
-----------------------------------------------------------------------------
                                  0.80   data required time
                                 -1.90   data arrival time
-----------------------------------------------------------------------------
                                  1.10   slack (MET)


Startpoint: _430_ (rising edge-triggered flip-flop clocked by clk)
Endpoint: _430_ (rising edge-triggered flip-flop clocked by clk)
Path Group: clk
Path Type: min
Corner: Slowest

Fanout     Cap    Slew   Delay    Time   Description
-----------------------------------------------------------------------------
                          0.00    0.00   clock clk (rise edge)
                          0.00    0.00   clock source latency
                  0.16    0.10    0.10 ^ clk (in)
     2    0.02                           clk (net)
                  0.16    0.00    0.10 ^ clkbuf_0_clk/A (sky130_fd_sc_hd__clkbuf_16)
                  0.10    0.28    0.38 ^ clkbuf_0_clk/X (sky130_fd_sc_hd__clkbuf_16)
     4    0.05                           clknet_0_clk (net)
                  0.10    0.00    0.39 ^ clkbuf_2_2__f_clk/A (sky130_fd_sc_hd__clkbuf_16)
                  0.08    0.24    0.63 ^ clkbuf_2_2__f_clk/X (sky130_fd_sc_hd__clkbuf_16)
    11    0.03                           clknet_2_2__leaf_clk (net)
                  0.08    0.00    0.63 ^ _430_/CLK (sky130_fd_sc_hd__dfrtp_4)
                  0.17    0.84    1.47 ^ _430_/Q (sky130_fd_sc_hd__dfrtp_4)
     7    0.02                           tx_inst.state[0] (net)
                  0.17    0.00    1.47 ^ _294_/S (sky130_fd_sc_hd__mux2_1)
                  0.09    0.28    1.75 ^ _294_/X (sky130_fd_sc_hd__mux2_1)
     1    0.00                           _159_ (net)
                  0.09    0.00    1.75 ^ _295_/A (sky130_fd_sc_hd__clkbuf_1)
                  0.08    0.15    1.91 ^ _295_/X (sky130_fd_sc_hd__clkbuf_1)
     1    0.00                           _069_ (net)
                  0.08    0.00    1.91 ^ _430_/D (sky130_fd_sc_hd__dfrtp_4)
                                  1.91   data arrival time

                          0.00    0.00   clock clk (rise edge)
                          0.00    0.00   clock source latency
                  0.16    0.11    0.11 ^ clk (in)
     2    0.02                           clk (net)
                  0.16    0.00    0.11 ^ clkbuf_0_clk/A (sky130_fd_sc_hd__clkbuf_16)
                  0.10    0.31    0.42 ^ clkbuf_0_clk/X (sky130_fd_sc_hd__clkbuf_16)
     4    0.05                           clknet_0_clk (net)
                  0.10    0.00    0.43 ^ clkbuf_2_2__f_clk/A (sky130_fd_sc_hd__clkbuf_16)
                  0.08    0.27    0.69 ^ clkbuf_2_2__f_clk/X (sky130_fd_sc_hd__clkbuf_16)
    11    0.03                           clknet_2_2__leaf_clk (net)
                  0.08    0.00    0.69 ^ _430_/CLK (sky130_fd_sc_hd__dfrtp_4)
                          0.25    0.94   clock uncertainty
                         -0.07    0.88   clock reconvergence pessimism
                         -0.08    0.80   library hold time
                                  0.80   data required time
-----------------------------------------------------------------------------
                                  0.80   data required time
                                 -1.91   data arrival time
-----------------------------------------------------------------------------
                                  1.10   slack (MET)


Startpoint: _412_ (rising edge-triggered flip-flop clocked by clk)
Endpoint: _412_ (rising edge-triggered flip-flop clocked by clk)
Path Group: clk
Path Type: min
Corner: Slowest

Fanout     Cap    Slew   Delay    Time   Description
-----------------------------------------------------------------------------
                          0.00    0.00   clock clk (rise edge)
                          0.00    0.00   clock source latency
                  0.16    0.10    0.10 ^ clk (in)
     2    0.02                           clk (net)
                  0.16    0.00    0.10 ^ clkbuf_0_clk/A (sky130_fd_sc_hd__clkbuf_16)
                  0.10    0.28    0.38 ^ clkbuf_0_clk/X (sky130_fd_sc_hd__clkbuf_16)
     4    0.05                           clknet_0_clk (net)
                  0.10    0.00    0.39 ^ clkbuf_2_3__f_clk/A (sky130_fd_sc_hd__clkbuf_16)
                  0.08    0.24    0.62 ^ clkbuf_2_3__f_clk/X (sky130_fd_sc_hd__clkbuf_16)
     8    0.03                           clknet_2_3__leaf_clk (net)
                  0.08    0.00    0.62 ^ _412_/CLK (sky130_fd_sc_hd__dfrtp_1)
                  0.15    0.67    1.30 ^ _412_/Q (sky130_fd_sc_hd__dfrtp_1)
     2    0.01                           tx_inst.clk_count[3] (net)
                  0.15    0.00    1.30 ^ _330_/A (sky130_fd_sc_hd__inv_2)
                  0.05    0.09    1.39 v _330_/Y (sky130_fd_sc_hd__inv_2)
     2    0.01                           _181_ (net)
                  0.05    0.00    1.39 v _332_/A (sky130_fd_sc_hd__nand2_1)
                  0.07    0.08    1.47 ^ _332_/Y (sky130_fd_sc_hd__nand2_1)
     1    0.00                           _183_ (net)
                  0.07    0.00    1.47 ^ _334_/B (sky130_fd_sc_hd__and3_1)
                  0.10    0.29    1.76 ^ _334_/X (sky130_fd_sc_hd__and3_1)
     1    0.00                           _185_ (net)
                  0.10    0.00    1.76 ^ _335_/A (sky130_fd_sc_hd__clkbuf_1)
                  0.06    0.15    1.90 ^ _335_/X (sky130_fd_sc_hd__clkbuf_1)
     1    0.00                           _051_ (net)
                  0.06    0.00    1.91 ^ _412_/D (sky130_fd_sc_hd__dfrtp_1)
                                  1.91   data arrival time

                          0.00    0.00   clock clk (rise edge)
                          0.00    0.00   clock source latency
                  0.16    0.11    0.11 ^ clk (in)
     2    0.02                           clk (net)
                  0.16    0.00    0.11 ^ clkbuf_0_clk/A (sky130_fd_sc_hd__clkbuf_16)
                  0.10    0.31    0.42 ^ clkbuf_0_clk/X (sky130_fd_sc_hd__clkbuf_16)
     4    0.05                           clknet_0_clk (net)
                  0.10    0.00    0.43 ^ clkbuf_2_3__f_clk/A (sky130_fd_sc_hd__clkbuf_16)
                  0.08    0.26    0.69 ^ clkbuf_2_3__f_clk/X (sky130_fd_sc_hd__clkbuf_16)
     8    0.03                           clknet_2_3__leaf_clk (net)
                  0.08    0.00    0.69 ^ _412_/CLK (sky130_fd_sc_hd__dfrtp_1)
                          0.25    0.94   clock uncertainty
                         -0.07    0.87   clock reconvergence pessimism
                         -0.07    0.80   library hold time
                                  0.80   data required time
-----------------------------------------------------------------------------
                                  0.80   data required time
                                 -1.91   data arrival time
-----------------------------------------------------------------------------
                                  1.11   slack (MET)


Startpoint: _431_ (rising edge-triggered flip-flop clocked by clk)
Endpoint: _407_ (rising edge-triggered flip-flop clocked by clk)
Path Group: clk
Path Type: min
Corner: Slowest

Fanout     Cap    Slew   Delay    Time   Description
-----------------------------------------------------------------------------
                          0.00    0.00   clock clk (rise edge)
                          0.00    0.00   clock source latency
                  0.16    0.10    0.10 ^ clk (in)
     2    0.02                           clk (net)
                  0.16    0.00    0.10 ^ clkbuf_0_clk/A (sky130_fd_sc_hd__clkbuf_16)
                  0.10    0.28    0.38 ^ clkbuf_0_clk/X (sky130_fd_sc_hd__clkbuf_16)
     4    0.05                           clknet_0_clk (net)
                  0.10    0.00    0.39 ^ clkbuf_2_2__f_clk/A (sky130_fd_sc_hd__clkbuf_16)
                  0.08    0.24    0.63 ^ clkbuf_2_2__f_clk/X (sky130_fd_sc_hd__clkbuf_16)
    11    0.03                           clknet_2_2__leaf_clk (net)
                  0.08    0.00    0.63 ^ _431_/CLK (sky130_fd_sc_hd__dfrtp_4)
                  0.17    0.85    1.48 ^ _431_/Q (sky130_fd_sc_hd__dfrtp_4)
     7    0.02                           tx_inst.state[1] (net)
                  0.17    0.00    1.48 ^ _352_/A1 (sky130_fd_sc_hd__a21o_1)
                  0.08    0.25    1.74 ^ _352_/X (sky130_fd_sc_hd__a21o_1)
     1    0.00                           _198_ (net)
                  0.08    0.00    1.74 ^ _353_/B1 (sky130_fd_sc_hd__o21a_1)
                  0.06    0.20    1.94 ^ _353_/X (sky130_fd_sc_hd__o21a_1)
     1    0.00                           _046_ (net)
                  0.06    0.00    1.94 ^ _407_/D (sky130_fd_sc_hd__dfrtp_1)
                                  1.94   data arrival time

                          0.00    0.00   clock clk (rise edge)
                          0.00    0.00   clock source latency
                  0.16    0.11    0.11 ^ clk (in)
     2    0.02                           clk (net)
                  0.16    0.00    0.11 ^ clkbuf_0_clk/A (sky130_fd_sc_hd__clkbuf_16)
                  0.10    0.31    0.42 ^ clkbuf_0_clk/X (sky130_fd_sc_hd__clkbuf_16)
     4    0.05                           clknet_0_clk (net)
                  0.10    0.00    0.43 ^ clkbuf_2_3__f_clk/A (sky130_fd_sc_hd__clkbuf_16)
                  0.08    0.26    0.69 ^ clkbuf_2_3__f_clk/X (sky130_fd_sc_hd__clkbuf_16)
     8    0.03                           clknet_2_3__leaf_clk (net)
                  0.08    0.00    0.69 ^ _407_/CLK (sky130_fd_sc_hd__dfrtp_1)
                          0.25    0.94   clock uncertainty
                         -0.04    0.90   clock reconvergence pessimism
                         -0.07    0.82   library hold time
                                  0.82   data required time
-----------------------------------------------------------------------------
                                  0.82   data required time
                                 -1.94   data arrival time
-----------------------------------------------------------------------------
                                  1.12   slack (MET)


Startpoint: _440_ (rising edge-triggered flip-flop clocked by clk)
Endpoint: _440_ (rising edge-triggered flip-flop clocked by clk)
Path Group: clk
Path Type: min
Corner: Slowest

Fanout     Cap    Slew   Delay    Time   Description
-----------------------------------------------------------------------------
                          0.00    0.00   clock clk (rise edge)
                          0.00    0.00   clock source latency
                  0.16    0.10    0.10 ^ clk (in)
     2    0.02                           clk (net)
                  0.16    0.00    0.10 ^ clkbuf_0_clk/A (sky130_fd_sc_hd__clkbuf_16)
                  0.10    0.28    0.38 ^ clkbuf_0_clk/X (sky130_fd_sc_hd__clkbuf_16)
     4    0.05                           clknet_0_clk (net)
                  0.10    0.00    0.39 ^ clkbuf_2_0__f_clk/A (sky130_fd_sc_hd__clkbuf_16)
                  0.09    0.25    0.63 ^ clkbuf_2_0__f_clk/X (sky130_fd_sc_hd__clkbuf_16)
    11    0.04                           clknet_2_0__leaf_clk (net)
                  0.09    0.00    0.63 ^ _440_/CLK (sky130_fd_sc_hd__dfrtp_4)
                  0.18    0.87    1.50 ^ _440_/Q (sky130_fd_sc_hd__dfrtp_4)
     9    0.03                           rx_inst.bit_index[0] (net)
                  0.18    0.00    1.50 ^ _254_/S (sky130_fd_sc_hd__mux2_1)
                  0.08    0.28    1.78 ^ _254_/X (sky130_fd_sc_hd__mux2_1)
     1    0.00                           _129_ (net)
                  0.08    0.00    1.78 ^ _255_/A (sky130_fd_sc_hd__clkbuf_1)
                  0.08    0.15    1.93 ^ _255_/X (sky130_fd_sc_hd__clkbuf_1)
     1    0.00                           _079_ (net)
                  0.08    0.00    1.93 ^ _440_/D (sky130_fd_sc_hd__dfrtp_4)
                                  1.93   data arrival time

                          0.00    0.00   clock clk (rise edge)
                          0.00    0.00   clock source latency
                  0.16    0.11    0.11 ^ clk (in)
     2    0.02                           clk (net)
                  0.16    0.00    0.11 ^ clkbuf_0_clk/A (sky130_fd_sc_hd__clkbuf_16)
                  0.10    0.31    0.42 ^ clkbuf_0_clk/X (sky130_fd_sc_hd__clkbuf_16)
     4    0.05                           clknet_0_clk (net)
                  0.10    0.00    0.43 ^ clkbuf_2_0__f_clk/A (sky130_fd_sc_hd__clkbuf_16)
                  0.09    0.27    0.70 ^ clkbuf_2_0__f_clk/X (sky130_fd_sc_hd__clkbuf_16)
    11    0.04                           clknet_2_0__leaf_clk (net)
                  0.09    0.00    0.70 ^ _440_/CLK (sky130_fd_sc_hd__dfrtp_4)
                          0.25    0.95   clock uncertainty
                         -0.07    0.88   clock reconvergence pessimism
                         -0.08    0.81   library hold time
                                  0.81   data required time
-----------------------------------------------------------------------------
                                  0.81   data required time
                                 -1.93   data arrival time
-----------------------------------------------------------------------------
                                  1.12   slack (MET)


Startpoint: _417_ (rising edge-triggered flip-flop clocked by clk)
Endpoint: _441_ (rising edge-triggered flip-flop clocked by clk)
Path Group: clk
Path Type: min
Corner: Slowest

Fanout     Cap    Slew   Delay    Time   Description
-----------------------------------------------------------------------------
                          0.00    0.00   clock clk (rise edge)
                          0.00    0.00   clock source latency
                  0.16    0.10    0.10 ^ clk (in)
     2    0.02                           clk (net)
                  0.16    0.00    0.10 ^ clkbuf_0_clk/A (sky130_fd_sc_hd__clkbuf_16)
                  0.10    0.28    0.38 ^ clkbuf_0_clk/X (sky130_fd_sc_hd__clkbuf_16)
     4    0.05                           clknet_0_clk (net)
                  0.10    0.00    0.39 ^ clkbuf_2_2__f_clk/A (sky130_fd_sc_hd__clkbuf_16)
                  0.08    0.24    0.63 ^ clkbuf_2_2__f_clk/X (sky130_fd_sc_hd__clkbuf_16)
    11    0.03                           clknet_2_2__leaf_clk (net)
                  0.08    0.00    0.63 ^ _417_/CLK (sky130_fd_sc_hd__dfrtp_4)
                  0.17    0.85    1.48 ^ _417_/Q (sky130_fd_sc_hd__dfrtp_4)
     7    0.02                           rx_inst.state[0] (net)
                  0.17    0.00    1.48 ^ _241_/A (sky130_fd_sc_hd__inv_2)
                  0.09    0.15    1.63 v _241_/Y (sky130_fd_sc_hd__inv_2)
     7    0.02                           _118_ (net)
                  0.09    0.00    1.63 v _247_/A (sky130_fd_sc_hd__nand2_1)
                  0.10    0.12    1.75 ^ _247_/Y (sky130_fd_sc_hd__nand2_1)
     2    0.01                           _123_ (net)
                  0.10    0.00    1.75 ^ _252_/A2 (sky130_fd_sc_hd__a21bo_1)
                  0.07    0.22    1.97 ^ _252_/X (sky130_fd_sc_hd__a21bo_1)
     1    0.00                           _080_ (net)
                  0.07    0.00    1.97 ^ _441_/D (sky130_fd_sc_hd__dfrtp_2)
                                  1.97   data arrival time

                          0.00    0.00   clock clk (rise edge)
                          0.00    0.00   clock source latency
                  0.16    0.11    0.11 ^ clk (in)
     2    0.02                           clk (net)
                  0.16    0.00    0.11 ^ clkbuf_0_clk/A (sky130_fd_sc_hd__clkbuf_16)
                  0.10    0.31    0.42 ^ clkbuf_0_clk/X (sky130_fd_sc_hd__clkbuf_16)
     4    0.05                           clknet_0_clk (net)
                  0.10    0.00    0.43 ^ clkbuf_2_0__f_clk/A (sky130_fd_sc_hd__clkbuf_16)
                  0.09    0.27    0.70 ^ clkbuf_2_0__f_clk/X (sky130_fd_sc_hd__clkbuf_16)
    11    0.04                           clknet_2_0__leaf_clk (net)
                  0.09    0.00    0.70 ^ _441_/CLK (sky130_fd_sc_hd__dfrtp_2)
                          0.25    0.95   clock uncertainty
                         -0.04    0.91   clock reconvergence pessimism
                         -0.07    0.84   library hold time
                                  0.84   data required time
-----------------------------------------------------------------------------
                                  0.84   data required time
                                 -1.97   data arrival time
-----------------------------------------------------------------------------
                                  1.13   slack (MET)


Startpoint: _415_ (rising edge-triggered flip-flop clocked by clk)
Endpoint: _431_ (rising edge-triggered flip-flop clocked by clk)
Path Group: clk
Path Type: min
Corner: Slowest

Fanout     Cap    Slew   Delay    Time   Description
-----------------------------------------------------------------------------
                          0.00    0.00   clock clk (rise edge)
                          0.00    0.00   clock source latency
                  0.16    0.10    0.10 ^ clk (in)
     2    0.02                           clk (net)
                  0.16    0.00    0.10 ^ clkbuf_0_clk/A (sky130_fd_sc_hd__clkbuf_16)
                  0.10    0.28    0.38 ^ clkbuf_0_clk/X (sky130_fd_sc_hd__clkbuf_16)
     4    0.05                           clknet_0_clk (net)
                  0.10    0.00    0.39 ^ clkbuf_2_2__f_clk/A (sky130_fd_sc_hd__clkbuf_16)
                  0.08    0.24    0.63 ^ clkbuf_2_2__f_clk/X (sky130_fd_sc_hd__clkbuf_16)
    11    0.03                           clknet_2_2__leaf_clk (net)
                  0.08    0.00    0.63 ^ _415_/CLK (sky130_fd_sc_hd__dfrtp_1)
                  0.07    0.60    1.23 ^ _415_/Q (sky130_fd_sc_hd__dfrtp_1)
     1    0.00                           tx_inst.clk_count[6] (net)
                  0.07    0.00    1.23 ^ _285_/B (sky130_fd_sc_hd__or4_1)
                  0.17    0.25    1.47 ^ _285_/X (sky130_fd_sc_hd__or4_1)
     3    0.01                           _151_ (net)
                  0.17    0.00    1.47 ^ _286_/B (sky130_fd_sc_hd__nor2_1)
                  0.11    0.16    1.64 v _286_/Y (sky130_fd_sc_hd__nor2_1)
     4    0.01                           _152_ (net)
                  0.11    0.00    1.64 v _290_/A1 (sky130_fd_sc_hd__a21bo_1)
                  0.06    0.30    1.94 v _290_/X (sky130_fd_sc_hd__a21bo_1)
     1    0.00                           _070_ (net)
                  0.06    0.00    1.94 v _431_/D (sky130_fd_sc_hd__dfrtp_4)
                                  1.94   data arrival time

                          0.00    0.00   clock clk (rise edge)
                          0.00    0.00   clock source latency
                  0.16    0.11    0.11 ^ clk (in)
     2    0.02                           clk (net)
                  0.16    0.00    0.11 ^ clkbuf_0_clk/A (sky130_fd_sc_hd__clkbuf_16)
                  0.10    0.31    0.42 ^ clkbuf_0_clk/X (sky130_fd_sc_hd__clkbuf_16)
     4    0.05                           clknet_0_clk (net)
                  0.10    0.00    0.43 ^ clkbuf_2_2__f_clk/A (sky130_fd_sc_hd__clkbuf_16)
                  0.08    0.27    0.69 ^ clkbuf_2_2__f_clk/X (sky130_fd_sc_hd__clkbuf_16)
    11    0.03                           clknet_2_2__leaf_clk (net)
                  0.08    0.00    0.69 ^ _431_/CLK (sky130_fd_sc_hd__dfrtp_4)
                          0.25    0.94   clock uncertainty
                         -0.07    0.88   clock reconvergence pessimism
                         -0.08    0.79   library hold time
                                  0.79   data required time
-----------------------------------------------------------------------------
                                  0.79   data required time
                                 -1.94   data arrival time
-----------------------------------------------------------------------------
                                  1.15   slack (MET)


Startpoint: _443_ (rising edge-triggered flip-flop clocked by clk)
Endpoint: _443_ (rising edge-triggered flip-flop clocked by clk)
Path Group: clk
Path Type: min
Corner: Slowest

Fanout     Cap    Slew   Delay    Time   Description
-----------------------------------------------------------------------------
                          0.00    0.00   clock clk (rise edge)
                          0.00    0.00   clock source latency
                  0.16    0.10    0.10 ^ clk (in)
     2    0.02                           clk (net)
                  0.16    0.00    0.10 ^ clkbuf_0_clk/A (sky130_fd_sc_hd__clkbuf_16)
                  0.10    0.28    0.38 ^ clkbuf_0_clk/X (sky130_fd_sc_hd__clkbuf_16)
     4    0.05                           clknet_0_clk (net)
                  0.10    0.00    0.39 ^ clkbuf_2_1__f_clk/A (sky130_fd_sc_hd__clkbuf_16)
                  0.10    0.26    0.65 ^ clkbuf_2_1__f_clk/X (sky130_fd_sc_hd__clkbuf_16)
    15    0.05                           clknet_2_1__leaf_clk (net)
                  0.10    0.00    0.65 ^ _443_/CLK (sky130_fd_sc_hd__dfrtp_4)
                  0.17    0.87    1.51 ^ _443_/Q (sky130_fd_sc_hd__dfrtp_4)
     7    0.02                           rx_inst.clk_count[0] (net)
                  0.17    0.00    1.51 ^ _239_/A (sky130_fd_sc_hd__inv_2)
                  0.05    0.09    1.61 v _239_/Y (sky130_fd_sc_hd__inv_2)
     1    0.00                           _117_ (net)
                  0.05    0.00    1.61 v _240_/B2 (sky130_fd_sc_hd__a32o_1)
                  0.08    0.36    1.97 v _240_/X (sky130_fd_sc_hd__a32o_1)
     1    0.00                           _082_ (net)
                  0.08    0.00    1.97 v _443_/D (sky130_fd_sc_hd__dfrtp_4)
                                  1.97   data arrival time

                          0.00    0.00   clock clk (rise edge)
                          0.00    0.00   clock source latency
                  0.16    0.11    0.11 ^ clk (in)
     2    0.02                           clk (net)
                  0.16    0.00    0.11 ^ clkbuf_0_clk/A (sky130_fd_sc_hd__clkbuf_16)
                  0.10    0.31    0.42 ^ clkbuf_0_clk/X (sky130_fd_sc_hd__clkbuf_16)
     4    0.05                           clknet_0_clk (net)
                  0.10    0.00    0.43 ^ clkbuf_2_1__f_clk/A (sky130_fd_sc_hd__clkbuf_16)
                  0.10    0.29    0.71 ^ clkbuf_2_1__f_clk/X (sky130_fd_sc_hd__clkbuf_16)
    15    0.05                           clknet_2_1__leaf_clk (net)
                  0.10    0.00    0.71 ^ _443_/CLK (sky130_fd_sc_hd__dfrtp_4)
                          0.25    0.96   clock uncertainty
                         -0.07    0.90   clock reconvergence pessimism
                         -0.09    0.81   library hold time
                                  0.81   data required time
-----------------------------------------------------------------------------
                                  0.81   data required time
                                 -1.97   data arrival time
-----------------------------------------------------------------------------
                                  1.16   slack (MET)


Startpoint: _446_ (rising edge-triggered flip-flop clocked by clk)
Endpoint: _446_ (rising edge-triggered flip-flop clocked by clk)
Path Group: clk
Path Type: min
Corner: Slowest

Fanout     Cap    Slew   Delay    Time   Description
-----------------------------------------------------------------------------
                          0.00    0.00   clock clk (rise edge)
                          0.00    0.00   clock source latency
                  0.16    0.10    0.10 ^ clk (in)
     2    0.02                           clk (net)
                  0.16    0.00    0.10 ^ clkbuf_0_clk/A (sky130_fd_sc_hd__clkbuf_16)
                  0.10    0.28    0.38 ^ clkbuf_0_clk/X (sky130_fd_sc_hd__clkbuf_16)
     4    0.05                           clknet_0_clk (net)
                  0.10    0.00    0.39 ^ clkbuf_2_1__f_clk/A (sky130_fd_sc_hd__clkbuf_16)
                  0.10    0.26    0.65 ^ clkbuf_2_1__f_clk/X (sky130_fd_sc_hd__clkbuf_16)
    15    0.05                           clknet_2_1__leaf_clk (net)
                  0.10    0.00    0.65 ^ _446_/CLK (sky130_fd_sc_hd__dfrtp_1)
                  0.19    0.72    1.36 ^ _446_/Q (sky130_fd_sc_hd__dfrtp_1)
     5    0.01                           rx_inst.clk_count[3] (net)
                  0.19    0.00    1.36 ^ _225_/B1 (sky130_fd_sc_hd__a31o_1)
                  0.06    0.19    1.56 ^ _225_/X (sky130_fd_sc_hd__a31o_1)
     1    0.00                           _106_ (net)
                  0.06    0.00    1.56 ^ _226_/C (sky130_fd_sc_hd__and3b_1)
                  0.08    0.29    1.84 ^ _226_/X (sky130_fd_sc_hd__and3b_1)
     1    0.00                           _107_ (net)
                  0.08    0.00    1.84 ^ _227_/A (sky130_fd_sc_hd__clkbuf_1)
                  0.07    0.14    1.99 ^ _227_/X (sky130_fd_sc_hd__clkbuf_1)
     1    0.00                           _085_ (net)
                  0.07    0.00    1.99 ^ _446_/D (sky130_fd_sc_hd__dfrtp_1)
                                  1.99   data arrival time

                          0.00    0.00   clock clk (rise edge)
                          0.00    0.00   clock source latency
                  0.16    0.11    0.11 ^ clk (in)
     2    0.02                           clk (net)
                  0.16    0.00    0.11 ^ clkbuf_0_clk/A (sky130_fd_sc_hd__clkbuf_16)
                  0.10    0.31    0.42 ^ clkbuf_0_clk/X (sky130_fd_sc_hd__clkbuf_16)
     4    0.05                           clknet_0_clk (net)
                  0.10    0.00    0.43 ^ clkbuf_2_1__f_clk/A (sky130_fd_sc_hd__clkbuf_16)
                  0.10    0.29    0.71 ^ clkbuf_2_1__f_clk/X (sky130_fd_sc_hd__clkbuf_16)
    15    0.05                           clknet_2_1__leaf_clk (net)
                  0.10    0.00    0.72 ^ _446_/CLK (sky130_fd_sc_hd__dfrtp_1)
                          0.25    0.97   clock uncertainty
                         -0.07    0.90   clock reconvergence pessimism
                         -0.07    0.83   library hold time
                                  0.83   data required time
-----------------------------------------------------------------------------
                                  0.83   data required time
                                 -1.99   data arrival time
-----------------------------------------------------------------------------
                                  1.16   slack (MET)


Startpoint: _417_ (rising edge-triggered flip-flop clocked by clk)
Endpoint: _421_ (rising edge-triggered flip-flop clocked by clk)
Path Group: clk
Path Type: min
Corner: Slowest

Fanout     Cap    Slew   Delay    Time   Description
-----------------------------------------------------------------------------
                          0.00    0.00   clock clk (rise edge)
                          0.00    0.00   clock source latency
                  0.16    0.10    0.10 ^ clk (in)
     2    0.02                           clk (net)
                  0.16    0.00    0.10 ^ clkbuf_0_clk/A (sky130_fd_sc_hd__clkbuf_16)
                  0.10    0.28    0.38 ^ clkbuf_0_clk/X (sky130_fd_sc_hd__clkbuf_16)
     4    0.05                           clknet_0_clk (net)
                  0.10    0.00    0.39 ^ clkbuf_2_2__f_clk/A (sky130_fd_sc_hd__clkbuf_16)
                  0.08    0.24    0.63 ^ clkbuf_2_2__f_clk/X (sky130_fd_sc_hd__clkbuf_16)
    11    0.03                           clknet_2_2__leaf_clk (net)
                  0.08    0.00    0.63 ^ _417_/CLK (sky130_fd_sc_hd__dfrtp_4)
                  0.17    0.85    1.48 ^ _417_/Q (sky130_fd_sc_hd__dfrtp_4)
     7    0.02                           rx_inst.state[0] (net)
                  0.17    0.00    1.48 ^ _241_/A (sky130_fd_sc_hd__inv_2)
                  0.09    0.15    1.63 v _241_/Y (sky130_fd_sc_hd__inv_2)
     7    0.02                           _118_ (net)
                  0.09    0.00    1.63 v _314_/A2 (sky130_fd_sc_hd__o31ai_1)
                  0.09    0.38    2.01 ^ _314_/Y (sky130_fd_sc_hd__o31ai_1)
     1    0.00                           _060_ (net)
                  0.09    0.00    2.01 ^ _421_/D (sky130_fd_sc_hd__dfrtp_1)
                                  2.01   data arrival time

                          0.00    0.00   clock clk (rise edge)
                          0.00    0.00   clock source latency
                  0.16    0.11    0.11 ^ clk (in)
     2    0.02                           clk (net)
                  0.16    0.00    0.11 ^ clkbuf_0_clk/A (sky130_fd_sc_hd__clkbuf_16)
                  0.10    0.31    0.42 ^ clkbuf_0_clk/X (sky130_fd_sc_hd__clkbuf_16)
     4    0.05                           clknet_0_clk (net)
                  0.10    0.00    0.43 ^ clkbuf_2_0__f_clk/A (sky130_fd_sc_hd__clkbuf_16)
                  0.09    0.27    0.70 ^ clkbuf_2_0__f_clk/X (sky130_fd_sc_hd__clkbuf_16)
    11    0.04                           clknet_2_0__leaf_clk (net)
                  0.09    0.00    0.70 ^ _421_/CLK (sky130_fd_sc_hd__dfrtp_1)
                          0.25    0.95   clock uncertainty
                         -0.04    0.91   clock reconvergence pessimism
                         -0.08    0.83   library hold time
                                  0.83   data required time
-----------------------------------------------------------------------------
                                  0.83   data required time
                                 -2.01   data arrival time
-----------------------------------------------------------------------------
                                  1.18   slack (MET)


Startpoint: _409_ (rising edge-triggered flip-flop clocked by clk)
Endpoint: _410_ (rising edge-triggered flip-flop clocked by clk)
Path Group: clk
Path Type: min
Corner: Slowest

Fanout     Cap    Slew   Delay    Time   Description
-----------------------------------------------------------------------------
                          0.00    0.00   clock clk (rise edge)
                          0.00    0.00   clock source latency
                  0.16    0.10    0.10 ^ clk (in)
     2    0.02                           clk (net)
                  0.16    0.00    0.10 ^ clkbuf_0_clk/A (sky130_fd_sc_hd__clkbuf_16)
                  0.10    0.28    0.38 ^ clkbuf_0_clk/X (sky130_fd_sc_hd__clkbuf_16)
     4    0.05                           clknet_0_clk (net)
                  0.10    0.00    0.39 ^ clkbuf_2_2__f_clk/A (sky130_fd_sc_hd__clkbuf_16)
                  0.08    0.24    0.63 ^ clkbuf_2_2__f_clk/X (sky130_fd_sc_hd__clkbuf_16)
    11    0.03                           clknet_2_2__leaf_clk (net)
                  0.08    0.00    0.63 ^ _409_/CLK (sky130_fd_sc_hd__dfrtp_2)
                  0.17    0.75    1.37 ^ _409_/Q (sky130_fd_sc_hd__dfrtp_2)
     6    0.02                           tx_inst.clk_count[0] (net)
                  0.17    0.00    1.37 ^ _339_/B (sky130_fd_sc_hd__or2_1)
                  0.07    0.19    1.57 ^ _339_/X (sky130_fd_sc_hd__or2_1)
     1    0.00                           _188_ (net)
                  0.07    0.00    1.57 ^ _341_/A (sky130_fd_sc_hd__and3_1)
                  0.10    0.27    1.84 ^ _341_/X (sky130_fd_sc_hd__and3_1)
     1    0.00                           _190_ (net)
                  0.10    0.00    1.84 ^ _342_/A (sky130_fd_sc_hd__clkbuf_1)
                  0.08    0.16    2.00 ^ _342_/X (sky130_fd_sc_hd__clkbuf_1)
     1    0.00                           _049_ (net)
                  0.08    0.00    2.00 ^ _410_/D (sky130_fd_sc_hd__dfrtp_1)
                                  2.00   data arrival time

                          0.00    0.00   clock clk (rise edge)
                          0.00    0.00   clock source latency
                  0.16    0.11    0.11 ^ clk (in)
     2    0.02                           clk (net)
                  0.16    0.00    0.11 ^ clkbuf_0_clk/A (sky130_fd_sc_hd__clkbuf_16)
                  0.10    0.31    0.42 ^ clkbuf_0_clk/X (sky130_fd_sc_hd__clkbuf_16)
     4    0.05                           clknet_0_clk (net)
                  0.10    0.00    0.43 ^ clkbuf_2_2__f_clk/A (sky130_fd_sc_hd__clkbuf_16)
                  0.08    0.27    0.69 ^ clkbuf_2_2__f_clk/X (sky130_fd_sc_hd__clkbuf_16)
    11    0.03                           clknet_2_2__leaf_clk (net)
                  0.08    0.00    0.69 ^ _410_/CLK (sky130_fd_sc_hd__dfrtp_1)
                          0.25    0.94   clock uncertainty
                         -0.07    0.88   clock reconvergence pessimism
                         -0.08    0.80   library hold time
                                  0.80   data required time
-----------------------------------------------------------------------------
                                  0.80   data required time
                                 -2.00   data arrival time
-----------------------------------------------------------------------------
                                  1.20   slack (MET)


Startpoint: _420_ (rising edge-triggered flip-flop clocked by clk)
Endpoint: _439_ (rising edge-triggered flip-flop clocked by clk)
Path Group: clk
Path Type: min
Corner: Slowest

Fanout     Cap    Slew   Delay    Time   Description
-----------------------------------------------------------------------------
                          0.00    0.00   clock clk (rise edge)
                          0.00    0.00   clock source latency
                  0.16    0.10    0.10 ^ clk (in)
     2    0.02                           clk (net)
                  0.16    0.00    0.10 ^ clkbuf_0_clk/A (sky130_fd_sc_hd__clkbuf_16)
                  0.10    0.28    0.38 ^ clkbuf_0_clk/X (sky130_fd_sc_hd__clkbuf_16)
     4    0.05                           clknet_0_clk (net)
                  0.10    0.00    0.39 ^ clkbuf_2_2__f_clk/A (sky130_fd_sc_hd__clkbuf_16)
                  0.08    0.24    0.63 ^ clkbuf_2_2__f_clk/X (sky130_fd_sc_hd__clkbuf_16)
    11    0.03                           clknet_2_2__leaf_clk (net)
                  0.08    0.00    0.63 ^ _420_/CLK (sky130_fd_sc_hd__dfstp_1)
                  0.10    0.72    1.35 v _420_/Q (sky130_fd_sc_hd__dfstp_1)
     3    0.01                           rx_inst.rx (net)
                  0.10    0.00    1.35 v _228_/A (sky130_fd_sc_hd__buf_2)
                  0.17    0.34    1.69 v _228_/X (sky130_fd_sc_hd__buf_2)
    10    0.03                           _108_ (net)
                  0.17    0.00    1.69 v _261_/A1 (sky130_fd_sc_hd__a31o_1)
                  0.06    0.34    2.03 v _261_/X (sky130_fd_sc_hd__a31o_1)
     1    0.00                           _078_ (net)
                  0.06    0.00    2.03 v _439_/D (sky130_fd_sc_hd__dfrtp_1)
                                  2.03   data arrival time

                          0.00    0.00   clock clk (rise edge)
                          0.00    0.00   clock source latency
                  0.16    0.11    0.11 ^ clk (in)
     2    0.02                           clk (net)
                  0.16    0.00    0.11 ^ clkbuf_0_clk/A (sky130_fd_sc_hd__clkbuf_16)
                  0.10    0.31    0.42 ^ clkbuf_0_clk/X (sky130_fd_sc_hd__clkbuf_16)
     4    0.05                           clknet_0_clk (net)
                  0.10    0.00    0.43 ^ clkbuf_2_0__f_clk/A (sky130_fd_sc_hd__clkbuf_16)
                  0.09    0.27    0.70 ^ clkbuf_2_0__f_clk/X (sky130_fd_sc_hd__clkbuf_16)
    11    0.04                           clknet_2_0__leaf_clk (net)
                  0.09    0.00    0.70 ^ _439_/CLK (sky130_fd_sc_hd__dfrtp_1)
                          0.25    0.95   clock uncertainty
                         -0.04    0.91   clock reconvergence pessimism
                         -0.09    0.82   library hold time
                                  0.82   data required time
-----------------------------------------------------------------------------
                                  0.82   data required time
                                 -2.03   data arrival time
-----------------------------------------------------------------------------
                                  1.21   slack (MET)


Startpoint: _444_ (rising edge-triggered flip-flop clocked by clk)
Endpoint: _444_ (rising edge-triggered flip-flop clocked by clk)
Path Group: clk
Path Type: min
Corner: Slowest

Fanout     Cap    Slew   Delay    Time   Description
-----------------------------------------------------------------------------
                          0.00    0.00   clock clk (rise edge)
                          0.00    0.00   clock source latency
                  0.16    0.10    0.10 ^ clk (in)
     2    0.02                           clk (net)
                  0.16    0.00    0.10 ^ clkbuf_0_clk/A (sky130_fd_sc_hd__clkbuf_16)
                  0.10    0.28    0.38 ^ clkbuf_0_clk/X (sky130_fd_sc_hd__clkbuf_16)
     4    0.05                           clknet_0_clk (net)
                  0.10    0.00    0.39 ^ clkbuf_2_1__f_clk/A (sky130_fd_sc_hd__clkbuf_16)
                  0.10    0.26    0.65 ^ clkbuf_2_1__f_clk/X (sky130_fd_sc_hd__clkbuf_16)
    15    0.05                           clknet_2_1__leaf_clk (net)
                  0.10    0.00    0.65 ^ _444_/CLK (sky130_fd_sc_hd__dfrtp_2)
                  0.20    0.79    1.43 ^ _444_/Q (sky130_fd_sc_hd__dfrtp_2)
     7    0.02                           rx_inst.clk_count[1] (net)
                  0.20    0.00    1.43 ^ _236_/A (sky130_fd_sc_hd__xor2_1)
                  0.07    0.17    1.60 v _236_/X (sky130_fd_sc_hd__xor2_1)
     1    0.00                           _115_ (net)
                  0.07    0.00    1.60 v _237_/B (sky130_fd_sc_hd__and2_1)
                  0.06    0.29    1.89 v _237_/X (sky130_fd_sc_hd__and2_1)
     1    0.00                           _116_ (net)
                  0.06    0.00    1.89 v _238_/A (sky130_fd_sc_hd__clkbuf_1)
                  0.06    0.16    2.05 v _238_/X (sky130_fd_sc_hd__clkbuf_1)
     1    0.00                           _083_ (net)
                  0.06    0.00    2.05 v _444_/D (sky130_fd_sc_hd__dfrtp_2)
                                  2.05   data arrival time

                          0.00    0.00   clock clk (rise edge)
                          0.00    0.00   clock source latency
                  0.16    0.11    0.11 ^ clk (in)
     2    0.02                           clk (net)
                  0.16    0.00    0.11 ^ clkbuf_0_clk/A (sky130_fd_sc_hd__clkbuf_16)
                  0.10    0.31    0.42 ^ clkbuf_0_clk/X (sky130_fd_sc_hd__clkbuf_16)
     4    0.05                           clknet_0_clk (net)
                  0.10    0.00    0.43 ^ clkbuf_2_1__f_clk/A (sky130_fd_sc_hd__clkbuf_16)
                  0.10    0.29    0.71 ^ clkbuf_2_1__f_clk/X (sky130_fd_sc_hd__clkbuf_16)
    15    0.05                           clknet_2_1__leaf_clk (net)
                  0.10    0.00    0.71 ^ _444_/CLK (sky130_fd_sc_hd__dfrtp_2)
                          0.25    0.96   clock uncertainty
                         -0.07    0.90   clock reconvergence pessimism
                         -0.08    0.82   library hold time
                                  0.82   data required time
-----------------------------------------------------------------------------
                                  0.82   data required time
                                 -2.05   data arrival time
-----------------------------------------------------------------------------
                                  1.23   slack (MET)


Startpoint: _420_ (rising edge-triggered flip-flop clocked by clk)
Endpoint: _417_ (rising edge-triggered flip-flop clocked by clk)
Path Group: clk
Path Type: min
Corner: Slowest

Fanout     Cap    Slew   Delay    Time   Description
-----------------------------------------------------------------------------
                          0.00    0.00   clock clk (rise edge)
                          0.00    0.00   clock source latency
                  0.16    0.10    0.10 ^ clk (in)
     2    0.02                           clk (net)
                  0.16    0.00    0.10 ^ clkbuf_0_clk/A (sky130_fd_sc_hd__clkbuf_16)
                  0.10    0.28    0.38 ^ clkbuf_0_clk/X (sky130_fd_sc_hd__clkbuf_16)
     4    0.05                           clknet_0_clk (net)
                  0.10    0.00    0.39 ^ clkbuf_2_2__f_clk/A (sky130_fd_sc_hd__clkbuf_16)
                  0.08    0.24    0.63 ^ clkbuf_2_2__f_clk/X (sky130_fd_sc_hd__clkbuf_16)
    11    0.03                           clknet_2_2__leaf_clk (net)
                  0.08    0.00    0.63 ^ _420_/CLK (sky130_fd_sc_hd__dfstp_1)
                  0.10    0.72    1.35 v _420_/Q (sky130_fd_sc_hd__dfstp_1)
     3    0.01                           rx_inst.rx (net)
                  0.10    0.00    1.35 v _327_/A1 (sky130_fd_sc_hd__a311o_1)
                  0.11    0.52    1.87 v _327_/X (sky130_fd_sc_hd__a311o_1)
     1    0.01                           _179_ (net)
                  0.11    0.00    1.87 v _328_/B (sky130_fd_sc_hd__xnor2_1)
                  0.08    0.22    2.08 v _328_/Y (sky130_fd_sc_hd__xnor2_1)
     1    0.00                           _056_ (net)
                  0.08    0.00    2.08 v _417_/D (sky130_fd_sc_hd__dfrtp_4)
                                  2.08   data arrival time

                          0.00    0.00   clock clk (rise edge)
                          0.00    0.00   clock source latency
                  0.16    0.11    0.11 ^ clk (in)
     2    0.02                           clk (net)
                  0.16    0.00    0.11 ^ clkbuf_0_clk/A (sky130_fd_sc_hd__clkbuf_16)
                  0.10    0.31    0.42 ^ clkbuf_0_clk/X (sky130_fd_sc_hd__clkbuf_16)
     4    0.05                           clknet_0_clk (net)
                  0.10    0.00    0.43 ^ clkbuf_2_2__f_clk/A (sky130_fd_sc_hd__clkbuf_16)
                  0.08    0.27    0.69 ^ clkbuf_2_2__f_clk/X (sky130_fd_sc_hd__clkbuf_16)
    11    0.03                           clknet_2_2__leaf_clk (net)
                  0.08    0.00    0.69 ^ _417_/CLK (sky130_fd_sc_hd__dfrtp_4)
                          0.25    0.94   clock uncertainty
                         -0.07    0.88   clock reconvergence pessimism
                         -0.09    0.79   library hold time
                                  0.79   data required time
-----------------------------------------------------------------------------
                                  0.79   data required time
                                 -2.08   data arrival time
-----------------------------------------------------------------------------
                                  1.29   slack (MET)


Startpoint: _431_ (rising edge-triggered flip-flop clocked by clk)
Endpoint: _420_ (rising edge-triggered flip-flop clocked by clk)
Path Group: clk
Path Type: min
Corner: Slowest

Fanout     Cap    Slew   Delay    Time   Description
-----------------------------------------------------------------------------
                          0.00    0.00   clock clk (rise edge)
                          0.00    0.00   clock source latency
                  0.16    0.10    0.10 ^ clk (in)
     2    0.02                           clk (net)
                  0.16    0.00    0.10 ^ clkbuf_0_clk/A (sky130_fd_sc_hd__clkbuf_16)
                  0.10    0.28    0.38 ^ clkbuf_0_clk/X (sky130_fd_sc_hd__clkbuf_16)
     4    0.05                           clknet_0_clk (net)
                  0.10    0.00    0.39 ^ clkbuf_2_2__f_clk/A (sky130_fd_sc_hd__clkbuf_16)
                  0.08    0.24    0.63 ^ clkbuf_2_2__f_clk/X (sky130_fd_sc_hd__clkbuf_16)
    11    0.03                           clknet_2_2__leaf_clk (net)
                  0.08    0.00    0.63 ^ _431_/CLK (sky130_fd_sc_hd__dfrtp_4)
                  0.17    0.85    1.48 ^ _431_/Q (sky130_fd_sc_hd__dfrtp_4)
     7    0.02                           tx_inst.state[1] (net)
                  0.17    0.00    1.48 ^ _318_/C (sky130_fd_sc_hd__and3b_1)
                  0.08    0.32    1.80 ^ _318_/X (sky130_fd_sc_hd__and3b_1)
     1    0.00                           _173_ (net)
                  0.08    0.00    1.80 ^ _319_/C (sky130_fd_sc_hd__or3_1)
                  0.07    0.17    1.97 ^ _319_/X (sky130_fd_sc_hd__or3_1)
     1    0.00                           _174_ (net)
                  0.07    0.00    1.97 ^ _320_/A (sky130_fd_sc_hd__clkbuf_1)
                  0.07    0.15    2.11 ^ _320_/X (sky130_fd_sc_hd__clkbuf_1)
     1    0.00                           _059_ (net)
                  0.07    0.00    2.11 ^ _420_/D (sky130_fd_sc_hd__dfstp_1)
                                  2.11   data arrival time

                          0.00    0.00   clock clk (rise edge)
                          0.00    0.00   clock source latency
                  0.16    0.11    0.11 ^ clk (in)
     2    0.02                           clk (net)
                  0.16    0.00    0.11 ^ clkbuf_0_clk/A (sky130_fd_sc_hd__clkbuf_16)
                  0.10    0.31    0.42 ^ clkbuf_0_clk/X (sky130_fd_sc_hd__clkbuf_16)
     4    0.05                           clknet_0_clk (net)
                  0.10    0.00    0.43 ^ clkbuf_2_2__f_clk/A (sky130_fd_sc_hd__clkbuf_16)
                  0.08    0.27    0.69 ^ clkbuf_2_2__f_clk/X (sky130_fd_sc_hd__clkbuf_16)
    11    0.03                           clknet_2_2__leaf_clk (net)
                  0.08    0.00    0.69 ^ _420_/CLK (sky130_fd_sc_hd__dfstp_1)
                          0.25    0.94   clock uncertainty
                         -0.07    0.88   clock reconvergence pessimism
                         -0.07    0.81   library hold time
                                  0.81   data required time
-----------------------------------------------------------------------------
                                  0.81   data required time
                                 -2.11   data arrival time
-----------------------------------------------------------------------------
                                  1.30   slack (MET)


Startpoint: _441_ (rising edge-triggered flip-flop clocked by clk)
Endpoint: _434_ (rising edge-triggered flip-flop clocked by clk)
Path Group: clk
Path Type: min
Corner: Slowest

Fanout     Cap    Slew   Delay    Time   Description
-----------------------------------------------------------------------------
                          0.00    0.00   clock clk (rise edge)
                          0.00    0.00   clock source latency
                  0.16    0.10    0.10 ^ clk (in)
     2    0.02                           clk (net)
                  0.16    0.00    0.10 ^ clkbuf_0_clk/A (sky130_fd_sc_hd__clkbuf_16)
                  0.10    0.28    0.38 ^ clkbuf_0_clk/X (sky130_fd_sc_hd__clkbuf_16)
     4    0.05                           clknet_0_clk (net)
                  0.10    0.00    0.39 ^ clkbuf_2_0__f_clk/A (sky130_fd_sc_hd__clkbuf_16)
                  0.09    0.25    0.63 ^ clkbuf_2_0__f_clk/X (sky130_fd_sc_hd__clkbuf_16)
    11    0.04                           clknet_2_0__leaf_clk (net)
                  0.09    0.00    0.63 ^ _441_/CLK (sky130_fd_sc_hd__dfrtp_2)
                  0.21    0.79    1.42 ^ _441_/Q (sky130_fd_sc_hd__dfrtp_2)
     9    0.02                           rx_inst.bit_index[1] (net)
                  0.21    0.00    1.42 ^ _275_/C (sky130_fd_sc_hd__and3b_1)
                  0.11    0.36    1.78 ^ _275_/X (sky130_fd_sc_hd__and3b_1)
     1    0.00                           _144_ (net)
                  0.11    0.00    1.78 ^ _276_/S (sky130_fd_sc_hd__mux2_1)
                  0.07    0.25    2.03 ^ _276_/X (sky130_fd_sc_hd__mux2_1)
     1    0.00                           _145_ (net)
                  0.07    0.00    2.03 ^ _277_/A (sky130_fd_sc_hd__clkbuf_1)
                  0.07    0.14    2.17 ^ _277_/X (sky130_fd_sc_hd__clkbuf_1)
     1    0.00                           _073_ (net)
                  0.07    0.00    2.17 ^ _434_/D (sky130_fd_sc_hd__dfrtp_1)
                                  2.17   data arrival time

                          0.00    0.00   clock clk (rise edge)
                          0.00    0.00   clock source latency
                  0.16    0.11    0.11 ^ clk (in)
     2    0.02                           clk (net)
                  0.16    0.00    0.11 ^ clkbuf_0_clk/A (sky130_fd_sc_hd__clkbuf_16)
                  0.10    0.31    0.42 ^ clkbuf_0_clk/X (sky130_fd_sc_hd__clkbuf_16)
     4    0.05                           clknet_0_clk (net)
                  0.10    0.00    0.43 ^ clkbuf_2_0__f_clk/A (sky130_fd_sc_hd__clkbuf_16)
                  0.09    0.27    0.70 ^ clkbuf_2_0__f_clk/X (sky130_fd_sc_hd__clkbuf_16)
    11    0.04                           clknet_2_0__leaf_clk (net)
                  0.09    0.00    0.70 ^ _434_/CLK (sky130_fd_sc_hd__dfrtp_1)
                          0.25    0.95   clock uncertainty
                         -0.07    0.88   clock reconvergence pessimism
                         -0.07    0.81   library hold time
                                  0.81   data required time
-----------------------------------------------------------------------------
                                  0.81   data required time
                                 -2.17   data arrival time
-----------------------------------------------------------------------------
                                  1.36   slack (MET)


Startpoint: rst (input port clocked by clk)
Endpoint: _423_ (removal check against rising-edge clock clk)
Path Group: asynchronous
Path Type: min
Corner: Slowest

Fanout     Cap    Slew   Delay    Time   Description
-----------------------------------------------------------------------------
                          0.00    0.00   clock clk (rise edge)
                          0.00    0.00   clock network delay (propagated)
                          2.00    2.00 v input external delay
                  0.02    0.01    2.01 v rst (in)
     2    0.00                           rst (net)
                  0.02    0.00    2.01 v input1/A (sky130_fd_sc_hd__buf_1)
                  0.14    0.20    2.21 v input1/X (sky130_fd_sc_hd__buf_1)
     1    0.01                           net1 (net)
                  0.14    0.00    2.21 v _356_/A (sky130_fd_sc_hd__clkbuf_4)
                  0.18    0.37    2.58 v _356_/X (sky130_fd_sc_hd__clkbuf_4)
     9    0.05                           _200_ (net)
                  0.18    0.01    2.59 v _368_/A (sky130_fd_sc_hd__buf_4)
                  0.15    0.38    2.97 v _368_/X (sky130_fd_sc_hd__buf_4)
    10    0.06                           _202_ (net)
                  0.15    0.00    2.97 v _376_/A (sky130_fd_sc_hd__inv_2)
                  0.06    0.10    3.07 ^ _376_/Y (sky130_fd_sc_hd__inv_2)
     1    0.00                           _017_ (net)
                  0.06    0.00    3.07 ^ _423_/RESET_B (sky130_fd_sc_hd__dfrtp_1)
                                  3.07   data arrival time

                          0.00    0.00   clock clk (rise edge)
                          0.00    0.00   clock source latency
                  0.16    0.11    0.11 ^ clk (in)
     2    0.02                           clk (net)
                  0.16    0.00    0.11 ^ clkbuf_0_clk/A (sky130_fd_sc_hd__clkbuf_16)
                  0.10    0.31    0.42 ^ clkbuf_0_clk/X (sky130_fd_sc_hd__clkbuf_16)
     4    0.05                           clknet_0_clk (net)
                  0.10    0.00    0.43 ^ clkbuf_2_1__f_clk/A (sky130_fd_sc_hd__clkbuf_16)
                  0.10    0.29    0.71 ^ clkbuf_2_1__f_clk/X (sky130_fd_sc_hd__clkbuf_16)
    15    0.05                           clknet_2_1__leaf_clk (net)
                  0.10    0.00    0.72 ^ _423_/CLK (sky130_fd_sc_hd__dfrtp_1)
                          0.25    0.97   clock uncertainty
                          0.00    0.97   clock reconvergence pessimism
                          0.66    1.63   library removal time
                                  1.63   data required time
-----------------------------------------------------------------------------
                                  1.63   data required time
                                 -3.07   data arrival time
-----------------------------------------------------------------------------
                                  1.44   slack (MET)


Startpoint: rst (input port clocked by clk)
Endpoint: _422_ (removal check against rising-edge clock clk)
Path Group: asynchronous
Path Type: min
Corner: Slowest

Fanout     Cap    Slew   Delay    Time   Description
-----------------------------------------------------------------------------
                          0.00    0.00   clock clk (rise edge)
                          0.00    0.00   clock network delay (propagated)
                          2.00    2.00 v input external delay
                  0.02    0.01    2.01 v rst (in)
     2    0.00                           rst (net)
                  0.02    0.00    2.01 v input1/A (sky130_fd_sc_hd__buf_1)
                  0.14    0.20    2.21 v input1/X (sky130_fd_sc_hd__buf_1)
     1    0.01                           net1 (net)
                  0.14    0.00    2.21 v _356_/A (sky130_fd_sc_hd__clkbuf_4)
                  0.18    0.37    2.58 v _356_/X (sky130_fd_sc_hd__clkbuf_4)
     9    0.05                           _200_ (net)
                  0.18    0.01    2.59 v _368_/A (sky130_fd_sc_hd__buf_4)
                  0.15    0.38    2.97 v _368_/X (sky130_fd_sc_hd__buf_4)
    10    0.06                           _202_ (net)
                  0.15    0.00    2.97 v _375_/A (sky130_fd_sc_hd__inv_2)
                  0.06    0.10    3.07 ^ _375_/Y (sky130_fd_sc_hd__inv_2)
     1    0.00                           _016_ (net)
                  0.06    0.00    3.07 ^ _422_/RESET_B (sky130_fd_sc_hd__dfrtp_1)
                                  3.07   data arrival time

                          0.00    0.00   clock clk (rise edge)
                          0.00    0.00   clock source latency
                  0.16    0.11    0.11 ^ clk (in)
     2    0.02                           clk (net)
                  0.16    0.00    0.11 ^ clkbuf_0_clk/A (sky130_fd_sc_hd__clkbuf_16)
                  0.10    0.31    0.42 ^ clkbuf_0_clk/X (sky130_fd_sc_hd__clkbuf_16)
     4    0.05                           clknet_0_clk (net)
                  0.10    0.00    0.43 ^ clkbuf_2_1__f_clk/A (sky130_fd_sc_hd__clkbuf_16)
                  0.10    0.29    0.71 ^ clkbuf_2_1__f_clk/X (sky130_fd_sc_hd__clkbuf_16)
    15    0.05                           clknet_2_1__leaf_clk (net)
                  0.10    0.00    0.72 ^ _422_/CLK (sky130_fd_sc_hd__dfrtp_1)
                          0.25    0.97   clock uncertainty
                          0.00    0.97   clock reconvergence pessimism
                          0.66    1.63   library removal time
                                  1.63   data required time
-----------------------------------------------------------------------------
                                  1.63   data required time
                                 -3.07   data arrival time
-----------------------------------------------------------------------------
                                  1.44   slack (MET)


Startpoint: rst (input port clocked by clk)
Endpoint: _438_ (removal check against rising-edge clock clk)
Path Group: asynchronous
Path Type: min
Corner: Slowest

Fanout     Cap    Slew   Delay    Time   Description
-----------------------------------------------------------------------------
                          0.00    0.00   clock clk (rise edge)
                          0.00    0.00   clock network delay (propagated)
                          2.00    2.00 v input external delay
                  0.02    0.01    2.01 v rst (in)
     2    0.00                           rst (net)
                  0.02    0.00    2.01 v input1/A (sky130_fd_sc_hd__buf_1)
                  0.14    0.20    2.21 v input1/X (sky130_fd_sc_hd__buf_1)
     1    0.01                           net1 (net)
                  0.14    0.00    2.21 v _356_/A (sky130_fd_sc_hd__clkbuf_4)
                  0.18    0.37    2.58 v _356_/X (sky130_fd_sc_hd__clkbuf_4)
     9    0.05                           _200_ (net)
                  0.18    0.01    2.59 v _390_/A (sky130_fd_sc_hd__buf_4)
                  0.16    0.38    2.97 v _390_/X (sky130_fd_sc_hd__buf_4)
    10    0.06                           _204_ (net)
                  0.16    0.00    2.97 v _393_/A (sky130_fd_sc_hd__inv_2)
                  0.06    0.10    3.07 ^ _393_/Y (sky130_fd_sc_hd__inv_2)
     1    0.00                           _032_ (net)
                  0.06    0.00    3.07 ^ _438_/RESET_B (sky130_fd_sc_hd__dfrtp_2)
                                  3.07   data arrival time

                          0.00    0.00   clock clk (rise edge)
                          0.00    0.00   clock source latency
                  0.16    0.11    0.11 ^ clk (in)
     2    0.02                           clk (net)
                  0.16    0.00    0.11 ^ clkbuf_0_clk/A (sky130_fd_sc_hd__clkbuf_16)
                  0.10    0.31    0.42 ^ clkbuf_0_clk/X (sky130_fd_sc_hd__clkbuf_16)
     4    0.05                           clknet_0_clk (net)
                  0.10    0.00    0.43 ^ clkbuf_2_1__f_clk/A (sky130_fd_sc_hd__clkbuf_16)
                  0.10    0.29    0.71 ^ clkbuf_2_1__f_clk/X (sky130_fd_sc_hd__clkbuf_16)
    15    0.05                           clknet_2_1__leaf_clk (net)
                  0.10    0.00    0.71 ^ _438_/CLK (sky130_fd_sc_hd__dfrtp_2)
                          0.25    0.96   clock uncertainty
                          0.00    0.96   clock reconvergence pessimism
                          0.66    1.63   library removal time
                                  1.63   data required time
-----------------------------------------------------------------------------
                                  1.63   data required time
                                 -3.07   data arrival time
-----------------------------------------------------------------------------
                                  1.44   slack (MET)


Startpoint: rst (input port clocked by clk)
Endpoint: _444_ (removal check against rising-edge clock clk)
Path Group: asynchronous
Path Type: min
Corner: Slowest

Fanout     Cap    Slew   Delay    Time   Description
-----------------------------------------------------------------------------
                          0.00    0.00   clock clk (rise edge)
                          0.00    0.00   clock network delay (propagated)
                          2.00    2.00 v input external delay
                  0.02    0.01    2.01 v rst (in)
     2    0.00                           rst (net)
                  0.02    0.00    2.01 v input1/A (sky130_fd_sc_hd__buf_1)
                  0.14    0.20    2.21 v input1/X (sky130_fd_sc_hd__buf_1)
     1    0.01                           net1 (net)
                  0.14    0.00    2.21 v _356_/A (sky130_fd_sc_hd__clkbuf_4)
                  0.18    0.37    2.58 v _356_/X (sky130_fd_sc_hd__clkbuf_4)
     9    0.05                           _200_ (net)
                  0.18    0.01    2.59 v _390_/A (sky130_fd_sc_hd__buf_4)
                  0.16    0.38    2.97 v _390_/X (sky130_fd_sc_hd__buf_4)
    10    0.06                           _204_ (net)
                  0.16    0.00    2.97 v _399_/A (sky130_fd_sc_hd__inv_2)
                  0.06    0.10    3.07 ^ _399_/Y (sky130_fd_sc_hd__inv_2)
     1    0.00                           _038_ (net)
                  0.06    0.00    3.07 ^ _444_/RESET_B (sky130_fd_sc_hd__dfrtp_2)
                                  3.07   data arrival time

                          0.00    0.00   clock clk (rise edge)
                          0.00    0.00   clock source latency
                  0.16    0.11    0.11 ^ clk (in)
     2    0.02                           clk (net)
                  0.16    0.00    0.11 ^ clkbuf_0_clk/A (sky130_fd_sc_hd__clkbuf_16)
                  0.10    0.31    0.42 ^ clkbuf_0_clk/X (sky130_fd_sc_hd__clkbuf_16)
     4    0.05                           clknet_0_clk (net)
                  0.10    0.00    0.43 ^ clkbuf_2_1__f_clk/A (sky130_fd_sc_hd__clkbuf_16)
                  0.10    0.29    0.71 ^ clkbuf_2_1__f_clk/X (sky130_fd_sc_hd__clkbuf_16)
    15    0.05                           clknet_2_1__leaf_clk (net)
                  0.10    0.00    0.71 ^ _444_/CLK (sky130_fd_sc_hd__dfrtp_2)
                          0.25    0.96   clock uncertainty
                          0.00    0.96   clock reconvergence pessimism
                          0.66    1.63   library removal time
                                  1.63   data required time
-----------------------------------------------------------------------------
                                  1.63   data required time
                                 -3.07   data arrival time
-----------------------------------------------------------------------------
                                  1.44   slack (MET)


Startpoint: rst (input port clocked by clk)
Endpoint: _443_ (removal check against rising-edge clock clk)
Path Group: asynchronous
Path Type: min
Corner: Slowest

Fanout     Cap    Slew   Delay    Time   Description
-----------------------------------------------------------------------------
                          0.00    0.00   clock clk (rise edge)
                          0.00    0.00   clock network delay (propagated)
                          2.00    2.00 v input external delay
                  0.02    0.01    2.01 v rst (in)
     2    0.00                           rst (net)
                  0.02    0.00    2.01 v input1/A (sky130_fd_sc_hd__buf_1)
                  0.14    0.20    2.21 v input1/X (sky130_fd_sc_hd__buf_1)
     1    0.01                           net1 (net)
                  0.14    0.00    2.21 v _356_/A (sky130_fd_sc_hd__clkbuf_4)
                  0.18    0.37    2.58 v _356_/X (sky130_fd_sc_hd__clkbuf_4)
     9    0.05                           _200_ (net)
                  0.18    0.01    2.59 v _390_/A (sky130_fd_sc_hd__buf_4)
                  0.16    0.38    2.97 v _390_/X (sky130_fd_sc_hd__buf_4)
    10    0.06                           _204_ (net)
                  0.16    0.00    2.97 v _398_/A (sky130_fd_sc_hd__inv_2)
                  0.06    0.10    3.07 ^ _398_/Y (sky130_fd_sc_hd__inv_2)
     1    0.00                           _037_ (net)
                  0.06    0.00    3.07 ^ _443_/RESET_B (sky130_fd_sc_hd__dfrtp_4)
                                  3.07   data arrival time

                          0.00    0.00   clock clk (rise edge)
                          0.00    0.00   clock source latency
                  0.16    0.11    0.11 ^ clk (in)
     2    0.02                           clk (net)
                  0.16    0.00    0.11 ^ clkbuf_0_clk/A (sky130_fd_sc_hd__clkbuf_16)
                  0.10    0.31    0.42 ^ clkbuf_0_clk/X (sky130_fd_sc_hd__clkbuf_16)
     4    0.05                           clknet_0_clk (net)
                  0.10    0.00    0.43 ^ clkbuf_2_1__f_clk/A (sky130_fd_sc_hd__clkbuf_16)
                  0.10    0.29    0.71 ^ clkbuf_2_1__f_clk/X (sky130_fd_sc_hd__clkbuf_16)
    15    0.05                           clknet_2_1__leaf_clk (net)
                  0.10    0.00    0.71 ^ _443_/CLK (sky130_fd_sc_hd__dfrtp_4)
                          0.25    0.96   clock uncertainty
                          0.00    0.96   clock reconvergence pessimism
                          0.67    1.63   library removal time
                                  1.63   data required time
-----------------------------------------------------------------------------
                                  1.63   data required time
                                 -3.07   data arrival time
-----------------------------------------------------------------------------
                                  1.44   slack (MET)


Startpoint: rst (input port clocked by clk)
Endpoint: _425_ (removal check against rising-edge clock clk)
Path Group: asynchronous
Path Type: min
Corner: Slowest

Fanout     Cap    Slew   Delay    Time   Description
-----------------------------------------------------------------------------
                          0.00    0.00   clock clk (rise edge)
                          0.00    0.00   clock network delay (propagated)
                          2.00    2.00 v input external delay
                  0.02    0.01    2.01 v rst (in)
     2    0.00                           rst (net)
                  0.02    0.00    2.01 v input1/A (sky130_fd_sc_hd__buf_1)
                  0.14    0.20    2.21 v input1/X (sky130_fd_sc_hd__buf_1)
     1    0.01                           net1 (net)
                  0.14    0.00    2.21 v _356_/A (sky130_fd_sc_hd__clkbuf_4)
                  0.18    0.37    2.58 v _356_/X (sky130_fd_sc_hd__clkbuf_4)
     9    0.05                           _200_ (net)
                  0.18    0.01    2.59 v _368_/A (sky130_fd_sc_hd__buf_4)
                  0.15    0.38    2.97 v _368_/X (sky130_fd_sc_hd__buf_4)
    10    0.06                           _202_ (net)
                  0.15    0.00    2.97 v _378_/A (sky130_fd_sc_hd__inv_2)
                  0.06    0.11    3.08 ^ _378_/Y (sky130_fd_sc_hd__inv_2)
     1    0.01                           _019_ (net)
                  0.06    0.00    3.08 ^ _425_/RESET_B (sky130_fd_sc_hd__dfrtp_1)
                                  3.08   data arrival time

                          0.00    0.00   clock clk (rise edge)
                          0.00    0.00   clock source latency
                  0.16    0.11    0.11 ^ clk (in)
     2    0.02                           clk (net)
                  0.16    0.00    0.11 ^ clkbuf_0_clk/A (sky130_fd_sc_hd__clkbuf_16)
                  0.10    0.31    0.42 ^ clkbuf_0_clk/X (sky130_fd_sc_hd__clkbuf_16)
     4    0.05                           clknet_0_clk (net)
                  0.10    0.00    0.43 ^ clkbuf_2_1__f_clk/A (sky130_fd_sc_hd__clkbuf_16)
                  0.10    0.29    0.71 ^ clkbuf_2_1__f_clk/X (sky130_fd_sc_hd__clkbuf_16)
    15    0.05                           clknet_2_1__leaf_clk (net)
                  0.10    0.00    0.72 ^ _425_/CLK (sky130_fd_sc_hd__dfrtp_1)
                          0.25    0.97   clock uncertainty
                          0.00    0.97   clock reconvergence pessimism
                          0.67    1.63   library removal time
                                  1.63   data required time
-----------------------------------------------------------------------------
                                  1.63   data required time
                                 -3.08   data arrival time
-----------------------------------------------------------------------------
                                  1.44   slack (MET)


Startpoint: _430_ (rising edge-triggered flip-flop clocked by clk)
Endpoint: _423_ (rising edge-triggered flip-flop clocked by clk)
Path Group: clk
Path Type: min
Corner: Slowest

Fanout     Cap    Slew   Delay    Time   Description
-----------------------------------------------------------------------------
                          0.00    0.00   clock clk (rise edge)
                          0.00    0.00   clock source latency
                  0.16    0.10    0.10 ^ clk (in)
     2    0.02                           clk (net)
                  0.16    0.00    0.10 ^ clkbuf_0_clk/A (sky130_fd_sc_hd__clkbuf_16)
                  0.10    0.28    0.38 ^ clkbuf_0_clk/X (sky130_fd_sc_hd__clkbuf_16)
     4    0.05                           clknet_0_clk (net)
                  0.10    0.00    0.39 ^ clkbuf_2_2__f_clk/A (sky130_fd_sc_hd__clkbuf_16)
                  0.08    0.24    0.63 ^ clkbuf_2_2__f_clk/X (sky130_fd_sc_hd__clkbuf_16)
    11    0.03                           clknet_2_2__leaf_clk (net)
                  0.08    0.00    0.63 ^ _430_/CLK (sky130_fd_sc_hd__dfrtp_4)
                  0.17    0.84    1.47 ^ _430_/Q (sky130_fd_sc_hd__dfrtp_4)
     7    0.02                           tx_inst.state[0] (net)
                  0.17    0.00    1.47 ^ _288_/B (sky130_fd_sc_hd__nor2_2)
                  0.14    0.18    1.65 v _288_/Y (sky130_fd_sc_hd__nor2_2)
     7    0.03                           _154_ (net)
                  0.14    0.00    1.65 v _296_/B (sky130_fd_sc_hd__nand2_4)
                  0.21    0.24    1.89 ^ _296_/Y (sky130_fd_sc_hd__nand2_4)
     8    0.04                           _160_ (net)
                  0.21    0.00    1.90 ^ _309_/S (sky130_fd_sc_hd__mux2_1)
                  0.07    0.28    2.17 ^ _309_/X (sky130_fd_sc_hd__mux2_1)
     1    0.00                           _167_ (net)
                  0.07    0.00    2.17 ^ _310_/A (sky130_fd_sc_hd__clkbuf_1)
                  0.06    0.13    2.31 ^ _310_/X (sky130_fd_sc_hd__clkbuf_1)
     1    0.00                           _062_ (net)
                  0.06    0.00    2.31 ^ _423_/D (sky130_fd_sc_hd__dfrtp_1)
                                  2.31   data arrival time

                          0.00    0.00   clock clk (rise edge)
                          0.00    0.00   clock source latency
                  0.16    0.11    0.11 ^ clk (in)
     2    0.02                           clk (net)
                  0.16    0.00    0.11 ^ clkbuf_0_clk/A (sky130_fd_sc_hd__clkbuf_16)
                  0.10    0.31    0.42 ^ clkbuf_0_clk/X (sky130_fd_sc_hd__clkbuf_16)
     4    0.05                           clknet_0_clk (net)
                  0.10    0.00    0.43 ^ clkbuf_2_1__f_clk/A (sky130_fd_sc_hd__clkbuf_16)
                  0.10    0.29    0.71 ^ clkbuf_2_1__f_clk/X (sky130_fd_sc_hd__clkbuf_16)
    15    0.05                           clknet_2_1__leaf_clk (net)
                  0.10    0.00    0.72 ^ _423_/CLK (sky130_fd_sc_hd__dfrtp_1)
                          0.25    0.97   clock uncertainty
                         -0.04    0.93   clock reconvergence pessimism
                         -0.07    0.86   library hold time
                                  0.86   data required time
-----------------------------------------------------------------------------
                                  0.86   data required time
                                 -2.31   data arrival time
-----------------------------------------------------------------------------
                                  1.45   slack (MET)


Startpoint: rst (input port clocked by clk)
Endpoint: _418_ (removal check against rising-edge clock clk)
Path Group: asynchronous
Path Type: min
Corner: Slowest

Fanout     Cap    Slew   Delay    Time   Description
-----------------------------------------------------------------------------
                          0.00    0.00   clock clk (rise edge)
                          0.00    0.00   clock network delay (propagated)
                          2.00    2.00 v input external delay
                  0.02    0.01    2.01 v rst (in)
     2    0.00                           rst (net)
                  0.02    0.00    2.01 v input1/A (sky130_fd_sc_hd__buf_1)
                  0.14    0.20    2.21 v input1/X (sky130_fd_sc_hd__buf_1)
     1    0.01                           net1 (net)
                  0.14    0.00    2.21 v _356_/A (sky130_fd_sc_hd__clkbuf_4)
                  0.18    0.37    2.58 v _356_/X (sky130_fd_sc_hd__clkbuf_4)
     9    0.05                           _200_ (net)
                  0.18    0.01    2.59 v _368_/A (sky130_fd_sc_hd__buf_4)
                  0.15    0.38    2.97 v _368_/X (sky130_fd_sc_hd__buf_4)
    10    0.06                           _202_ (net)
                  0.15    0.00    2.97 v _371_/A (sky130_fd_sc_hd__inv_2)
                  0.06    0.10    3.07 ^ _371_/Y (sky130_fd_sc_hd__inv_2)
     1    0.00                           _012_ (net)
                  0.06    0.00    3.07 ^ _418_/RESET_B (sky130_fd_sc_hd__dfrtp_1)
                                  3.07   data arrival time

                          0.00    0.00   clock clk (rise edge)
                          0.00    0.00   clock source latency
                  0.16    0.11    0.11 ^ clk (in)
     2    0.02                           clk (net)
                  0.16    0.00    0.11 ^ clkbuf_0_clk/A (sky130_fd_sc_hd__clkbuf_16)
                  0.10    0.31    0.42 ^ clkbuf_0_clk/X (sky130_fd_sc_hd__clkbuf_16)
     4    0.05                           clknet_0_clk (net)
                  0.10    0.00    0.43 ^ clkbuf_2_0__f_clk/A (sky130_fd_sc_hd__clkbuf_16)
                  0.09    0.27    0.70 ^ clkbuf_2_0__f_clk/X (sky130_fd_sc_hd__clkbuf_16)
    11    0.04                           clknet_2_0__leaf_clk (net)
                  0.09    0.00    0.70 ^ _418_/CLK (sky130_fd_sc_hd__dfrtp_1)
                          0.25    0.95   clock uncertainty
                          0.00    0.95   clock reconvergence pessimism
                          0.66    1.61   library removal time
                                  1.61   data required time
-----------------------------------------------------------------------------
                                  1.61   data required time
                                 -3.07   data arrival time
-----------------------------------------------------------------------------
                                  1.46   slack (MET)


Startpoint: rst (input port clocked by clk)
Endpoint: _409_ (removal check against rising-edge clock clk)
Path Group: asynchronous
Path Type: min
Corner: Slowest

Fanout     Cap    Slew   Delay    Time   Description
-----------------------------------------------------------------------------
                          0.00    0.00   clock clk (rise edge)
                          0.00    0.00   clock network delay (propagated)
                          2.00    2.00 v input external delay
                  0.02    0.01    2.01 v rst (in)
     2    0.00                           rst (net)
                  0.02    0.00    2.01 v input1/A (sky130_fd_sc_hd__buf_1)
                  0.14    0.20    2.21 v input1/X (sky130_fd_sc_hd__buf_1)
     1    0.01                           net1 (net)
                  0.14    0.00    2.21 v _356_/A (sky130_fd_sc_hd__clkbuf_4)
                  0.18    0.37    2.58 v _356_/X (sky130_fd_sc_hd__clkbuf_4)
     9    0.05                           _200_ (net)
                  0.18    0.00    2.58 v _357_/A (sky130_fd_sc_hd__buf_4)
                  0.15    0.37    2.96 v _357_/X (sky130_fd_sc_hd__buf_4)
    10    0.06                           _201_ (net)
                  0.15    0.00    2.96 v _361_/A (sky130_fd_sc_hd__inv_2)
                  0.06    0.10    3.06 ^ _361_/Y (sky130_fd_sc_hd__inv_2)
     1    0.00                           _003_ (net)
                  0.06    0.00    3.06 ^ _409_/RESET_B (sky130_fd_sc_hd__dfrtp_2)
                                  3.06   data arrival time

                          0.00    0.00   clock clk (rise edge)
                          0.00    0.00   clock source latency
                  0.16    0.11    0.11 ^ clk (in)
     2    0.02                           clk (net)
                  0.16    0.00    0.11 ^ clkbuf_0_clk/A (sky130_fd_sc_hd__clkbuf_16)
                  0.10    0.31    0.42 ^ clkbuf_0_clk/X (sky130_fd_sc_hd__clkbuf_16)
     4    0.05                           clknet_0_clk (net)
                  0.10    0.00    0.43 ^ clkbuf_2_2__f_clk/A (sky130_fd_sc_hd__clkbuf_16)
                  0.08    0.27    0.69 ^ clkbuf_2_2__f_clk/X (sky130_fd_sc_hd__clkbuf_16)
    11    0.03                           clknet_2_2__leaf_clk (net)
                  0.08    0.00    0.69 ^ _409_/CLK (sky130_fd_sc_hd__dfrtp_2)
                          0.25    0.94   clock uncertainty
                          0.00    0.94   clock reconvergence pessimism
                          0.66    1.60   library removal time
                                  1.60   data required time
-----------------------------------------------------------------------------
                                  1.60   data required time
                                 -3.06   data arrival time
-----------------------------------------------------------------------------
                                  1.46   slack (MET)


Startpoint: rst (input port clocked by clk)
Endpoint: _410_ (removal check against rising-edge clock clk)
Path Group: asynchronous
Path Type: min
Corner: Slowest

Fanout     Cap    Slew   Delay    Time   Description
-----------------------------------------------------------------------------
                          0.00    0.00   clock clk (rise edge)
                          0.00    0.00   clock network delay (propagated)
                          2.00    2.00 v input external delay
                  0.02    0.01    2.01 v rst (in)
     2    0.00                           rst (net)
                  0.02    0.00    2.01 v input1/A (sky130_fd_sc_hd__buf_1)
                  0.14    0.20    2.21 v input1/X (sky130_fd_sc_hd__buf_1)
     1    0.01                           net1 (net)
                  0.14    0.00    2.21 v _356_/A (sky130_fd_sc_hd__clkbuf_4)
                  0.18    0.37    2.58 v _356_/X (sky130_fd_sc_hd__clkbuf_4)
     9    0.05                           _200_ (net)
                  0.18    0.00    2.58 v _357_/A (sky130_fd_sc_hd__buf_4)
                  0.15    0.37    2.96 v _357_/X (sky130_fd_sc_hd__buf_4)
    10    0.06                           _201_ (net)
                  0.15    0.00    2.96 v _362_/A (sky130_fd_sc_hd__inv_2)
                  0.06    0.10    3.06 ^ _362_/Y (sky130_fd_sc_hd__inv_2)
     1    0.00                           _004_ (net)
                  0.06    0.00    3.06 ^ _410_/RESET_B (sky130_fd_sc_hd__dfrtp_1)
                                  3.06   data arrival time

                          0.00    0.00   clock clk (rise edge)
                          0.00    0.00   clock source latency
                  0.16    0.11    0.11 ^ clk (in)
     2    0.02                           clk (net)
                  0.16    0.00    0.11 ^ clkbuf_0_clk/A (sky130_fd_sc_hd__clkbuf_16)
                  0.10    0.31    0.42 ^ clkbuf_0_clk/X (sky130_fd_sc_hd__clkbuf_16)
     4    0.05                           clknet_0_clk (net)
                  0.10    0.00    0.43 ^ clkbuf_2_2__f_clk/A (sky130_fd_sc_hd__clkbuf_16)
                  0.08    0.27    0.69 ^ clkbuf_2_2__f_clk/X (sky130_fd_sc_hd__clkbuf_16)
    11    0.03                           clknet_2_2__leaf_clk (net)
                  0.08    0.00    0.69 ^ _410_/CLK (sky130_fd_sc_hd__dfrtp_1)
                          0.25    0.94   clock uncertainty
                          0.00    0.94   clock reconvergence pessimism
                          0.66    1.60   library removal time
                                  1.60   data required time
-----------------------------------------------------------------------------
                                  1.60   data required time
                                 -3.06   data arrival time
-----------------------------------------------------------------------------
                                  1.46   slack (MET)


Startpoint: rst (input port clocked by clk)
Endpoint: _415_ (removal check against rising-edge clock clk)
Path Group: asynchronous
Path Type: min
Corner: Slowest

Fanout     Cap    Slew   Delay    Time   Description
-----------------------------------------------------------------------------
                          0.00    0.00   clock clk (rise edge)
                          0.00    0.00   clock network delay (propagated)
                          2.00    2.00 v input external delay
                  0.02    0.01    2.01 v rst (in)
     2    0.00                           rst (net)
                  0.02    0.00    2.01 v input1/A (sky130_fd_sc_hd__buf_1)
                  0.14    0.20    2.21 v input1/X (sky130_fd_sc_hd__buf_1)
     1    0.01                           net1 (net)
                  0.14    0.00    2.21 v _356_/A (sky130_fd_sc_hd__clkbuf_4)
                  0.18    0.37    2.58 v _356_/X (sky130_fd_sc_hd__clkbuf_4)
     9    0.05                           _200_ (net)
                  0.18    0.00    2.58 v _357_/A (sky130_fd_sc_hd__buf_4)
                  0.15    0.37    2.96 v _357_/X (sky130_fd_sc_hd__buf_4)
    10    0.06                           _201_ (net)
                  0.15    0.01    2.96 v _367_/A (sky130_fd_sc_hd__inv_2)
                  0.06    0.10    3.06 ^ _367_/Y (sky130_fd_sc_hd__inv_2)
     1    0.00                           _009_ (net)
                  0.06    0.00    3.06 ^ _415_/RESET_B (sky130_fd_sc_hd__dfrtp_1)
                                  3.06   data arrival time

                          0.00    0.00   clock clk (rise edge)
                          0.00    0.00   clock source latency
                  0.16    0.11    0.11 ^ clk (in)
     2    0.02                           clk (net)
                  0.16    0.00    0.11 ^ clkbuf_0_clk/A (sky130_fd_sc_hd__clkbuf_16)
                  0.10    0.31    0.42 ^ clkbuf_0_clk/X (sky130_fd_sc_hd__clkbuf_16)
     4    0.05                           clknet_0_clk (net)
                  0.10    0.00    0.43 ^ clkbuf_2_2__f_clk/A (sky130_fd_sc_hd__clkbuf_16)
                  0.08    0.27    0.69 ^ clkbuf_2_2__f_clk/X (sky130_fd_sc_hd__clkbuf_16)
    11    0.03                           clknet_2_2__leaf_clk (net)
                  0.08    0.00    0.69 ^ _415_/CLK (sky130_fd_sc_hd__dfrtp_1)
                          0.25    0.94   clock uncertainty
                          0.00    0.94   clock reconvergence pessimism
                          0.66    1.60   library removal time
                                  1.60   data required time
-----------------------------------------------------------------------------
                                  1.60   data required time
                                 -3.06   data arrival time
-----------------------------------------------------------------------------
                                  1.46   slack (MET)


Startpoint: _430_ (rising edge-triggered flip-flop clocked by clk)
Endpoint: _422_ (rising edge-triggered flip-flop clocked by clk)
Path Group: clk
Path Type: min
Corner: Slowest

Fanout     Cap    Slew   Delay    Time   Description
-----------------------------------------------------------------------------
                          0.00    0.00   clock clk (rise edge)
                          0.00    0.00   clock source latency
                  0.16    0.10    0.10 ^ clk (in)
     2    0.02                           clk (net)
                  0.16    0.00    0.10 ^ clkbuf_0_clk/A (sky130_fd_sc_hd__clkbuf_16)
                  0.10    0.28    0.38 ^ clkbuf_0_clk/X (sky130_fd_sc_hd__clkbuf_16)
     4    0.05                           clknet_0_clk (net)
                  0.10    0.00    0.39 ^ clkbuf_2_2__f_clk/A (sky130_fd_sc_hd__clkbuf_16)
                  0.08    0.24    0.63 ^ clkbuf_2_2__f_clk/X (sky130_fd_sc_hd__clkbuf_16)
    11    0.03                           clknet_2_2__leaf_clk (net)
                  0.08    0.00    0.63 ^ _430_/CLK (sky130_fd_sc_hd__dfrtp_4)
                  0.17    0.84    1.47 ^ _430_/Q (sky130_fd_sc_hd__dfrtp_4)
     7    0.02                           tx_inst.state[0] (net)
                  0.17    0.00    1.47 ^ _288_/B (sky130_fd_sc_hd__nor2_2)
                  0.14    0.18    1.65 v _288_/Y (sky130_fd_sc_hd__nor2_2)
     7    0.03                           _154_ (net)
                  0.14    0.00    1.65 v _296_/B (sky130_fd_sc_hd__nand2_4)
                  0.21    0.24    1.89 ^ _296_/Y (sky130_fd_sc_hd__nand2_4)
     8    0.04                           _160_ (net)
                  0.21    0.00    1.90 ^ _311_/S (sky130_fd_sc_hd__mux2_1)
                  0.07    0.28    2.18 ^ _311_/X (sky130_fd_sc_hd__mux2_1)
     1    0.00                           _168_ (net)
                  0.07    0.00    2.18 ^ _312_/A (sky130_fd_sc_hd__clkbuf_1)
                  0.06    0.14    2.31 ^ _312_/X (sky130_fd_sc_hd__clkbuf_1)
     1    0.00                           _061_ (net)
                  0.06    0.00    2.31 ^ _422_/D (sky130_fd_sc_hd__dfrtp_1)
                                  2.31   data arrival time

                          0.00    0.00   clock clk (rise edge)
                          0.00    0.00   clock source latency
                  0.16    0.11    0.11 ^ clk (in)
     2    0.02                           clk (net)
                  0.16    0.00    0.11 ^ clkbuf_0_clk/A (sky130_fd_sc_hd__clkbuf_16)
                  0.10    0.31    0.42 ^ clkbuf_0_clk/X (sky130_fd_sc_hd__clkbuf_16)
     4    0.05                           clknet_0_clk (net)
                  0.10    0.00    0.43 ^ clkbuf_2_1__f_clk/A (sky130_fd_sc_hd__clkbuf_16)
                  0.10    0.29    0.71 ^ clkbuf_2_1__f_clk/X (sky130_fd_sc_hd__clkbuf_16)
    15    0.05                           clknet_2_1__leaf_clk (net)
                  0.10    0.00    0.72 ^ _422_/CLK (sky130_fd_sc_hd__dfrtp_1)
                          0.25    0.97   clock uncertainty
                         -0.04    0.93   clock reconvergence pessimism
                         -0.07    0.86   library hold time
                                  0.86   data required time
-----------------------------------------------------------------------------
                                  0.86   data required time
                                 -2.31   data arrival time
-----------------------------------------------------------------------------
                                  1.46   slack (MET)


Startpoint: rst (input port clocked by clk)
Endpoint: _414_ (removal check against rising-edge clock clk)
Path Group: asynchronous
Path Type: min
Corner: Slowest

Fanout     Cap    Slew   Delay    Time   Description
-----------------------------------------------------------------------------
                          0.00    0.00   clock clk (rise edge)
                          0.00    0.00   clock network delay (propagated)
                          2.00    2.00 v input external delay
                  0.02    0.01    2.01 v rst (in)
     2    0.00                           rst (net)
                  0.02    0.00    2.01 v input1/A (sky130_fd_sc_hd__buf_1)
                  0.14    0.20    2.21 v input1/X (sky130_fd_sc_hd__buf_1)
     1    0.01                           net1 (net)
                  0.14    0.00    2.21 v _356_/A (sky130_fd_sc_hd__clkbuf_4)
                  0.18    0.37    2.58 v _356_/X (sky130_fd_sc_hd__clkbuf_4)
     9    0.05                           _200_ (net)
                  0.18    0.00    2.58 v _357_/A (sky130_fd_sc_hd__buf_4)
                  0.15    0.37    2.96 v _357_/X (sky130_fd_sc_hd__buf_4)
    10    0.06                           _201_ (net)
                  0.15    0.01    2.96 v _366_/A (sky130_fd_sc_hd__inv_2)
                  0.06    0.10    3.06 ^ _366_/Y (sky130_fd_sc_hd__inv_2)
     1    0.00                           _008_ (net)
                  0.06    0.00    3.06 ^ _414_/RESET_B (sky130_fd_sc_hd__dfrtp_1)
                                  3.06   data arrival time

                          0.00    0.00   clock clk (rise edge)
                          0.00    0.00   clock source latency
                  0.16    0.11    0.11 ^ clk (in)
     2    0.02                           clk (net)
                  0.16    0.00    0.11 ^ clkbuf_0_clk/A (sky130_fd_sc_hd__clkbuf_16)
                  0.10    0.31    0.42 ^ clkbuf_0_clk/X (sky130_fd_sc_hd__clkbuf_16)
     4    0.05                           clknet_0_clk (net)
                  0.10    0.00    0.43 ^ clkbuf_2_2__f_clk/A (sky130_fd_sc_hd__clkbuf_16)
                  0.08    0.27    0.69 ^ clkbuf_2_2__f_clk/X (sky130_fd_sc_hd__clkbuf_16)
    11    0.03                           clknet_2_2__leaf_clk (net)
                  0.08    0.00    0.69 ^ _414_/CLK (sky130_fd_sc_hd__dfrtp_1)
                          0.25    0.94   clock uncertainty
                          0.00    0.94   clock reconvergence pessimism
                          0.66    1.60   library removal time
                                  1.60   data required time
-----------------------------------------------------------------------------
                                  1.60   data required time
                                 -3.06   data arrival time
-----------------------------------------------------------------------------
                                  1.46   slack (MET)


Startpoint: rst (input port clocked by clk)
Endpoint: _421_ (removal check against rising-edge clock clk)
Path Group: asynchronous
Path Type: min
Corner: Slowest

Fanout     Cap    Slew   Delay    Time   Description
-----------------------------------------------------------------------------
                          0.00    0.00   clock clk (rise edge)
                          0.00    0.00   clock network delay (propagated)
                          2.00    2.00 v input external delay
                  0.02    0.01    2.01 v rst (in)
     2    0.00                           rst (net)
                  0.02    0.00    2.01 v input1/A (sky130_fd_sc_hd__buf_1)
                  0.14    0.20    2.21 v input1/X (sky130_fd_sc_hd__buf_1)
     1    0.01                           net1 (net)
                  0.14    0.00    2.21 v _356_/A (sky130_fd_sc_hd__clkbuf_4)
                  0.18    0.37    2.58 v _356_/X (sky130_fd_sc_hd__clkbuf_4)
     9    0.05                           _200_ (net)
                  0.18    0.01    2.59 v _368_/A (sky130_fd_sc_hd__buf_4)
                  0.15    0.38    2.97 v _368_/X (sky130_fd_sc_hd__buf_4)
    10    0.06                           _202_ (net)
                  0.15    0.00    2.97 v _374_/A (sky130_fd_sc_hd__inv_2)
                  0.06    0.10    3.07 ^ _374_/Y (sky130_fd_sc_hd__inv_2)
     1    0.00                           _015_ (net)
                  0.06    0.00    3.07 ^ _421_/RESET_B (sky130_fd_sc_hd__dfrtp_1)
                                  3.07   data arrival time

                          0.00    0.00   clock clk (rise edge)
                          0.00    0.00   clock source latency
                  0.16    0.11    0.11 ^ clk (in)
     2    0.02                           clk (net)
                  0.16    0.00    0.11 ^ clkbuf_0_clk/A (sky130_fd_sc_hd__clkbuf_16)
                  0.10    0.31    0.42 ^ clkbuf_0_clk/X (sky130_fd_sc_hd__clkbuf_16)
     4    0.05                           clknet_0_clk (net)
                  0.10    0.00    0.43 ^ clkbuf_2_0__f_clk/A (sky130_fd_sc_hd__clkbuf_16)
                  0.09    0.27    0.70 ^ clkbuf_2_0__f_clk/X (sky130_fd_sc_hd__clkbuf_16)
    11    0.04                           clknet_2_0__leaf_clk (net)
                  0.09    0.00    0.70 ^ _421_/CLK (sky130_fd_sc_hd__dfrtp_1)
                          0.25    0.95   clock uncertainty
                          0.00    0.95   clock reconvergence pessimism
                          0.66    1.61   library removal time
                                  1.61   data required time
-----------------------------------------------------------------------------
                                  1.61   data required time
                                 -3.07   data arrival time
-----------------------------------------------------------------------------
                                  1.46   slack (MET)


Startpoint: _430_ (rising edge-triggered flip-flop clocked by clk)
Endpoint: _428_ (rising edge-triggered flip-flop clocked by clk)
Path Group: clk
Path Type: min
Corner: Slowest

Fanout     Cap    Slew   Delay    Time   Description
-----------------------------------------------------------------------------
                          0.00    0.00   clock clk (rise edge)
                          0.00    0.00   clock source latency
                  0.16    0.10    0.10 ^ clk (in)
     2    0.02                           clk (net)
                  0.16    0.00    0.10 ^ clkbuf_0_clk/A (sky130_fd_sc_hd__clkbuf_16)
                  0.10    0.28    0.38 ^ clkbuf_0_clk/X (sky130_fd_sc_hd__clkbuf_16)
     4    0.05                           clknet_0_clk (net)
                  0.10    0.00    0.39 ^ clkbuf_2_2__f_clk/A (sky130_fd_sc_hd__clkbuf_16)
                  0.08    0.24    0.63 ^ clkbuf_2_2__f_clk/X (sky130_fd_sc_hd__clkbuf_16)
    11    0.03                           clknet_2_2__leaf_clk (net)
                  0.08    0.00    0.63 ^ _430_/CLK (sky130_fd_sc_hd__dfrtp_4)
                  0.17    0.84    1.47 ^ _430_/Q (sky130_fd_sc_hd__dfrtp_4)
     7    0.02                           tx_inst.state[0] (net)
                  0.17    0.00    1.47 ^ _288_/B (sky130_fd_sc_hd__nor2_2)
                  0.14    0.18    1.65 v _288_/Y (sky130_fd_sc_hd__nor2_2)
     7    0.03                           _154_ (net)
                  0.14    0.00    1.65 v _296_/B (sky130_fd_sc_hd__nand2_4)
                  0.21    0.24    1.89 ^ _296_/Y (sky130_fd_sc_hd__nand2_4)
     8    0.04                           _160_ (net)
                  0.21    0.00    1.90 ^ _299_/S (sky130_fd_sc_hd__mux2_1)
                  0.07    0.28    2.18 ^ _299_/X (sky130_fd_sc_hd__mux2_1)
     1    0.00                           _162_ (net)
                  0.07    0.00    2.18 ^ _300_/A (sky130_fd_sc_hd__clkbuf_1)
                  0.07    0.14    2.31 ^ _300_/X (sky130_fd_sc_hd__clkbuf_1)
     1    0.00                           _067_ (net)
                  0.07    0.00    2.31 ^ _428_/D (sky130_fd_sc_hd__dfrtp_1)
                                  2.31   data arrival time

                          0.00    0.00   clock clk (rise edge)
                          0.00    0.00   clock source latency
                  0.16    0.11    0.11 ^ clk (in)
     2    0.02                           clk (net)
                  0.16    0.00    0.11 ^ clkbuf_0_clk/A (sky130_fd_sc_hd__clkbuf_16)
                  0.10    0.31    0.42 ^ clkbuf_0_clk/X (sky130_fd_sc_hd__clkbuf_16)
     4    0.05                           clknet_0_clk (net)
                  0.10    0.00    0.43 ^ clkbuf_2_1__f_clk/A (sky130_fd_sc_hd__clkbuf_16)
                  0.10    0.29    0.71 ^ clkbuf_2_1__f_clk/X (sky130_fd_sc_hd__clkbuf_16)
    15    0.05                           clknet_2_1__leaf_clk (net)
                  0.10    0.00    0.72 ^ _428_/CLK (sky130_fd_sc_hd__dfrtp_1)
                          0.25    0.97   clock uncertainty
                         -0.04    0.93   clock reconvergence pessimism
                         -0.07    0.85   library hold time
                                  0.85   data required time
-----------------------------------------------------------------------------
                                  0.85   data required time
                                 -2.31   data arrival time
-----------------------------------------------------------------------------
                                  1.46   slack (MET)


Startpoint: rst (input port clocked by clk)
Endpoint: _440_ (removal check against rising-edge clock clk)
Path Group: asynchronous
Path Type: min
Corner: Slowest

Fanout     Cap    Slew   Delay    Time   Description
-----------------------------------------------------------------------------
                          0.00    0.00   clock clk (rise edge)
                          0.00    0.00   clock network delay (propagated)
                          2.00    2.00 v input external delay
                  0.02    0.01    2.01 v rst (in)
     2    0.00                           rst (net)
                  0.02    0.00    2.01 v input1/A (sky130_fd_sc_hd__buf_1)
                  0.14    0.20    2.21 v input1/X (sky130_fd_sc_hd__buf_1)
     1    0.01                           net1 (net)
                  0.14    0.00    2.21 v _356_/A (sky130_fd_sc_hd__clkbuf_4)
                  0.18    0.37    2.58 v _356_/X (sky130_fd_sc_hd__clkbuf_4)
     9    0.05                           _200_ (net)
                  0.18    0.01    2.59 v _390_/A (sky130_fd_sc_hd__buf_4)
                  0.16    0.38    2.97 v _390_/X (sky130_fd_sc_hd__buf_4)
    10    0.06                           _204_ (net)
                  0.16    0.01    2.97 v _395_/A (sky130_fd_sc_hd__inv_2)
                  0.06    0.10    3.07 ^ _395_/Y (sky130_fd_sc_hd__inv_2)
     1    0.00                           _034_ (net)
                  0.06    0.00    3.07 ^ _440_/RESET_B (sky130_fd_sc_hd__dfrtp_4)
                                  3.07   data arrival time

                          0.00    0.00   clock clk (rise edge)
                          0.00    0.00   clock source latency
                  0.16    0.11    0.11 ^ clk (in)
     2    0.02                           clk (net)
                  0.16    0.00    0.11 ^ clkbuf_0_clk/A (sky130_fd_sc_hd__clkbuf_16)
                  0.10    0.31    0.42 ^ clkbuf_0_clk/X (sky130_fd_sc_hd__clkbuf_16)
     4    0.05                           clknet_0_clk (net)
                  0.10    0.00    0.43 ^ clkbuf_2_0__f_clk/A (sky130_fd_sc_hd__clkbuf_16)
                  0.09    0.27    0.70 ^ clkbuf_2_0__f_clk/X (sky130_fd_sc_hd__clkbuf_16)
    11    0.04                           clknet_2_0__leaf_clk (net)
                  0.09    0.00    0.70 ^ _440_/CLK (sky130_fd_sc_hd__dfrtp_4)
                          0.25    0.95   clock uncertainty
                          0.00    0.95   clock reconvergence pessimism
                          0.66    1.61   library removal time
                                  1.61   data required time
-----------------------------------------------------------------------------
                                  1.61   data required time
                                 -3.07   data arrival time
-----------------------------------------------------------------------------
                                  1.46   slack (MET)


Startpoint: rst (input port clocked by clk)
Endpoint: _437_ (removal check against rising-edge clock clk)
Path Group: asynchronous
Path Type: min
Corner: Slowest

Fanout     Cap    Slew   Delay    Time   Description
-----------------------------------------------------------------------------
                          0.00    0.00   clock clk (rise edge)
                          0.00    0.00   clock network delay (propagated)
                          2.00    2.00 v input external delay
                  0.02    0.01    2.01 v rst (in)
     2    0.00                           rst (net)
                  0.02    0.00    2.01 v input1/A (sky130_fd_sc_hd__buf_1)
                  0.14    0.20    2.21 v input1/X (sky130_fd_sc_hd__buf_1)
     1    0.01                           net1 (net)
                  0.14    0.00    2.21 v _356_/A (sky130_fd_sc_hd__clkbuf_4)
                  0.18    0.37    2.58 v _356_/X (sky130_fd_sc_hd__clkbuf_4)
     9    0.05                           _200_ (net)
                  0.18    0.01    2.59 v _390_/A (sky130_fd_sc_hd__buf_4)
                  0.16    0.38    2.97 v _390_/X (sky130_fd_sc_hd__buf_4)
    10    0.06                           _204_ (net)
                  0.16    0.00    2.97 v _392_/A (sky130_fd_sc_hd__inv_2)
                  0.06    0.10    3.07 ^ _392_/Y (sky130_fd_sc_hd__inv_2)
     1    0.00                           _031_ (net)
                  0.06    0.00    3.07 ^ _437_/RESET_B (sky130_fd_sc_hd__dfrtp_1)
                                  3.07   data arrival time

                          0.00    0.00   clock clk (rise edge)
                          0.00    0.00   clock source latency
                  0.16    0.11    0.11 ^ clk (in)
     2    0.02                           clk (net)
                  0.16    0.00    0.11 ^ clkbuf_0_clk/A (sky130_fd_sc_hd__clkbuf_16)
                  0.10    0.31    0.42 ^ clkbuf_0_clk/X (sky130_fd_sc_hd__clkbuf_16)
     4    0.05                           clknet_0_clk (net)
                  0.10    0.00    0.43 ^ clkbuf_2_0__f_clk/A (sky130_fd_sc_hd__clkbuf_16)
                  0.09    0.27    0.70 ^ clkbuf_2_0__f_clk/X (sky130_fd_sc_hd__clkbuf_16)
    11    0.04                           clknet_2_0__leaf_clk (net)
                  0.09    0.00    0.70 ^ _437_/CLK (sky130_fd_sc_hd__dfrtp_1)
                          0.25    0.95   clock uncertainty
                          0.00    0.95   clock reconvergence pessimism
                          0.66    1.61   library removal time
                                  1.61   data required time
-----------------------------------------------------------------------------
                                  1.61   data required time
                                 -3.07   data arrival time
-----------------------------------------------------------------------------
                                  1.46   slack (MET)


Startpoint: rst (input port clocked by clk)
Endpoint: _436_ (removal check against rising-edge clock clk)
Path Group: asynchronous
Path Type: min
Corner: Slowest

Fanout     Cap    Slew   Delay    Time   Description
-----------------------------------------------------------------------------
                          0.00    0.00   clock clk (rise edge)
                          0.00    0.00   clock network delay (propagated)
                          2.00    2.00 v input external delay
                  0.02    0.01    2.01 v rst (in)
     2    0.00                           rst (net)
                  0.02    0.00    2.01 v input1/A (sky130_fd_sc_hd__buf_1)
                  0.14    0.20    2.21 v input1/X (sky130_fd_sc_hd__buf_1)
     1    0.01                           net1 (net)
                  0.14    0.00    2.21 v _356_/A (sky130_fd_sc_hd__clkbuf_4)
                  0.18    0.37    2.58 v _356_/X (sky130_fd_sc_hd__clkbuf_4)
     9    0.05                           _200_ (net)
                  0.18    0.01    2.59 v _390_/A (sky130_fd_sc_hd__buf_4)
                  0.16    0.38    2.97 v _390_/X (sky130_fd_sc_hd__buf_4)
    10    0.06                           _204_ (net)
                  0.16    0.01    2.97 v _391_/A (sky130_fd_sc_hd__inv_2)
                  0.06    0.10    3.07 ^ _391_/Y (sky130_fd_sc_hd__inv_2)
     1    0.00                           _030_ (net)
                  0.06    0.00    3.07 ^ _436_/RESET_B (sky130_fd_sc_hd__dfrtp_1)
                                  3.07   data arrival time

                          0.00    0.00   clock clk (rise edge)
                          0.00    0.00   clock source latency
                  0.16    0.11    0.11 ^ clk (in)
     2    0.02                           clk (net)
                  0.16    0.00    0.11 ^ clkbuf_0_clk/A (sky130_fd_sc_hd__clkbuf_16)
                  0.10    0.31    0.42 ^ clkbuf_0_clk/X (sky130_fd_sc_hd__clkbuf_16)
     4    0.05                           clknet_0_clk (net)
                  0.10    0.00    0.43 ^ clkbuf_2_0__f_clk/A (sky130_fd_sc_hd__clkbuf_16)
                  0.09    0.27    0.70 ^ clkbuf_2_0__f_clk/X (sky130_fd_sc_hd__clkbuf_16)
    11    0.04                           clknet_2_0__leaf_clk (net)
                  0.09    0.00    0.70 ^ _436_/CLK (sky130_fd_sc_hd__dfrtp_1)
                          0.25    0.95   clock uncertainty
                          0.00    0.95   clock reconvergence pessimism
                          0.66    1.61   library removal time
                                  1.61   data required time
-----------------------------------------------------------------------------
                                  1.61   data required time
                                 -3.07   data arrival time
-----------------------------------------------------------------------------
                                  1.46   slack (MET)


Startpoint: rst (input port clocked by clk)
Endpoint: _439_ (removal check against rising-edge clock clk)
Path Group: asynchronous
Path Type: min
Corner: Slowest

Fanout     Cap    Slew   Delay    Time   Description
-----------------------------------------------------------------------------
                          0.00    0.00   clock clk (rise edge)
                          0.00    0.00   clock network delay (propagated)
                          2.00    2.00 v input external delay
                  0.02    0.01    2.01 v rst (in)
     2    0.00                           rst (net)
                  0.02    0.00    2.01 v input1/A (sky130_fd_sc_hd__buf_1)
                  0.14    0.20    2.21 v input1/X (sky130_fd_sc_hd__buf_1)
     1    0.01                           net1 (net)
                  0.14    0.00    2.21 v _356_/A (sky130_fd_sc_hd__clkbuf_4)
                  0.18    0.37    2.58 v _356_/X (sky130_fd_sc_hd__clkbuf_4)
     9    0.05                           _200_ (net)
                  0.18    0.01    2.59 v _390_/A (sky130_fd_sc_hd__buf_4)
                  0.16    0.38    2.97 v _390_/X (sky130_fd_sc_hd__buf_4)
    10    0.06                           _204_ (net)
                  0.16    0.01    2.97 v _394_/A (sky130_fd_sc_hd__inv_2)
                  0.06    0.10    3.07 ^ _394_/Y (sky130_fd_sc_hd__inv_2)
     1    0.00                           _033_ (net)
                  0.06    0.00    3.07 ^ _439_/RESET_B (sky130_fd_sc_hd__dfrtp_1)
                                  3.07   data arrival time

                          0.00    0.00   clock clk (rise edge)
                          0.00    0.00   clock source latency
                  0.16    0.11    0.11 ^ clk (in)
     2    0.02                           clk (net)
                  0.16    0.00    0.11 ^ clkbuf_0_clk/A (sky130_fd_sc_hd__clkbuf_16)
                  0.10    0.31    0.42 ^ clkbuf_0_clk/X (sky130_fd_sc_hd__clkbuf_16)
     4    0.05                           clknet_0_clk (net)
                  0.10    0.00    0.43 ^ clkbuf_2_0__f_clk/A (sky130_fd_sc_hd__clkbuf_16)
                  0.09    0.27    0.70 ^ clkbuf_2_0__f_clk/X (sky130_fd_sc_hd__clkbuf_16)
    11    0.04                           clknet_2_0__leaf_clk (net)
                  0.09    0.00    0.70 ^ _439_/CLK (sky130_fd_sc_hd__dfrtp_1)
                          0.25    0.95   clock uncertainty
                          0.00    0.95   clock reconvergence pessimism
                          0.66    1.61   library removal time
                                  1.61   data required time
-----------------------------------------------------------------------------
                                  1.61   data required time
                                 -3.07   data arrival time
-----------------------------------------------------------------------------
                                  1.46   slack (MET)


Startpoint: rst (input port clocked by clk)
Endpoint: _413_ (removal check against rising-edge clock clk)
Path Group: asynchronous
Path Type: min
Corner: Slowest

Fanout     Cap    Slew   Delay    Time   Description
-----------------------------------------------------------------------------
                          0.00    0.00   clock clk (rise edge)
                          0.00    0.00   clock network delay (propagated)
                          2.00    2.00 v input external delay
                  0.02    0.01    2.01 v rst (in)
     2    0.00                           rst (net)
                  0.02    0.00    2.01 v input1/A (sky130_fd_sc_hd__buf_1)
                  0.14    0.20    2.21 v input1/X (sky130_fd_sc_hd__buf_1)
     1    0.01                           net1 (net)
                  0.14    0.00    2.21 v _356_/A (sky130_fd_sc_hd__clkbuf_4)
                  0.18    0.37    2.58 v _356_/X (sky130_fd_sc_hd__clkbuf_4)
     9    0.05                           _200_ (net)
                  0.18    0.00    2.58 v _357_/A (sky130_fd_sc_hd__buf_4)
                  0.15    0.37    2.96 v _357_/X (sky130_fd_sc_hd__buf_4)
    10    0.06                           _201_ (net)
                  0.15    0.01    2.96 v _365_/A (sky130_fd_sc_hd__inv_2)
                  0.06    0.10    3.06 ^ _365_/Y (sky130_fd_sc_hd__inv_2)
     1    0.00                           _007_ (net)
                  0.06    0.00    3.06 ^ _413_/RESET_B (sky130_fd_sc_hd__dfrtp_1)
                                  3.06   data arrival time

                          0.00    0.00   clock clk (rise edge)
                          0.00    0.00   clock source latency
                  0.16    0.11    0.11 ^ clk (in)
     2    0.02                           clk (net)
                  0.16    0.00    0.11 ^ clkbuf_0_clk/A (sky130_fd_sc_hd__clkbuf_16)
                  0.10    0.31    0.42 ^ clkbuf_0_clk/X (sky130_fd_sc_hd__clkbuf_16)
     4    0.05                           clknet_0_clk (net)
                  0.10    0.00    0.43 ^ clkbuf_2_2__f_clk/A (sky130_fd_sc_hd__clkbuf_16)
                  0.08    0.27    0.69 ^ clkbuf_2_2__f_clk/X (sky130_fd_sc_hd__clkbuf_16)
    11    0.03                           clknet_2_2__leaf_clk (net)
                  0.08    0.00    0.69 ^ _413_/CLK (sky130_fd_sc_hd__dfrtp_1)
                          0.25    0.94   clock uncertainty
                          0.00    0.94   clock reconvergence pessimism
                          0.66    1.60   library removal time
                                  1.60   data required time
-----------------------------------------------------------------------------
                                  1.60   data required time
                                 -3.06   data arrival time
-----------------------------------------------------------------------------
                                  1.46   slack (MET)


Startpoint: _430_ (rising edge-triggered flip-flop clocked by clk)
Endpoint: _429_ (rising edge-triggered flip-flop clocked by clk)
Path Group: clk
Path Type: min
Corner: Slowest

Fanout     Cap    Slew   Delay    Time   Description
-----------------------------------------------------------------------------
                          0.00    0.00   clock clk (rise edge)
                          0.00    0.00   clock source latency
                  0.16    0.10    0.10 ^ clk (in)
     2    0.02                           clk (net)
                  0.16    0.00    0.10 ^ clkbuf_0_clk/A (sky130_fd_sc_hd__clkbuf_16)
                  0.10    0.28    0.38 ^ clkbuf_0_clk/X (sky130_fd_sc_hd__clkbuf_16)
     4    0.05                           clknet_0_clk (net)
                  0.10    0.00    0.39 ^ clkbuf_2_2__f_clk/A (sky130_fd_sc_hd__clkbuf_16)
                  0.08    0.24    0.63 ^ clkbuf_2_2__f_clk/X (sky130_fd_sc_hd__clkbuf_16)
    11    0.03                           clknet_2_2__leaf_clk (net)
                  0.08    0.00    0.63 ^ _430_/CLK (sky130_fd_sc_hd__dfrtp_4)
                  0.17    0.84    1.47 ^ _430_/Q (sky130_fd_sc_hd__dfrtp_4)
     7    0.02                           tx_inst.state[0] (net)
                  0.17    0.00    1.47 ^ _288_/B (sky130_fd_sc_hd__nor2_2)
                  0.14    0.18    1.65 v _288_/Y (sky130_fd_sc_hd__nor2_2)
     7    0.03                           _154_ (net)
                  0.14    0.00    1.65 v _296_/B (sky130_fd_sc_hd__nand2_4)
                  0.21    0.24    1.89 ^ _296_/Y (sky130_fd_sc_hd__nand2_4)
     8    0.04                           _160_ (net)
                  0.21    0.00    1.90 ^ _297_/S (sky130_fd_sc_hd__mux2_1)
                  0.07    0.28    2.18 ^ _297_/X (sky130_fd_sc_hd__mux2_1)
     1    0.00                           _161_ (net)
                  0.07    0.00    2.18 ^ _298_/A (sky130_fd_sc_hd__clkbuf_1)
                  0.06    0.14    2.32 ^ _298_/X (sky130_fd_sc_hd__clkbuf_1)
     1    0.00                           _068_ (net)
                  0.06    0.00    2.32 ^ _429_/D (sky130_fd_sc_hd__dfrtp_1)
                                  2.32   data arrival time

                          0.00    0.00   clock clk (rise edge)
                          0.00    0.00   clock source latency
                  0.16    0.11    0.11 ^ clk (in)
     2    0.02                           clk (net)
                  0.16    0.00    0.11 ^ clkbuf_0_clk/A (sky130_fd_sc_hd__clkbuf_16)
                  0.10    0.31    0.42 ^ clkbuf_0_clk/X (sky130_fd_sc_hd__clkbuf_16)
     4    0.05                           clknet_0_clk (net)
                  0.10    0.00    0.43 ^ clkbuf_2_1__f_clk/A (sky130_fd_sc_hd__clkbuf_16)
                  0.10    0.29    0.71 ^ clkbuf_2_1__f_clk/X (sky130_fd_sc_hd__clkbuf_16)
    15    0.05                           clknet_2_1__leaf_clk (net)
                  0.10    0.00    0.72 ^ _429_/CLK (sky130_fd_sc_hd__dfrtp_1)
                          0.25    0.97   clock uncertainty
                         -0.04    0.93   clock reconvergence pessimism
                         -0.07    0.86   library hold time
                                  0.86   data required time
-----------------------------------------------------------------------------
                                  0.86   data required time
                                 -2.32   data arrival time
-----------------------------------------------------------------------------
                                  1.46   slack (MET)


Startpoint: rst (input port clocked by clk)
Endpoint: _445_ (removal check against rising-edge clock clk)
Path Group: asynchronous
Path Type: min
Corner: Slowest

Fanout     Cap    Slew   Delay    Time   Description
-----------------------------------------------------------------------------
                          0.00    0.00   clock clk (rise edge)
                          0.00    0.00   clock network delay (propagated)
                          2.00    2.00 v input external delay
                  0.02    0.01    2.01 v rst (in)
     2    0.00                           rst (net)
                  0.02    0.00    2.01 v input1/A (sky130_fd_sc_hd__buf_1)
                  0.14    0.20    2.21 v input1/X (sky130_fd_sc_hd__buf_1)
     1    0.01                           net1 (net)
                  0.14    0.00    2.21 v _356_/A (sky130_fd_sc_hd__clkbuf_4)
                  0.18    0.37    2.58 v _356_/X (sky130_fd_sc_hd__clkbuf_4)
     9    0.05                           _200_ (net)
                  0.18    0.01    2.59 v _390_/A (sky130_fd_sc_hd__buf_4)
                  0.16    0.38    2.97 v _390_/X (sky130_fd_sc_hd__buf_4)
    10    0.06                           _204_ (net)
                  0.16    0.00    2.97 v _400_/A (sky130_fd_sc_hd__inv_2)
                  0.06    0.10    3.07 ^ _400_/Y (sky130_fd_sc_hd__inv_2)
     1    0.00                           _039_ (net)
                  0.06    0.00    3.07 ^ _445_/RESET_B (sky130_fd_sc_hd__dfrtp_2)
                                  3.07   data arrival time

                          0.00    0.00   clock clk (rise edge)
                          0.00    0.00   clock source latency
                  0.16    0.11    0.11 ^ clk (in)
     2    0.02                           clk (net)
                  0.16    0.00    0.11 ^ clkbuf_0_clk/A (sky130_fd_sc_hd__clkbuf_16)
                  0.10    0.31    0.42 ^ clkbuf_0_clk/X (sky130_fd_sc_hd__clkbuf_16)
     4    0.05                           clknet_0_clk (net)
                  0.10    0.00    0.43 ^ clkbuf_2_0__f_clk/A (sky130_fd_sc_hd__clkbuf_16)
                  0.09    0.27    0.70 ^ clkbuf_2_0__f_clk/X (sky130_fd_sc_hd__clkbuf_16)
    11    0.04                           clknet_2_0__leaf_clk (net)
                  0.09    0.00    0.70 ^ _445_/CLK (sky130_fd_sc_hd__dfrtp_2)
                          0.25    0.95   clock uncertainty
                          0.00    0.95   clock reconvergence pessimism
                          0.66    1.61   library removal time
                                  1.61   data required time
-----------------------------------------------------------------------------
                                  1.61   data required time
                                 -3.07   data arrival time
-----------------------------------------------------------------------------
                                  1.46   slack (MET)


Startpoint: rst (input port clocked by clk)
Endpoint: _442_ (removal check against rising-edge clock clk)
Path Group: asynchronous
Path Type: min
Corner: Slowest

Fanout     Cap    Slew   Delay    Time   Description
-----------------------------------------------------------------------------
                          0.00    0.00   clock clk (rise edge)
                          0.00    0.00   clock network delay (propagated)
                          2.00    2.00 v input external delay
                  0.02    0.01    2.01 v rst (in)
     2    0.00                           rst (net)
                  0.02    0.00    2.01 v input1/A (sky130_fd_sc_hd__buf_1)
                  0.14    0.20    2.21 v input1/X (sky130_fd_sc_hd__buf_1)
     1    0.01                           net1 (net)
                  0.14    0.00    2.21 v _356_/A (sky130_fd_sc_hd__clkbuf_4)
                  0.18    0.37    2.58 v _356_/X (sky130_fd_sc_hd__clkbuf_4)
     9    0.05                           _200_ (net)
                  0.18    0.01    2.59 v _390_/A (sky130_fd_sc_hd__buf_4)
                  0.16    0.38    2.97 v _390_/X (sky130_fd_sc_hd__buf_4)
    10    0.06                           _204_ (net)
                  0.16    0.01    2.97 v _397_/A (sky130_fd_sc_hd__inv_2)
                  0.06    0.10    3.07 ^ _397_/Y (sky130_fd_sc_hd__inv_2)
     1    0.00                           _036_ (net)
                  0.06    0.00    3.07 ^ _442_/RESET_B (sky130_fd_sc_hd__dfrtp_2)
                                  3.07   data arrival time

                          0.00    0.00   clock clk (rise edge)
                          0.00    0.00   clock source latency
                  0.16    0.11    0.11 ^ clk (in)
     2    0.02                           clk (net)
                  0.16    0.00    0.11 ^ clkbuf_0_clk/A (sky130_fd_sc_hd__clkbuf_16)
                  0.10    0.31    0.42 ^ clkbuf_0_clk/X (sky130_fd_sc_hd__clkbuf_16)
     4    0.05                           clknet_0_clk (net)
                  0.10    0.00    0.43 ^ clkbuf_2_0__f_clk/A (sky130_fd_sc_hd__clkbuf_16)
                  0.09    0.27    0.70 ^ clkbuf_2_0__f_clk/X (sky130_fd_sc_hd__clkbuf_16)
    11    0.04                           clknet_2_0__leaf_clk (net)
                  0.09    0.00    0.70 ^ _442_/CLK (sky130_fd_sc_hd__dfrtp_2)
                          0.25    0.95   clock uncertainty
                          0.00    0.95   clock reconvergence pessimism
                          0.66    1.61   library removal time
                                  1.61   data required time
-----------------------------------------------------------------------------
                                  1.61   data required time
                                 -3.07   data arrival time
-----------------------------------------------------------------------------
                                  1.46   slack (MET)


Startpoint: rst (input port clocked by clk)
Endpoint: _441_ (removal check against rising-edge clock clk)
Path Group: asynchronous
Path Type: min
Corner: Slowest

Fanout     Cap    Slew   Delay    Time   Description
-----------------------------------------------------------------------------
                          0.00    0.00   clock clk (rise edge)
                          0.00    0.00   clock network delay (propagated)
                          2.00    2.00 v input external delay
                  0.02    0.01    2.01 v rst (in)
     2    0.00                           rst (net)
                  0.02    0.00    2.01 v input1/A (sky130_fd_sc_hd__buf_1)
                  0.14    0.20    2.21 v input1/X (sky130_fd_sc_hd__buf_1)
     1    0.01                           net1 (net)
                  0.14    0.00    2.21 v _356_/A (sky130_fd_sc_hd__clkbuf_4)
                  0.18    0.37    2.58 v _356_/X (sky130_fd_sc_hd__clkbuf_4)
     9    0.05                           _200_ (net)
                  0.18    0.01    2.59 v _390_/A (sky130_fd_sc_hd__buf_4)
                  0.16    0.38    2.97 v _390_/X (sky130_fd_sc_hd__buf_4)
    10    0.06                           _204_ (net)
                  0.16    0.01    2.97 v _396_/A (sky130_fd_sc_hd__inv_2)
                  0.06    0.10    3.07 ^ _396_/Y (sky130_fd_sc_hd__inv_2)
     1    0.00                           _035_ (net)
                  0.06    0.00    3.07 ^ _441_/RESET_B (sky130_fd_sc_hd__dfrtp_2)
                                  3.07   data arrival time

                          0.00    0.00   clock clk (rise edge)
                          0.00    0.00   clock source latency
                  0.16    0.11    0.11 ^ clk (in)
     2    0.02                           clk (net)
                  0.16    0.00    0.11 ^ clkbuf_0_clk/A (sky130_fd_sc_hd__clkbuf_16)
                  0.10    0.31    0.42 ^ clkbuf_0_clk/X (sky130_fd_sc_hd__clkbuf_16)
     4    0.05                           clknet_0_clk (net)
                  0.10    0.00    0.43 ^ clkbuf_2_0__f_clk/A (sky130_fd_sc_hd__clkbuf_16)
                  0.09    0.27    0.70 ^ clkbuf_2_0__f_clk/X (sky130_fd_sc_hd__clkbuf_16)
    11    0.04                           clknet_2_0__leaf_clk (net)
                  0.09    0.00    0.70 ^ _441_/CLK (sky130_fd_sc_hd__dfrtp_2)
                          0.25    0.95   clock uncertainty
                          0.00    0.95   clock reconvergence pessimism
                          0.66    1.61   library removal time
                                  1.61   data required time
-----------------------------------------------------------------------------
                                  1.61   data required time
                                 -3.07   data arrival time
-----------------------------------------------------------------------------
                                  1.46   slack (MET)


Startpoint: rst (input port clocked by clk)
Endpoint: _412_ (removal check against rising-edge clock clk)
Path Group: asynchronous
Path Type: min
Corner: Slowest

Fanout     Cap    Slew   Delay    Time   Description
-----------------------------------------------------------------------------
                          0.00    0.00   clock clk (rise edge)
                          0.00    0.00   clock network delay (propagated)
                          2.00    2.00 v input external delay
                  0.02    0.01    2.01 v rst (in)
     2    0.00                           rst (net)
                  0.02    0.00    2.01 v input1/A (sky130_fd_sc_hd__buf_1)
                  0.14    0.20    2.21 v input1/X (sky130_fd_sc_hd__buf_1)
     1    0.01                           net1 (net)
                  0.14    0.00    2.21 v _356_/A (sky130_fd_sc_hd__clkbuf_4)
                  0.18    0.37    2.58 v _356_/X (sky130_fd_sc_hd__clkbuf_4)
     9    0.05                           _200_ (net)
                  0.18    0.00    2.58 v _357_/A (sky130_fd_sc_hd__buf_4)
                  0.15    0.37    2.96 v _357_/X (sky130_fd_sc_hd__buf_4)
    10    0.06                           _201_ (net)
                  0.15    0.00    2.96 v _364_/A (sky130_fd_sc_hd__inv_2)
                  0.05    0.09    3.05 ^ _364_/Y (sky130_fd_sc_hd__inv_2)
     1    0.00                           _006_ (net)
                  0.05    0.00    3.06 ^ _412_/RESET_B (sky130_fd_sc_hd__dfrtp_1)
                                  3.06   data arrival time

                          0.00    0.00   clock clk (rise edge)
                          0.00    0.00   clock source latency
                  0.16    0.11    0.11 ^ clk (in)
     2    0.02                           clk (net)
                  0.16    0.00    0.11 ^ clkbuf_0_clk/A (sky130_fd_sc_hd__clkbuf_16)
                  0.10    0.31    0.42 ^ clkbuf_0_clk/X (sky130_fd_sc_hd__clkbuf_16)
     4    0.05                           clknet_0_clk (net)
                  0.10    0.00    0.43 ^ clkbuf_2_3__f_clk/A (sky130_fd_sc_hd__clkbuf_16)
                  0.08    0.26    0.69 ^ clkbuf_2_3__f_clk/X (sky130_fd_sc_hd__clkbuf_16)
     8    0.03                           clknet_2_3__leaf_clk (net)
                  0.08    0.00    0.69 ^ _412_/CLK (sky130_fd_sc_hd__dfrtp_1)
                          0.25    0.94   clock uncertainty
                          0.00    0.94   clock reconvergence pessimism
                          0.65    1.59   library removal time
                                  1.59   data required time
-----------------------------------------------------------------------------
                                  1.59   data required time
                                 -3.06   data arrival time
-----------------------------------------------------------------------------
                                  1.46   slack (MET)


Startpoint: rst (input port clocked by clk)
Endpoint: _406_ (removal check against rising-edge clock clk)
Path Group: asynchronous
Path Type: min
Corner: Slowest

Fanout     Cap    Slew   Delay    Time   Description
-----------------------------------------------------------------------------
                          0.00    0.00   clock clk (rise edge)
                          0.00    0.00   clock network delay (propagated)
                          2.00    2.00 v input external delay
                  0.02    0.01    2.01 v rst (in)
     2    0.00                           rst (net)
                  0.02    0.00    2.01 v input1/A (sky130_fd_sc_hd__buf_1)
                  0.14    0.20    2.21 v input1/X (sky130_fd_sc_hd__buf_1)
     1    0.01                           net1 (net)
                  0.14    0.00    2.21 v _356_/A (sky130_fd_sc_hd__clkbuf_4)
                  0.18    0.37    2.58 v _356_/X (sky130_fd_sc_hd__clkbuf_4)
     9    0.05                           _200_ (net)
                  0.18    0.00    2.58 v _357_/A (sky130_fd_sc_hd__buf_4)
                  0.15    0.37    2.96 v _357_/X (sky130_fd_sc_hd__buf_4)
    10    0.06                           _201_ (net)
                  0.15    0.00    2.96 v _358_/A (sky130_fd_sc_hd__inv_2)
                  0.05    0.09    3.06 ^ _358_/Y (sky130_fd_sc_hd__inv_2)
     1    0.00                           _000_ (net)
                  0.05    0.00    3.06 ^ _406_/RESET_B (sky130_fd_sc_hd__dfrtp_2)
                                  3.06   data arrival time

                          0.00    0.00   clock clk (rise edge)
                          0.00    0.00   clock source latency
                  0.16    0.11    0.11 ^ clk (in)
     2    0.02                           clk (net)
                  0.16    0.00    0.11 ^ clkbuf_0_clk/A (sky130_fd_sc_hd__clkbuf_16)
                  0.10    0.31    0.42 ^ clkbuf_0_clk/X (sky130_fd_sc_hd__clkbuf_16)
     4    0.05                           clknet_0_clk (net)
                  0.10    0.00    0.43 ^ clkbuf_2_3__f_clk/A (sky130_fd_sc_hd__clkbuf_16)
                  0.08    0.26    0.69 ^ clkbuf_2_3__f_clk/X (sky130_fd_sc_hd__clkbuf_16)
     8    0.03                           clknet_2_3__leaf_clk (net)
                  0.08    0.00    0.69 ^ _406_/CLK (sky130_fd_sc_hd__dfrtp_2)
                          0.25    0.94   clock uncertainty
                          0.00    0.94   clock reconvergence pessimism
                          0.66    1.59   library removal time
                                  1.59   data required time
-----------------------------------------------------------------------------
                                  1.59   data required time
                                 -3.06   data arrival time
-----------------------------------------------------------------------------
                                  1.46   slack (MET)


Startpoint: rst (input port clocked by clk)
Endpoint: _408_ (removal check against rising-edge clock clk)
Path Group: asynchronous
Path Type: min
Corner: Slowest

Fanout     Cap    Slew   Delay    Time   Description
-----------------------------------------------------------------------------
                          0.00    0.00   clock clk (rise edge)
                          0.00    0.00   clock network delay (propagated)
                          2.00    2.00 v input external delay
                  0.02    0.01    2.01 v rst (in)
     2    0.00                           rst (net)
                  0.02    0.00    2.01 v input1/A (sky130_fd_sc_hd__buf_1)
                  0.14    0.20    2.21 v input1/X (sky130_fd_sc_hd__buf_1)
     1    0.01                           net1 (net)
                  0.14    0.00    2.21 v _356_/A (sky130_fd_sc_hd__clkbuf_4)
                  0.18    0.37    2.58 v _356_/X (sky130_fd_sc_hd__clkbuf_4)
     9    0.05                           _200_ (net)
                  0.18    0.00    2.58 v _357_/A (sky130_fd_sc_hd__buf_4)
                  0.15    0.37    2.96 v _357_/X (sky130_fd_sc_hd__buf_4)
    10    0.06                           _201_ (net)
                  0.15    0.00    2.96 v _360_/A (sky130_fd_sc_hd__inv_2)
                  0.05    0.10    3.06 ^ _360_/Y (sky130_fd_sc_hd__inv_2)
     1    0.00                           _002_ (net)
                  0.05    0.00    3.06 ^ _408_/RESET_B (sky130_fd_sc_hd__dfrtp_1)
                                  3.06   data arrival time

                          0.00    0.00   clock clk (rise edge)
                          0.00    0.00   clock source latency
                  0.16    0.11    0.11 ^ clk (in)
     2    0.02                           clk (net)
                  0.16    0.00    0.11 ^ clkbuf_0_clk/A (sky130_fd_sc_hd__clkbuf_16)
                  0.10    0.31    0.42 ^ clkbuf_0_clk/X (sky130_fd_sc_hd__clkbuf_16)
     4    0.05                           clknet_0_clk (net)
                  0.10    0.00    0.43 ^ clkbuf_2_3__f_clk/A (sky130_fd_sc_hd__clkbuf_16)
                  0.08    0.26    0.69 ^ clkbuf_2_3__f_clk/X (sky130_fd_sc_hd__clkbuf_16)
     8    0.03                           clknet_2_3__leaf_clk (net)
                  0.08    0.00    0.69 ^ _408_/CLK (sky130_fd_sc_hd__dfrtp_1)
                          0.25    0.94   clock uncertainty
                          0.00    0.94   clock reconvergence pessimism
                          0.66    1.59   library removal time
                                  1.59   data required time
-----------------------------------------------------------------------------
                                  1.59   data required time
                                 -3.06   data arrival time
-----------------------------------------------------------------------------
                                  1.46   slack (MET)


Startpoint: rst (input port clocked by clk)
Endpoint: _417_ (removal check against rising-edge clock clk)
Path Group: asynchronous
Path Type: min
Corner: Slowest

Fanout     Cap    Slew   Delay    Time   Description
-----------------------------------------------------------------------------
                          0.00    0.00   clock clk (rise edge)
                          0.00    0.00   clock network delay (propagated)
                          2.00    2.00 v input external delay
                  0.02    0.01    2.01 v rst (in)
     2    0.00                           rst (net)
                  0.02    0.00    2.01 v input1/A (sky130_fd_sc_hd__buf_1)
                  0.14    0.20    2.21 v input1/X (sky130_fd_sc_hd__buf_1)
     1    0.01                           net1 (net)
                  0.14    0.00    2.21 v _356_/A (sky130_fd_sc_hd__clkbuf_4)
                  0.18    0.37    2.58 v _356_/X (sky130_fd_sc_hd__clkbuf_4)
     9    0.05                           _200_ (net)
                  0.18    0.01    2.59 v _368_/A (sky130_fd_sc_hd__buf_4)
                  0.15    0.38    2.97 v _368_/X (sky130_fd_sc_hd__buf_4)
    10    0.06                           _202_ (net)
                  0.15    0.00    2.97 v _370_/A (sky130_fd_sc_hd__inv_2)
                  0.06    0.10    3.07 ^ _370_/Y (sky130_fd_sc_hd__inv_2)
     1    0.00                           _011_ (net)
                  0.06    0.00    3.07 ^ _417_/RESET_B (sky130_fd_sc_hd__dfrtp_4)
                                  3.07   data arrival time

                          0.00    0.00   clock clk (rise edge)
                          0.00    0.00   clock source latency
                  0.16    0.11    0.11 ^ clk (in)
     2    0.02                           clk (net)
                  0.16    0.00    0.11 ^ clkbuf_0_clk/A (sky130_fd_sc_hd__clkbuf_16)
                  0.10    0.31    0.42 ^ clkbuf_0_clk/X (sky130_fd_sc_hd__clkbuf_16)
     4    0.05                           clknet_0_clk (net)
                  0.10    0.00    0.43 ^ clkbuf_2_2__f_clk/A (sky130_fd_sc_hd__clkbuf_16)
                  0.08    0.27    0.69 ^ clkbuf_2_2__f_clk/X (sky130_fd_sc_hd__clkbuf_16)
    11    0.03                           clknet_2_2__leaf_clk (net)
                  0.08    0.00    0.69 ^ _417_/CLK (sky130_fd_sc_hd__dfrtp_4)
                          0.25    0.94   clock uncertainty
                          0.00    0.94   clock reconvergence pessimism
                          0.66    1.60   library removal time
                                  1.60   data required time
-----------------------------------------------------------------------------
                                  1.60   data required time
                                 -3.07   data arrival time
-----------------------------------------------------------------------------
                                  1.47   slack (MET)


Startpoint: rst (input port clocked by clk)
Endpoint: _411_ (removal check against rising-edge clock clk)
Path Group: asynchronous
Path Type: min
Corner: Slowest

Fanout     Cap    Slew   Delay    Time   Description
-----------------------------------------------------------------------------
                          0.00    0.00   clock clk (rise edge)
                          0.00    0.00   clock network delay (propagated)
                          2.00    2.00 v input external delay
                  0.02    0.01    2.01 v rst (in)
     2    0.00                           rst (net)
                  0.02    0.00    2.01 v input1/A (sky130_fd_sc_hd__buf_1)
                  0.14    0.20    2.21 v input1/X (sky130_fd_sc_hd__buf_1)
     1    0.01                           net1 (net)
                  0.14    0.00    2.21 v _356_/A (sky130_fd_sc_hd__clkbuf_4)
                  0.18    0.37    2.58 v _356_/X (sky130_fd_sc_hd__clkbuf_4)
     9    0.05                           _200_ (net)
                  0.18    0.00    2.58 v _357_/A (sky130_fd_sc_hd__buf_4)
                  0.15    0.37    2.96 v _357_/X (sky130_fd_sc_hd__buf_4)
    10    0.06                           _201_ (net)
                  0.15    0.00    2.96 v _363_/A (sky130_fd_sc_hd__inv_2)
                  0.06    0.10    3.06 ^ _363_/Y (sky130_fd_sc_hd__inv_2)
     1    0.00                           _005_ (net)
                  0.06    0.00    3.06 ^ _411_/RESET_B (sky130_fd_sc_hd__dfrtp_1)
                                  3.06   data arrival time

                          0.00    0.00   clock clk (rise edge)
                          0.00    0.00   clock source latency
                  0.16    0.11    0.11 ^ clk (in)
     2    0.02                           clk (net)
                  0.16    0.00    0.11 ^ clkbuf_0_clk/A (sky130_fd_sc_hd__clkbuf_16)
                  0.10    0.31    0.42 ^ clkbuf_0_clk/X (sky130_fd_sc_hd__clkbuf_16)
     4    0.05                           clknet_0_clk (net)
                  0.10    0.00    0.43 ^ clkbuf_2_3__f_clk/A (sky130_fd_sc_hd__clkbuf_16)
                  0.08    0.26    0.69 ^ clkbuf_2_3__f_clk/X (sky130_fd_sc_hd__clkbuf_16)
     8    0.03                           clknet_2_3__leaf_clk (net)
                  0.08    0.00    0.69 ^ _411_/CLK (sky130_fd_sc_hd__dfrtp_1)
                          0.25    0.94   clock uncertainty
                          0.00    0.94   clock reconvergence pessimism
                          0.66    1.59   library removal time
                                  1.59   data required time
-----------------------------------------------------------------------------
                                  1.59   data required time
                                 -3.06   data arrival time
-----------------------------------------------------------------------------
                                  1.47   slack (MET)


Startpoint: rst (input port clocked by clk)
Endpoint: _419_ (removal check against rising-edge clock clk)
Path Group: asynchronous
Path Type: min
Corner: Slowest

Fanout     Cap    Slew   Delay    Time   Description
-----------------------------------------------------------------------------
                          0.00    0.00   clock clk (rise edge)
                          0.00    0.00   clock network delay (propagated)
                          2.00    2.00 v input external delay
                  0.02    0.01    2.01 v rst (in)
     2    0.00                           rst (net)
                  0.02    0.00    2.01 v input1/A (sky130_fd_sc_hd__buf_1)
                  0.14    0.20    2.21 v input1/X (sky130_fd_sc_hd__buf_1)
     1    0.01                           net1 (net)
                  0.14    0.00    2.21 v _356_/A (sky130_fd_sc_hd__clkbuf_4)
                  0.18    0.37    2.58 v _356_/X (sky130_fd_sc_hd__clkbuf_4)
     9    0.05                           _200_ (net)
                  0.18    0.01    2.59 v _368_/A (sky130_fd_sc_hd__buf_4)
                  0.15    0.38    2.97 v _368_/X (sky130_fd_sc_hd__buf_4)
    10    0.06                           _202_ (net)
                  0.15    0.01    2.97 v _372_/A (sky130_fd_sc_hd__inv_2)
                  0.06    0.10    3.07 ^ _372_/Y (sky130_fd_sc_hd__inv_2)
     1    0.00                           _013_ (net)
                  0.06    0.00    3.07 ^ _419_/RESET_B (sky130_fd_sc_hd__dfrtp_1)
                                  3.07   data arrival time

                          0.00    0.00   clock clk (rise edge)
                          0.00    0.00   clock source latency
                  0.16    0.11    0.11 ^ clk (in)
     2    0.02                           clk (net)
                  0.16    0.00    0.11 ^ clkbuf_0_clk/A (sky130_fd_sc_hd__clkbuf_16)
                  0.10    0.31    0.42 ^ clkbuf_0_clk/X (sky130_fd_sc_hd__clkbuf_16)
     4    0.05                           clknet_0_clk (net)
                  0.10    0.00    0.43 ^ clkbuf_2_2__f_clk/A (sky130_fd_sc_hd__clkbuf_16)
                  0.08    0.27    0.69 ^ clkbuf_2_2__f_clk/X (sky130_fd_sc_hd__clkbuf_16)
    11    0.03                           clknet_2_2__leaf_clk (net)
                  0.08    0.00    0.69 ^ _419_/CLK (sky130_fd_sc_hd__dfrtp_1)
                          0.25    0.94   clock uncertainty
                          0.00    0.94   clock reconvergence pessimism
                          0.66    1.60   library removal time
                                  1.60   data required time
-----------------------------------------------------------------------------
                                  1.60   data required time
                                 -3.07   data arrival time
-----------------------------------------------------------------------------
                                  1.47   slack (MET)


Startpoint: rst (input port clocked by clk)
Endpoint: _407_ (removal check against rising-edge clock clk)
Path Group: asynchronous
Path Type: min
Corner: Slowest

Fanout     Cap    Slew   Delay    Time   Description
-----------------------------------------------------------------------------
                          0.00    0.00   clock clk (rise edge)
                          0.00    0.00   clock network delay (propagated)
                          2.00    2.00 v input external delay
                  0.02    0.01    2.01 v rst (in)
     2    0.00                           rst (net)
                  0.02    0.00    2.01 v input1/A (sky130_fd_sc_hd__buf_1)
                  0.14    0.20    2.21 v input1/X (sky130_fd_sc_hd__buf_1)
     1    0.01                           net1 (net)
                  0.14    0.00    2.21 v _356_/A (sky130_fd_sc_hd__clkbuf_4)
                  0.18    0.37    2.58 v _356_/X (sky130_fd_sc_hd__clkbuf_4)
     9    0.05                           _200_ (net)
                  0.18    0.00    2.58 v _357_/A (sky130_fd_sc_hd__buf_4)
                  0.15    0.37    2.96 v _357_/X (sky130_fd_sc_hd__buf_4)
    10    0.06                           _201_ (net)
                  0.15    0.00    2.96 v _359_/A (sky130_fd_sc_hd__inv_2)
                  0.06    0.11    3.07 ^ _359_/Y (sky130_fd_sc_hd__inv_2)
     1    0.01                           _001_ (net)
                  0.06    0.00    3.07 ^ _407_/RESET_B (sky130_fd_sc_hd__dfrtp_1)
                                  3.07   data arrival time

                          0.00    0.00   clock clk (rise edge)
                          0.00    0.00   clock source latency
                  0.16    0.11    0.11 ^ clk (in)
     2    0.02                           clk (net)
                  0.16    0.00    0.11 ^ clkbuf_0_clk/A (sky130_fd_sc_hd__clkbuf_16)
                  0.10    0.31    0.42 ^ clkbuf_0_clk/X (sky130_fd_sc_hd__clkbuf_16)
     4    0.05                           clknet_0_clk (net)
                  0.10    0.00    0.43 ^ clkbuf_2_3__f_clk/A (sky130_fd_sc_hd__clkbuf_16)
                  0.08    0.26    0.69 ^ clkbuf_2_3__f_clk/X (sky130_fd_sc_hd__clkbuf_16)
     8    0.03                           clknet_2_3__leaf_clk (net)
                  0.08    0.00    0.69 ^ _407_/CLK (sky130_fd_sc_hd__dfrtp_1)
                          0.25    0.94   clock uncertainty
                          0.00    0.94   clock reconvergence pessimism
                          0.66    1.59   library removal time
                                  1.59   data required time
-----------------------------------------------------------------------------
                                  1.59   data required time
                                 -3.07   data arrival time
-----------------------------------------------------------------------------
                                  1.47   slack (MET)


Startpoint: rst (input port clocked by clk)
Endpoint: _424_ (removal check against rising-edge clock clk)
Path Group: asynchronous
Path Type: min
Corner: Slowest

Fanout     Cap    Slew   Delay    Time   Description
-----------------------------------------------------------------------------
                          0.00    0.00   clock clk (rise edge)
                          0.00    0.00   clock network delay (propagated)
                          2.00    2.00 v input external delay
                  0.02    0.01    2.01 v rst (in)
     2    0.00                           rst (net)
                  0.02    0.00    2.01 v input1/A (sky130_fd_sc_hd__buf_1)
                  0.14    0.20    2.21 v input1/X (sky130_fd_sc_hd__buf_1)
     1    0.01                           net1 (net)
                  0.14    0.00    2.21 v _356_/A (sky130_fd_sc_hd__clkbuf_4)
                  0.18    0.37    2.58 v _356_/X (sky130_fd_sc_hd__clkbuf_4)
     9    0.05                           _200_ (net)
                  0.18    0.01    2.59 v _368_/A (sky130_fd_sc_hd__buf_4)
                  0.15    0.38    2.97 v _368_/X (sky130_fd_sc_hd__buf_4)
    10    0.06                           _202_ (net)
                  0.15    0.00    2.97 v _377_/A (sky130_fd_sc_hd__inv_2)
                  0.06    0.10    3.07 ^ _377_/Y (sky130_fd_sc_hd__inv_2)
     1    0.00                           _018_ (net)
                  0.06    0.00    3.07 ^ _424_/RESET_B (sky130_fd_sc_hd__dfrtp_1)
                                  3.07   data arrival time

                          0.00    0.00   clock clk (rise edge)
                          0.00    0.00   clock source latency
                  0.16    0.11    0.11 ^ clk (in)
     2    0.02                           clk (net)
                  0.16    0.00    0.11 ^ clkbuf_0_clk/A (sky130_fd_sc_hd__clkbuf_16)
                  0.10    0.31    0.42 ^ clkbuf_0_clk/X (sky130_fd_sc_hd__clkbuf_16)
     4    0.05                           clknet_0_clk (net)
                  0.10    0.00    0.43 ^ clkbuf_2_3__f_clk/A (sky130_fd_sc_hd__clkbuf_16)
                  0.08    0.26    0.69 ^ clkbuf_2_3__f_clk/X (sky130_fd_sc_hd__clkbuf_16)
     8    0.03                           clknet_2_3__leaf_clk (net)
                  0.08    0.00    0.69 ^ _424_/CLK (sky130_fd_sc_hd__dfrtp_1)
                          0.25    0.94   clock uncertainty
                          0.00    0.94   clock reconvergence pessimism
                          0.66    1.59   library removal time
                                  1.59   data required time
-----------------------------------------------------------------------------
                                  1.59   data required time
                                 -3.07   data arrival time
-----------------------------------------------------------------------------
                                  1.48   slack (MET)


Startpoint: rst (input port clocked by clk)
Endpoint: _429_ (removal check against rising-edge clock clk)
Path Group: asynchronous
Path Type: min
Corner: Slowest

Fanout     Cap    Slew   Delay    Time   Description
-----------------------------------------------------------------------------
                          0.00    0.00   clock clk (rise edge)
                          0.00    0.00   clock network delay (propagated)
                          2.00    2.00 v input external delay
                  0.02    0.01    2.01 v rst (in)
     2    0.00                           rst (net)
                  0.02    0.00    2.01 v input1/A (sky130_fd_sc_hd__buf_1)
                  0.14    0.20    2.21 v input1/X (sky130_fd_sc_hd__buf_1)
     1    0.01                           net1 (net)
                  0.14    0.00    2.21 v _356_/A (sky130_fd_sc_hd__clkbuf_4)
                  0.18    0.37    2.58 v _356_/X (sky130_fd_sc_hd__clkbuf_4)
     9    0.05                           _200_ (net)
                  0.18    0.01    2.59 v _379_/A (sky130_fd_sc_hd__buf_4)
                  0.19    0.41    2.99 v _379_/X (sky130_fd_sc_hd__buf_4)
    20    0.08                           _203_ (net)
                  0.19    0.00    3.00 v _383_/A (sky130_fd_sc_hd__inv_2)
                  0.07    0.11    3.11 ^ _383_/Y (sky130_fd_sc_hd__inv_2)
     1    0.00                           _023_ (net)
                  0.07    0.00    3.11 ^ _429_/RESET_B (sky130_fd_sc_hd__dfrtp_1)
                                  3.11   data arrival time

                          0.00    0.00   clock clk (rise edge)
                          0.00    0.00   clock source latency
                  0.16    0.11    0.11 ^ clk (in)
     2    0.02                           clk (net)
                  0.16    0.00    0.11 ^ clkbuf_0_clk/A (sky130_fd_sc_hd__clkbuf_16)
                  0.10    0.31    0.42 ^ clkbuf_0_clk/X (sky130_fd_sc_hd__clkbuf_16)
     4    0.05                           clknet_0_clk (net)
                  0.10    0.00    0.43 ^ clkbuf_2_1__f_clk/A (sky130_fd_sc_hd__clkbuf_16)
                  0.10    0.29    0.71 ^ clkbuf_2_1__f_clk/X (sky130_fd_sc_hd__clkbuf_16)
    15    0.05                           clknet_2_1__leaf_clk (net)
                  0.10    0.00    0.72 ^ _429_/CLK (sky130_fd_sc_hd__dfrtp_1)
                          0.25    0.97   clock uncertainty
                          0.00    0.97   clock reconvergence pessimism
                          0.67    1.63   library removal time
                                  1.63   data required time
-----------------------------------------------------------------------------
                                  1.63   data required time
                                 -3.11   data arrival time
-----------------------------------------------------------------------------
                                  1.48   slack (MET)


Startpoint: _430_ (rising edge-triggered flip-flop clocked by clk)
Endpoint: _425_ (rising edge-triggered flip-flop clocked by clk)
Path Group: clk
Path Type: min
Corner: Slowest

Fanout     Cap    Slew   Delay    Time   Description
-----------------------------------------------------------------------------
                          0.00    0.00   clock clk (rise edge)
                          0.00    0.00   clock source latency
                  0.16    0.10    0.10 ^ clk (in)
     2    0.02                           clk (net)
                  0.16    0.00    0.10 ^ clkbuf_0_clk/A (sky130_fd_sc_hd__clkbuf_16)
                  0.10    0.28    0.38 ^ clkbuf_0_clk/X (sky130_fd_sc_hd__clkbuf_16)
     4    0.05                           clknet_0_clk (net)
                  0.10    0.00    0.39 ^ clkbuf_2_2__f_clk/A (sky130_fd_sc_hd__clkbuf_16)
                  0.08    0.24    0.63 ^ clkbuf_2_2__f_clk/X (sky130_fd_sc_hd__clkbuf_16)
    11    0.03                           clknet_2_2__leaf_clk (net)
                  0.08    0.00    0.63 ^ _430_/CLK (sky130_fd_sc_hd__dfrtp_4)
                  0.17    0.84    1.47 ^ _430_/Q (sky130_fd_sc_hd__dfrtp_4)
     7    0.02                           tx_inst.state[0] (net)
                  0.17    0.00    1.47 ^ _288_/B (sky130_fd_sc_hd__nor2_2)
                  0.14    0.18    1.65 v _288_/Y (sky130_fd_sc_hd__nor2_2)
     7    0.03                           _154_ (net)
                  0.14    0.00    1.65 v _296_/B (sky130_fd_sc_hd__nand2_4)
                  0.21    0.24    1.89 ^ _296_/Y (sky130_fd_sc_hd__nand2_4)
     8    0.04                           _160_ (net)
                  0.21    0.00    1.90 ^ _305_/S (sky130_fd_sc_hd__mux2_1)
                  0.08    0.29    2.18 ^ _305_/X (sky130_fd_sc_hd__mux2_1)
     1    0.00                           _165_ (net)
                  0.08    0.00    2.18 ^ _306_/A (sky130_fd_sc_hd__clkbuf_1)
                  0.07    0.15    2.33 ^ _306_/X (sky130_fd_sc_hd__clkbuf_1)
     1    0.00                           _064_ (net)
                  0.07    0.00    2.33 ^ _425_/D (sky130_fd_sc_hd__dfrtp_1)
                                  2.33   data arrival time

                          0.00    0.00   clock clk (rise edge)
                          0.00    0.00   clock source latency
                  0.16    0.11    0.11 ^ clk (in)
     2    0.02                           clk (net)
                  0.16    0.00    0.11 ^ clkbuf_0_clk/A (sky130_fd_sc_hd__clkbuf_16)
                  0.10    0.31    0.42 ^ clkbuf_0_clk/X (sky130_fd_sc_hd__clkbuf_16)
     4    0.05                           clknet_0_clk (net)
                  0.10    0.00    0.43 ^ clkbuf_2_1__f_clk/A (sky130_fd_sc_hd__clkbuf_16)
                  0.10    0.29    0.71 ^ clkbuf_2_1__f_clk/X (sky130_fd_sc_hd__clkbuf_16)
    15    0.05                           clknet_2_1__leaf_clk (net)
                  0.10    0.00    0.72 ^ _425_/CLK (sky130_fd_sc_hd__dfrtp_1)
                          0.25    0.97   clock uncertainty
                         -0.04    0.93   clock reconvergence pessimism
                         -0.07    0.85   library hold time
                                  0.85   data required time
-----------------------------------------------------------------------------
                                  0.85   data required time
                                 -2.33   data arrival time
-----------------------------------------------------------------------------
                                  1.48   slack (MET)


Startpoint: rst (input port clocked by clk)
Endpoint: _433_ (removal check against rising-edge clock clk)
Path Group: asynchronous
Path Type: min
Corner: Slowest

Fanout     Cap    Slew   Delay    Time   Description
-----------------------------------------------------------------------------
                          0.00    0.00   clock clk (rise edge)
                          0.00    0.00   clock network delay (propagated)
                          2.00    2.00 v input external delay
                  0.02    0.01    2.01 v rst (in)
     2    0.00                           rst (net)
                  0.02    0.00    2.01 v input1/A (sky130_fd_sc_hd__buf_1)
                  0.14    0.20    2.21 v input1/X (sky130_fd_sc_hd__buf_1)
     1    0.01                           net1 (net)
                  0.14    0.00    2.21 v _356_/A (sky130_fd_sc_hd__clkbuf_4)
                  0.18    0.37    2.58 v _356_/X (sky130_fd_sc_hd__clkbuf_4)
     9    0.05                           _200_ (net)
                  0.18    0.01    2.59 v _379_/A (sky130_fd_sc_hd__buf_4)
                  0.19    0.41    2.99 v _379_/X (sky130_fd_sc_hd__buf_4)
    20    0.08                           _203_ (net)
                  0.19    0.01    3.00 v _387_/A (sky130_fd_sc_hd__inv_2)
                  0.06    0.11    3.11 ^ _387_/Y (sky130_fd_sc_hd__inv_2)
     1    0.00                           _027_ (net)
                  0.06    0.00    3.11 ^ _433_/RESET_B (sky130_fd_sc_hd__dfrtp_1)
                                  3.11   data arrival time

                          0.00    0.00   clock clk (rise edge)
                          0.00    0.00   clock source latency
                  0.16    0.11    0.11 ^ clk (in)
     2    0.02                           clk (net)
                  0.16    0.00    0.11 ^ clkbuf_0_clk/A (sky130_fd_sc_hd__clkbuf_16)
                  0.10    0.31    0.42 ^ clkbuf_0_clk/X (sky130_fd_sc_hd__clkbuf_16)
     4    0.05                           clknet_0_clk (net)
                  0.10    0.00    0.43 ^ clkbuf_2_1__f_clk/A (sky130_fd_sc_hd__clkbuf_16)
                  0.10    0.29    0.71 ^ clkbuf_2_1__f_clk/X (sky130_fd_sc_hd__clkbuf_16)
    15    0.05                           clknet_2_1__leaf_clk (net)
                  0.10    0.00    0.72 ^ _433_/CLK (sky130_fd_sc_hd__dfrtp_1)
                          0.25    0.97   clock uncertainty
                          0.00    0.97   clock reconvergence pessimism
                          0.67    1.63   library removal time
                                  1.63   data required time
-----------------------------------------------------------------------------
                                  1.63   data required time
                                 -3.11   data arrival time
-----------------------------------------------------------------------------
                                  1.48   slack (MET)


Startpoint: rst (input port clocked by clk)
Endpoint: _416_ (removal check against rising-edge clock clk)
Path Group: asynchronous
Path Type: min
Corner: Slowest

Fanout     Cap    Slew   Delay    Time   Description
-----------------------------------------------------------------------------
                          0.00    0.00   clock clk (rise edge)
                          0.00    0.00   clock network delay (propagated)
                          2.00    2.00 v input external delay
                  0.02    0.01    2.01 v rst (in)
     2    0.00                           rst (net)
                  0.02    0.00    2.01 v input1/A (sky130_fd_sc_hd__buf_1)
                  0.14    0.20    2.21 v input1/X (sky130_fd_sc_hd__buf_1)
     1    0.01                           net1 (net)
                  0.14    0.00    2.21 v _356_/A (sky130_fd_sc_hd__clkbuf_4)
                  0.18    0.37    2.58 v _356_/X (sky130_fd_sc_hd__clkbuf_4)
     9    0.05                           _200_ (net)
                  0.18    0.01    2.59 v _368_/A (sky130_fd_sc_hd__buf_4)
                  0.15    0.38    2.97 v _368_/X (sky130_fd_sc_hd__buf_4)
    10    0.06                           _202_ (net)
                  0.15    0.00    2.97 v _369_/A (sky130_fd_sc_hd__inv_2)
                  0.07    0.11    3.08 ^ _369_/Y (sky130_fd_sc_hd__inv_2)
     1    0.01                           _010_ (net)
                  0.07    0.00    3.08 ^ _416_/RESET_B (sky130_fd_sc_hd__dfrtp_1)
                                  3.08   data arrival time

                          0.00    0.00   clock clk (rise edge)
                          0.00    0.00   clock source latency
                  0.16    0.11    0.11 ^ clk (in)
     2    0.02                           clk (net)
                  0.16    0.00    0.11 ^ clkbuf_0_clk/A (sky130_fd_sc_hd__clkbuf_16)
                  0.10    0.31    0.42 ^ clkbuf_0_clk/X (sky130_fd_sc_hd__clkbuf_16)
     4    0.05                           clknet_0_clk (net)
                  0.10    0.00    0.43 ^ clkbuf_2_2__f_clk/A (sky130_fd_sc_hd__clkbuf_16)
                  0.08    0.27    0.69 ^ clkbuf_2_2__f_clk/X (sky130_fd_sc_hd__clkbuf_16)
    11    0.03                           clknet_2_2__leaf_clk (net)
                  0.08    0.00    0.69 ^ _416_/CLK (sky130_fd_sc_hd__dfrtp_1)
                          0.25    0.94   clock uncertainty
                          0.00    0.94   clock reconvergence pessimism
                          0.66    1.61   library removal time
                                  1.61   data required time
-----------------------------------------------------------------------------
                                  1.61   data required time
                                 -3.08   data arrival time
-----------------------------------------------------------------------------
                                  1.48   slack (MET)


Startpoint: rst (input port clocked by clk)
Endpoint: _428_ (removal check against rising-edge clock clk)
Path Group: asynchronous
Path Type: min
Corner: Slowest

Fanout     Cap    Slew   Delay    Time   Description
-----------------------------------------------------------------------------
                          0.00    0.00   clock clk (rise edge)
                          0.00    0.00   clock network delay (propagated)
                          2.00    2.00 v input external delay
                  0.02    0.01    2.01 v rst (in)
     2    0.00                           rst (net)
                  0.02    0.00    2.01 v input1/A (sky130_fd_sc_hd__buf_1)
                  0.14    0.20    2.21 v input1/X (sky130_fd_sc_hd__buf_1)
     1    0.01                           net1 (net)
                  0.14    0.00    2.21 v _356_/A (sky130_fd_sc_hd__clkbuf_4)
                  0.18    0.37    2.58 v _356_/X (sky130_fd_sc_hd__clkbuf_4)
     9    0.05                           _200_ (net)
                  0.18    0.01    2.59 v _379_/A (sky130_fd_sc_hd__buf_4)
                  0.19    0.41    2.99 v _379_/X (sky130_fd_sc_hd__buf_4)
    20    0.08                           _203_ (net)
                  0.19    0.00    3.00 v _382_/A (sky130_fd_sc_hd__inv_2)
                  0.07    0.12    3.12 ^ _382_/Y (sky130_fd_sc_hd__inv_2)
     1    0.00                           _022_ (net)
                  0.07    0.00    3.12 ^ _428_/RESET_B (sky130_fd_sc_hd__dfrtp_1)
                                  3.12   data arrival time

                          0.00    0.00   clock clk (rise edge)
                          0.00    0.00   clock source latency
                  0.16    0.11    0.11 ^ clk (in)
     2    0.02                           clk (net)
                  0.16    0.00    0.11 ^ clkbuf_0_clk/A (sky130_fd_sc_hd__clkbuf_16)
                  0.10    0.31    0.42 ^ clkbuf_0_clk/X (sky130_fd_sc_hd__clkbuf_16)
     4    0.05                           clknet_0_clk (net)
                  0.10    0.00    0.43 ^ clkbuf_2_1__f_clk/A (sky130_fd_sc_hd__clkbuf_16)
                  0.10    0.29    0.71 ^ clkbuf_2_1__f_clk/X (sky130_fd_sc_hd__clkbuf_16)
    15    0.05                           clknet_2_1__leaf_clk (net)
                  0.10    0.00    0.72 ^ _428_/CLK (sky130_fd_sc_hd__dfrtp_1)
                          0.25    0.97   clock uncertainty
                          0.00    0.97   clock reconvergence pessimism
                          0.67    1.63   library removal time
                                  1.63   data required time
-----------------------------------------------------------------------------
                                  1.63   data required time
                                 -3.12   data arrival time
-----------------------------------------------------------------------------
                                  1.48   slack (MET)


Startpoint: rst (input port clocked by clk)
Endpoint: _432_ (removal check against rising-edge clock clk)
Path Group: asynchronous
Path Type: min
Corner: Slowest

Fanout     Cap    Slew   Delay    Time   Description
-----------------------------------------------------------------------------
                          0.00    0.00   clock clk (rise edge)
                          0.00    0.00   clock network delay (propagated)
                          2.00    2.00 v input external delay
                  0.02    0.01    2.01 v rst (in)
     2    0.00                           rst (net)
                  0.02    0.00    2.01 v input1/A (sky130_fd_sc_hd__buf_1)
                  0.14    0.20    2.21 v input1/X (sky130_fd_sc_hd__buf_1)
     1    0.01                           net1 (net)
                  0.14    0.00    2.21 v _356_/A (sky130_fd_sc_hd__clkbuf_4)
                  0.18    0.37    2.58 v _356_/X (sky130_fd_sc_hd__clkbuf_4)
     9    0.05                           _200_ (net)
                  0.18    0.01    2.59 v _379_/A (sky130_fd_sc_hd__buf_4)
                  0.19    0.41    2.99 v _379_/X (sky130_fd_sc_hd__buf_4)
    20    0.08                           _203_ (net)
                  0.19    0.01    3.00 v _386_/A (sky130_fd_sc_hd__inv_2)
                  0.07    0.12    3.12 ^ _386_/Y (sky130_fd_sc_hd__inv_2)
     1    0.00                           _026_ (net)
                  0.07    0.00    3.12 ^ _432_/RESET_B (sky130_fd_sc_hd__dfrtp_2)
                                  3.12   data arrival time

                          0.00    0.00   clock clk (rise edge)
                          0.00    0.00   clock source latency
                  0.16    0.11    0.11 ^ clk (in)
     2    0.02                           clk (net)
                  0.16    0.00    0.11 ^ clkbuf_0_clk/A (sky130_fd_sc_hd__clkbuf_16)
                  0.10    0.31    0.42 ^ clkbuf_0_clk/X (sky130_fd_sc_hd__clkbuf_16)
     4    0.05                           clknet_0_clk (net)
                  0.10    0.00    0.43 ^ clkbuf_2_1__f_clk/A (sky130_fd_sc_hd__clkbuf_16)
                  0.10    0.29    0.71 ^ clkbuf_2_1__f_clk/X (sky130_fd_sc_hd__clkbuf_16)
    15    0.05                           clknet_2_1__leaf_clk (net)
                  0.10    0.00    0.72 ^ _432_/CLK (sky130_fd_sc_hd__dfrtp_2)
                          0.25    0.97   clock uncertainty
                          0.00    0.97   clock reconvergence pessimism
                          0.67    1.63   library removal time
                                  1.63   data required time
-----------------------------------------------------------------------------
                                  1.63   data required time
                                 -3.12   data arrival time
-----------------------------------------------------------------------------
                                  1.48   slack (MET)


Startpoint: _430_ (rising edge-triggered flip-flop clocked by clk)
Endpoint: _426_ (rising edge-triggered flip-flop clocked by clk)
Path Group: clk
Path Type: min
Corner: Slowest

Fanout     Cap    Slew   Delay    Time   Description
-----------------------------------------------------------------------------
                          0.00    0.00   clock clk (rise edge)
                          0.00    0.00   clock source latency
                  0.16    0.10    0.10 ^ clk (in)
     2    0.02                           clk (net)
                  0.16    0.00    0.10 ^ clkbuf_0_clk/A (sky130_fd_sc_hd__clkbuf_16)
                  0.10    0.28    0.38 ^ clkbuf_0_clk/X (sky130_fd_sc_hd__clkbuf_16)
     4    0.05                           clknet_0_clk (net)
                  0.10    0.00    0.39 ^ clkbuf_2_2__f_clk/A (sky130_fd_sc_hd__clkbuf_16)
                  0.08    0.24    0.63 ^ clkbuf_2_2__f_clk/X (sky130_fd_sc_hd__clkbuf_16)
    11    0.03                           clknet_2_2__leaf_clk (net)
                  0.08    0.00    0.63 ^ _430_/CLK (sky130_fd_sc_hd__dfrtp_4)
                  0.17    0.84    1.47 ^ _430_/Q (sky130_fd_sc_hd__dfrtp_4)
     7    0.02                           tx_inst.state[0] (net)
                  0.17    0.00    1.47 ^ _288_/B (sky130_fd_sc_hd__nor2_2)
                  0.14    0.18    1.65 v _288_/Y (sky130_fd_sc_hd__nor2_2)
     7    0.03                           _154_ (net)
                  0.14    0.00    1.65 v _296_/B (sky130_fd_sc_hd__nand2_4)
                  0.21    0.24    1.89 ^ _296_/Y (sky130_fd_sc_hd__nand2_4)
     8    0.04                           _160_ (net)
                  0.21    0.00    1.90 ^ _303_/S (sky130_fd_sc_hd__mux2_1)
                  0.07    0.28    2.17 ^ _303_/X (sky130_fd_sc_hd__mux2_1)
     1    0.00                           _164_ (net)
                  0.07    0.00    2.17 ^ _304_/A (sky130_fd_sc_hd__clkbuf_1)
                  0.07    0.14    2.31 ^ _304_/X (sky130_fd_sc_hd__clkbuf_1)
     1    0.00                           _065_ (net)
                  0.07    0.00    2.31 ^ _426_/D (sky130_fd_sc_hd__dfrtp_1)
                                  2.31   data arrival time

                          0.00    0.00   clock clk (rise edge)
                          0.00    0.00   clock source latency
                  0.16    0.11    0.11 ^ clk (in)
     2    0.02                           clk (net)
                  0.16    0.00    0.11 ^ clkbuf_0_clk/A (sky130_fd_sc_hd__clkbuf_16)
                  0.10    0.31    0.42 ^ clkbuf_0_clk/X (sky130_fd_sc_hd__clkbuf_16)
     4    0.05                           clknet_0_clk (net)
                  0.10    0.00    0.43 ^ clkbuf_2_3__f_clk/A (sky130_fd_sc_hd__clkbuf_16)
                  0.08    0.26    0.69 ^ clkbuf_2_3__f_clk/X (sky130_fd_sc_hd__clkbuf_16)
     8    0.03                           clknet_2_3__leaf_clk (net)
                  0.08    0.00    0.69 ^ _426_/CLK (sky130_fd_sc_hd__dfrtp_1)
                          0.25    0.94   clock uncertainty
                         -0.04    0.90   clock reconvergence pessimism
                         -0.07    0.82   library hold time
                                  0.82   data required time
-----------------------------------------------------------------------------
                                  0.82   data required time
                                 -2.31   data arrival time
-----------------------------------------------------------------------------
                                  1.49   slack (MET)


Startpoint: _430_ (rising edge-triggered flip-flop clocked by clk)
Endpoint: _424_ (rising edge-triggered flip-flop clocked by clk)
Path Group: clk
Path Type: min
Corner: Slowest

Fanout     Cap    Slew   Delay    Time   Description
-----------------------------------------------------------------------------
                          0.00    0.00   clock clk (rise edge)
                          0.00    0.00   clock source latency
                  0.16    0.10    0.10 ^ clk (in)
     2    0.02                           clk (net)
                  0.16    0.00    0.10 ^ clkbuf_0_clk/A (sky130_fd_sc_hd__clkbuf_16)
                  0.10    0.28    0.38 ^ clkbuf_0_clk/X (sky130_fd_sc_hd__clkbuf_16)
     4    0.05                           clknet_0_clk (net)
                  0.10    0.00    0.39 ^ clkbuf_2_2__f_clk/A (sky130_fd_sc_hd__clkbuf_16)
                  0.08    0.24    0.63 ^ clkbuf_2_2__f_clk/X (sky130_fd_sc_hd__clkbuf_16)
    11    0.03                           clknet_2_2__leaf_clk (net)
                  0.08    0.00    0.63 ^ _430_/CLK (sky130_fd_sc_hd__dfrtp_4)
                  0.17    0.84    1.47 ^ _430_/Q (sky130_fd_sc_hd__dfrtp_4)
     7    0.02                           tx_inst.state[0] (net)
                  0.17    0.00    1.47 ^ _288_/B (sky130_fd_sc_hd__nor2_2)
                  0.14    0.18    1.65 v _288_/Y (sky130_fd_sc_hd__nor2_2)
     7    0.03                           _154_ (net)
                  0.14    0.00    1.65 v _296_/B (sky130_fd_sc_hd__nand2_4)
                  0.21    0.24    1.89 ^ _296_/Y (sky130_fd_sc_hd__nand2_4)
     8    0.04                           _160_ (net)
                  0.21    0.00    1.89 ^ _307_/S (sky130_fd_sc_hd__mux2_1)
                  0.07    0.28    2.17 ^ _307_/X (sky130_fd_sc_hd__mux2_1)
     1    0.00                           _166_ (net)
                  0.07    0.00    2.17 ^ _308_/A (sky130_fd_sc_hd__clkbuf_1)
                  0.06    0.14    2.31 ^ _308_/X (sky130_fd_sc_hd__clkbuf_1)
     1    0.00                           _063_ (net)
                  0.06    0.00    2.31 ^ _424_/D (sky130_fd_sc_hd__dfrtp_1)
                                  2.31   data arrival time

                          0.00    0.00   clock clk (rise edge)
                          0.00    0.00   clock source latency
                  0.16    0.11    0.11 ^ clk (in)
     2    0.02                           clk (net)
                  0.16    0.00    0.11 ^ clkbuf_0_clk/A (sky130_fd_sc_hd__clkbuf_16)
                  0.10    0.31    0.42 ^ clkbuf_0_clk/X (sky130_fd_sc_hd__clkbuf_16)
     4    0.05                           clknet_0_clk (net)
                  0.10    0.00    0.43 ^ clkbuf_2_3__f_clk/A (sky130_fd_sc_hd__clkbuf_16)
                  0.08    0.26    0.69 ^ clkbuf_2_3__f_clk/X (sky130_fd_sc_hd__clkbuf_16)
     8    0.03                           clknet_2_3__leaf_clk (net)
                  0.08    0.00    0.69 ^ _424_/CLK (sky130_fd_sc_hd__dfrtp_1)
                          0.25    0.94   clock uncertainty
                         -0.04    0.90   clock reconvergence pessimism
                         -0.07    0.82   library hold time
                                  0.82   data required time
-----------------------------------------------------------------------------
                                  0.82   data required time
                                 -2.31   data arrival time
-----------------------------------------------------------------------------
                                  1.49   slack (MET)


Startpoint: rst (input port clocked by clk)
Endpoint: _434_ (removal check against rising-edge clock clk)
Path Group: asynchronous
Path Type: min
Corner: Slowest

Fanout     Cap    Slew   Delay    Time   Description
-----------------------------------------------------------------------------
                          0.00    0.00   clock clk (rise edge)
                          0.00    0.00   clock network delay (propagated)
                          2.00    2.00 v input external delay
                  0.02    0.01    2.01 v rst (in)
     2    0.00                           rst (net)
                  0.02    0.00    2.01 v input1/A (sky130_fd_sc_hd__buf_1)
                  0.14    0.20    2.21 v input1/X (sky130_fd_sc_hd__buf_1)
     1    0.01                           net1 (net)
                  0.14    0.00    2.21 v _356_/A (sky130_fd_sc_hd__clkbuf_4)
                  0.18    0.37    2.58 v _356_/X (sky130_fd_sc_hd__clkbuf_4)
     9    0.05                           _200_ (net)
                  0.18    0.01    2.59 v _379_/A (sky130_fd_sc_hd__buf_4)
                  0.19    0.41    2.99 v _379_/X (sky130_fd_sc_hd__buf_4)
    20    0.08                           _203_ (net)
                  0.19    0.01    3.00 v _388_/A (sky130_fd_sc_hd__inv_2)
                  0.06    0.11    3.11 ^ _388_/Y (sky130_fd_sc_hd__inv_2)
     1    0.00                           _028_ (net)
                  0.06    0.00    3.11 ^ _434_/RESET_B (sky130_fd_sc_hd__dfrtp_1)
                                  3.11   data arrival time

                          0.00    0.00   clock clk (rise edge)
                          0.00    0.00   clock source latency
                  0.16    0.11    0.11 ^ clk (in)
     2    0.02                           clk (net)
                  0.16    0.00    0.11 ^ clkbuf_0_clk/A (sky130_fd_sc_hd__clkbuf_16)
                  0.10    0.31    0.42 ^ clkbuf_0_clk/X (sky130_fd_sc_hd__clkbuf_16)
     4    0.05                           clknet_0_clk (net)
                  0.10    0.00    0.43 ^ clkbuf_2_0__f_clk/A (sky130_fd_sc_hd__clkbuf_16)
                  0.09    0.27    0.70 ^ clkbuf_2_0__f_clk/X (sky130_fd_sc_hd__clkbuf_16)
    11    0.04                           clknet_2_0__leaf_clk (net)
                  0.09    0.00    0.70 ^ _434_/CLK (sky130_fd_sc_hd__dfrtp_1)
                          0.25    0.95   clock uncertainty
                          0.00    0.95   clock reconvergence pessimism
                          0.66    1.61   library removal time
                                  1.61   data required time
-----------------------------------------------------------------------------
                                  1.61   data required time
                                 -3.11   data arrival time
-----------------------------------------------------------------------------
                                  1.50   slack (MET)


Startpoint: rst (input port clocked by clk)
Endpoint: _430_ (removal check against rising-edge clock clk)
Path Group: asynchronous
Path Type: min
Corner: Slowest

Fanout     Cap    Slew   Delay    Time   Description
-----------------------------------------------------------------------------
                          0.00    0.00   clock clk (rise edge)
                          0.00    0.00   clock network delay (propagated)
                          2.00    2.00 v input external delay
                  0.02    0.01    2.01 v rst (in)
     2    0.00                           rst (net)
                  0.02    0.00    2.01 v input1/A (sky130_fd_sc_hd__buf_1)
                  0.14    0.20    2.21 v input1/X (sky130_fd_sc_hd__buf_1)
     1    0.01                           net1 (net)
                  0.14    0.00    2.21 v _356_/A (sky130_fd_sc_hd__clkbuf_4)
                  0.18    0.37    2.58 v _356_/X (sky130_fd_sc_hd__clkbuf_4)
     9    0.05                           _200_ (net)
                  0.18    0.01    2.59 v _379_/A (sky130_fd_sc_hd__buf_4)
                  0.19    0.41    2.99 v _379_/X (sky130_fd_sc_hd__buf_4)
    20    0.08                           _203_ (net)
                  0.19    0.01    3.00 v _384_/A (sky130_fd_sc_hd__inv_2)
                  0.06    0.11    3.11 ^ _384_/Y (sky130_fd_sc_hd__inv_2)
     1    0.00                           _024_ (net)
                  0.06    0.00    3.11 ^ _430_/RESET_B (sky130_fd_sc_hd__dfrtp_4)
                                  3.11   data arrival time

                          0.00    0.00   clock clk (rise edge)
                          0.00    0.00   clock source latency
                  0.16    0.11    0.11 ^ clk (in)
     2    0.02                           clk (net)
                  0.16    0.00    0.11 ^ clkbuf_0_clk/A (sky130_fd_sc_hd__clkbuf_16)
                  0.10    0.31    0.42 ^ clkbuf_0_clk/X (sky130_fd_sc_hd__clkbuf_16)
     4    0.05                           clknet_0_clk (net)
                  0.10    0.00    0.43 ^ clkbuf_2_2__f_clk/A (sky130_fd_sc_hd__clkbuf_16)
                  0.08    0.27    0.69 ^ clkbuf_2_2__f_clk/X (sky130_fd_sc_hd__clkbuf_16)
    11    0.03                           clknet_2_2__leaf_clk (net)
                  0.08    0.00    0.69 ^ _430_/CLK (sky130_fd_sc_hd__dfrtp_4)
                          0.25    0.94   clock uncertainty
                          0.00    0.94   clock reconvergence pessimism
                          0.66    1.61   library removal time
                                  1.61   data required time
-----------------------------------------------------------------------------
                                  1.61   data required time
                                 -3.11   data arrival time
-----------------------------------------------------------------------------
                                  1.50   slack (MET)


Startpoint: rst (input port clocked by clk)
Endpoint: _435_ (removal check against rising-edge clock clk)
Path Group: asynchronous
Path Type: min
Corner: Slowest

Fanout     Cap    Slew   Delay    Time   Description
-----------------------------------------------------------------------------
                          0.00    0.00   clock clk (rise edge)
                          0.00    0.00   clock network delay (propagated)
                          2.00    2.00 v input external delay
                  0.02    0.01    2.01 v rst (in)
     2    0.00                           rst (net)
                  0.02    0.00    2.01 v input1/A (sky130_fd_sc_hd__buf_1)
                  0.14    0.20    2.21 v input1/X (sky130_fd_sc_hd__buf_1)
     1    0.01                           net1 (net)
                  0.14    0.00    2.21 v _356_/A (sky130_fd_sc_hd__clkbuf_4)
                  0.18    0.37    2.58 v _356_/X (sky130_fd_sc_hd__clkbuf_4)
     9    0.05                           _200_ (net)
                  0.18    0.01    2.59 v _379_/A (sky130_fd_sc_hd__buf_4)
                  0.19    0.41    2.99 v _379_/X (sky130_fd_sc_hd__buf_4)
    20    0.08                           _203_ (net)
                  0.19    0.01    3.00 v _389_/A (sky130_fd_sc_hd__inv_2)
                  0.07    0.12    3.12 ^ _389_/Y (sky130_fd_sc_hd__inv_2)
     1    0.00                           _029_ (net)
                  0.07    0.00    3.12 ^ _435_/RESET_B (sky130_fd_sc_hd__dfrtp_1)
                                  3.12   data arrival time

                          0.00    0.00   clock clk (rise edge)
                          0.00    0.00   clock source latency
                  0.16    0.11    0.11 ^ clk (in)
     2    0.02                           clk (net)
                  0.16    0.00    0.11 ^ clkbuf_0_clk/A (sky130_fd_sc_hd__clkbuf_16)
                  0.10    0.31    0.42 ^ clkbuf_0_clk/X (sky130_fd_sc_hd__clkbuf_16)
     4    0.05                           clknet_0_clk (net)
                  0.10    0.00    0.43 ^ clkbuf_2_0__f_clk/A (sky130_fd_sc_hd__clkbuf_16)
                  0.09    0.27    0.70 ^ clkbuf_2_0__f_clk/X (sky130_fd_sc_hd__clkbuf_16)
    11    0.04                           clknet_2_0__leaf_clk (net)
                  0.09    0.00    0.70 ^ _435_/CLK (sky130_fd_sc_hd__dfrtp_1)
                          0.25    0.95   clock uncertainty
                          0.00    0.95   clock reconvergence pessimism
                          0.66    1.61   library removal time
                                  1.61   data required time
-----------------------------------------------------------------------------
                                  1.61   data required time
                                 -3.12   data arrival time
-----------------------------------------------------------------------------
                                  1.51   slack (MET)


Startpoint: rst (input port clocked by clk)
Endpoint: _431_ (removal check against rising-edge clock clk)
Path Group: asynchronous
Path Type: min
Corner: Slowest

Fanout     Cap    Slew   Delay    Time   Description
-----------------------------------------------------------------------------
                          0.00    0.00   clock clk (rise edge)
                          0.00    0.00   clock network delay (propagated)
                          2.00    2.00 v input external delay
                  0.02    0.01    2.01 v rst (in)
     2    0.00                           rst (net)
                  0.02    0.00    2.01 v input1/A (sky130_fd_sc_hd__buf_1)
                  0.14    0.20    2.21 v input1/X (sky130_fd_sc_hd__buf_1)
     1    0.01                           net1 (net)
                  0.14    0.00    2.21 v _356_/A (sky130_fd_sc_hd__clkbuf_4)
                  0.18    0.37    2.58 v _356_/X (sky130_fd_sc_hd__clkbuf_4)
     9    0.05                           _200_ (net)
                  0.18    0.01    2.59 v _379_/A (sky130_fd_sc_hd__buf_4)
                  0.19    0.41    2.99 v _379_/X (sky130_fd_sc_hd__buf_4)
    20    0.08                           _203_ (net)
                  0.19    0.01    3.00 v _385_/A (sky130_fd_sc_hd__inv_2)
                  0.07    0.11    3.11 ^ _385_/Y (sky130_fd_sc_hd__inv_2)
     1    0.00                           _025_ (net)
                  0.07    0.00    3.11 ^ _431_/RESET_B (sky130_fd_sc_hd__dfrtp_4)
                                  3.11   data arrival time

                          0.00    0.00   clock clk (rise edge)
                          0.00    0.00   clock source latency
                  0.16    0.11    0.11 ^ clk (in)
     2    0.02                           clk (net)
                  0.16    0.00    0.11 ^ clkbuf_0_clk/A (sky130_fd_sc_hd__clkbuf_16)
                  0.10    0.31    0.42 ^ clkbuf_0_clk/X (sky130_fd_sc_hd__clkbuf_16)
     4    0.05                           clknet_0_clk (net)
                  0.10    0.00    0.43 ^ clkbuf_2_2__f_clk/A (sky130_fd_sc_hd__clkbuf_16)
                  0.08    0.27    0.69 ^ clkbuf_2_2__f_clk/X (sky130_fd_sc_hd__clkbuf_16)
    11    0.03                           clknet_2_2__leaf_clk (net)
                  0.08    0.00    0.69 ^ _431_/CLK (sky130_fd_sc_hd__dfrtp_4)
                          0.25    0.94   clock uncertainty
                          0.00    0.94   clock reconvergence pessimism
                          0.66    1.61   library removal time
                                  1.61   data required time
-----------------------------------------------------------------------------
                                  1.61   data required time
                                 -3.11   data arrival time
-----------------------------------------------------------------------------
                                  1.51   slack (MET)


Startpoint: _430_ (rising edge-triggered flip-flop clocked by clk)
Endpoint: _427_ (rising edge-triggered flip-flop clocked by clk)
Path Group: clk
Path Type: min
Corner: Slowest

Fanout     Cap    Slew   Delay    Time   Description
-----------------------------------------------------------------------------
                          0.00    0.00   clock clk (rise edge)
                          0.00    0.00   clock source latency
                  0.16    0.10    0.10 ^ clk (in)
     2    0.02                           clk (net)
                  0.16    0.00    0.10 ^ clkbuf_0_clk/A (sky130_fd_sc_hd__clkbuf_16)
                  0.10    0.28    0.38 ^ clkbuf_0_clk/X (sky130_fd_sc_hd__clkbuf_16)
     4    0.05                           clknet_0_clk (net)
                  0.10    0.00    0.39 ^ clkbuf_2_2__f_clk/A (sky130_fd_sc_hd__clkbuf_16)
                  0.08    0.24    0.63 ^ clkbuf_2_2__f_clk/X (sky130_fd_sc_hd__clkbuf_16)
    11    0.03                           clknet_2_2__leaf_clk (net)
                  0.08    0.00    0.63 ^ _430_/CLK (sky130_fd_sc_hd__dfrtp_4)
                  0.17    0.84    1.47 ^ _430_/Q (sky130_fd_sc_hd__dfrtp_4)
     7    0.02                           tx_inst.state[0] (net)
                  0.17    0.00    1.47 ^ _288_/B (sky130_fd_sc_hd__nor2_2)
                  0.14    0.18    1.65 v _288_/Y (sky130_fd_sc_hd__nor2_2)
     7    0.03                           _154_ (net)
                  0.14    0.00    1.65 v _296_/B (sky130_fd_sc_hd__nand2_4)
                  0.21    0.24    1.89 ^ _296_/Y (sky130_fd_sc_hd__nand2_4)
     8    0.04                           _160_ (net)
                  0.21    0.00    1.90 ^ _301_/S (sky130_fd_sc_hd__mux2_1)
                  0.07    0.28    2.18 ^ _301_/X (sky130_fd_sc_hd__mux2_1)
     1    0.00                           _163_ (net)
                  0.07    0.00    2.18 ^ _302_/A (sky130_fd_sc_hd__clkbuf_1)
                  0.08    0.15    2.33 ^ _302_/X (sky130_fd_sc_hd__clkbuf_1)
     1    0.00                           _066_ (net)
                  0.08    0.00    2.33 ^ _427_/D (sky130_fd_sc_hd__dfrtp_1)
                                  2.33   data arrival time

                          0.00    0.00   clock clk (rise edge)
                          0.00    0.00   clock source latency
                  0.16    0.11    0.11 ^ clk (in)
     2    0.02                           clk (net)
                  0.16    0.00    0.11 ^ clkbuf_0_clk/A (sky130_fd_sc_hd__clkbuf_16)
                  0.10    0.31    0.42 ^ clkbuf_0_clk/X (sky130_fd_sc_hd__clkbuf_16)
     4    0.05                           clknet_0_clk (net)
                  0.10    0.00    0.43 ^ clkbuf_2_3__f_clk/A (sky130_fd_sc_hd__clkbuf_16)
                  0.08    0.26    0.69 ^ clkbuf_2_3__f_clk/X (sky130_fd_sc_hd__clkbuf_16)
     8    0.03                           clknet_2_3__leaf_clk (net)
                  0.08    0.00    0.69 ^ _427_/CLK (sky130_fd_sc_hd__dfrtp_1)
                          0.25    0.94   clock uncertainty
                         -0.04    0.90   clock reconvergence pessimism
                         -0.08    0.82   library hold time
                                  0.82   data required time
-----------------------------------------------------------------------------
                                  0.82   data required time
                                 -2.33   data arrival time
-----------------------------------------------------------------------------
                                  1.51   slack (MET)


Startpoint: rst (input port clocked by clk)
Endpoint: _427_ (removal check against rising-edge clock clk)
Path Group: asynchronous
Path Type: min
Corner: Slowest

Fanout     Cap    Slew   Delay    Time   Description
-----------------------------------------------------------------------------
                          0.00    0.00   clock clk (rise edge)
                          0.00    0.00   clock network delay (propagated)
                          2.00    2.00 v input external delay
                  0.02    0.01    2.01 v rst (in)
     2    0.00                           rst (net)
                  0.02    0.00    2.01 v input1/A (sky130_fd_sc_hd__buf_1)
                  0.14    0.20    2.21 v input1/X (sky130_fd_sc_hd__buf_1)
     1    0.01                           net1 (net)
                  0.14    0.00    2.21 v _356_/A (sky130_fd_sc_hd__clkbuf_4)
                  0.18    0.37    2.58 v _356_/X (sky130_fd_sc_hd__clkbuf_4)
     9    0.05                           _200_ (net)
                  0.18    0.01    2.59 v _379_/A (sky130_fd_sc_hd__buf_4)
                  0.19    0.41    2.99 v _379_/X (sky130_fd_sc_hd__buf_4)
    20    0.08                           _203_ (net)
                  0.19    0.01    3.00 v _381_/A (sky130_fd_sc_hd__inv_2)
                  0.07    0.11    3.11 ^ _381_/Y (sky130_fd_sc_hd__inv_2)
     1    0.00                           _021_ (net)
                  0.07    0.00    3.11 ^ _427_/RESET_B (sky130_fd_sc_hd__dfrtp_1)
                                  3.11   data arrival time

                          0.00    0.00   clock clk (rise edge)
                          0.00    0.00   clock source latency
                  0.16    0.11    0.11 ^ clk (in)
     2    0.02                           clk (net)
                  0.16    0.00    0.11 ^ clkbuf_0_clk/A (sky130_fd_sc_hd__clkbuf_16)
                  0.10    0.31    0.42 ^ clkbuf_0_clk/X (sky130_fd_sc_hd__clkbuf_16)
     4    0.05                           clknet_0_clk (net)
                  0.10    0.00    0.43 ^ clkbuf_2_3__f_clk/A (sky130_fd_sc_hd__clkbuf_16)
                  0.08    0.26    0.69 ^ clkbuf_2_3__f_clk/X (sky130_fd_sc_hd__clkbuf_16)
     8    0.03                           clknet_2_3__leaf_clk (net)
                  0.08    0.00    0.69 ^ _427_/CLK (sky130_fd_sc_hd__dfrtp_1)
                          0.25    0.94   clock uncertainty
                          0.00    0.94   clock reconvergence pessimism
                          0.66    1.60   library removal time
                                  1.60   data required time
-----------------------------------------------------------------------------
                                  1.60   data required time
                                 -3.11   data arrival time
-----------------------------------------------------------------------------
                                  1.52   slack (MET)


Startpoint: rst (input port clocked by clk)
Endpoint: _426_ (removal check against rising-edge clock clk)
Path Group: asynchronous
Path Type: min
Corner: Slowest

Fanout     Cap    Slew   Delay    Time   Description
-----------------------------------------------------------------------------
                          0.00    0.00   clock clk (rise edge)
                          0.00    0.00   clock network delay (propagated)
                          2.00    2.00 v input external delay
                  0.02    0.01    2.01 v rst (in)
     2    0.00                           rst (net)
                  0.02    0.00    2.01 v input1/A (sky130_fd_sc_hd__buf_1)
                  0.14    0.20    2.21 v input1/X (sky130_fd_sc_hd__buf_1)
     1    0.01                           net1 (net)
                  0.14    0.00    2.21 v _356_/A (sky130_fd_sc_hd__clkbuf_4)
                  0.18    0.37    2.58 v _356_/X (sky130_fd_sc_hd__clkbuf_4)
     9    0.05                           _200_ (net)
                  0.18    0.01    2.59 v _379_/A (sky130_fd_sc_hd__buf_4)
                  0.19    0.41    2.99 v _379_/X (sky130_fd_sc_hd__buf_4)
    20    0.08                           _203_ (net)
                  0.19    0.01    3.00 v _380_/A (sky130_fd_sc_hd__inv_2)
                  0.07    0.12    3.12 ^ _380_/Y (sky130_fd_sc_hd__inv_2)
     1    0.01                           _020_ (net)
                  0.07    0.00    3.12 ^ _426_/RESET_B (sky130_fd_sc_hd__dfrtp_1)
                                  3.12   data arrival time

                          0.00    0.00   clock clk (rise edge)
                          0.00    0.00   clock source latency
                  0.16    0.11    0.11 ^ clk (in)
     2    0.02                           clk (net)
                  0.16    0.00    0.11 ^ clkbuf_0_clk/A (sky130_fd_sc_hd__clkbuf_16)
                  0.10    0.31    0.42 ^ clkbuf_0_clk/X (sky130_fd_sc_hd__clkbuf_16)
     4    0.05                           clknet_0_clk (net)
                  0.10    0.00    0.43 ^ clkbuf_2_3__f_clk/A (sky130_fd_sc_hd__clkbuf_16)
                  0.08    0.26    0.69 ^ clkbuf_2_3__f_clk/X (sky130_fd_sc_hd__clkbuf_16)
     8    0.03                           clknet_2_3__leaf_clk (net)
                  0.08    0.00    0.69 ^ _426_/CLK (sky130_fd_sc_hd__dfrtp_1)
                          0.25    0.94   clock uncertainty
                          0.00    0.94   clock reconvergence pessimism
                          0.66    1.60   library removal time
                                  1.60   data required time
-----------------------------------------------------------------------------
                                  1.60   data required time
                                 -3.12   data arrival time
-----------------------------------------------------------------------------
                                  1.52   slack (MET)


Startpoint: _417_ (rising edge-triggered flip-flop clocked by clk)
Endpoint: _435_ (rising edge-triggered flip-flop clocked by clk)
Path Group: clk
Path Type: min
Corner: Slowest

Fanout     Cap    Slew   Delay    Time   Description
-----------------------------------------------------------------------------
                          0.00    0.00   clock clk (rise edge)
                          0.00    0.00   clock source latency
                  0.16    0.10    0.10 ^ clk (in)
     2    0.02                           clk (net)
                  0.16    0.00    0.10 ^ clkbuf_0_clk/A (sky130_fd_sc_hd__clkbuf_16)
                  0.10    0.28    0.38 ^ clkbuf_0_clk/X (sky130_fd_sc_hd__clkbuf_16)
     4    0.05                           clknet_0_clk (net)
                  0.10    0.00    0.39 ^ clkbuf_2_2__f_clk/A (sky130_fd_sc_hd__clkbuf_16)
                  0.08    0.24    0.63 ^ clkbuf_2_2__f_clk/X (sky130_fd_sc_hd__clkbuf_16)
    11    0.03                           clknet_2_2__leaf_clk (net)
                  0.08    0.00    0.63 ^ _417_/CLK (sky130_fd_sc_hd__dfrtp_4)
                  0.17    0.85    1.48 ^ _417_/Q (sky130_fd_sc_hd__dfrtp_4)
     7    0.02                           rx_inst.state[0] (net)
                  0.17    0.00    1.48 ^ _271_/A_N (sky130_fd_sc_hd__and4bb_1)
                  0.12    0.44    1.92 v _271_/X (sky130_fd_sc_hd__and4bb_1)
     3    0.01                           _141_ (net)
                  0.12    0.00    1.92 v _272_/B (sky130_fd_sc_hd__nand2_1)
                  0.09    0.13    2.05 ^ _272_/Y (sky130_fd_sc_hd__nand2_1)
     1    0.00                           _142_ (net)
                  0.09    0.00    2.05 ^ _273_/S (sky130_fd_sc_hd__mux2_1)
                  0.09    0.26    2.30 ^ _273_/X (sky130_fd_sc_hd__mux2_1)
     1    0.00                           _143_ (net)
                  0.09    0.00    2.30 ^ _274_/A (sky130_fd_sc_hd__clkbuf_1)
                  0.06    0.14    2.45 ^ _274_/X (sky130_fd_sc_hd__clkbuf_1)
     1    0.00                           _074_ (net)
                  0.06    0.00    2.45 ^ _435_/D (sky130_fd_sc_hd__dfrtp_1)
                                  2.45   data arrival time

                          0.00    0.00   clock clk (rise edge)
                          0.00    0.00   clock source latency
                  0.16    0.11    0.11 ^ clk (in)
     2    0.02                           clk (net)
                  0.16    0.00    0.11 ^ clkbuf_0_clk/A (sky130_fd_sc_hd__clkbuf_16)
                  0.10    0.31    0.42 ^ clkbuf_0_clk/X (sky130_fd_sc_hd__clkbuf_16)
     4    0.05                           clknet_0_clk (net)
                  0.10    0.00    0.43 ^ clkbuf_2_0__f_clk/A (sky130_fd_sc_hd__clkbuf_16)
                  0.09    0.27    0.70 ^ clkbuf_2_0__f_clk/X (sky130_fd_sc_hd__clkbuf_16)
    11    0.04                           clknet_2_0__leaf_clk (net)
                  0.09    0.00    0.70 ^ _435_/CLK (sky130_fd_sc_hd__dfrtp_1)
                          0.25    0.95   clock uncertainty
                         -0.04    0.91   clock reconvergence pessimism
                         -0.07    0.84   library hold time
                                  0.84   data required time
-----------------------------------------------------------------------------
                                  0.84   data required time
                                 -2.45   data arrival time
-----------------------------------------------------------------------------
                                  1.61   slack (MET)


Startpoint: rst (input port clocked by clk)
Endpoint: _420_ (removal check against rising-edge clock clk)
Path Group: asynchronous
Path Type: min
Corner: Slowest

Fanout     Cap    Slew   Delay    Time   Description
-----------------------------------------------------------------------------
                          0.00    0.00   clock clk (rise edge)
                          0.00    0.00   clock network delay (propagated)
                          2.00    2.00 v input external delay
                  0.02    0.01    2.01 v rst (in)
     2    0.00                           rst (net)
                  0.02    0.00    2.01 v input1/A (sky130_fd_sc_hd__buf_1)
                  0.14    0.20    2.21 v input1/X (sky130_fd_sc_hd__buf_1)
     1    0.01                           net1 (net)
                  0.14    0.00    2.21 v _356_/A (sky130_fd_sc_hd__clkbuf_4)
                  0.18    0.37    2.58 v _356_/X (sky130_fd_sc_hd__clkbuf_4)
     9    0.05                           _200_ (net)
                  0.18    0.01    2.59 v _368_/A (sky130_fd_sc_hd__buf_4)
                  0.15    0.38    2.97 v _368_/X (sky130_fd_sc_hd__buf_4)
    10    0.06                           _202_ (net)
                  0.15    0.00    2.97 v _373_/A (sky130_fd_sc_hd__inv_2)
                  0.06    0.10    3.07 ^ _373_/Y (sky130_fd_sc_hd__inv_2)
     1    0.00                           _014_ (net)
                  0.06    0.00    3.07 ^ _420_/SET_B (sky130_fd_sc_hd__dfstp_1)
                                  3.07   data arrival time

                          0.00    0.00   clock clk (rise edge)
                          0.00    0.00   clock source latency
                  0.16    0.11    0.11 ^ clk (in)
     2    0.02                           clk (net)
                  0.16    0.00    0.11 ^ clkbuf_0_clk/A (sky130_fd_sc_hd__clkbuf_16)
                  0.10    0.31    0.42 ^ clkbuf_0_clk/X (sky130_fd_sc_hd__clkbuf_16)
     4    0.05                           clknet_0_clk (net)
                  0.10    0.00    0.43 ^ clkbuf_2_2__f_clk/A (sky130_fd_sc_hd__clkbuf_16)
                  0.08    0.27    0.69 ^ clkbuf_2_2__f_clk/X (sky130_fd_sc_hd__clkbuf_16)
    11    0.03                           clknet_2_2__leaf_clk (net)
                  0.08    0.00    0.69 ^ _420_/CLK (sky130_fd_sc_hd__dfstp_1)
                          0.25    0.94   clock uncertainty
                          0.00    0.94   clock reconvergence pessimism
                          0.31    1.25   library removal time
                                  1.25   data required time
-----------------------------------------------------------------------------
                                  1.25   data required time
                                 -3.07   data arrival time
-----------------------------------------------------------------------------
                                  1.82   slack (MET)


Startpoint: _434_ (rising edge-triggered flip-flop clocked by clk)
Endpoint: rx_data[2] (output port clocked by clk)
Path Group: clk
Path Type: min
Corner: Slowest

Fanout     Cap    Slew   Delay    Time   Description
-----------------------------------------------------------------------------
                          0.00    0.00   clock clk (rise edge)
                          0.00    0.00   clock source latency
                  0.16    0.10    0.10 ^ clk (in)
     2    0.02                           clk (net)
                  0.16    0.00    0.10 ^ clkbuf_0_clk/A (sky130_fd_sc_hd__clkbuf_16)
                  0.10    0.28    0.38 ^ clkbuf_0_clk/X (sky130_fd_sc_hd__clkbuf_16)
     4    0.05                           clknet_0_clk (net)
                  0.10    0.00    0.39 ^ clkbuf_2_0__f_clk/A (sky130_fd_sc_hd__clkbuf_16)
                  0.09    0.25    0.63 ^ clkbuf_2_0__f_clk/X (sky130_fd_sc_hd__clkbuf_16)
    11    0.04                           clknet_2_0__leaf_clk (net)
                  0.09    0.00    0.63 ^ _434_/CLK (sky130_fd_sc_hd__dfrtp_1)
                  0.14    0.67    1.30 ^ _434_/Q (sky130_fd_sc_hd__dfrtp_1)
     2    0.01                           net13 (net)
                  0.14    0.00    1.30 ^ output13/A (sky130_fd_sc_hd__clkbuf_4)
                  0.18    0.34    1.64 ^ output13/X (sky130_fd_sc_hd__clkbuf_4)
     1    0.03                           rx_data[2] (net)
                  0.18    0.00    1.65 ^ rx_data[2] (out)
                                  1.65   data arrival time

                          0.00    0.00   clock clk (rise edge)
                          0.00    0.00   clock network delay (propagated)
                          0.25    0.25   clock uncertainty
                          0.00    0.25   clock reconvergence pessimism
                         -2.00   -1.75   output external delay
                                 -1.75   data required time
-----------------------------------------------------------------------------
                                 -1.75   data required time
                                 -1.65   data arrival time
-----------------------------------------------------------------------------
                                  3.40   slack (MET)


Startpoint: _435_ (rising edge-triggered flip-flop clocked by clk)
Endpoint: rx_data[3] (output port clocked by clk)
Path Group: clk
Path Type: min
Corner: Slowest

Fanout     Cap    Slew   Delay    Time   Description
-----------------------------------------------------------------------------
                          0.00    0.00   clock clk (rise edge)
                          0.00    0.00   clock source latency
                  0.16    0.10    0.10 ^ clk (in)
     2    0.02                           clk (net)
                  0.16    0.00    0.10 ^ clkbuf_0_clk/A (sky130_fd_sc_hd__clkbuf_16)
                  0.10    0.28    0.38 ^ clkbuf_0_clk/X (sky130_fd_sc_hd__clkbuf_16)
     4    0.05                           clknet_0_clk (net)
                  0.10    0.00    0.39 ^ clkbuf_2_0__f_clk/A (sky130_fd_sc_hd__clkbuf_16)
                  0.09    0.25    0.63 ^ clkbuf_2_0__f_clk/X (sky130_fd_sc_hd__clkbuf_16)
    11    0.04                           clknet_2_0__leaf_clk (net)
                  0.09    0.00    0.63 ^ _435_/CLK (sky130_fd_sc_hd__dfrtp_1)
                  0.15    0.68    1.31 ^ _435_/Q (sky130_fd_sc_hd__dfrtp_1)
     2    0.01                           net14 (net)
                  0.15    0.00    1.31 ^ output14/A (sky130_fd_sc_hd__clkbuf_4)
                  0.18    0.35    1.66 ^ output14/X (sky130_fd_sc_hd__clkbuf_4)
     1    0.03                           rx_data[3] (net)
                  0.18    0.00    1.66 ^ rx_data[3] (out)
                                  1.66   data arrival time

                          0.00    0.00   clock clk (rise edge)
                          0.00    0.00   clock network delay (propagated)
                          0.25    0.25   clock uncertainty
                          0.00    0.25   clock reconvergence pessimism
                         -2.00   -1.75   output external delay
                                 -1.75   data required time
-----------------------------------------------------------------------------
                                 -1.75   data required time
                                 -1.66   data arrival time
-----------------------------------------------------------------------------
                                  3.41   slack (MET)


Startpoint: _439_ (rising edge-triggered flip-flop clocked by clk)
Endpoint: rx_data[7] (output port clocked by clk)
Path Group: clk
Path Type: min
Corner: Slowest

Fanout     Cap    Slew   Delay    Time   Description
-----------------------------------------------------------------------------
                          0.00    0.00   clock clk (rise edge)
                          0.00    0.00   clock source latency
                  0.16    0.10    0.10 ^ clk (in)
     2    0.02                           clk (net)
                  0.16    0.00    0.10 ^ clkbuf_0_clk/A (sky130_fd_sc_hd__clkbuf_16)
                  0.10    0.28    0.38 ^ clkbuf_0_clk/X (sky130_fd_sc_hd__clkbuf_16)
     4    0.05                           clknet_0_clk (net)
                  0.10    0.00    0.39 ^ clkbuf_2_0__f_clk/A (sky130_fd_sc_hd__clkbuf_16)
                  0.09    0.25    0.63 ^ clkbuf_2_0__f_clk/X (sky130_fd_sc_hd__clkbuf_16)
    11    0.04                           clknet_2_0__leaf_clk (net)
                  0.09    0.00    0.63 ^ _439_/CLK (sky130_fd_sc_hd__dfrtp_1)
                  0.17    0.69    1.33 ^ _439_/Q (sky130_fd_sc_hd__dfrtp_1)
     2    0.01                           net18 (net)
                  0.17    0.00    1.33 ^ output18/A (sky130_fd_sc_hd__clkbuf_4)
                  0.18    0.36    1.68 ^ output18/X (sky130_fd_sc_hd__clkbuf_4)
     1    0.03                           rx_data[7] (net)
                  0.18    0.00    1.69 ^ rx_data[7] (out)
                                  1.69   data arrival time

                          0.00    0.00   clock clk (rise edge)
                          0.00    0.00   clock network delay (propagated)
                          0.25    0.25   clock uncertainty
                          0.00    0.25   clock reconvergence pessimism
                         -2.00   -1.75   output external delay
                                 -1.75   data required time
-----------------------------------------------------------------------------
                                 -1.75   data required time
                                 -1.69   data arrival time
-----------------------------------------------------------------------------
                                  3.44   slack (MET)


Startpoint: _421_ (rising edge-triggered flip-flop clocked by clk)
Endpoint: rx_done (output port clocked by clk)
Path Group: clk
Path Type: min
Corner: Slowest

Fanout     Cap    Slew   Delay    Time   Description
-----------------------------------------------------------------------------
                          0.00    0.00   clock clk (rise edge)
                          0.00    0.00   clock source latency
                  0.16    0.10    0.10 ^ clk (in)
     2    0.02                           clk (net)
                  0.16    0.00    0.10 ^ clkbuf_0_clk/A (sky130_fd_sc_hd__clkbuf_16)
                  0.10    0.28    0.38 ^ clkbuf_0_clk/X (sky130_fd_sc_hd__clkbuf_16)
     4    0.05                           clknet_0_clk (net)
                  0.10    0.00    0.39 ^ clkbuf_2_0__f_clk/A (sky130_fd_sc_hd__clkbuf_16)
                  0.09    0.25    0.63 ^ clkbuf_2_0__f_clk/X (sky130_fd_sc_hd__clkbuf_16)
    11    0.04                           clknet_2_0__leaf_clk (net)
                  0.09    0.00    0.64 ^ _421_/CLK (sky130_fd_sc_hd__dfrtp_1)
                  0.19    0.71    1.34 ^ _421_/Q (sky130_fd_sc_hd__dfrtp_1)
     2    0.01                           net19 (net)
                  0.19    0.00    1.34 ^ output19/A (sky130_fd_sc_hd__clkbuf_4)
                  0.18    0.36    1.70 ^ output19/X (sky130_fd_sc_hd__clkbuf_4)
     1    0.03                           rx_done (net)
                  0.18    0.00    1.70 ^ rx_done (out)
                                  1.70   data arrival time

                          0.00    0.00   clock clk (rise edge)
                          0.00    0.00   clock network delay (propagated)
                          0.25    0.25   clock uncertainty
                          0.00    0.25   clock reconvergence pessimism
                         -2.00   -1.75   output external delay
                                 -1.75   data required time
-----------------------------------------------------------------------------
                                 -1.75   data required time
                                 -1.70   data arrival time
-----------------------------------------------------------------------------
                                  3.45   slack (MET)


Startpoint: _419_ (rising edge-triggered flip-flop clocked by clk)
Endpoint: tx_busy (output port clocked by clk)
Path Group: clk
Path Type: min
Corner: Slowest

Fanout     Cap    Slew   Delay    Time   Description
-----------------------------------------------------------------------------
                          0.00    0.00   clock clk (rise edge)
                          0.00    0.00   clock source latency
                  0.16    0.10    0.10 ^ clk (in)
     2    0.02                           clk (net)
                  0.16    0.00    0.10 ^ clkbuf_0_clk/A (sky130_fd_sc_hd__clkbuf_16)
                  0.10    0.28    0.38 ^ clkbuf_0_clk/X (sky130_fd_sc_hd__clkbuf_16)
     4    0.05                           clknet_0_clk (net)
                  0.10    0.00    0.39 ^ clkbuf_2_2__f_clk/A (sky130_fd_sc_hd__clkbuf_16)
                  0.08    0.24    0.63 ^ clkbuf_2_2__f_clk/X (sky130_fd_sc_hd__clkbuf_16)
    11    0.03                           clknet_2_2__leaf_clk (net)
                  0.08    0.00    0.63 ^ _419_/CLK (sky130_fd_sc_hd__dfrtp_1)
                  0.21    0.73    1.35 ^ _419_/Q (sky130_fd_sc_hd__dfrtp_1)
     2    0.01                           net20 (net)
                  0.21    0.00    1.35 ^ output20/A (sky130_fd_sc_hd__clkbuf_4)
                  0.18    0.37    1.73 ^ output20/X (sky130_fd_sc_hd__clkbuf_4)
     1    0.03                           tx_busy (net)
                  0.18    0.00    1.73 ^ tx_busy (out)
                                  1.73   data arrival time

                          0.00    0.00   clock clk (rise edge)
                          0.00    0.00   clock network delay (propagated)
                          0.25    0.25   clock uncertainty
                          0.00    0.25   clock reconvergence pessimism
                         -2.00   -1.75   output external delay
                                 -1.75   data required time
-----------------------------------------------------------------------------
                                 -1.75   data required time
                                 -1.73   data arrival time
-----------------------------------------------------------------------------
                                  3.48   slack (MET)


Startpoint: _437_ (rising edge-triggered flip-flop clocked by clk)
Endpoint: rx_data[5] (output port clocked by clk)
Path Group: clk
Path Type: min
Corner: Slowest

Fanout     Cap    Slew   Delay    Time   Description
-----------------------------------------------------------------------------
                          0.00    0.00   clock clk (rise edge)
                          0.00    0.00   clock source latency
                  0.16    0.10    0.10 ^ clk (in)
     2    0.02                           clk (net)
                  0.16    0.00    0.10 ^ clkbuf_0_clk/A (sky130_fd_sc_hd__clkbuf_16)
                  0.10    0.28    0.38 ^ clkbuf_0_clk/X (sky130_fd_sc_hd__clkbuf_16)
     4    0.05                           clknet_0_clk (net)
                  0.10    0.00    0.39 ^ clkbuf_2_0__f_clk/A (sky130_fd_sc_hd__clkbuf_16)
                  0.09    0.25    0.63 ^ clkbuf_2_0__f_clk/X (sky130_fd_sc_hd__clkbuf_16)
    11    0.04                           clknet_2_0__leaf_clk (net)
                  0.09    0.00    0.63 ^ _437_/CLK (sky130_fd_sc_hd__dfrtp_1)
                  0.22    0.73    1.37 ^ _437_/Q (sky130_fd_sc_hd__dfrtp_1)
     2    0.01                           net16 (net)
                  0.22    0.00    1.37 ^ output16/A (sky130_fd_sc_hd__clkbuf_4)
                  0.18    0.38    1.75 ^ output16/X (sky130_fd_sc_hd__clkbuf_4)
     1    0.03                           rx_data[5] (net)
                  0.18    0.00    1.75 ^ rx_data[5] (out)
                                  1.75   data arrival time

                          0.00    0.00   clock clk (rise edge)
                          0.00    0.00   clock network delay (propagated)
                          0.25    0.25   clock uncertainty
                          0.00    0.25   clock reconvergence pessimism
                         -2.00   -1.75   output external delay
                                 -1.75   data required time
-----------------------------------------------------------------------------
                                 -1.75   data required time
                                 -1.75   data arrival time
-----------------------------------------------------------------------------
                                  3.50   slack (MET)


Startpoint: _433_ (rising edge-triggered flip-flop clocked by clk)
Endpoint: rx_data[1] (output port clocked by clk)
Path Group: clk
Path Type: min
Corner: Slowest

Fanout     Cap    Slew   Delay    Time   Description
-----------------------------------------------------------------------------
                          0.00    0.00   clock clk (rise edge)
                          0.00    0.00   clock source latency
                  0.16    0.10    0.10 ^ clk (in)
     2    0.02                           clk (net)
                  0.16    0.00    0.10 ^ clkbuf_0_clk/A (sky130_fd_sc_hd__clkbuf_16)
                  0.10    0.28    0.38 ^ clkbuf_0_clk/X (sky130_fd_sc_hd__clkbuf_16)
     4    0.05                           clknet_0_clk (net)
                  0.10    0.00    0.39 ^ clkbuf_2_1__f_clk/A (sky130_fd_sc_hd__clkbuf_16)
                  0.10    0.26    0.65 ^ clkbuf_2_1__f_clk/X (sky130_fd_sc_hd__clkbuf_16)
    15    0.05                           clknet_2_1__leaf_clk (net)
                  0.10    0.00    0.65 ^ _433_/CLK (sky130_fd_sc_hd__dfrtp_1)
                  0.28    0.78    1.43 ^ _433_/Q (sky130_fd_sc_hd__dfrtp_1)
     4    0.02                           net12 (net)
                  0.28    0.00    1.43 ^ output12/A (sky130_fd_sc_hd__clkbuf_4)
                  0.18    0.40    1.83 ^ output12/X (sky130_fd_sc_hd__clkbuf_4)
     1    0.03                           rx_data[1] (net)
                  0.18    0.00    1.83 ^ rx_data[1] (out)
                                  1.83   data arrival time

                          0.00    0.00   clock clk (rise edge)
                          0.00    0.00   clock network delay (propagated)
                          0.25    0.25   clock uncertainty
                          0.00    0.25   clock reconvergence pessimism
                         -2.00   -1.75   output external delay
                                 -1.75   data required time
-----------------------------------------------------------------------------
                                 -1.75   data required time
                                 -1.83   data arrival time
-----------------------------------------------------------------------------
                                  3.58   slack (MET)


Startpoint: _432_ (rising edge-triggered flip-flop clocked by clk)
Endpoint: rx_data[0] (output port clocked by clk)
Path Group: clk
Path Type: min
Corner: Slowest

Fanout     Cap    Slew   Delay    Time   Description
-----------------------------------------------------------------------------
                          0.00    0.00   clock clk (rise edge)
                          0.00    0.00   clock source latency
                  0.16    0.10    0.10 ^ clk (in)
     2    0.02                           clk (net)
                  0.16    0.00    0.10 ^ clkbuf_0_clk/A (sky130_fd_sc_hd__clkbuf_16)
                  0.10    0.28    0.38 ^ clkbuf_0_clk/X (sky130_fd_sc_hd__clkbuf_16)
     4    0.05                           clknet_0_clk (net)
                  0.10    0.00    0.39 ^ clkbuf_2_1__f_clk/A (sky130_fd_sc_hd__clkbuf_16)
                  0.10    0.26    0.65 ^ clkbuf_2_1__f_clk/X (sky130_fd_sc_hd__clkbuf_16)
    15    0.05                           clknet_2_1__leaf_clk (net)
                  0.10    0.00    0.65 ^ _432_/CLK (sky130_fd_sc_hd__dfrtp_2)
                  0.23    0.81    1.46 ^ _432_/Q (sky130_fd_sc_hd__dfrtp_2)
     4    0.03                           net11 (net)
                  0.23    0.00    1.46 ^ output11/A (sky130_fd_sc_hd__clkbuf_4)
                  0.18    0.38    1.84 ^ output11/X (sky130_fd_sc_hd__clkbuf_4)
     1    0.03                           rx_data[0] (net)
                  0.18    0.00    1.84 ^ rx_data[0] (out)
                                  1.84   data arrival time

                          0.00    0.00   clock clk (rise edge)
                          0.00    0.00   clock network delay (propagated)
                          0.25    0.25   clock uncertainty
                          0.00    0.25   clock reconvergence pessimism
                         -2.00   -1.75   output external delay
                                 -1.75   data required time
-----------------------------------------------------------------------------
                                 -1.75   data required time
                                 -1.84   data arrival time
-----------------------------------------------------------------------------
                                  3.59   slack (MET)


Startpoint: _438_ (rising edge-triggered flip-flop clocked by clk)
Endpoint: rx_data[6] (output port clocked by clk)
Path Group: clk
Path Type: min
Corner: Slowest

Fanout     Cap    Slew   Delay    Time   Description
-----------------------------------------------------------------------------
                          0.00    0.00   clock clk (rise edge)
                          0.00    0.00   clock source latency
                  0.16    0.10    0.10 ^ clk (in)
     2    0.02                           clk (net)
                  0.16    0.00    0.10 ^ clkbuf_0_clk/A (sky130_fd_sc_hd__clkbuf_16)
                  0.10    0.28    0.38 ^ clkbuf_0_clk/X (sky130_fd_sc_hd__clkbuf_16)
     4    0.05                           clknet_0_clk (net)
                  0.10    0.00    0.39 ^ clkbuf_2_1__f_clk/A (sky130_fd_sc_hd__clkbuf_16)
                  0.10    0.26    0.65 ^ clkbuf_2_1__f_clk/X (sky130_fd_sc_hd__clkbuf_16)
    15    0.05                           clknet_2_1__leaf_clk (net)
                  0.10    0.00    0.65 ^ _438_/CLK (sky130_fd_sc_hd__dfrtp_2)
                  0.23    0.81    1.45 ^ _438_/Q (sky130_fd_sc_hd__dfrtp_2)
     4    0.03                           net17 (net)
                  0.23    0.00    1.46 ^ output17/A (sky130_fd_sc_hd__buf_2)
                  0.27    0.40    1.85 ^ output17/X (sky130_fd_sc_hd__buf_2)
     1    0.03                           rx_data[6] (net)
                  0.27    0.00    1.85 ^ rx_data[6] (out)
                                  1.85   data arrival time

                          0.00    0.00   clock clk (rise edge)
                          0.00    0.00   clock network delay (propagated)
                          0.25    0.25   clock uncertainty
                          0.00    0.25   clock reconvergence pessimism
                         -2.00   -1.75   output external delay
                                 -1.75   data required time
-----------------------------------------------------------------------------
                                 -1.75   data required time
                                 -1.85   data arrival time
-----------------------------------------------------------------------------
                                  3.60   slack (MET)


Startpoint: _436_ (rising edge-triggered flip-flop clocked by clk)
Endpoint: rx_data[4] (output port clocked by clk)
Path Group: clk
Path Type: min
Corner: Slowest

Fanout     Cap    Slew   Delay    Time   Description
-----------------------------------------------------------------------------
                          0.00    0.00   clock clk (rise edge)
                          0.00    0.00   clock source latency
                  0.16    0.10    0.10 ^ clk (in)
     2    0.02                           clk (net)
                  0.16    0.00    0.10 ^ clkbuf_0_clk/A (sky130_fd_sc_hd__clkbuf_16)
                  0.10    0.28    0.38 ^ clkbuf_0_clk/X (sky130_fd_sc_hd__clkbuf_16)
     4    0.05                           clknet_0_clk (net)
                  0.10    0.00    0.39 ^ clkbuf_2_0__f_clk/A (sky130_fd_sc_hd__clkbuf_16)
                  0.09    0.25    0.63 ^ clkbuf_2_0__f_clk/X (sky130_fd_sc_hd__clkbuf_16)
    11    0.04                           clknet_2_0__leaf_clk (net)
                  0.09    0.00    0.63 ^ _436_/CLK (sky130_fd_sc_hd__dfrtp_1)
                  0.32    0.80    1.44 ^ _436_/Q (sky130_fd_sc_hd__dfrtp_1)
     4    0.02                           net15 (net)
                  0.32    0.00    1.44 ^ output15/A (sky130_fd_sc_hd__buf_2)
                  0.27    0.43    1.86 ^ output15/X (sky130_fd_sc_hd__buf_2)
     1    0.03                           rx_data[4] (net)
                  0.27    0.00    1.87 ^ rx_data[4] (out)
                                  1.87   data arrival time

                          0.00    0.00   clock clk (rise edge)
                          0.00    0.00   clock network delay (propagated)
                          0.25    0.25   clock uncertainty
                          0.00    0.25   clock reconvergence pessimism
                         -2.00   -1.75   output external delay
                                 -1.75   data required time
-----------------------------------------------------------------------------
                                 -1.75   data required time
                                 -1.87   data arrival time
-----------------------------------------------------------------------------
                                  3.62   slack (MET)



======================= Typical Corner ===================================

Startpoint: _406_ (rising edge-triggered flip-flop clocked by clk)
Endpoint: _406_ (rising edge-triggered flip-flop clocked by clk)
Path Group: clk
Path Type: min
Corner: Typical

Fanout     Cap    Slew   Delay    Time   Description
-----------------------------------------------------------------------------
                          0.00    0.00   clock clk (rise edge)
                          0.00    0.00   clock source latency
                  0.10    0.07    0.07 ^ clk (in)
     2    0.02                           clk (net)
                  0.10    0.00    0.07 ^ clkbuf_0_clk/A (sky130_fd_sc_hd__clkbuf_16)
                  0.07    0.16    0.22 ^ clkbuf_0_clk/X (sky130_fd_sc_hd__clkbuf_16)
     4    0.05                           clknet_0_clk (net)
                  0.07    0.00    0.22 ^ clkbuf_2_3__f_clk/A (sky130_fd_sc_hd__clkbuf_16)
                  0.05    0.13    0.36 ^ clkbuf_2_3__f_clk/X (sky130_fd_sc_hd__clkbuf_16)
     8    0.03                           clknet_2_3__leaf_clk (net)
                  0.05    0.00    0.36 ^ _406_/CLK (sky130_fd_sc_hd__dfrtp_2)
                  0.09    0.42    0.78 v _406_/Q (sky130_fd_sc_hd__dfrtp_2)
     5    0.02                           tx_inst.bit_index[0] (net)
                  0.09    0.00    0.79 v _350_/A (sky130_fd_sc_hd__inv_2)
                  0.05    0.07    0.86 ^ _350_/Y (sky130_fd_sc_hd__inv_2)
     2    0.01                           _196_ (net)
                  0.05    0.00    0.86 ^ _355_/A1 (sky130_fd_sc_hd__a21oi_1)
                  0.04    0.05    0.91 v _355_/Y (sky130_fd_sc_hd__a21oi_1)
     1    0.00                           _045_ (net)
                  0.04    0.00    0.91 v _406_/D (sky130_fd_sc_hd__dfrtp_2)
                                  0.91   data arrival time

                          0.00    0.00   clock clk (rise edge)
                          0.00    0.00   clock source latency
                  0.10    0.07    0.07 ^ clk (in)
     2    0.02                           clk (net)
                  0.10    0.00    0.07 ^ clkbuf_0_clk/A (sky130_fd_sc_hd__clkbuf_16)
                  0.07    0.17    0.25 ^ clkbuf_0_clk/X (sky130_fd_sc_hd__clkbuf_16)
     4    0.05                           clknet_0_clk (net)
                  0.07    0.00    0.25 ^ clkbuf_2_3__f_clk/A (sky130_fd_sc_hd__clkbuf_16)
                  0.05    0.15    0.40 ^ clkbuf_2_3__f_clk/X (sky130_fd_sc_hd__clkbuf_16)
     8    0.03                           clknet_2_3__leaf_clk (net)
                  0.05    0.00    0.40 ^ _406_/CLK (sky130_fd_sc_hd__dfrtp_2)
                          0.25    0.65   clock uncertainty
                         -0.04    0.61   clock reconvergence pessimism
                         -0.04    0.57   library hold time
                                  0.57   data required time
-----------------------------------------------------------------------------
                                  0.57   data required time
                                 -0.91   data arrival time
-----------------------------------------------------------------------------
                                  0.34   slack (MET)


Startpoint: _419_ (rising edge-triggered flip-flop clocked by clk)
Endpoint: _419_ (rising edge-triggered flip-flop clocked by clk)
Path Group: clk
Path Type: min
Corner: Typical

Fanout     Cap    Slew   Delay    Time   Description
-----------------------------------------------------------------------------
                          0.00    0.00   clock clk (rise edge)
                          0.00    0.00   clock source latency
                  0.10    0.07    0.07 ^ clk (in)
     2    0.02                           clk (net)
                  0.10    0.00    0.07 ^ clkbuf_0_clk/A (sky130_fd_sc_hd__clkbuf_16)
                  0.07    0.16    0.22 ^ clkbuf_0_clk/X (sky130_fd_sc_hd__clkbuf_16)
     4    0.05                           clknet_0_clk (net)
                  0.07    0.00    0.23 ^ clkbuf_2_2__f_clk/A (sky130_fd_sc_hd__clkbuf_16)
                  0.05    0.14    0.36 ^ clkbuf_2_2__f_clk/X (sky130_fd_sc_hd__clkbuf_16)
    11    0.03                           clknet_2_2__leaf_clk (net)
                  0.05    0.00    0.36 ^ _419_/CLK (sky130_fd_sc_hd__dfrtp_1)
                  0.13    0.37    0.73 ^ _419_/Q (sky130_fd_sc_hd__dfrtp_1)
     2    0.01                           net20 (net)
                  0.13    0.00    0.74 ^ _321_/A0 (sky130_fd_sc_hd__mux2_1)
                  0.04    0.13    0.87 ^ _321_/X (sky130_fd_sc_hd__mux2_1)
     1    0.00                           _175_ (net)
                  0.04    0.00    0.87 ^ _322_/A (sky130_fd_sc_hd__clkbuf_1)
                  0.04    0.07    0.94 ^ _322_/X (sky130_fd_sc_hd__clkbuf_1)
     1    0.00                           _058_ (net)
                  0.04    0.00    0.94 ^ _419_/D (sky130_fd_sc_hd__dfrtp_1)
                                  0.94   data arrival time

                          0.00    0.00   clock clk (rise edge)
                          0.00    0.00   clock source latency
                  0.10    0.07    0.07 ^ clk (in)
     2    0.02                           clk (net)
                  0.10    0.00    0.07 ^ clkbuf_0_clk/A (sky130_fd_sc_hd__clkbuf_16)
                  0.07    0.17    0.25 ^ clkbuf_0_clk/X (sky130_fd_sc_hd__clkbuf_16)
     4    0.05                           clknet_0_clk (net)
                  0.07    0.00    0.25 ^ clkbuf_2_2__f_clk/A (sky130_fd_sc_hd__clkbuf_16)
                  0.05    0.15    0.40 ^ clkbuf_2_2__f_clk/X (sky130_fd_sc_hd__clkbuf_16)
    11    0.03                           clknet_2_2__leaf_clk (net)
                  0.05    0.00    0.40 ^ _419_/CLK (sky130_fd_sc_hd__dfrtp_1)
                          0.25    0.65   clock uncertainty
                         -0.04    0.61   clock reconvergence pessimism
                         -0.03    0.58   library hold time
                                  0.58   data required time
-----------------------------------------------------------------------------
                                  0.58   data required time
                                 -0.94   data arrival time
-----------------------------------------------------------------------------
                                  0.36   slack (MET)


Startpoint: _447_ (rising edge-triggered flip-flop clocked by clk)
Endpoint: _447_ (rising edge-triggered flip-flop clocked by clk)
Path Group: clk
Path Type: min
Corner: Typical

Fanout     Cap    Slew   Delay    Time   Description
-----------------------------------------------------------------------------
                          0.00    0.00   clock clk (rise edge)
                          0.00    0.00   clock source latency
                  0.10    0.07    0.07 ^ clk (in)
     2    0.02                           clk (net)
                  0.10    0.00    0.07 ^ clkbuf_0_clk/A (sky130_fd_sc_hd__clkbuf_16)
                  0.07    0.16    0.22 ^ clkbuf_0_clk/X (sky130_fd_sc_hd__clkbuf_16)
     4    0.05                           clknet_0_clk (net)
                  0.07    0.00    0.23 ^ clkbuf_2_1__f_clk/A (sky130_fd_sc_hd__clkbuf_16)
                  0.07    0.15    0.37 ^ clkbuf_2_1__f_clk/X (sky130_fd_sc_hd__clkbuf_16)
    15    0.05                           clknet_2_1__leaf_clk (net)
                  0.07    0.00    0.38 ^ _447_/CLK (sky130_fd_sc_hd__dfrtp_1)
                  0.12    0.37    0.74 ^ _447_/Q (sky130_fd_sc_hd__dfrtp_1)
     5    0.01                           rx_inst.clk_count[4] (net)
                  0.12    0.00    0.74 ^ _214_/A (sky130_fd_sc_hd__and2_1)
                  0.09    0.16    0.90 ^ _214_/X (sky130_fd_sc_hd__and2_1)
     2    0.01                           _097_ (net)
                  0.09    0.00    0.90 ^ _218_/A (sky130_fd_sc_hd__nor2_1)
                  0.03    0.05    0.95 v _218_/Y (sky130_fd_sc_hd__nor2_1)
     1    0.00                           _086_ (net)
                  0.03    0.00    0.95 v _447_/D (sky130_fd_sc_hd__dfrtp_1)
                                  0.95   data arrival time

                          0.00    0.00   clock clk (rise edge)
                          0.00    0.00   clock source latency
                  0.10    0.07    0.07 ^ clk (in)
     2    0.02                           clk (net)
                  0.10    0.00    0.07 ^ clkbuf_0_clk/A (sky130_fd_sc_hd__clkbuf_16)
                  0.07    0.17    0.25 ^ clkbuf_0_clk/X (sky130_fd_sc_hd__clkbuf_16)
     4    0.05                           clknet_0_clk (net)
                  0.07    0.00    0.25 ^ clkbuf_2_1__f_clk/A (sky130_fd_sc_hd__clkbuf_16)
                  0.07    0.16    0.41 ^ clkbuf_2_1__f_clk/X (sky130_fd_sc_hd__clkbuf_16)
    15    0.05                           clknet_2_1__leaf_clk (net)
                  0.07    0.00    0.41 ^ _447_/CLK (sky130_fd_sc_hd__dfrtp_1)
                          0.25    0.66   clock uncertainty
                         -0.04    0.63   clock reconvergence pessimism
                         -0.03    0.59   library hold time
                                  0.59   data required time
-----------------------------------------------------------------------------
                                  0.59   data required time
                                 -0.95   data arrival time
-----------------------------------------------------------------------------
                                  0.36   slack (MET)


Startpoint: _449_ (rising edge-triggered flip-flop clocked by clk)
Endpoint: _449_ (rising edge-triggered flip-flop clocked by clk)
Path Group: clk
Path Type: min
Corner: Typical

Fanout     Cap    Slew   Delay    Time   Description
-----------------------------------------------------------------------------
                          0.00    0.00   clock clk (rise edge)
                          0.00    0.00   clock source latency
                  0.10    0.07    0.07 ^ clk (in)
     2    0.02                           clk (net)
                  0.10    0.00    0.07 ^ clkbuf_0_clk/A (sky130_fd_sc_hd__clkbuf_16)
                  0.07    0.16    0.22 ^ clkbuf_0_clk/X (sky130_fd_sc_hd__clkbuf_16)
     4    0.05                           clknet_0_clk (net)
                  0.07    0.00    0.23 ^ clkbuf_2_1__f_clk/A (sky130_fd_sc_hd__clkbuf_16)
                  0.07    0.15    0.37 ^ clkbuf_2_1__f_clk/X (sky130_fd_sc_hd__clkbuf_16)
    15    0.05                           clknet_2_1__leaf_clk (net)
                  0.07    0.00    0.37 ^ _449_/CLK (sky130_fd_sc_hd__dfrtp_1)
                  0.10    0.35    0.73 ^ _449_/Q (sky130_fd_sc_hd__dfrtp_1)
     3    0.01                           rx_inst.clk_count[6] (net)
                  0.10    0.00    0.73 ^ _207_/A (sky130_fd_sc_hd__and2_1)
                  0.11    0.17    0.89 ^ _207_/X (sky130_fd_sc_hd__and2_1)
     3    0.01                           _092_ (net)
                  0.11    0.00    0.90 ^ _213_/A (sky130_fd_sc_hd__nor2_1)
                  0.03    0.06    0.95 v _213_/Y (sky130_fd_sc_hd__nor2_1)
     1    0.00                           _088_ (net)
                  0.03    0.00    0.95 v _449_/D (sky130_fd_sc_hd__dfrtp_1)
                                  0.95   data arrival time

                          0.00    0.00   clock clk (rise edge)
                          0.00    0.00   clock source latency
                  0.10    0.07    0.07 ^ clk (in)
     2    0.02                           clk (net)
                  0.10    0.00    0.07 ^ clkbuf_0_clk/A (sky130_fd_sc_hd__clkbuf_16)
                  0.07    0.17    0.25 ^ clkbuf_0_clk/X (sky130_fd_sc_hd__clkbuf_16)
     4    0.05                           clknet_0_clk (net)
                  0.07    0.00    0.25 ^ clkbuf_2_1__f_clk/A (sky130_fd_sc_hd__clkbuf_16)
                  0.07    0.16    0.41 ^ clkbuf_2_1__f_clk/X (sky130_fd_sc_hd__clkbuf_16)
    15    0.05                           clknet_2_1__leaf_clk (net)
                  0.07    0.00    0.41 ^ _449_/CLK (sky130_fd_sc_hd__dfrtp_1)
                          0.25    0.66   clock uncertainty
                         -0.04    0.62   clock reconvergence pessimism
                         -0.03    0.59   library hold time
                                  0.59   data required time
-----------------------------------------------------------------------------
                                  0.59   data required time
                                 -0.95   data arrival time
-----------------------------------------------------------------------------
                                  0.36   slack (MET)


Startpoint: _449_ (rising edge-triggered flip-flop clocked by clk)
Endpoint: _450_ (rising edge-triggered flip-flop clocked by clk)
Path Group: clk
Path Type: min
Corner: Typical

Fanout     Cap    Slew   Delay    Time   Description
-----------------------------------------------------------------------------
                          0.00    0.00   clock clk (rise edge)
                          0.00    0.00   clock source latency
                  0.10    0.07    0.07 ^ clk (in)
     2    0.02                           clk (net)
                  0.10    0.00    0.07 ^ clkbuf_0_clk/A (sky130_fd_sc_hd__clkbuf_16)
                  0.07    0.16    0.22 ^ clkbuf_0_clk/X (sky130_fd_sc_hd__clkbuf_16)
     4    0.05                           clknet_0_clk (net)
                  0.07    0.00    0.23 ^ clkbuf_2_1__f_clk/A (sky130_fd_sc_hd__clkbuf_16)
                  0.07    0.15    0.37 ^ clkbuf_2_1__f_clk/X (sky130_fd_sc_hd__clkbuf_16)
    15    0.05                           clknet_2_1__leaf_clk (net)
                  0.07    0.00    0.37 ^ _449_/CLK (sky130_fd_sc_hd__dfrtp_1)
                  0.10    0.35    0.73 ^ _449_/Q (sky130_fd_sc_hd__dfrtp_1)
     3    0.01                           rx_inst.clk_count[6] (net)
                  0.10    0.00    0.73 ^ _207_/A (sky130_fd_sc_hd__and2_1)
                  0.11    0.17    0.89 ^ _207_/X (sky130_fd_sc_hd__and2_1)
     3    0.01                           _092_ (net)
                  0.11    0.00    0.90 ^ _211_/A2 (sky130_fd_sc_hd__a21oi_1)
                  0.03    0.07    0.97 v _211_/Y (sky130_fd_sc_hd__a21oi_1)
     1    0.00                           _089_ (net)
                  0.03    0.00    0.97 v _450_/D (sky130_fd_sc_hd__dfrtp_1)
                                  0.97   data arrival time

                          0.00    0.00   clock clk (rise edge)
                          0.00    0.00   clock source latency
                  0.10    0.07    0.07 ^ clk (in)
     2    0.02                           clk (net)
                  0.10    0.00    0.07 ^ clkbuf_0_clk/A (sky130_fd_sc_hd__clkbuf_16)
                  0.07    0.17    0.25 ^ clkbuf_0_clk/X (sky130_fd_sc_hd__clkbuf_16)
     4    0.05                           clknet_0_clk (net)
                  0.07    0.00    0.25 ^ clkbuf_2_1__f_clk/A (sky130_fd_sc_hd__clkbuf_16)
                  0.07    0.16    0.41 ^ clkbuf_2_1__f_clk/X (sky130_fd_sc_hd__clkbuf_16)
    15    0.05                           clknet_2_1__leaf_clk (net)
                  0.07    0.00    0.41 ^ _450_/CLK (sky130_fd_sc_hd__dfrtp_1)
                          0.25    0.66   clock uncertainty
                         -0.04    0.63   clock reconvergence pessimism
                         -0.03    0.59   library hold time
                                  0.59   data required time
-----------------------------------------------------------------------------
                                  0.59   data required time
                                 -0.97   data arrival time
-----------------------------------------------------------------------------
                                  0.38   slack (MET)


Startpoint: _442_ (rising edge-triggered flip-flop clocked by clk)
Endpoint: _442_ (rising edge-triggered flip-flop clocked by clk)
Path Group: clk
Path Type: min
Corner: Typical

Fanout     Cap    Slew   Delay    Time   Description
-----------------------------------------------------------------------------
                          0.00    0.00   clock clk (rise edge)
                          0.00    0.00   clock source latency
                  0.10    0.07    0.07 ^ clk (in)
     2    0.02                           clk (net)
                  0.10    0.00    0.07 ^ clkbuf_0_clk/A (sky130_fd_sc_hd__clkbuf_16)
                  0.07    0.16    0.22 ^ clkbuf_0_clk/X (sky130_fd_sc_hd__clkbuf_16)
     4    0.05                           clknet_0_clk (net)
                  0.07    0.00    0.23 ^ clkbuf_2_0__f_clk/A (sky130_fd_sc_hd__clkbuf_16)
                  0.06    0.14    0.36 ^ clkbuf_2_0__f_clk/X (sky130_fd_sc_hd__clkbuf_16)
    11    0.04                           clknet_2_0__leaf_clk (net)
                  0.06    0.00    0.37 ^ _442_/CLK (sky130_fd_sc_hd__dfrtp_2)
                  0.11    0.38    0.75 ^ _442_/Q (sky130_fd_sc_hd__dfrtp_2)
     6    0.02                           rx_inst.bit_index[2] (net)
                  0.11    0.00    0.75 ^ _245_/B1 (sky130_fd_sc_hd__a31o_1)
                  0.04    0.10    0.85 ^ _245_/X (sky130_fd_sc_hd__a31o_1)
     1    0.00                           _122_ (net)
                  0.04    0.00    0.85 ^ _246_/B1 (sky130_fd_sc_hd__o21a_1)
                  0.05    0.11    0.96 ^ _246_/X (sky130_fd_sc_hd__o21a_1)
     1    0.00                           _081_ (net)
                  0.05    0.00    0.96 ^ _442_/D (sky130_fd_sc_hd__dfrtp_2)
                                  0.96   data arrival time

                          0.00    0.00   clock clk (rise edge)
                          0.00    0.00   clock source latency
                  0.10    0.07    0.07 ^ clk (in)
     2    0.02                           clk (net)
                  0.10    0.00    0.07 ^ clkbuf_0_clk/A (sky130_fd_sc_hd__clkbuf_16)
                  0.07    0.17    0.25 ^ clkbuf_0_clk/X (sky130_fd_sc_hd__clkbuf_16)
     4    0.05                           clknet_0_clk (net)
                  0.07    0.00    0.25 ^ clkbuf_2_0__f_clk/A (sky130_fd_sc_hd__clkbuf_16)
                  0.06    0.15    0.40 ^ clkbuf_2_0__f_clk/X (sky130_fd_sc_hd__clkbuf_16)
    11    0.04                           clknet_2_0__leaf_clk (net)
                  0.06    0.00    0.41 ^ _442_/CLK (sky130_fd_sc_hd__dfrtp_2)
                          0.25    0.66   clock uncertainty
                         -0.04    0.62   clock reconvergence pessimism
                         -0.03    0.58   library hold time
                                  0.58   data required time
-----------------------------------------------------------------------------
                                  0.58   data required time
                                 -0.96   data arrival time
-----------------------------------------------------------------------------
                                  0.38   slack (MET)


Startpoint: _437_ (rising edge-triggered flip-flop clocked by clk)
Endpoint: _437_ (rising edge-triggered flip-flop clocked by clk)
Path Group: clk
Path Type: min
Corner: Typical

Fanout     Cap    Slew   Delay    Time   Description
-----------------------------------------------------------------------------
                          0.00    0.00   clock clk (rise edge)
                          0.00    0.00   clock source latency
                  0.10    0.07    0.07 ^ clk (in)
     2    0.02                           clk (net)
                  0.10    0.00    0.07 ^ clkbuf_0_clk/A (sky130_fd_sc_hd__clkbuf_16)
                  0.07    0.16    0.22 ^ clkbuf_0_clk/X (sky130_fd_sc_hd__clkbuf_16)
     4    0.05                           clknet_0_clk (net)
                  0.07    0.00    0.23 ^ clkbuf_2_0__f_clk/A (sky130_fd_sc_hd__clkbuf_16)
                  0.06    0.14    0.36 ^ clkbuf_2_0__f_clk/X (sky130_fd_sc_hd__clkbuf_16)
    11    0.04                           clknet_2_0__leaf_clk (net)
                  0.06    0.00    0.37 ^ _437_/CLK (sky130_fd_sc_hd__dfrtp_1)
                  0.14    0.38    0.74 ^ _437_/Q (sky130_fd_sc_hd__dfrtp_1)
     2    0.01                           net16 (net)
                  0.14    0.00    0.74 ^ _266_/A1 (sky130_fd_sc_hd__mux2_1)
                  0.05    0.15    0.89 ^ _266_/X (sky130_fd_sc_hd__mux2_1)
     1    0.00                           _138_ (net)
                  0.05    0.00    0.89 ^ _267_/A (sky130_fd_sc_hd__clkbuf_1)
                  0.04    0.07    0.96 ^ _267_/X (sky130_fd_sc_hd__clkbuf_1)
     1    0.00                           _076_ (net)
                  0.04    0.00    0.96 ^ _437_/D (sky130_fd_sc_hd__dfrtp_1)
                                  0.96   data arrival time

                          0.00    0.00   clock clk (rise edge)
                          0.00    0.00   clock source latency
                  0.10    0.07    0.07 ^ clk (in)
     2    0.02                           clk (net)
                  0.10    0.00    0.07 ^ clkbuf_0_clk/A (sky130_fd_sc_hd__clkbuf_16)
                  0.07    0.17    0.25 ^ clkbuf_0_clk/X (sky130_fd_sc_hd__clkbuf_16)
     4    0.05                           clknet_0_clk (net)
                  0.07    0.00    0.25 ^ clkbuf_2_0__f_clk/A (sky130_fd_sc_hd__clkbuf_16)
                  0.06    0.15    0.40 ^ clkbuf_2_0__f_clk/X (sky130_fd_sc_hd__clkbuf_16)
    11    0.04                           clknet_2_0__leaf_clk (net)
                  0.06    0.00    0.41 ^ _437_/CLK (sky130_fd_sc_hd__dfrtp_1)
                          0.25    0.66   clock uncertainty
                         -0.04    0.62   clock reconvergence pessimism
                         -0.03    0.58   library hold time
                                  0.58   data required time
-----------------------------------------------------------------------------
                                  0.58   data required time
                                 -0.96   data arrival time
-----------------------------------------------------------------------------
                                  0.38   slack (MET)


Startpoint: _448_ (rising edge-triggered flip-flop clocked by clk)
Endpoint: _448_ (rising edge-triggered flip-flop clocked by clk)
Path Group: clk
Path Type: min
Corner: Typical

Fanout     Cap    Slew   Delay    Time   Description
-----------------------------------------------------------------------------
                          0.00    0.00   clock clk (rise edge)
                          0.00    0.00   clock source latency
                  0.10    0.07    0.07 ^ clk (in)
     2    0.02                           clk (net)
                  0.10    0.00    0.07 ^ clkbuf_0_clk/A (sky130_fd_sc_hd__clkbuf_16)
                  0.07    0.16    0.22 ^ clkbuf_0_clk/X (sky130_fd_sc_hd__clkbuf_16)
     4    0.05                           clknet_0_clk (net)
                  0.07    0.00    0.23 ^ clkbuf_2_1__f_clk/A (sky130_fd_sc_hd__clkbuf_16)
                  0.07    0.15    0.37 ^ clkbuf_2_1__f_clk/X (sky130_fd_sc_hd__clkbuf_16)
    15    0.05                           clknet_2_1__leaf_clk (net)
                  0.07    0.00    0.38 ^ _448_/CLK (sky130_fd_sc_hd__dfrtp_1)
                  0.09    0.34    0.72 ^ _448_/Q (sky130_fd_sc_hd__dfrtp_1)
     3    0.01                           rx_inst.clk_count[5] (net)
                  0.09    0.00    0.72 ^ _206_/A (sky130_fd_sc_hd__and3_1)
                  0.12    0.20    0.92 ^ _206_/X (sky130_fd_sc_hd__and3_1)
     3    0.01                           _091_ (net)
                  0.12    0.00    0.92 ^ _216_/A (sky130_fd_sc_hd__nor2_1)
                  0.03    0.06    0.98 v _216_/Y (sky130_fd_sc_hd__nor2_1)
     1    0.00                           _087_ (net)
                  0.03    0.00    0.98 v _448_/D (sky130_fd_sc_hd__dfrtp_1)
                                  0.98   data arrival time

                          0.00    0.00   clock clk (rise edge)
                          0.00    0.00   clock source latency
                  0.10    0.07    0.07 ^ clk (in)
     2    0.02                           clk (net)
                  0.10    0.00    0.07 ^ clkbuf_0_clk/A (sky130_fd_sc_hd__clkbuf_16)
                  0.07    0.17    0.25 ^ clkbuf_0_clk/X (sky130_fd_sc_hd__clkbuf_16)
     4    0.05                           clknet_0_clk (net)
                  0.07    0.00    0.25 ^ clkbuf_2_1__f_clk/A (sky130_fd_sc_hd__clkbuf_16)
                  0.07    0.16    0.41 ^ clkbuf_2_1__f_clk/X (sky130_fd_sc_hd__clkbuf_16)
    15    0.05                           clknet_2_1__leaf_clk (net)
                  0.07    0.00    0.41 ^ _448_/CLK (sky130_fd_sc_hd__dfrtp_1)
                          0.25    0.66   clock uncertainty
                         -0.04    0.63   clock reconvergence pessimism
                         -0.04    0.59   library hold time
                                  0.59   data required time
-----------------------------------------------------------------------------
                                  0.59   data required time
                                 -0.98   data arrival time
-----------------------------------------------------------------------------
                                  0.39   slack (MET)


Startpoint: _433_ (rising edge-triggered flip-flop clocked by clk)
Endpoint: _433_ (rising edge-triggered flip-flop clocked by clk)
Path Group: clk
Path Type: min
Corner: Typical

Fanout     Cap    Slew   Delay    Time   Description
-----------------------------------------------------------------------------
                          0.00    0.00   clock clk (rise edge)
                          0.00    0.00   clock source latency
                  0.10    0.07    0.07 ^ clk (in)
     2    0.02                           clk (net)
                  0.10    0.00    0.07 ^ clkbuf_0_clk/A (sky130_fd_sc_hd__clkbuf_16)
                  0.07    0.16    0.22 ^ clkbuf_0_clk/X (sky130_fd_sc_hd__clkbuf_16)
     4    0.05                           clknet_0_clk (net)
                  0.07    0.00    0.23 ^ clkbuf_2_1__f_clk/A (sky130_fd_sc_hd__clkbuf_16)
                  0.07    0.15    0.37 ^ clkbuf_2_1__f_clk/X (sky130_fd_sc_hd__clkbuf_16)
    15    0.05                           clknet_2_1__leaf_clk (net)
                  0.07    0.00    0.38 ^ _433_/CLK (sky130_fd_sc_hd__dfrtp_1)
                  0.17    0.40    0.78 ^ _433_/Q (sky130_fd_sc_hd__dfrtp_1)
     4    0.02                           net12 (net)
                  0.17    0.00    0.78 ^ _279_/A0 (sky130_fd_sc_hd__mux2_1)
                  0.04    0.14    0.92 ^ _279_/X (sky130_fd_sc_hd__mux2_1)
     1    0.00                           _147_ (net)
                  0.04    0.00    0.92 ^ _280_/A (sky130_fd_sc_hd__clkbuf_1)
                  0.04    0.07    0.99 ^ _280_/X (sky130_fd_sc_hd__clkbuf_1)
     1    0.00                           _072_ (net)
                  0.04    0.00    0.99 ^ _433_/D (sky130_fd_sc_hd__dfrtp_1)
                                  0.99   data arrival time

                          0.00    0.00   clock clk (rise edge)
                          0.00    0.00   clock source latency
                  0.10    0.07    0.07 ^ clk (in)
     2    0.02                           clk (net)
                  0.10    0.00    0.07 ^ clkbuf_0_clk/A (sky130_fd_sc_hd__clkbuf_16)
                  0.07    0.17    0.25 ^ clkbuf_0_clk/X (sky130_fd_sc_hd__clkbuf_16)
     4    0.05                           clknet_0_clk (net)
                  0.07    0.00    0.25 ^ clkbuf_2_1__f_clk/A (sky130_fd_sc_hd__clkbuf_16)
                  0.07    0.16    0.41 ^ clkbuf_2_1__f_clk/X (sky130_fd_sc_hd__clkbuf_16)
    15    0.05                           clknet_2_1__leaf_clk (net)
                  0.07    0.00    0.41 ^ _433_/CLK (sky130_fd_sc_hd__dfrtp_1)
                          0.25    0.66   clock uncertainty
                         -0.04    0.63   clock reconvergence pessimism
                         -0.03    0.60   library hold time
                                  0.60   data required time
-----------------------------------------------------------------------------
                                  0.60   data required time
                                 -0.99   data arrival time
-----------------------------------------------------------------------------
                                  0.40   slack (MET)


Startpoint: _432_ (rising edge-triggered flip-flop clocked by clk)
Endpoint: _432_ (rising edge-triggered flip-flop clocked by clk)
Path Group: clk
Path Type: min
Corner: Typical

Fanout     Cap    Slew   Delay    Time   Description
-----------------------------------------------------------------------------
                          0.00    0.00   clock clk (rise edge)
                          0.00    0.00   clock source latency
                  0.10    0.07    0.07 ^ clk (in)
     2    0.02                           clk (net)
                  0.10    0.00    0.07 ^ clkbuf_0_clk/A (sky130_fd_sc_hd__clkbuf_16)
                  0.07    0.16    0.22 ^ clkbuf_0_clk/X (sky130_fd_sc_hd__clkbuf_16)
     4    0.05                           clknet_0_clk (net)
                  0.07    0.00    0.23 ^ clkbuf_2_1__f_clk/A (sky130_fd_sc_hd__clkbuf_16)
                  0.07    0.15    0.37 ^ clkbuf_2_1__f_clk/X (sky130_fd_sc_hd__clkbuf_16)
    15    0.05                           clknet_2_1__leaf_clk (net)
                  0.07    0.00    0.38 ^ _432_/CLK (sky130_fd_sc_hd__dfrtp_2)
                  0.14    0.41    0.79 ^ _432_/Q (sky130_fd_sc_hd__dfrtp_2)
     4    0.03                           net11 (net)
                  0.14    0.00    0.79 ^ _282_/A0 (sky130_fd_sc_hd__mux2_1)
                  0.04    0.14    0.92 ^ _282_/X (sky130_fd_sc_hd__mux2_1)
     1    0.00                           _149_ (net)
                  0.04    0.00    0.92 ^ _283_/A (sky130_fd_sc_hd__clkbuf_1)
                  0.04    0.07    1.00 ^ _283_/X (sky130_fd_sc_hd__clkbuf_1)
     1    0.00                           _071_ (net)
                  0.04    0.00    1.00 ^ _432_/D (sky130_fd_sc_hd__dfrtp_2)
                                  1.00   data arrival time

                          0.00    0.00   clock clk (rise edge)
                          0.00    0.00   clock source latency
                  0.10    0.07    0.07 ^ clk (in)
     2    0.02                           clk (net)
                  0.10    0.00    0.07 ^ clkbuf_0_clk/A (sky130_fd_sc_hd__clkbuf_16)
                  0.07    0.17    0.25 ^ clkbuf_0_clk/X (sky130_fd_sc_hd__clkbuf_16)
     4    0.05                           clknet_0_clk (net)
                  0.07    0.00    0.25 ^ clkbuf_2_1__f_clk/A (sky130_fd_sc_hd__clkbuf_16)
                  0.07    0.16    0.41 ^ clkbuf_2_1__f_clk/X (sky130_fd_sc_hd__clkbuf_16)
    15    0.05                           clknet_2_1__leaf_clk (net)
                  0.07    0.00    0.42 ^ _432_/CLK (sky130_fd_sc_hd__dfrtp_2)
                          0.25    0.67   clock uncertainty
                         -0.04    0.63   clock reconvergence pessimism
                         -0.03    0.60   library hold time
                                  0.60   data required time
-----------------------------------------------------------------------------
                                  0.60   data required time
                                 -1.00   data arrival time
-----------------------------------------------------------------------------
                                  0.40   slack (MET)


Startpoint: _408_ (rising edge-triggered flip-flop clocked by clk)
Endpoint: _408_ (rising edge-triggered flip-flop clocked by clk)
Path Group: clk
Path Type: min
Corner: Typical

Fanout     Cap    Slew   Delay    Time   Description
-----------------------------------------------------------------------------
                          0.00    0.00   clock clk (rise edge)
                          0.00    0.00   clock source latency
                  0.10    0.07    0.07 ^ clk (in)
     2    0.02                           clk (net)
                  0.10    0.00    0.07 ^ clkbuf_0_clk/A (sky130_fd_sc_hd__clkbuf_16)
                  0.07    0.16    0.22 ^ clkbuf_0_clk/X (sky130_fd_sc_hd__clkbuf_16)
     4    0.05                           clknet_0_clk (net)
                  0.07    0.00    0.22 ^ clkbuf_2_3__f_clk/A (sky130_fd_sc_hd__clkbuf_16)
                  0.05    0.13    0.36 ^ clkbuf_2_3__f_clk/X (sky130_fd_sc_hd__clkbuf_16)
     8    0.03                           clknet_2_3__leaf_clk (net)
                  0.05    0.00    0.36 ^ _408_/CLK (sky130_fd_sc_hd__dfrtp_1)
                  0.14    0.38    0.74 ^ _408_/Q (sky130_fd_sc_hd__dfrtp_1)
     4    0.02                           tx_inst.bit_index[2] (net)
                  0.14    0.00    0.74 ^ _348_/B1_N (sky130_fd_sc_hd__o21ba_1)
                  0.03    0.15    0.89 v _348_/X (sky130_fd_sc_hd__o21ba_1)
     1    0.00                           _195_ (net)
                  0.03    0.00    0.89 v _349_/B (sky130_fd_sc_hd__nor2_1)
                  0.09    0.08    0.97 ^ _349_/Y (sky130_fd_sc_hd__nor2_1)
     1    0.00                           _047_ (net)
                  0.09    0.00    0.97 ^ _408_/D (sky130_fd_sc_hd__dfrtp_1)
                                  0.97   data arrival time

                          0.00    0.00   clock clk (rise edge)
                          0.00    0.00   clock source latency
                  0.10    0.07    0.07 ^ clk (in)
     2    0.02                           clk (net)
                  0.10    0.00    0.07 ^ clkbuf_0_clk/A (sky130_fd_sc_hd__clkbuf_16)
                  0.07    0.17    0.25 ^ clkbuf_0_clk/X (sky130_fd_sc_hd__clkbuf_16)
     4    0.05                           clknet_0_clk (net)
                  0.07    0.00    0.25 ^ clkbuf_2_3__f_clk/A (sky130_fd_sc_hd__clkbuf_16)
                  0.05    0.15    0.40 ^ clkbuf_2_3__f_clk/X (sky130_fd_sc_hd__clkbuf_16)
     8    0.03                           clknet_2_3__leaf_clk (net)
                  0.05    0.00    0.40 ^ _408_/CLK (sky130_fd_sc_hd__dfrtp_1)
                          0.25    0.65   clock uncertainty
                         -0.04    0.61   clock reconvergence pessimism
                         -0.04    0.57   library hold time
                                  0.57   data required time
-----------------------------------------------------------------------------
                                  0.57   data required time
                                 -0.97   data arrival time
-----------------------------------------------------------------------------
                                  0.40   slack (MET)


Startpoint: _445_ (rising edge-triggered flip-flop clocked by clk)
Endpoint: _445_ (rising edge-triggered flip-flop clocked by clk)
Path Group: clk
Path Type: min
Corner: Typical

Fanout     Cap    Slew   Delay    Time   Description
-----------------------------------------------------------------------------
                          0.00    0.00   clock clk (rise edge)
                          0.00    0.00   clock source latency
                  0.10    0.07    0.07 ^ clk (in)
     2    0.02                           clk (net)
                  0.10    0.00    0.07 ^ clkbuf_0_clk/A (sky130_fd_sc_hd__clkbuf_16)
                  0.07    0.16    0.22 ^ clkbuf_0_clk/X (sky130_fd_sc_hd__clkbuf_16)
     4    0.05                           clknet_0_clk (net)
                  0.07    0.00    0.23 ^ clkbuf_2_0__f_clk/A (sky130_fd_sc_hd__clkbuf_16)
                  0.06    0.14    0.36 ^ clkbuf_2_0__f_clk/X (sky130_fd_sc_hd__clkbuf_16)
    11    0.04                           clknet_2_0__leaf_clk (net)
                  0.06    0.00    0.37 ^ _445_/CLK (sky130_fd_sc_hd__dfrtp_2)
                  0.12    0.39    0.76 ^ _445_/Q (sky130_fd_sc_hd__dfrtp_2)
     6    0.02                           rx_inst.clk_count[2] (net)
                  0.12    0.00    0.76 ^ _234_/A (sky130_fd_sc_hd__xnor2_1)
                  0.05    0.12    0.88 ^ _234_/Y (sky130_fd_sc_hd__xnor2_1)
     1    0.00                           _114_ (net)
                  0.05    0.00    0.88 ^ _235_/B2 (sky130_fd_sc_hd__a32o_1)
                  0.05    0.11    0.99 ^ _235_/X (sky130_fd_sc_hd__a32o_1)
     1    0.00                           _084_ (net)
                  0.05    0.00    0.99 ^ _445_/D (sky130_fd_sc_hd__dfrtp_2)
                                  0.99   data arrival time

                          0.00    0.00   clock clk (rise edge)
                          0.00    0.00   clock source latency
                  0.10    0.07    0.07 ^ clk (in)
     2    0.02                           clk (net)
                  0.10    0.00    0.07 ^ clkbuf_0_clk/A (sky130_fd_sc_hd__clkbuf_16)
                  0.07    0.17    0.25 ^ clkbuf_0_clk/X (sky130_fd_sc_hd__clkbuf_16)
     4    0.05                           clknet_0_clk (net)
                  0.07    0.00    0.25 ^ clkbuf_2_0__f_clk/A (sky130_fd_sc_hd__clkbuf_16)
                  0.06    0.15    0.40 ^ clkbuf_2_0__f_clk/X (sky130_fd_sc_hd__clkbuf_16)
    11    0.04                           clknet_2_0__leaf_clk (net)
                  0.06    0.00    0.41 ^ _445_/CLK (sky130_fd_sc_hd__dfrtp_2)
                          0.25    0.66   clock uncertainty
                         -0.04    0.62   clock reconvergence pessimism
                         -0.03    0.58   library hold time
                                  0.58   data required time
-----------------------------------------------------------------------------
                                  0.58   data required time
                                 -0.99   data arrival time
-----------------------------------------------------------------------------
                                  0.40   slack (MET)


Startpoint: _438_ (rising edge-triggered flip-flop clocked by clk)
Endpoint: _438_ (rising edge-triggered flip-flop clocked by clk)
Path Group: clk
Path Type: min
Corner: Typical

Fanout     Cap    Slew   Delay    Time   Description
-----------------------------------------------------------------------------
                          0.00    0.00   clock clk (rise edge)
                          0.00    0.00   clock source latency
                  0.10    0.07    0.07 ^ clk (in)
     2    0.02                           clk (net)
                  0.10    0.00    0.07 ^ clkbuf_0_clk/A (sky130_fd_sc_hd__clkbuf_16)
                  0.07    0.16    0.22 ^ clkbuf_0_clk/X (sky130_fd_sc_hd__clkbuf_16)
     4    0.05                           clknet_0_clk (net)
                  0.07    0.00    0.23 ^ clkbuf_2_1__f_clk/A (sky130_fd_sc_hd__clkbuf_16)
                  0.07    0.15    0.37 ^ clkbuf_2_1__f_clk/X (sky130_fd_sc_hd__clkbuf_16)
    15    0.05                           clknet_2_1__leaf_clk (net)
                  0.07    0.00    0.37 ^ _438_/CLK (sky130_fd_sc_hd__dfrtp_2)
                  0.14    0.41    0.78 ^ _438_/Q (sky130_fd_sc_hd__dfrtp_2)
     4    0.03                           net17 (net)
                  0.14    0.00    0.78 ^ _263_/A1 (sky130_fd_sc_hd__mux2_1)
                  0.04    0.14    0.93 ^ _263_/X (sky130_fd_sc_hd__mux2_1)
     1    0.00                           _136_ (net)
                  0.04    0.00    0.93 ^ _264_/A (sky130_fd_sc_hd__clkbuf_1)
                  0.04    0.07    1.00 ^ _264_/X (sky130_fd_sc_hd__clkbuf_1)
     1    0.00                           _077_ (net)
                  0.04    0.00    1.00 ^ _438_/D (sky130_fd_sc_hd__dfrtp_2)
                                  1.00   data arrival time

                          0.00    0.00   clock clk (rise edge)
                          0.00    0.00   clock source latency
                  0.10    0.07    0.07 ^ clk (in)
     2    0.02                           clk (net)
                  0.10    0.00    0.07 ^ clkbuf_0_clk/A (sky130_fd_sc_hd__clkbuf_16)
                  0.07    0.17    0.25 ^ clkbuf_0_clk/X (sky130_fd_sc_hd__clkbuf_16)
     4    0.05                           clknet_0_clk (net)
                  0.07    0.00    0.25 ^ clkbuf_2_1__f_clk/A (sky130_fd_sc_hd__clkbuf_16)
                  0.07    0.16    0.41 ^ clkbuf_2_1__f_clk/X (sky130_fd_sc_hd__clkbuf_16)
    15    0.05                           clknet_2_1__leaf_clk (net)
                  0.07    0.00    0.41 ^ _438_/CLK (sky130_fd_sc_hd__dfrtp_2)
                          0.25    0.66   clock uncertainty
                         -0.04    0.62   clock reconvergence pessimism
                         -0.03    0.59   library hold time
                                  0.59   data required time
-----------------------------------------------------------------------------
                                  0.59   data required time
                                 -1.00   data arrival time
-----------------------------------------------------------------------------
                                  0.41   slack (MET)


Startpoint: _409_ (rising edge-triggered flip-flop clocked by clk)
Endpoint: _409_ (rising edge-triggered flip-flop clocked by clk)
Path Group: clk
Path Type: min
Corner: Typical

Fanout     Cap    Slew   Delay    Time   Description
-----------------------------------------------------------------------------
                          0.00    0.00   clock clk (rise edge)
                          0.00    0.00   clock source latency
                  0.10    0.07    0.07 ^ clk (in)
     2    0.02                           clk (net)
                  0.10    0.00    0.07 ^ clkbuf_0_clk/A (sky130_fd_sc_hd__clkbuf_16)
                  0.07    0.16    0.22 ^ clkbuf_0_clk/X (sky130_fd_sc_hd__clkbuf_16)
     4    0.05                           clknet_0_clk (net)
                  0.07    0.00    0.23 ^ clkbuf_2_2__f_clk/A (sky130_fd_sc_hd__clkbuf_16)
                  0.05    0.14    0.36 ^ clkbuf_2_2__f_clk/X (sky130_fd_sc_hd__clkbuf_16)
    11    0.03                           clknet_2_2__leaf_clk (net)
                  0.05    0.00    0.36 ^ _409_/CLK (sky130_fd_sc_hd__dfrtp_2)
                  0.10    0.37    0.74 ^ _409_/Q (sky130_fd_sc_hd__dfrtp_2)
     6    0.02                           tx_inst.clk_count[0] (net)
                  0.10    0.00    0.74 ^ _343_/A_N (sky130_fd_sc_hd__and2b_1)
                  0.03    0.18    0.91 v _343_/X (sky130_fd_sc_hd__and2b_1)
     1    0.00                           _191_ (net)
                  0.03    0.00    0.91 v _344_/A (sky130_fd_sc_hd__clkbuf_1)
                  0.03    0.08    0.99 v _344_/X (sky130_fd_sc_hd__clkbuf_1)
     1    0.00                           _048_ (net)
                  0.03    0.00    0.99 v _409_/D (sky130_fd_sc_hd__dfrtp_2)
                                  0.99   data arrival time

                          0.00    0.00   clock clk (rise edge)
                          0.00    0.00   clock source latency
                  0.10    0.07    0.07 ^ clk (in)
     2    0.02                           clk (net)
                  0.10    0.00    0.07 ^ clkbuf_0_clk/A (sky130_fd_sc_hd__clkbuf_16)
                  0.07    0.17    0.25 ^ clkbuf_0_clk/X (sky130_fd_sc_hd__clkbuf_16)
     4    0.05                           clknet_0_clk (net)
                  0.07    0.00    0.25 ^ clkbuf_2_2__f_clk/A (sky130_fd_sc_hd__clkbuf_16)
                  0.05    0.15    0.40 ^ clkbuf_2_2__f_clk/X (sky130_fd_sc_hd__clkbuf_16)
    11    0.03                           clknet_2_2__leaf_clk (net)
                  0.05    0.00    0.40 ^ _409_/CLK (sky130_fd_sc_hd__dfrtp_2)
                          0.25    0.65   clock uncertainty
                         -0.04    0.61   clock reconvergence pessimism
                         -0.03    0.58   library hold time
                                  0.58   data required time
-----------------------------------------------------------------------------
                                  0.58   data required time
                                 -0.99   data arrival time
-----------------------------------------------------------------------------
                                  0.41   slack (MET)


Startpoint: _418_ (rising edge-triggered flip-flop clocked by clk)
Endpoint: _418_ (rising edge-triggered flip-flop clocked by clk)
Path Group: clk
Path Type: min
Corner: Typical

Fanout     Cap    Slew   Delay    Time   Description
-----------------------------------------------------------------------------
                          0.00    0.00   clock clk (rise edge)
                          0.00    0.00   clock source latency
                  0.10    0.07    0.07 ^ clk (in)
     2    0.02                           clk (net)
                  0.10    0.00    0.07 ^ clkbuf_0_clk/A (sky130_fd_sc_hd__clkbuf_16)
                  0.07    0.16    0.22 ^ clkbuf_0_clk/X (sky130_fd_sc_hd__clkbuf_16)
     4    0.05                           clknet_0_clk (net)
                  0.07    0.00    0.23 ^ clkbuf_2_0__f_clk/A (sky130_fd_sc_hd__clkbuf_16)
                  0.06    0.14    0.36 ^ clkbuf_2_0__f_clk/X (sky130_fd_sc_hd__clkbuf_16)
    11    0.04                           clknet_2_0__leaf_clk (net)
                  0.06    0.00    0.37 ^ _418_/CLK (sky130_fd_sc_hd__dfrtp_1)
                  0.06    0.31    0.68 ^ _418_/Q (sky130_fd_sc_hd__dfrtp_1)
     2    0.00                           rx_inst.state[1] (net)
                  0.06    0.00    0.68 ^ _219_/A (sky130_fd_sc_hd__buf_2)
                  0.18    0.20    0.88 ^ _219_/X (sky130_fd_sc_hd__buf_2)
    10    0.04                           _100_ (net)
                  0.18    0.00    0.88 ^ _326_/A1 (sky130_fd_sc_hd__a21bo_1)
                  0.03    0.12    1.01 ^ _326_/X (sky130_fd_sc_hd__a21bo_1)
     1    0.00                           _057_ (net)
                  0.03    0.00    1.01 ^ _418_/D (sky130_fd_sc_hd__dfrtp_1)
                                  1.01   data arrival time

                          0.00    0.00   clock clk (rise edge)
                          0.00    0.00   clock source latency
                  0.10    0.07    0.07 ^ clk (in)
     2    0.02                           clk (net)
                  0.10    0.00    0.07 ^ clkbuf_0_clk/A (sky130_fd_sc_hd__clkbuf_16)
                  0.07    0.17    0.25 ^ clkbuf_0_clk/X (sky130_fd_sc_hd__clkbuf_16)
     4    0.05                           clknet_0_clk (net)
                  0.07    0.00    0.25 ^ clkbuf_2_0__f_clk/A (sky130_fd_sc_hd__clkbuf_16)
                  0.06    0.15    0.40 ^ clkbuf_2_0__f_clk/X (sky130_fd_sc_hd__clkbuf_16)
    11    0.04                           clknet_2_0__leaf_clk (net)
                  0.06    0.00    0.41 ^ _418_/CLK (sky130_fd_sc_hd__dfrtp_1)
                          0.25    0.66   clock uncertainty
                         -0.04    0.62   clock reconvergence pessimism
                         -0.03    0.59   library hold time
                                  0.59   data required time
-----------------------------------------------------------------------------
                                  0.59   data required time
                                 -1.01   data arrival time
-----------------------------------------------------------------------------
                                  0.42   slack (MET)


Startpoint: _431_ (rising edge-triggered flip-flop clocked by clk)
Endpoint: _407_ (rising edge-triggered flip-flop clocked by clk)
Path Group: clk
Path Type: min
Corner: Typical

Fanout     Cap    Slew   Delay    Time   Description
-----------------------------------------------------------------------------
                          0.00    0.00   clock clk (rise edge)
                          0.00    0.00   clock source latency
                  0.10    0.07    0.07 ^ clk (in)
     2    0.02                           clk (net)
                  0.10    0.00    0.07 ^ clkbuf_0_clk/A (sky130_fd_sc_hd__clkbuf_16)
                  0.07    0.16    0.22 ^ clkbuf_0_clk/X (sky130_fd_sc_hd__clkbuf_16)
     4    0.05                           clknet_0_clk (net)
                  0.07    0.00    0.23 ^ clkbuf_2_2__f_clk/A (sky130_fd_sc_hd__clkbuf_16)
                  0.05    0.14    0.36 ^ clkbuf_2_2__f_clk/X (sky130_fd_sc_hd__clkbuf_16)
    11    0.03                           clknet_2_2__leaf_clk (net)
                  0.05    0.00    0.36 ^ _431_/CLK (sky130_fd_sc_hd__dfrtp_4)
                  0.10    0.42    0.79 ^ _431_/Q (sky130_fd_sc_hd__dfrtp_4)
     7    0.02                           tx_inst.state[1] (net)
                  0.10    0.00    0.79 ^ _352_/A1 (sky130_fd_sc_hd__a21o_1)
                  0.05    0.12    0.91 ^ _352_/X (sky130_fd_sc_hd__a21o_1)
     1    0.01                           _198_ (net)
                  0.05    0.00    0.91 ^ _353_/B1 (sky130_fd_sc_hd__o21a_1)
                  0.04    0.10    1.01 ^ _353_/X (sky130_fd_sc_hd__o21a_1)
     1    0.00                           _046_ (net)
                  0.04    0.00    1.01 ^ _407_/D (sky130_fd_sc_hd__dfrtp_1)
                                  1.01   data arrival time

                          0.00    0.00   clock clk (rise edge)
                          0.00    0.00   clock source latency
                  0.10    0.07    0.07 ^ clk (in)
     2    0.02                           clk (net)
                  0.10    0.00    0.07 ^ clkbuf_0_clk/A (sky130_fd_sc_hd__clkbuf_16)
                  0.07    0.17    0.25 ^ clkbuf_0_clk/X (sky130_fd_sc_hd__clkbuf_16)
     4    0.05                           clknet_0_clk (net)
                  0.07    0.00    0.25 ^ clkbuf_2_3__f_clk/A (sky130_fd_sc_hd__clkbuf_16)
                  0.05    0.15    0.40 ^ clkbuf_2_3__f_clk/X (sky130_fd_sc_hd__clkbuf_16)
     8    0.03                           clknet_2_3__leaf_clk (net)
                  0.05    0.00    0.40 ^ _407_/CLK (sky130_fd_sc_hd__dfrtp_1)
                          0.25    0.65   clock uncertainty
                         -0.02    0.62   clock reconvergence pessimism
                         -0.03    0.59   library hold time
                                  0.59   data required time
-----------------------------------------------------------------------------
                                  0.59   data required time
                                 -1.01   data arrival time
-----------------------------------------------------------------------------
                                  0.42   slack (MET)


Startpoint: _436_ (rising edge-triggered flip-flop clocked by clk)
Endpoint: _436_ (rising edge-triggered flip-flop clocked by clk)
Path Group: clk
Path Type: min
Corner: Typical

Fanout     Cap    Slew   Delay    Time   Description
-----------------------------------------------------------------------------
                          0.00    0.00   clock clk (rise edge)
                          0.00    0.00   clock source latency
                  0.10    0.07    0.07 ^ clk (in)
     2    0.02                           clk (net)
                  0.10    0.00    0.07 ^ clkbuf_0_clk/A (sky130_fd_sc_hd__clkbuf_16)
                  0.07    0.16    0.22 ^ clkbuf_0_clk/X (sky130_fd_sc_hd__clkbuf_16)
     4    0.05                           clknet_0_clk (net)
                  0.07    0.00    0.23 ^ clkbuf_2_0__f_clk/A (sky130_fd_sc_hd__clkbuf_16)
                  0.06    0.14    0.36 ^ clkbuf_2_0__f_clk/X (sky130_fd_sc_hd__clkbuf_16)
    11    0.04                           clknet_2_0__leaf_clk (net)
                  0.06    0.00    0.37 ^ _436_/CLK (sky130_fd_sc_hd__dfrtp_1)
                  0.20    0.42    0.79 ^ _436_/Q (sky130_fd_sc_hd__dfrtp_1)
     4    0.02                           net15 (net)
                  0.20    0.00    0.79 ^ _269_/A1 (sky130_fd_sc_hd__mux2_1)
                  0.04    0.15    0.94 ^ _269_/X (sky130_fd_sc_hd__mux2_1)
     1    0.00                           _140_ (net)
                  0.04    0.00    0.94 ^ _270_/A (sky130_fd_sc_hd__clkbuf_1)
                  0.04    0.07    1.01 ^ _270_/X (sky130_fd_sc_hd__clkbuf_1)
     1    0.00                           _075_ (net)
                  0.04    0.00    1.01 ^ _436_/D (sky130_fd_sc_hd__dfrtp_1)
                                  1.01   data arrival time

                          0.00    0.00   clock clk (rise edge)
                          0.00    0.00   clock source latency
                  0.10    0.07    0.07 ^ clk (in)
     2    0.02                           clk (net)
                  0.10    0.00    0.07 ^ clkbuf_0_clk/A (sky130_fd_sc_hd__clkbuf_16)
                  0.07    0.17    0.25 ^ clkbuf_0_clk/X (sky130_fd_sc_hd__clkbuf_16)
     4    0.05                           clknet_0_clk (net)
                  0.07    0.00    0.25 ^ clkbuf_2_0__f_clk/A (sky130_fd_sc_hd__clkbuf_16)
                  0.06    0.15    0.40 ^ clkbuf_2_0__f_clk/X (sky130_fd_sc_hd__clkbuf_16)
    11    0.04                           clknet_2_0__leaf_clk (net)
                  0.06    0.00    0.41 ^ _436_/CLK (sky130_fd_sc_hd__dfrtp_1)
                          0.25    0.66   clock uncertainty
                         -0.04    0.62   clock reconvergence pessimism
                         -0.03    0.59   library hold time
                                  0.59   data required time
-----------------------------------------------------------------------------
                                  0.59   data required time
                                 -1.01   data arrival time
-----------------------------------------------------------------------------
                                  0.42   slack (MET)


Startpoint: _411_ (rising edge-triggered flip-flop clocked by clk)
Endpoint: _411_ (rising edge-triggered flip-flop clocked by clk)
Path Group: clk
Path Type: min
Corner: Typical

Fanout     Cap    Slew   Delay    Time   Description
-----------------------------------------------------------------------------
                          0.00    0.00   clock clk (rise edge)
                          0.00    0.00   clock source latency
                  0.10    0.07    0.07 ^ clk (in)
     2    0.02                           clk (net)
                  0.10    0.00    0.07 ^ clkbuf_0_clk/A (sky130_fd_sc_hd__clkbuf_16)
                  0.07    0.16    0.22 ^ clkbuf_0_clk/X (sky130_fd_sc_hd__clkbuf_16)
     4    0.05                           clknet_0_clk (net)
                  0.07    0.00    0.22 ^ clkbuf_2_3__f_clk/A (sky130_fd_sc_hd__clkbuf_16)
                  0.05    0.13    0.36 ^ clkbuf_2_3__f_clk/X (sky130_fd_sc_hd__clkbuf_16)
     8    0.03                           clknet_2_3__leaf_clk (net)
                  0.05    0.00    0.36 ^ _411_/CLK (sky130_fd_sc_hd__dfrtp_1)
                  0.09    0.34    0.70 ^ _411_/Q (sky130_fd_sc_hd__dfrtp_1)
     3    0.01                           tx_inst.clk_count[2] (net)
                  0.09    0.00    0.70 ^ _336_/B1 (sky130_fd_sc_hd__a21o_1)
                  0.03    0.08    0.79 ^ _336_/X (sky130_fd_sc_hd__a21o_1)
     1    0.00                           _186_ (net)
                  0.03    0.00    0.79 ^ _337_/C (sky130_fd_sc_hd__and3_1)
                  0.05    0.14    0.92 ^ _337_/X (sky130_fd_sc_hd__and3_1)
     1    0.00                           _187_ (net)
                  0.05    0.00    0.92 ^ _338_/A (sky130_fd_sc_hd__clkbuf_1)
                  0.04    0.08    1.00 ^ _338_/X (sky130_fd_sc_hd__clkbuf_1)
     1    0.00                           _050_ (net)
                  0.04    0.00    1.00 ^ _411_/D (sky130_fd_sc_hd__dfrtp_1)
                                  1.00   data arrival time

                          0.00    0.00   clock clk (rise edge)
                          0.00    0.00   clock source latency
                  0.10    0.07    0.07 ^ clk (in)
     2    0.02                           clk (net)
                  0.10    0.00    0.07 ^ clkbuf_0_clk/A (sky130_fd_sc_hd__clkbuf_16)
                  0.07    0.17    0.25 ^ clkbuf_0_clk/X (sky130_fd_sc_hd__clkbuf_16)
     4    0.05                           clknet_0_clk (net)
                  0.07    0.00    0.25 ^ clkbuf_2_3__f_clk/A (sky130_fd_sc_hd__clkbuf_16)
                  0.05    0.15    0.40 ^ clkbuf_2_3__f_clk/X (sky130_fd_sc_hd__clkbuf_16)
     8    0.03                           clknet_2_3__leaf_clk (net)
                  0.05    0.00    0.40 ^ _411_/CLK (sky130_fd_sc_hd__dfrtp_1)
                          0.25    0.65   clock uncertainty
                         -0.04    0.61   clock reconvergence pessimism
                         -0.03    0.58   library hold time
                                  0.58   data required time
-----------------------------------------------------------------------------
                                  0.58   data required time
                                 -1.00   data arrival time
-----------------------------------------------------------------------------
                                  0.43   slack (MET)


Startpoint: _430_ (rising edge-triggered flip-flop clocked by clk)
Endpoint: _430_ (rising edge-triggered flip-flop clocked by clk)
Path Group: clk
Path Type: min
Corner: Typical

Fanout     Cap    Slew   Delay    Time   Description
-----------------------------------------------------------------------------
                          0.00    0.00   clock clk (rise edge)
                          0.00    0.00   clock source latency
                  0.10    0.07    0.07 ^ clk (in)
     2    0.02                           clk (net)
                  0.10    0.00    0.07 ^ clkbuf_0_clk/A (sky130_fd_sc_hd__clkbuf_16)
                  0.07    0.16    0.22 ^ clkbuf_0_clk/X (sky130_fd_sc_hd__clkbuf_16)
     4    0.05                           clknet_0_clk (net)
                  0.07    0.00    0.23 ^ clkbuf_2_2__f_clk/A (sky130_fd_sc_hd__clkbuf_16)
                  0.05    0.14    0.36 ^ clkbuf_2_2__f_clk/X (sky130_fd_sc_hd__clkbuf_16)
    11    0.03                           clknet_2_2__leaf_clk (net)
                  0.05    0.00    0.36 ^ _430_/CLK (sky130_fd_sc_hd__dfrtp_4)
                  0.10    0.42    0.79 ^ _430_/Q (sky130_fd_sc_hd__dfrtp_4)
     7    0.02                           tx_inst.state[0] (net)
                  0.10    0.00    0.79 ^ _294_/S (sky130_fd_sc_hd__mux2_1)
                  0.05    0.14    0.93 ^ _294_/X (sky130_fd_sc_hd__mux2_1)
     1    0.00                           _159_ (net)
                  0.05    0.00    0.93 ^ _295_/A (sky130_fd_sc_hd__clkbuf_1)
                  0.05    0.08    1.01 ^ _295_/X (sky130_fd_sc_hd__clkbuf_1)
     1    0.00                           _069_ (net)
                  0.05    0.00    1.01 ^ _430_/D (sky130_fd_sc_hd__dfrtp_4)
                                  1.01   data arrival time

                          0.00    0.00   clock clk (rise edge)
                          0.00    0.00   clock source latency
                  0.10    0.07    0.07 ^ clk (in)
     2    0.02                           clk (net)
                  0.10    0.00    0.07 ^ clkbuf_0_clk/A (sky130_fd_sc_hd__clkbuf_16)
                  0.07    0.17    0.25 ^ clkbuf_0_clk/X (sky130_fd_sc_hd__clkbuf_16)
     4    0.05                           clknet_0_clk (net)
                  0.07    0.00    0.25 ^ clkbuf_2_2__f_clk/A (sky130_fd_sc_hd__clkbuf_16)
                  0.05    0.15    0.40 ^ clkbuf_2_2__f_clk/X (sky130_fd_sc_hd__clkbuf_16)
    11    0.03                           clknet_2_2__leaf_clk (net)
                  0.05    0.00    0.40 ^ _430_/CLK (sky130_fd_sc_hd__dfrtp_4)
                          0.25    0.65   clock uncertainty
                         -0.04    0.61   clock reconvergence pessimism
                         -0.03    0.58   library hold time
                                  0.58   data required time
-----------------------------------------------------------------------------
                                  0.58   data required time
                                 -1.01   data arrival time
-----------------------------------------------------------------------------
                                  0.43   slack (MET)


Startpoint: _412_ (rising edge-triggered flip-flop clocked by clk)
Endpoint: _412_ (rising edge-triggered flip-flop clocked by clk)
Path Group: clk
Path Type: min
Corner: Typical

Fanout     Cap    Slew   Delay    Time   Description
-----------------------------------------------------------------------------
                          0.00    0.00   clock clk (rise edge)
                          0.00    0.00   clock source latency
                  0.10    0.07    0.07 ^ clk (in)
     2    0.02                           clk (net)
                  0.10    0.00    0.07 ^ clkbuf_0_clk/A (sky130_fd_sc_hd__clkbuf_16)
                  0.07    0.16    0.22 ^ clkbuf_0_clk/X (sky130_fd_sc_hd__clkbuf_16)
     4    0.05                           clknet_0_clk (net)
                  0.07    0.00    0.22 ^ clkbuf_2_3__f_clk/A (sky130_fd_sc_hd__clkbuf_16)
                  0.05    0.13    0.36 ^ clkbuf_2_3__f_clk/X (sky130_fd_sc_hd__clkbuf_16)
     8    0.03                           clknet_2_3__leaf_clk (net)
                  0.05    0.00    0.36 ^ _412_/CLK (sky130_fd_sc_hd__dfrtp_1)
                  0.09    0.34    0.70 ^ _412_/Q (sky130_fd_sc_hd__dfrtp_1)
     2    0.01                           tx_inst.clk_count[3] (net)
                  0.09    0.00    0.70 ^ _330_/A (sky130_fd_sc_hd__inv_2)
                  0.03    0.04    0.74 v _330_/Y (sky130_fd_sc_hd__inv_2)
     2    0.01                           _181_ (net)
                  0.03    0.00    0.74 v _332_/A (sky130_fd_sc_hd__nand2_1)
                  0.04    0.05    0.79 ^ _332_/Y (sky130_fd_sc_hd__nand2_1)
     1    0.00                           _183_ (net)
                  0.04    0.00    0.79 ^ _334_/B (sky130_fd_sc_hd__and3_1)
                  0.06    0.14    0.93 ^ _334_/X (sky130_fd_sc_hd__and3_1)
     1    0.00                           _185_ (net)
                  0.06    0.00    0.93 ^ _335_/A (sky130_fd_sc_hd__clkbuf_1)
                  0.04    0.08    1.01 ^ _335_/X (sky130_fd_sc_hd__clkbuf_1)
     1    0.00                           _051_ (net)
                  0.04    0.00    1.01 ^ _412_/D (sky130_fd_sc_hd__dfrtp_1)
                                  1.01   data arrival time

                          0.00    0.00   clock clk (rise edge)
                          0.00    0.00   clock source latency
                  0.10    0.07    0.07 ^ clk (in)
     2    0.02                           clk (net)
                  0.10    0.00    0.07 ^ clkbuf_0_clk/A (sky130_fd_sc_hd__clkbuf_16)
                  0.07    0.17    0.25 ^ clkbuf_0_clk/X (sky130_fd_sc_hd__clkbuf_16)
     4    0.05                           clknet_0_clk (net)
                  0.07    0.00    0.25 ^ clkbuf_2_3__f_clk/A (sky130_fd_sc_hd__clkbuf_16)
                  0.05    0.15    0.40 ^ clkbuf_2_3__f_clk/X (sky130_fd_sc_hd__clkbuf_16)
     8    0.03                           clknet_2_3__leaf_clk (net)
                  0.05    0.00    0.40 ^ _412_/CLK (sky130_fd_sc_hd__dfrtp_1)
                          0.25    0.65   clock uncertainty
                         -0.04    0.61   clock reconvergence pessimism
                         -0.03    0.58   library hold time
                                  0.58   data required time
-----------------------------------------------------------------------------
                                  0.58   data required time
                                 -1.01   data arrival time
-----------------------------------------------------------------------------
                                  0.43   slack (MET)


Startpoint: _440_ (rising edge-triggered flip-flop clocked by clk)
Endpoint: _440_ (rising edge-triggered flip-flop clocked by clk)
Path Group: clk
Path Type: min
Corner: Typical

Fanout     Cap    Slew   Delay    Time   Description
-----------------------------------------------------------------------------
                          0.00    0.00   clock clk (rise edge)
                          0.00    0.00   clock source latency
                  0.10    0.07    0.07 ^ clk (in)
     2    0.02                           clk (net)
                  0.10    0.00    0.07 ^ clkbuf_0_clk/A (sky130_fd_sc_hd__clkbuf_16)
                  0.07    0.16    0.22 ^ clkbuf_0_clk/X (sky130_fd_sc_hd__clkbuf_16)
     4    0.05                           clknet_0_clk (net)
                  0.07    0.00    0.23 ^ clkbuf_2_0__f_clk/A (sky130_fd_sc_hd__clkbuf_16)
                  0.06    0.14    0.36 ^ clkbuf_2_0__f_clk/X (sky130_fd_sc_hd__clkbuf_16)
    11    0.04                           clknet_2_0__leaf_clk (net)
                  0.06    0.00    0.37 ^ _440_/CLK (sky130_fd_sc_hd__dfrtp_4)
                  0.11    0.43    0.80 ^ _440_/Q (sky130_fd_sc_hd__dfrtp_4)
     9    0.03                           rx_inst.bit_index[0] (net)
                  0.11    0.00    0.80 ^ _254_/S (sky130_fd_sc_hd__mux2_1)
                  0.05    0.14    0.94 ^ _254_/X (sky130_fd_sc_hd__mux2_1)
     1    0.00                           _129_ (net)
                  0.05    0.00    0.94 ^ _255_/A (sky130_fd_sc_hd__clkbuf_1)
                  0.05    0.08    1.02 ^ _255_/X (sky130_fd_sc_hd__clkbuf_1)
     1    0.00                           _079_ (net)
                  0.05    0.00    1.02 ^ _440_/D (sky130_fd_sc_hd__dfrtp_4)
                                  1.02   data arrival time

                          0.00    0.00   clock clk (rise edge)
                          0.00    0.00   clock source latency
                  0.10    0.07    0.07 ^ clk (in)
     2    0.02                           clk (net)
                  0.10    0.00    0.07 ^ clkbuf_0_clk/A (sky130_fd_sc_hd__clkbuf_16)
                  0.07    0.17    0.25 ^ clkbuf_0_clk/X (sky130_fd_sc_hd__clkbuf_16)
     4    0.05                           clknet_0_clk (net)
                  0.07    0.00    0.25 ^ clkbuf_2_0__f_clk/A (sky130_fd_sc_hd__clkbuf_16)
                  0.06    0.15    0.40 ^ clkbuf_2_0__f_clk/X (sky130_fd_sc_hd__clkbuf_16)
    11    0.04                           clknet_2_0__leaf_clk (net)
                  0.06    0.00    0.41 ^ _440_/CLK (sky130_fd_sc_hd__dfrtp_4)
                          0.25    0.66   clock uncertainty
                         -0.04    0.62   clock reconvergence pessimism
                         -0.03    0.58   library hold time
                                  0.58   data required time
-----------------------------------------------------------------------------
                                  0.58   data required time
                                 -1.02   data arrival time
-----------------------------------------------------------------------------
                                  0.44   slack (MET)


Startpoint: _417_ (rising edge-triggered flip-flop clocked by clk)
Endpoint: _441_ (rising edge-triggered flip-flop clocked by clk)
Path Group: clk
Path Type: min
Corner: Typical

Fanout     Cap    Slew   Delay    Time   Description
-----------------------------------------------------------------------------
                          0.00    0.00   clock clk (rise edge)
                          0.00    0.00   clock source latency
                  0.10    0.07    0.07 ^ clk (in)
     2    0.02                           clk (net)
                  0.10    0.00    0.07 ^ clkbuf_0_clk/A (sky130_fd_sc_hd__clkbuf_16)
                  0.07    0.16    0.22 ^ clkbuf_0_clk/X (sky130_fd_sc_hd__clkbuf_16)
     4    0.05                           clknet_0_clk (net)
                  0.07    0.00    0.23 ^ clkbuf_2_2__f_clk/A (sky130_fd_sc_hd__clkbuf_16)
                  0.05    0.14    0.36 ^ clkbuf_2_2__f_clk/X (sky130_fd_sc_hd__clkbuf_16)
    11    0.03                           clknet_2_2__leaf_clk (net)
                  0.05    0.00    0.36 ^ _417_/CLK (sky130_fd_sc_hd__dfrtp_4)
                  0.10    0.42    0.79 ^ _417_/Q (sky130_fd_sc_hd__dfrtp_4)
     7    0.02                           rx_inst.state[0] (net)
                  0.10    0.00    0.79 ^ _241_/A (sky130_fd_sc_hd__inv_2)
                  0.05    0.07    0.86 v _241_/Y (sky130_fd_sc_hd__inv_2)
     7    0.02                           _118_ (net)
                  0.05    0.00    0.86 v _247_/A (sky130_fd_sc_hd__nand2_1)
                  0.06    0.07    0.93 ^ _247_/Y (sky130_fd_sc_hd__nand2_1)
     2    0.01                           _123_ (net)
                  0.06    0.00    0.93 ^ _252_/A2 (sky130_fd_sc_hd__a21bo_1)
                  0.04    0.11    1.04 ^ _252_/X (sky130_fd_sc_hd__a21bo_1)
     1    0.00                           _080_ (net)
                  0.04    0.00    1.04 ^ _441_/D (sky130_fd_sc_hd__dfrtp_2)
                                  1.04   data arrival time

                          0.00    0.00   clock clk (rise edge)
                          0.00    0.00   clock source latency
                  0.10    0.07    0.07 ^ clk (in)
     2    0.02                           clk (net)
                  0.10    0.00    0.07 ^ clkbuf_0_clk/A (sky130_fd_sc_hd__clkbuf_16)
                  0.07    0.17    0.25 ^ clkbuf_0_clk/X (sky130_fd_sc_hd__clkbuf_16)
     4    0.05                           clknet_0_clk (net)
                  0.07    0.00    0.25 ^ clkbuf_2_0__f_clk/A (sky130_fd_sc_hd__clkbuf_16)
                  0.06    0.15    0.40 ^ clkbuf_2_0__f_clk/X (sky130_fd_sc_hd__clkbuf_16)
    11    0.04                           clknet_2_0__leaf_clk (net)
                  0.06    0.00    0.41 ^ _441_/CLK (sky130_fd_sc_hd__dfrtp_2)
                          0.25    0.66   clock uncertainty
                         -0.02    0.63   clock reconvergence pessimism
                         -0.03    0.60   library hold time
                                  0.60   data required time
-----------------------------------------------------------------------------
                                  0.60   data required time
                                 -1.04   data arrival time
-----------------------------------------------------------------------------
                                  0.44   slack (MET)


Startpoint: _417_ (rising edge-triggered flip-flop clocked by clk)
Endpoint: _421_ (rising edge-triggered flip-flop clocked by clk)
Path Group: clk
Path Type: min
Corner: Typical

Fanout     Cap    Slew   Delay    Time   Description
-----------------------------------------------------------------------------
                          0.00    0.00   clock clk (rise edge)
                          0.00    0.00   clock source latency
                  0.10    0.07    0.07 ^ clk (in)
     2    0.02                           clk (net)
                  0.10    0.00    0.07 ^ clkbuf_0_clk/A (sky130_fd_sc_hd__clkbuf_16)
                  0.07    0.16    0.22 ^ clkbuf_0_clk/X (sky130_fd_sc_hd__clkbuf_16)
     4    0.05                           clknet_0_clk (net)
                  0.07    0.00    0.23 ^ clkbuf_2_2__f_clk/A (sky130_fd_sc_hd__clkbuf_16)
                  0.05    0.14    0.36 ^ clkbuf_2_2__f_clk/X (sky130_fd_sc_hd__clkbuf_16)
    11    0.03                           clknet_2_2__leaf_clk (net)
                  0.05    0.00    0.36 ^ _417_/CLK (sky130_fd_sc_hd__dfrtp_4)
                  0.08    0.48    0.84 v _417_/Q (sky130_fd_sc_hd__dfrtp_4)
     7    0.02                           rx_inst.state[0] (net)
                  0.08    0.00    0.85 v _241_/A (sky130_fd_sc_hd__inv_2)
                  0.10    0.11    0.95 ^ _241_/Y (sky130_fd_sc_hd__inv_2)
     7    0.02                           _118_ (net)
                  0.10    0.00    0.95 ^ _314_/A2 (sky130_fd_sc_hd__o31ai_1)
                  0.04    0.08    1.03 v _314_/Y (sky130_fd_sc_hd__o31ai_1)
     1    0.00                           _060_ (net)
                  0.04    0.00    1.03 v _421_/D (sky130_fd_sc_hd__dfrtp_1)
                                  1.03   data arrival time

                          0.00    0.00   clock clk (rise edge)
                          0.00    0.00   clock source latency
                  0.10    0.07    0.07 ^ clk (in)
     2    0.02                           clk (net)
                  0.10    0.00    0.07 ^ clkbuf_0_clk/A (sky130_fd_sc_hd__clkbuf_16)
                  0.07    0.17    0.25 ^ clkbuf_0_clk/X (sky130_fd_sc_hd__clkbuf_16)
     4    0.05                           clknet_0_clk (net)
                  0.07    0.00    0.25 ^ clkbuf_2_0__f_clk/A (sky130_fd_sc_hd__clkbuf_16)
                  0.06    0.15    0.40 ^ clkbuf_2_0__f_clk/X (sky130_fd_sc_hd__clkbuf_16)
    11    0.04                           clknet_2_0__leaf_clk (net)
                  0.06    0.00    0.41 ^ _421_/CLK (sky130_fd_sc_hd__dfrtp_1)
                          0.25    0.66   clock uncertainty
                         -0.02    0.63   clock reconvergence pessimism
                         -0.04    0.59   library hold time
                                  0.59   data required time
-----------------------------------------------------------------------------
                                  0.59   data required time
                                 -1.03   data arrival time
-----------------------------------------------------------------------------
                                  0.44   slack (MET)


Startpoint: _443_ (rising edge-triggered flip-flop clocked by clk)
Endpoint: _443_ (rising edge-triggered flip-flop clocked by clk)
Path Group: clk
Path Type: min
Corner: Typical

Fanout     Cap    Slew   Delay    Time   Description
-----------------------------------------------------------------------------
                          0.00    0.00   clock clk (rise edge)
                          0.00    0.00   clock source latency
                  0.10    0.07    0.07 ^ clk (in)
     2    0.02                           clk (net)
                  0.10    0.00    0.07 ^ clkbuf_0_clk/A (sky130_fd_sc_hd__clkbuf_16)
                  0.07    0.16    0.22 ^ clkbuf_0_clk/X (sky130_fd_sc_hd__clkbuf_16)
     4    0.05                           clknet_0_clk (net)
                  0.07    0.00    0.23 ^ clkbuf_2_1__f_clk/A (sky130_fd_sc_hd__clkbuf_16)
                  0.07    0.15    0.37 ^ clkbuf_2_1__f_clk/X (sky130_fd_sc_hd__clkbuf_16)
    15    0.05                           clknet_2_1__leaf_clk (net)
                  0.07    0.00    0.37 ^ _443_/CLK (sky130_fd_sc_hd__dfrtp_4)
                  0.08    0.49    0.86 v _443_/Q (sky130_fd_sc_hd__dfrtp_4)
     7    0.02                           rx_inst.clk_count[0] (net)
                  0.08    0.00    0.86 v _239_/A (sky130_fd_sc_hd__inv_2)
                  0.04    0.06    0.92 ^ _239_/Y (sky130_fd_sc_hd__inv_2)
     1    0.01                           _117_ (net)
                  0.04    0.00    0.92 ^ _240_/B2 (sky130_fd_sc_hd__a32o_1)
                  0.06    0.11    1.04 ^ _240_/X (sky130_fd_sc_hd__a32o_1)
     1    0.00                           _082_ (net)
                  0.06    0.00    1.04 ^ _443_/D (sky130_fd_sc_hd__dfrtp_4)
                                  1.04   data arrival time

                          0.00    0.00   clock clk (rise edge)
                          0.00    0.00   clock source latency
                  0.10    0.07    0.07 ^ clk (in)
     2    0.02                           clk (net)
                  0.10    0.00    0.07 ^ clkbuf_0_clk/A (sky130_fd_sc_hd__clkbuf_16)
                  0.07    0.17    0.25 ^ clkbuf_0_clk/X (sky130_fd_sc_hd__clkbuf_16)
     4    0.05                           clknet_0_clk (net)
                  0.07    0.00    0.25 ^ clkbuf_2_1__f_clk/A (sky130_fd_sc_hd__clkbuf_16)
                  0.07    0.16    0.41 ^ clkbuf_2_1__f_clk/X (sky130_fd_sc_hd__clkbuf_16)
    15    0.05                           clknet_2_1__leaf_clk (net)
                  0.07    0.00    0.41 ^ _443_/CLK (sky130_fd_sc_hd__dfrtp_4)
                          0.25    0.66   clock uncertainty
                         -0.04    0.62   clock reconvergence pessimism
                         -0.03    0.59   library hold time
                                  0.59   data required time
-----------------------------------------------------------------------------
                                  0.59   data required time
                                 -1.04   data arrival time
-----------------------------------------------------------------------------
                                  0.45   slack (MET)


Startpoint: _409_ (rising edge-triggered flip-flop clocked by clk)
Endpoint: _410_ (rising edge-triggered flip-flop clocked by clk)
Path Group: clk
Path Type: min
Corner: Typical

Fanout     Cap    Slew   Delay    Time   Description
-----------------------------------------------------------------------------
                          0.00    0.00   clock clk (rise edge)
                          0.00    0.00   clock source latency
                  0.10    0.07    0.07 ^ clk (in)
     2    0.02                           clk (net)
                  0.10    0.00    0.07 ^ clkbuf_0_clk/A (sky130_fd_sc_hd__clkbuf_16)
                  0.07    0.16    0.22 ^ clkbuf_0_clk/X (sky130_fd_sc_hd__clkbuf_16)
     4    0.05                           clknet_0_clk (net)
                  0.07    0.00    0.23 ^ clkbuf_2_2__f_clk/A (sky130_fd_sc_hd__clkbuf_16)
                  0.05    0.14    0.36 ^ clkbuf_2_2__f_clk/X (sky130_fd_sc_hd__clkbuf_16)
    11    0.03                           clknet_2_2__leaf_clk (net)
                  0.05    0.00    0.36 ^ _409_/CLK (sky130_fd_sc_hd__dfrtp_2)
                  0.10    0.37    0.74 ^ _409_/Q (sky130_fd_sc_hd__dfrtp_2)
     6    0.02                           tx_inst.clk_count[0] (net)
                  0.10    0.00    0.74 ^ _340_/B (sky130_fd_sc_hd__nand2_1)
                  0.03    0.05    0.79 v _340_/Y (sky130_fd_sc_hd__nand2_1)
     1    0.00                           _189_ (net)
                  0.03    0.00    0.79 v _341_/C (sky130_fd_sc_hd__and3_1)
                  0.04    0.16    0.96 v _341_/X (sky130_fd_sc_hd__and3_1)
     1    0.00                           _190_ (net)
                  0.04    0.00    0.96 v _342_/A (sky130_fd_sc_hd__clkbuf_1)
                  0.03    0.08    1.04 v _342_/X (sky130_fd_sc_hd__clkbuf_1)
     1    0.00                           _049_ (net)
                  0.03    0.00    1.04 v _410_/D (sky130_fd_sc_hd__dfrtp_1)
                                  1.04   data arrival time

                          0.00    0.00   clock clk (rise edge)
                          0.00    0.00   clock source latency
                  0.10    0.07    0.07 ^ clk (in)
     2    0.02                           clk (net)
                  0.10    0.00    0.07 ^ clkbuf_0_clk/A (sky130_fd_sc_hd__clkbuf_16)
                  0.07    0.17    0.25 ^ clkbuf_0_clk/X (sky130_fd_sc_hd__clkbuf_16)
     4    0.05                           clknet_0_clk (net)
                  0.07    0.00    0.25 ^ clkbuf_2_2__f_clk/A (sky130_fd_sc_hd__clkbuf_16)
                  0.05    0.15    0.40 ^ clkbuf_2_2__f_clk/X (sky130_fd_sc_hd__clkbuf_16)
    11    0.03                           clknet_2_2__leaf_clk (net)
                  0.05    0.00    0.40 ^ _410_/CLK (sky130_fd_sc_hd__dfrtp_1)
                          0.25    0.65   clock uncertainty
                         -0.04    0.61   clock reconvergence pessimism
                         -0.04    0.58   library hold time
                                  0.58   data required time
-----------------------------------------------------------------------------
                                  0.58   data required time
                                 -1.04   data arrival time
-----------------------------------------------------------------------------
                                  0.46   slack (MET)


Startpoint: _446_ (rising edge-triggered flip-flop clocked by clk)
Endpoint: _446_ (rising edge-triggered flip-flop clocked by clk)
Path Group: clk
Path Type: min
Corner: Typical

Fanout     Cap    Slew   Delay    Time   Description
-----------------------------------------------------------------------------
                          0.00    0.00   clock clk (rise edge)
                          0.00    0.00   clock source latency
                  0.10    0.07    0.07 ^ clk (in)
     2    0.02                           clk (net)
                  0.10    0.00    0.07 ^ clkbuf_0_clk/A (sky130_fd_sc_hd__clkbuf_16)
                  0.07    0.16    0.22 ^ clkbuf_0_clk/X (sky130_fd_sc_hd__clkbuf_16)
     4    0.05                           clknet_0_clk (net)
                  0.07    0.00    0.23 ^ clkbuf_2_1__f_clk/A (sky130_fd_sc_hd__clkbuf_16)
                  0.07    0.15    0.37 ^ clkbuf_2_1__f_clk/X (sky130_fd_sc_hd__clkbuf_16)
    15    0.05                           clknet_2_1__leaf_clk (net)
                  0.07    0.00    0.37 ^ _446_/CLK (sky130_fd_sc_hd__dfrtp_1)
                  0.12    0.37    0.74 ^ _446_/Q (sky130_fd_sc_hd__dfrtp_1)
     5    0.01                           rx_inst.clk_count[3] (net)
                  0.12    0.00    0.74 ^ _225_/B1 (sky130_fd_sc_hd__a31o_1)
                  0.04    0.10    0.84 ^ _225_/X (sky130_fd_sc_hd__a31o_1)
     1    0.00                           _106_ (net)
                  0.04    0.00    0.84 ^ _226_/C (sky130_fd_sc_hd__and3b_1)
                  0.05    0.14    0.98 ^ _226_/X (sky130_fd_sc_hd__and3b_1)
     1    0.00                           _107_ (net)
                  0.05    0.00    0.98 ^ _227_/A (sky130_fd_sc_hd__clkbuf_1)
                  0.04    0.08    1.06 ^ _227_/X (sky130_fd_sc_hd__clkbuf_1)
     1    0.00                           _085_ (net)
                  0.04    0.00    1.06 ^ _446_/D (sky130_fd_sc_hd__dfrtp_1)
                                  1.06   data arrival time

                          0.00    0.00   clock clk (rise edge)
                          0.00    0.00   clock source latency
                  0.10    0.07    0.07 ^ clk (in)
     2    0.02                           clk (net)
                  0.10    0.00    0.07 ^ clkbuf_0_clk/A (sky130_fd_sc_hd__clkbuf_16)
                  0.07    0.17    0.25 ^ clkbuf_0_clk/X (sky130_fd_sc_hd__clkbuf_16)
     4    0.05                           clknet_0_clk (net)
                  0.07    0.00    0.25 ^ clkbuf_2_1__f_clk/A (sky130_fd_sc_hd__clkbuf_16)
                  0.07    0.16    0.41 ^ clkbuf_2_1__f_clk/X (sky130_fd_sc_hd__clkbuf_16)
    15    0.05                           clknet_2_1__leaf_clk (net)
                  0.07    0.00    0.41 ^ _446_/CLK (sky130_fd_sc_hd__dfrtp_1)
                          0.25    0.66   clock uncertainty
                         -0.04    0.63   clock reconvergence pessimism
                         -0.03    0.59   library hold time
                                  0.59   data required time
-----------------------------------------------------------------------------
                                  0.59   data required time
                                 -1.06   data arrival time
-----------------------------------------------------------------------------
                                  0.46   slack (MET)


Startpoint: _415_ (rising edge-triggered flip-flop clocked by clk)
Endpoint: _431_ (rising edge-triggered flip-flop clocked by clk)
Path Group: clk
Path Type: min
Corner: Typical

Fanout     Cap    Slew   Delay    Time   Description
-----------------------------------------------------------------------------
                          0.00    0.00   clock clk (rise edge)
                          0.00    0.00   clock source latency
                  0.10    0.07    0.07 ^ clk (in)
     2    0.02                           clk (net)
                  0.10    0.00    0.07 ^ clkbuf_0_clk/A (sky130_fd_sc_hd__clkbuf_16)
                  0.07    0.16    0.22 ^ clkbuf_0_clk/X (sky130_fd_sc_hd__clkbuf_16)
     4    0.05                           clknet_0_clk (net)
                  0.07    0.00    0.23 ^ clkbuf_2_2__f_clk/A (sky130_fd_sc_hd__clkbuf_16)
                  0.05    0.14    0.36 ^ clkbuf_2_2__f_clk/X (sky130_fd_sc_hd__clkbuf_16)
    11    0.03                           clknet_2_2__leaf_clk (net)
                  0.05    0.00    0.36 ^ _415_/CLK (sky130_fd_sc_hd__dfrtp_1)
                  0.04    0.30    0.66 ^ _415_/Q (sky130_fd_sc_hd__dfrtp_1)
     1    0.00                           tx_inst.clk_count[6] (net)
                  0.04    0.00    0.66 ^ _285_/B (sky130_fd_sc_hd__or4_1)
                  0.11    0.14    0.80 ^ _285_/X (sky130_fd_sc_hd__or4_1)
     3    0.01                           _151_ (net)
                  0.11    0.00    0.80 ^ _286_/B (sky130_fd_sc_hd__nor2_1)
                  0.06    0.08    0.89 v _286_/Y (sky130_fd_sc_hd__nor2_1)
     4    0.01                           _152_ (net)
                  0.06    0.00    0.89 v _290_/A1 (sky130_fd_sc_hd__a21bo_1)
                  0.03    0.16    1.05 v _290_/X (sky130_fd_sc_hd__a21bo_1)
     1    0.00                           _070_ (net)
                  0.03    0.00    1.05 v _431_/D (sky130_fd_sc_hd__dfrtp_4)
                                  1.05   data arrival time

                          0.00    0.00   clock clk (rise edge)
                          0.00    0.00   clock source latency
                  0.10    0.07    0.07 ^ clk (in)
     2    0.02                           clk (net)
                  0.10    0.00    0.07 ^ clkbuf_0_clk/A (sky130_fd_sc_hd__clkbuf_16)
                  0.07    0.17    0.25 ^ clkbuf_0_clk/X (sky130_fd_sc_hd__clkbuf_16)
     4    0.05                           clknet_0_clk (net)
                  0.07    0.00    0.25 ^ clkbuf_2_2__f_clk/A (sky130_fd_sc_hd__clkbuf_16)
                  0.05    0.15    0.40 ^ clkbuf_2_2__f_clk/X (sky130_fd_sc_hd__clkbuf_16)
    11    0.03                           clknet_2_2__leaf_clk (net)
                  0.05    0.00    0.40 ^ _431_/CLK (sky130_fd_sc_hd__dfrtp_4)
                          0.25    0.65   clock uncertainty
                         -0.04    0.61   clock reconvergence pessimism
                         -0.03    0.58   library hold time
                                  0.58   data required time
-----------------------------------------------------------------------------
                                  0.58   data required time
                                 -1.05   data arrival time
-----------------------------------------------------------------------------
                                  0.47   slack (MET)


Startpoint: _444_ (rising edge-triggered flip-flop clocked by clk)
Endpoint: _444_ (rising edge-triggered flip-flop clocked by clk)
Path Group: clk
Path Type: min
Corner: Typical

Fanout     Cap    Slew   Delay    Time   Description
-----------------------------------------------------------------------------
                          0.00    0.00   clock clk (rise edge)
                          0.00    0.00   clock source latency
                  0.10    0.07    0.07 ^ clk (in)
     2    0.02                           clk (net)
                  0.10    0.00    0.07 ^ clkbuf_0_clk/A (sky130_fd_sc_hd__clkbuf_16)
                  0.07    0.16    0.22 ^ clkbuf_0_clk/X (sky130_fd_sc_hd__clkbuf_16)
     4    0.05                           clknet_0_clk (net)
                  0.07    0.00    0.23 ^ clkbuf_2_1__f_clk/A (sky130_fd_sc_hd__clkbuf_16)
                  0.07    0.15    0.37 ^ clkbuf_2_1__f_clk/X (sky130_fd_sc_hd__clkbuf_16)
    15    0.05                           clknet_2_1__leaf_clk (net)
                  0.07    0.00    0.37 ^ _444_/CLK (sky130_fd_sc_hd__dfrtp_2)
                  0.12    0.40    0.77 ^ _444_/Q (sky130_fd_sc_hd__dfrtp_2)
     7    0.02                           rx_inst.clk_count[1] (net)
                  0.12    0.00    0.77 ^ _236_/A (sky130_fd_sc_hd__xor2_1)
                  0.04    0.08    0.85 v _236_/X (sky130_fd_sc_hd__xor2_1)
     1    0.00                           _115_ (net)
                  0.04    0.00    0.85 v _237_/B (sky130_fd_sc_hd__and2_1)
                  0.03    0.14    0.99 v _237_/X (sky130_fd_sc_hd__and2_1)
     1    0.00                           _116_ (net)
                  0.03    0.00    0.99 v _238_/A (sky130_fd_sc_hd__clkbuf_1)
                  0.03    0.08    1.07 v _238_/X (sky130_fd_sc_hd__clkbuf_1)
     1    0.00                           _083_ (net)
                  0.03    0.00    1.07 v _444_/D (sky130_fd_sc_hd__dfrtp_2)
                                  1.07   data arrival time

                          0.00    0.00   clock clk (rise edge)
                          0.00    0.00   clock source latency
                  0.10    0.07    0.07 ^ clk (in)
     2    0.02                           clk (net)
                  0.10    0.00    0.07 ^ clkbuf_0_clk/A (sky130_fd_sc_hd__clkbuf_16)
                  0.07    0.17    0.25 ^ clkbuf_0_clk/X (sky130_fd_sc_hd__clkbuf_16)
     4    0.05                           clknet_0_clk (net)
                  0.07    0.00    0.25 ^ clkbuf_2_1__f_clk/A (sky130_fd_sc_hd__clkbuf_16)
                  0.07    0.16    0.41 ^ clkbuf_2_1__f_clk/X (sky130_fd_sc_hd__clkbuf_16)
    15    0.05                           clknet_2_1__leaf_clk (net)
                  0.07    0.00    0.41 ^ _444_/CLK (sky130_fd_sc_hd__dfrtp_2)
                          0.25    0.66   clock uncertainty
                         -0.04    0.62   clock reconvergence pessimism
                         -0.03    0.59   library hold time
                                  0.59   data required time
-----------------------------------------------------------------------------
                                  0.59   data required time
                                 -1.07   data arrival time
-----------------------------------------------------------------------------
                                  0.48   slack (MET)


Startpoint: _442_ (rising edge-triggered flip-flop clocked by clk)
Endpoint: _439_ (rising edge-triggered flip-flop clocked by clk)
Path Group: clk
Path Type: min
Corner: Typical

Fanout     Cap    Slew   Delay    Time   Description
-----------------------------------------------------------------------------
                          0.00    0.00   clock clk (rise edge)
                          0.00    0.00   clock source latency
                  0.10    0.07    0.07 ^ clk (in)
     2    0.02                           clk (net)
                  0.10    0.00    0.07 ^ clkbuf_0_clk/A (sky130_fd_sc_hd__clkbuf_16)
                  0.07    0.16    0.22 ^ clkbuf_0_clk/X (sky130_fd_sc_hd__clkbuf_16)
     4    0.05                           clknet_0_clk (net)
                  0.07    0.00    0.23 ^ clkbuf_2_0__f_clk/A (sky130_fd_sc_hd__clkbuf_16)
                  0.06    0.14    0.36 ^ clkbuf_2_0__f_clk/X (sky130_fd_sc_hd__clkbuf_16)
    11    0.04                           clknet_2_0__leaf_clk (net)
                  0.06    0.00    0.37 ^ _442_/CLK (sky130_fd_sc_hd__dfrtp_2)
                  0.08    0.41    0.78 v _442_/Q (sky130_fd_sc_hd__dfrtp_2)
     6    0.02                           rx_inst.bit_index[2] (net)
                  0.08    0.00    0.78 v _259_/A (sky130_fd_sc_hd__nand2_1)
                  0.06    0.08    0.86 ^ _259_/Y (sky130_fd_sc_hd__nand2_1)
     2    0.01                           _133_ (net)
                  0.06    0.00    0.86 ^ _260_/A1 (sky130_fd_sc_hd__o21a_1)
                  0.05    0.12    0.98 ^ _260_/X (sky130_fd_sc_hd__o21a_1)
     1    0.00                           _134_ (net)
                  0.05    0.00    0.98 ^ _261_/B1 (sky130_fd_sc_hd__a31o_1)
                  0.04    0.09    1.07 ^ _261_/X (sky130_fd_sc_hd__a31o_1)
     1    0.00                           _078_ (net)
                  0.04    0.00    1.07 ^ _439_/D (sky130_fd_sc_hd__dfrtp_1)
                                  1.07   data arrival time

                          0.00    0.00   clock clk (rise edge)
                          0.00    0.00   clock source latency
                  0.10    0.07    0.07 ^ clk (in)
     2    0.02                           clk (net)
                  0.10    0.00    0.07 ^ clkbuf_0_clk/A (sky130_fd_sc_hd__clkbuf_16)
                  0.07    0.17    0.25 ^ clkbuf_0_clk/X (sky130_fd_sc_hd__clkbuf_16)
     4    0.05                           clknet_0_clk (net)
                  0.07    0.00    0.25 ^ clkbuf_2_0__f_clk/A (sky130_fd_sc_hd__clkbuf_16)
                  0.06    0.15    0.40 ^ clkbuf_2_0__f_clk/X (sky130_fd_sc_hd__clkbuf_16)
    11    0.04                           clknet_2_0__leaf_clk (net)
                  0.06    0.00    0.41 ^ _439_/CLK (sky130_fd_sc_hd__dfrtp_1)
                          0.25    0.66   clock uncertainty
                         -0.04    0.62   clock reconvergence pessimism
                         -0.03    0.59   library hold time
                                  0.59   data required time
-----------------------------------------------------------------------------
                                  0.59   data required time
                                 -1.07   data arrival time
-----------------------------------------------------------------------------
                                  0.48   slack (MET)


Startpoint: _431_ (rising edge-triggered flip-flop clocked by clk)
Endpoint: _420_ (rising edge-triggered flip-flop clocked by clk)
Path Group: clk
Path Type: min
Corner: Typical

Fanout     Cap    Slew   Delay    Time   Description
-----------------------------------------------------------------------------
                          0.00    0.00   clock clk (rise edge)
                          0.00    0.00   clock source latency
                  0.10    0.07    0.07 ^ clk (in)
     2    0.02                           clk (net)
                  0.10    0.00    0.07 ^ clkbuf_0_clk/A (sky130_fd_sc_hd__clkbuf_16)
                  0.07    0.16    0.22 ^ clkbuf_0_clk/X (sky130_fd_sc_hd__clkbuf_16)
     4    0.05                           clknet_0_clk (net)
                  0.07    0.00    0.23 ^ clkbuf_2_2__f_clk/A (sky130_fd_sc_hd__clkbuf_16)
                  0.05    0.14    0.36 ^ clkbuf_2_2__f_clk/X (sky130_fd_sc_hd__clkbuf_16)
    11    0.03                           clknet_2_2__leaf_clk (net)
                  0.05    0.00    0.36 ^ _431_/CLK (sky130_fd_sc_hd__dfrtp_4)
                  0.10    0.42    0.79 ^ _431_/Q (sky130_fd_sc_hd__dfrtp_4)
     7    0.02                           tx_inst.state[1] (net)
                  0.10    0.00    0.79 ^ _318_/C (sky130_fd_sc_hd__and3b_1)
                  0.04    0.15    0.94 ^ _318_/X (sky130_fd_sc_hd__and3b_1)
     1    0.00                           _173_ (net)
                  0.04    0.00    0.94 ^ _319_/C (sky130_fd_sc_hd__or3_1)
                  0.05    0.09    1.03 ^ _319_/X (sky130_fd_sc_hd__or3_1)
     1    0.00                           _174_ (net)
                  0.05    0.00    1.03 ^ _320_/A (sky130_fd_sc_hd__clkbuf_1)
                  0.05    0.08    1.11 ^ _320_/X (sky130_fd_sc_hd__clkbuf_1)
     1    0.00                           _059_ (net)
                  0.05    0.00    1.11 ^ _420_/D (sky130_fd_sc_hd__dfstp_1)
                                  1.11   data arrival time

                          0.00    0.00   clock clk (rise edge)
                          0.00    0.00   clock source latency
                  0.10    0.07    0.07 ^ clk (in)
     2    0.02                           clk (net)
                  0.10    0.00    0.07 ^ clkbuf_0_clk/A (sky130_fd_sc_hd__clkbuf_16)
                  0.07    0.17    0.25 ^ clkbuf_0_clk/X (sky130_fd_sc_hd__clkbuf_16)
     4    0.05                           clknet_0_clk (net)
                  0.07    0.00    0.25 ^ clkbuf_2_2__f_clk/A (sky130_fd_sc_hd__clkbuf_16)
                  0.05    0.15    0.40 ^ clkbuf_2_2__f_clk/X (sky130_fd_sc_hd__clkbuf_16)
    11    0.03                           clknet_2_2__leaf_clk (net)
                  0.05    0.00    0.40 ^ _420_/CLK (sky130_fd_sc_hd__dfstp_1)
                          0.25    0.65   clock uncertainty
                         -0.04    0.61   clock reconvergence pessimism
                         -0.03    0.58   library hold time
                                  0.58   data required time
-----------------------------------------------------------------------------
                                  0.58   data required time
                                 -1.11   data arrival time
-----------------------------------------------------------------------------
                                  0.53   slack (MET)


Startpoint: _420_ (rising edge-triggered flip-flop clocked by clk)
Endpoint: _417_ (rising edge-triggered flip-flop clocked by clk)
Path Group: clk
Path Type: min
Corner: Typical

Fanout     Cap    Slew   Delay    Time   Description
-----------------------------------------------------------------------------
                          0.00    0.00   clock clk (rise edge)
                          0.00    0.00   clock source latency
                  0.10    0.07    0.07 ^ clk (in)
     2    0.02                           clk (net)
                  0.10    0.00    0.07 ^ clkbuf_0_clk/A (sky130_fd_sc_hd__clkbuf_16)
                  0.07    0.16    0.22 ^ clkbuf_0_clk/X (sky130_fd_sc_hd__clkbuf_16)
     4    0.05                           clknet_0_clk (net)
                  0.07    0.00    0.23 ^ clkbuf_2_2__f_clk/A (sky130_fd_sc_hd__clkbuf_16)
                  0.05    0.14    0.36 ^ clkbuf_2_2__f_clk/X (sky130_fd_sc_hd__clkbuf_16)
    11    0.03                           clknet_2_2__leaf_clk (net)
                  0.05    0.00    0.36 ^ _420_/CLK (sky130_fd_sc_hd__dfstp_1)
                  0.05    0.36    0.72 v _420_/Q (sky130_fd_sc_hd__dfstp_1)
     3    0.01                           rx_inst.rx (net)
                  0.05    0.00    0.72 v _327_/A1 (sky130_fd_sc_hd__a311o_1)
                  0.06    0.26    0.99 v _327_/X (sky130_fd_sc_hd__a311o_1)
     1    0.01                           _179_ (net)
                  0.06    0.00    0.99 v _328_/B (sky130_fd_sc_hd__xnor2_1)
                  0.04    0.12    1.11 v _328_/Y (sky130_fd_sc_hd__xnor2_1)
     1    0.00                           _056_ (net)
                  0.04    0.00    1.11 v _417_/D (sky130_fd_sc_hd__dfrtp_4)
                                  1.11   data arrival time

                          0.00    0.00   clock clk (rise edge)
                          0.00    0.00   clock source latency
                  0.10    0.07    0.07 ^ clk (in)
     2    0.02                           clk (net)
                  0.10    0.00    0.07 ^ clkbuf_0_clk/A (sky130_fd_sc_hd__clkbuf_16)
                  0.07    0.17    0.25 ^ clkbuf_0_clk/X (sky130_fd_sc_hd__clkbuf_16)
     4    0.05                           clknet_0_clk (net)
                  0.07    0.00    0.25 ^ clkbuf_2_2__f_clk/A (sky130_fd_sc_hd__clkbuf_16)
                  0.05    0.15    0.40 ^ clkbuf_2_2__f_clk/X (sky130_fd_sc_hd__clkbuf_16)
    11    0.03                           clknet_2_2__leaf_clk (net)
                  0.05    0.00    0.40 ^ _417_/CLK (sky130_fd_sc_hd__dfrtp_4)
                          0.25    0.65   clock uncertainty
                         -0.04    0.61   clock reconvergence pessimism
                         -0.04    0.58   library hold time
                                  0.58   data required time
-----------------------------------------------------------------------------
                                  0.58   data required time
                                 -1.11   data arrival time
-----------------------------------------------------------------------------
                                  0.53   slack (MET)


Startpoint: _441_ (rising edge-triggered flip-flop clocked by clk)
Endpoint: _434_ (rising edge-triggered flip-flop clocked by clk)
Path Group: clk
Path Type: min
Corner: Typical

Fanout     Cap    Slew   Delay    Time   Description
-----------------------------------------------------------------------------
                          0.00    0.00   clock clk (rise edge)
                          0.00    0.00   clock source latency
                  0.10    0.07    0.07 ^ clk (in)
     2    0.02                           clk (net)
                  0.10    0.00    0.07 ^ clkbuf_0_clk/A (sky130_fd_sc_hd__clkbuf_16)
                  0.07    0.16    0.22 ^ clkbuf_0_clk/X (sky130_fd_sc_hd__clkbuf_16)
     4    0.05                           clknet_0_clk (net)
                  0.07    0.00    0.23 ^ clkbuf_2_0__f_clk/A (sky130_fd_sc_hd__clkbuf_16)
                  0.06    0.14    0.36 ^ clkbuf_2_0__f_clk/X (sky130_fd_sc_hd__clkbuf_16)
    11    0.04                           clknet_2_0__leaf_clk (net)
                  0.06    0.00    0.37 ^ _441_/CLK (sky130_fd_sc_hd__dfrtp_2)
                  0.13    0.40    0.77 ^ _441_/Q (sky130_fd_sc_hd__dfrtp_2)
     9    0.02                           rx_inst.bit_index[1] (net)
                  0.13    0.00    0.77 ^ _275_/C (sky130_fd_sc_hd__and3b_1)
                  0.06    0.17    0.94 ^ _275_/X (sky130_fd_sc_hd__and3b_1)
     1    0.00                           _144_ (net)
                  0.06    0.00    0.94 ^ _276_/S (sky130_fd_sc_hd__mux2_1)
                  0.04    0.12    1.07 ^ _276_/X (sky130_fd_sc_hd__mux2_1)
     1    0.00                           _145_ (net)
                  0.04    0.00    1.07 ^ _277_/A (sky130_fd_sc_hd__clkbuf_1)
                  0.04    0.07    1.14 ^ _277_/X (sky130_fd_sc_hd__clkbuf_1)
     1    0.00                           _073_ (net)
                  0.04    0.00    1.14 ^ _434_/D (sky130_fd_sc_hd__dfrtp_1)
                                  1.14   data arrival time

                          0.00    0.00   clock clk (rise edge)
                          0.00    0.00   clock source latency
                  0.10    0.07    0.07 ^ clk (in)
     2    0.02                           clk (net)
                  0.10    0.00    0.07 ^ clkbuf_0_clk/A (sky130_fd_sc_hd__clkbuf_16)
                  0.07    0.17    0.25 ^ clkbuf_0_clk/X (sky130_fd_sc_hd__clkbuf_16)
     4    0.05                           clknet_0_clk (net)
                  0.07    0.00    0.25 ^ clkbuf_2_0__f_clk/A (sky130_fd_sc_hd__clkbuf_16)
                  0.06    0.15    0.40 ^ clkbuf_2_0__f_clk/X (sky130_fd_sc_hd__clkbuf_16)
    11    0.04                           clknet_2_0__leaf_clk (net)
                  0.06    0.00    0.41 ^ _434_/CLK (sky130_fd_sc_hd__dfrtp_1)
                          0.25    0.66   clock uncertainty
                         -0.04    0.62   clock reconvergence pessimism
                         -0.03    0.58   library hold time
                                  0.58   data required time
-----------------------------------------------------------------------------
                                  0.58   data required time
                                 -1.14   data arrival time
-----------------------------------------------------------------------------
                                  0.56   slack (MET)


Startpoint: _430_ (rising edge-triggered flip-flop clocked by clk)
Endpoint: _423_ (rising edge-triggered flip-flop clocked by clk)
Path Group: clk
Path Type: min
Corner: Typical

Fanout     Cap    Slew   Delay    Time   Description
-----------------------------------------------------------------------------
                          0.00    0.00   clock clk (rise edge)
                          0.00    0.00   clock source latency
                  0.10    0.07    0.07 ^ clk (in)
     2    0.02                           clk (net)
                  0.10    0.00    0.07 ^ clkbuf_0_clk/A (sky130_fd_sc_hd__clkbuf_16)
                  0.07    0.16    0.22 ^ clkbuf_0_clk/X (sky130_fd_sc_hd__clkbuf_16)
     4    0.05                           clknet_0_clk (net)
                  0.07    0.00    0.23 ^ clkbuf_2_2__f_clk/A (sky130_fd_sc_hd__clkbuf_16)
                  0.05    0.14    0.36 ^ clkbuf_2_2__f_clk/X (sky130_fd_sc_hd__clkbuf_16)
    11    0.03                           clknet_2_2__leaf_clk (net)
                  0.05    0.00    0.36 ^ _430_/CLK (sky130_fd_sc_hd__dfrtp_4)
                  0.10    0.42    0.79 ^ _430_/Q (sky130_fd_sc_hd__dfrtp_4)
     7    0.02                           tx_inst.state[0] (net)
                  0.10    0.00    0.79 ^ _288_/B (sky130_fd_sc_hd__nor2_2)
                  0.08    0.09    0.88 v _288_/Y (sky130_fd_sc_hd__nor2_2)
     7    0.03                           _154_ (net)
                  0.08    0.00    0.88 v _296_/B (sky130_fd_sc_hd__nand2_4)
                  0.14    0.14    1.02 ^ _296_/Y (sky130_fd_sc_hd__nand2_4)
     8    0.05                           _160_ (net)
                  0.14    0.00    1.02 ^ _309_/S (sky130_fd_sc_hd__mux2_1)
                  0.04    0.14    1.16 ^ _309_/X (sky130_fd_sc_hd__mux2_1)
     1    0.00                           _167_ (net)
                  0.04    0.00    1.16 ^ _310_/A (sky130_fd_sc_hd__clkbuf_1)
                  0.04    0.07    1.24 ^ _310_/X (sky130_fd_sc_hd__clkbuf_1)
     1    0.00                           _062_ (net)
                  0.04    0.00    1.24 ^ _423_/D (sky130_fd_sc_hd__dfrtp_1)
                                  1.24   data arrival time

                          0.00    0.00   clock clk (rise edge)
                          0.00    0.00   clock source latency
                  0.10    0.07    0.07 ^ clk (in)
     2    0.02                           clk (net)
                  0.10    0.00    0.07 ^ clkbuf_0_clk/A (sky130_fd_sc_hd__clkbuf_16)
                  0.07    0.17    0.25 ^ clkbuf_0_clk/X (sky130_fd_sc_hd__clkbuf_16)
     4    0.05                           clknet_0_clk (net)
                  0.07    0.00    0.25 ^ clkbuf_2_1__f_clk/A (sky130_fd_sc_hd__clkbuf_16)
                  0.07    0.16    0.41 ^ clkbuf_2_1__f_clk/X (sky130_fd_sc_hd__clkbuf_16)
    15    0.05                           clknet_2_1__leaf_clk (net)
                  0.07    0.00    0.42 ^ _423_/CLK (sky130_fd_sc_hd__dfrtp_1)
                          0.25    0.67   clock uncertainty
                         -0.02    0.64   clock reconvergence pessimism
                         -0.03    0.61   library hold time
                                  0.61   data required time
-----------------------------------------------------------------------------
                                  0.61   data required time
                                 -1.24   data arrival time
-----------------------------------------------------------------------------
                                  0.62   slack (MET)


Startpoint: _430_ (rising edge-triggered flip-flop clocked by clk)
Endpoint: _422_ (rising edge-triggered flip-flop clocked by clk)
Path Group: clk
Path Type: min
Corner: Typical

Fanout     Cap    Slew   Delay    Time   Description
-----------------------------------------------------------------------------
                          0.00    0.00   clock clk (rise edge)
                          0.00    0.00   clock source latency
                  0.10    0.07    0.07 ^ clk (in)
     2    0.02                           clk (net)
                  0.10    0.00    0.07 ^ clkbuf_0_clk/A (sky130_fd_sc_hd__clkbuf_16)
                  0.07    0.16    0.22 ^ clkbuf_0_clk/X (sky130_fd_sc_hd__clkbuf_16)
     4    0.05                           clknet_0_clk (net)
                  0.07    0.00    0.23 ^ clkbuf_2_2__f_clk/A (sky130_fd_sc_hd__clkbuf_16)
                  0.05    0.14    0.36 ^ clkbuf_2_2__f_clk/X (sky130_fd_sc_hd__clkbuf_16)
    11    0.03                           clknet_2_2__leaf_clk (net)
                  0.05    0.00    0.36 ^ _430_/CLK (sky130_fd_sc_hd__dfrtp_4)
                  0.10    0.42    0.79 ^ _430_/Q (sky130_fd_sc_hd__dfrtp_4)
     7    0.02                           tx_inst.state[0] (net)
                  0.10    0.00    0.79 ^ _288_/B (sky130_fd_sc_hd__nor2_2)
                  0.08    0.09    0.88 v _288_/Y (sky130_fd_sc_hd__nor2_2)
     7    0.03                           _154_ (net)
                  0.08    0.00    0.88 v _296_/B (sky130_fd_sc_hd__nand2_4)
                  0.14    0.14    1.02 ^ _296_/Y (sky130_fd_sc_hd__nand2_4)
     8    0.05                           _160_ (net)
                  0.14    0.00    1.02 ^ _311_/S (sky130_fd_sc_hd__mux2_1)
                  0.04    0.14    1.17 ^ _311_/X (sky130_fd_sc_hd__mux2_1)
     1    0.00                           _168_ (net)
                  0.04    0.00    1.17 ^ _312_/A (sky130_fd_sc_hd__clkbuf_1)
                  0.04    0.07    1.24 ^ _312_/X (sky130_fd_sc_hd__clkbuf_1)
     1    0.00                           _061_ (net)
                  0.04    0.00    1.24 ^ _422_/D (sky130_fd_sc_hd__dfrtp_1)
                                  1.24   data arrival time

                          0.00    0.00   clock clk (rise edge)
                          0.00    0.00   clock source latency
                  0.10    0.07    0.07 ^ clk (in)
     2    0.02                           clk (net)
                  0.10    0.00    0.07 ^ clkbuf_0_clk/A (sky130_fd_sc_hd__clkbuf_16)
                  0.07    0.17    0.25 ^ clkbuf_0_clk/X (sky130_fd_sc_hd__clkbuf_16)
     4    0.05                           clknet_0_clk (net)
                  0.07    0.00    0.25 ^ clkbuf_2_1__f_clk/A (sky130_fd_sc_hd__clkbuf_16)
                  0.07    0.16    0.41 ^ clkbuf_2_1__f_clk/X (sky130_fd_sc_hd__clkbuf_16)
    15    0.05                           clknet_2_1__leaf_clk (net)
                  0.07    0.00    0.42 ^ _422_/CLK (sky130_fd_sc_hd__dfrtp_1)
                          0.25    0.67   clock uncertainty
                         -0.02    0.64   clock reconvergence pessimism
                         -0.03    0.61   library hold time
                                  0.61   data required time
-----------------------------------------------------------------------------
                                  0.61   data required time
                                 -1.24   data arrival time
-----------------------------------------------------------------------------
                                  0.63   slack (MET)


Startpoint: _430_ (rising edge-triggered flip-flop clocked by clk)
Endpoint: _428_ (rising edge-triggered flip-flop clocked by clk)
Path Group: clk
Path Type: min
Corner: Typical

Fanout     Cap    Slew   Delay    Time   Description
-----------------------------------------------------------------------------
                          0.00    0.00   clock clk (rise edge)
                          0.00    0.00   clock source latency
                  0.10    0.07    0.07 ^ clk (in)
     2    0.02                           clk (net)
                  0.10    0.00    0.07 ^ clkbuf_0_clk/A (sky130_fd_sc_hd__clkbuf_16)
                  0.07    0.16    0.22 ^ clkbuf_0_clk/X (sky130_fd_sc_hd__clkbuf_16)
     4    0.05                           clknet_0_clk (net)
                  0.07    0.00    0.23 ^ clkbuf_2_2__f_clk/A (sky130_fd_sc_hd__clkbuf_16)
                  0.05    0.14    0.36 ^ clkbuf_2_2__f_clk/X (sky130_fd_sc_hd__clkbuf_16)
    11    0.03                           clknet_2_2__leaf_clk (net)
                  0.05    0.00    0.36 ^ _430_/CLK (sky130_fd_sc_hd__dfrtp_4)
                  0.10    0.42    0.79 ^ _430_/Q (sky130_fd_sc_hd__dfrtp_4)
     7    0.02                           tx_inst.state[0] (net)
                  0.10    0.00    0.79 ^ _288_/B (sky130_fd_sc_hd__nor2_2)
                  0.08    0.09    0.88 v _288_/Y (sky130_fd_sc_hd__nor2_2)
     7    0.03                           _154_ (net)
                  0.08    0.00    0.88 v _296_/B (sky130_fd_sc_hd__nand2_4)
                  0.14    0.14    1.02 ^ _296_/Y (sky130_fd_sc_hd__nand2_4)
     8    0.05                           _160_ (net)
                  0.14    0.00    1.02 ^ _299_/S (sky130_fd_sc_hd__mux2_1)
                  0.04    0.14    1.17 ^ _299_/X (sky130_fd_sc_hd__mux2_1)
     1    0.00                           _162_ (net)
                  0.04    0.00    1.17 ^ _300_/A (sky130_fd_sc_hd__clkbuf_1)
                  0.04    0.07    1.24 ^ _300_/X (sky130_fd_sc_hd__clkbuf_1)
     1    0.00                           _067_ (net)
                  0.04    0.00    1.24 ^ _428_/D (sky130_fd_sc_hd__dfrtp_1)
                                  1.24   data arrival time

                          0.00    0.00   clock clk (rise edge)
                          0.00    0.00   clock source latency
                  0.10    0.07    0.07 ^ clk (in)
     2    0.02                           clk (net)
                  0.10    0.00    0.07 ^ clkbuf_0_clk/A (sky130_fd_sc_hd__clkbuf_16)
                  0.07    0.17    0.25 ^ clkbuf_0_clk/X (sky130_fd_sc_hd__clkbuf_16)
     4    0.05                           clknet_0_clk (net)
                  0.07    0.00    0.25 ^ clkbuf_2_1__f_clk/A (sky130_fd_sc_hd__clkbuf_16)
                  0.07    0.16    0.41 ^ clkbuf_2_1__f_clk/X (sky130_fd_sc_hd__clkbuf_16)
    15    0.05                           clknet_2_1__leaf_clk (net)
                  0.07    0.00    0.42 ^ _428_/CLK (sky130_fd_sc_hd__dfrtp_1)
                          0.25    0.67   clock uncertainty
                         -0.02    0.64   clock reconvergence pessimism
                         -0.03    0.61   library hold time
                                  0.61   data required time
-----------------------------------------------------------------------------
                                  0.61   data required time
                                 -1.24   data arrival time
-----------------------------------------------------------------------------
                                  0.63   slack (MET)


Startpoint: _430_ (rising edge-triggered flip-flop clocked by clk)
Endpoint: _429_ (rising edge-triggered flip-flop clocked by clk)
Path Group: clk
Path Type: min
Corner: Typical

Fanout     Cap    Slew   Delay    Time   Description
-----------------------------------------------------------------------------
                          0.00    0.00   clock clk (rise edge)
                          0.00    0.00   clock source latency
                  0.10    0.07    0.07 ^ clk (in)
     2    0.02                           clk (net)
                  0.10    0.00    0.07 ^ clkbuf_0_clk/A (sky130_fd_sc_hd__clkbuf_16)
                  0.07    0.16    0.22 ^ clkbuf_0_clk/X (sky130_fd_sc_hd__clkbuf_16)
     4    0.05                           clknet_0_clk (net)
                  0.07    0.00    0.23 ^ clkbuf_2_2__f_clk/A (sky130_fd_sc_hd__clkbuf_16)
                  0.05    0.14    0.36 ^ clkbuf_2_2__f_clk/X (sky130_fd_sc_hd__clkbuf_16)
    11    0.03                           clknet_2_2__leaf_clk (net)
                  0.05    0.00    0.36 ^ _430_/CLK (sky130_fd_sc_hd__dfrtp_4)
                  0.10    0.42    0.79 ^ _430_/Q (sky130_fd_sc_hd__dfrtp_4)
     7    0.02                           tx_inst.state[0] (net)
                  0.10    0.00    0.79 ^ _288_/B (sky130_fd_sc_hd__nor2_2)
                  0.08    0.09    0.88 v _288_/Y (sky130_fd_sc_hd__nor2_2)
     7    0.03                           _154_ (net)
                  0.08    0.00    0.88 v _296_/B (sky130_fd_sc_hd__nand2_4)
                  0.14    0.14    1.02 ^ _296_/Y (sky130_fd_sc_hd__nand2_4)
     8    0.05                           _160_ (net)
                  0.14    0.00    1.02 ^ _297_/S (sky130_fd_sc_hd__mux2_1)
                  0.04    0.14    1.17 ^ _297_/X (sky130_fd_sc_hd__mux2_1)
     1    0.00                           _161_ (net)
                  0.04    0.00    1.17 ^ _298_/A (sky130_fd_sc_hd__clkbuf_1)
                  0.04    0.07    1.24 ^ _298_/X (sky130_fd_sc_hd__clkbuf_1)
     1    0.00                           _068_ (net)
                  0.04    0.00    1.24 ^ _429_/D (sky130_fd_sc_hd__dfrtp_1)
                                  1.24   data arrival time

                          0.00    0.00   clock clk (rise edge)
                          0.00    0.00   clock source latency
                  0.10    0.07    0.07 ^ clk (in)
     2    0.02                           clk (net)
                  0.10    0.00    0.07 ^ clkbuf_0_clk/A (sky130_fd_sc_hd__clkbuf_16)
                  0.07    0.17    0.25 ^ clkbuf_0_clk/X (sky130_fd_sc_hd__clkbuf_16)
     4    0.05                           clknet_0_clk (net)
                  0.07    0.00    0.25 ^ clkbuf_2_1__f_clk/A (sky130_fd_sc_hd__clkbuf_16)
                  0.07    0.16    0.41 ^ clkbuf_2_1__f_clk/X (sky130_fd_sc_hd__clkbuf_16)
    15    0.05                           clknet_2_1__leaf_clk (net)
                  0.07    0.00    0.42 ^ _429_/CLK (sky130_fd_sc_hd__dfrtp_1)
                          0.25    0.67   clock uncertainty
                         -0.02    0.64   clock reconvergence pessimism
                         -0.03    0.61   library hold time
                                  0.61   data required time
-----------------------------------------------------------------------------
                                  0.61   data required time
                                 -1.24   data arrival time
-----------------------------------------------------------------------------
                                  0.63   slack (MET)


Startpoint: _430_ (rising edge-triggered flip-flop clocked by clk)
Endpoint: _425_ (rising edge-triggered flip-flop clocked by clk)
Path Group: clk
Path Type: min
Corner: Typical

Fanout     Cap    Slew   Delay    Time   Description
-----------------------------------------------------------------------------
                          0.00    0.00   clock clk (rise edge)
                          0.00    0.00   clock source latency
                  0.10    0.07    0.07 ^ clk (in)
     2    0.02                           clk (net)
                  0.10    0.00    0.07 ^ clkbuf_0_clk/A (sky130_fd_sc_hd__clkbuf_16)
                  0.07    0.16    0.22 ^ clkbuf_0_clk/X (sky130_fd_sc_hd__clkbuf_16)
     4    0.05                           clknet_0_clk (net)
                  0.07    0.00    0.23 ^ clkbuf_2_2__f_clk/A (sky130_fd_sc_hd__clkbuf_16)
                  0.05    0.14    0.36 ^ clkbuf_2_2__f_clk/X (sky130_fd_sc_hd__clkbuf_16)
    11    0.03                           clknet_2_2__leaf_clk (net)
                  0.05    0.00    0.36 ^ _430_/CLK (sky130_fd_sc_hd__dfrtp_4)
                  0.10    0.42    0.79 ^ _430_/Q (sky130_fd_sc_hd__dfrtp_4)
     7    0.02                           tx_inst.state[0] (net)
                  0.10    0.00    0.79 ^ _288_/B (sky130_fd_sc_hd__nor2_2)
                  0.08    0.09    0.88 v _288_/Y (sky130_fd_sc_hd__nor2_2)
     7    0.03                           _154_ (net)
                  0.08    0.00    0.88 v _296_/B (sky130_fd_sc_hd__nand2_4)
                  0.14    0.14    1.02 ^ _296_/Y (sky130_fd_sc_hd__nand2_4)
     8    0.05                           _160_ (net)
                  0.14    0.00    1.02 ^ _305_/S (sky130_fd_sc_hd__mux2_1)
                  0.05    0.15    1.17 ^ _305_/X (sky130_fd_sc_hd__mux2_1)
     1    0.00                           _165_ (net)
                  0.05    0.00    1.17 ^ _306_/A (sky130_fd_sc_hd__clkbuf_1)
                  0.05    0.08    1.25 ^ _306_/X (sky130_fd_sc_hd__clkbuf_1)
     1    0.00                           _064_ (net)
                  0.05    0.00    1.25 ^ _425_/D (sky130_fd_sc_hd__dfrtp_1)
                                  1.25   data arrival time

                          0.00    0.00   clock clk (rise edge)
                          0.00    0.00   clock source latency
                  0.10    0.07    0.07 ^ clk (in)
     2    0.02                           clk (net)
                  0.10    0.00    0.07 ^ clkbuf_0_clk/A (sky130_fd_sc_hd__clkbuf_16)
                  0.07    0.17    0.25 ^ clkbuf_0_clk/X (sky130_fd_sc_hd__clkbuf_16)
     4    0.05                           clknet_0_clk (net)
                  0.07    0.00    0.25 ^ clkbuf_2_1__f_clk/A (sky130_fd_sc_hd__clkbuf_16)
                  0.07    0.16    0.41 ^ clkbuf_2_1__f_clk/X (sky130_fd_sc_hd__clkbuf_16)
    15    0.05                           clknet_2_1__leaf_clk (net)
                  0.07    0.00    0.42 ^ _425_/CLK (sky130_fd_sc_hd__dfrtp_1)
                          0.25    0.67   clock uncertainty
                         -0.02    0.64   clock reconvergence pessimism
                         -0.03    0.61   library hold time
                                  0.61   data required time
-----------------------------------------------------------------------------
                                  0.61   data required time
                                 -1.25   data arrival time
-----------------------------------------------------------------------------
                                  0.64   slack (MET)


Startpoint: _430_ (rising edge-triggered flip-flop clocked by clk)
Endpoint: _426_ (rising edge-triggered flip-flop clocked by clk)
Path Group: clk
Path Type: min
Corner: Typical

Fanout     Cap    Slew   Delay    Time   Description
-----------------------------------------------------------------------------
                          0.00    0.00   clock clk (rise edge)
                          0.00    0.00   clock source latency
                  0.10    0.07    0.07 ^ clk (in)
     2    0.02                           clk (net)
                  0.10    0.00    0.07 ^ clkbuf_0_clk/A (sky130_fd_sc_hd__clkbuf_16)
                  0.07    0.16    0.22 ^ clkbuf_0_clk/X (sky130_fd_sc_hd__clkbuf_16)
     4    0.05                           clknet_0_clk (net)
                  0.07    0.00    0.23 ^ clkbuf_2_2__f_clk/A (sky130_fd_sc_hd__clkbuf_16)
                  0.05    0.14    0.36 ^ clkbuf_2_2__f_clk/X (sky130_fd_sc_hd__clkbuf_16)
    11    0.03                           clknet_2_2__leaf_clk (net)
                  0.05    0.00    0.36 ^ _430_/CLK (sky130_fd_sc_hd__dfrtp_4)
                  0.10    0.42    0.79 ^ _430_/Q (sky130_fd_sc_hd__dfrtp_4)
     7    0.02                           tx_inst.state[0] (net)
                  0.10    0.00    0.79 ^ _288_/B (sky130_fd_sc_hd__nor2_2)
                  0.08    0.09    0.88 v _288_/Y (sky130_fd_sc_hd__nor2_2)
     7    0.03                           _154_ (net)
                  0.08    0.00    0.88 v _296_/B (sky130_fd_sc_hd__nand2_4)
                  0.14    0.14    1.02 ^ _296_/Y (sky130_fd_sc_hd__nand2_4)
     8    0.05                           _160_ (net)
                  0.14    0.00    1.02 ^ _303_/S (sky130_fd_sc_hd__mux2_1)
                  0.04    0.14    1.16 ^ _303_/X (sky130_fd_sc_hd__mux2_1)
     1    0.00                           _164_ (net)
                  0.04    0.00    1.16 ^ _304_/A (sky130_fd_sc_hd__clkbuf_1)
                  0.04    0.07    1.24 ^ _304_/X (sky130_fd_sc_hd__clkbuf_1)
     1    0.00                           _065_ (net)
                  0.04    0.00    1.24 ^ _426_/D (sky130_fd_sc_hd__dfrtp_1)
                                  1.24   data arrival time

                          0.00    0.00   clock clk (rise edge)
                          0.00    0.00   clock source latency
                  0.10    0.07    0.07 ^ clk (in)
     2    0.02                           clk (net)
                  0.10    0.00    0.07 ^ clkbuf_0_clk/A (sky130_fd_sc_hd__clkbuf_16)
                  0.07    0.17    0.25 ^ clkbuf_0_clk/X (sky130_fd_sc_hd__clkbuf_16)
     4    0.05                           clknet_0_clk (net)
                  0.07    0.00    0.25 ^ clkbuf_2_3__f_clk/A (sky130_fd_sc_hd__clkbuf_16)
                  0.05    0.15    0.40 ^ clkbuf_2_3__f_clk/X (sky130_fd_sc_hd__clkbuf_16)
     8    0.03                           clknet_2_3__leaf_clk (net)
                  0.05    0.00    0.40 ^ _426_/CLK (sky130_fd_sc_hd__dfrtp_1)
                          0.25    0.65   clock uncertainty
                         -0.02    0.62   clock reconvergence pessimism
                         -0.03    0.59   library hold time
                                  0.59   data required time
-----------------------------------------------------------------------------
                                  0.59   data required time
                                 -1.24   data arrival time
-----------------------------------------------------------------------------
                                  0.64   slack (MET)


Startpoint: _430_ (rising edge-triggered flip-flop clocked by clk)
Endpoint: _424_ (rising edge-triggered flip-flop clocked by clk)
Path Group: clk
Path Type: min
Corner: Typical

Fanout     Cap    Slew   Delay    Time   Description
-----------------------------------------------------------------------------
                          0.00    0.00   clock clk (rise edge)
                          0.00    0.00   clock source latency
                  0.10    0.07    0.07 ^ clk (in)
     2    0.02                           clk (net)
                  0.10    0.00    0.07 ^ clkbuf_0_clk/A (sky130_fd_sc_hd__clkbuf_16)
                  0.07    0.16    0.22 ^ clkbuf_0_clk/X (sky130_fd_sc_hd__clkbuf_16)
     4    0.05                           clknet_0_clk (net)
                  0.07    0.00    0.23 ^ clkbuf_2_2__f_clk/A (sky130_fd_sc_hd__clkbuf_16)
                  0.05    0.14    0.36 ^ clkbuf_2_2__f_clk/X (sky130_fd_sc_hd__clkbuf_16)
    11    0.03                           clknet_2_2__leaf_clk (net)
                  0.05    0.00    0.36 ^ _430_/CLK (sky130_fd_sc_hd__dfrtp_4)
                  0.10    0.42    0.79 ^ _430_/Q (sky130_fd_sc_hd__dfrtp_4)
     7    0.02                           tx_inst.state[0] (net)
                  0.10    0.00    0.79 ^ _288_/B (sky130_fd_sc_hd__nor2_2)
                  0.08    0.09    0.88 v _288_/Y (sky130_fd_sc_hd__nor2_2)
     7    0.03                           _154_ (net)
                  0.08    0.00    0.88 v _296_/B (sky130_fd_sc_hd__nand2_4)
                  0.14    0.14    1.02 ^ _296_/Y (sky130_fd_sc_hd__nand2_4)
     8    0.05                           _160_ (net)
                  0.14    0.00    1.02 ^ _307_/S (sky130_fd_sc_hd__mux2_1)
                  0.04    0.14    1.16 ^ _307_/X (sky130_fd_sc_hd__mux2_1)
     1    0.00                           _166_ (net)
                  0.04    0.00    1.16 ^ _308_/A (sky130_fd_sc_hd__clkbuf_1)
                  0.04    0.07    1.24 ^ _308_/X (sky130_fd_sc_hd__clkbuf_1)
     1    0.00                           _063_ (net)
                  0.04    0.00    1.24 ^ _424_/D (sky130_fd_sc_hd__dfrtp_1)
                                  1.24   data arrival time

                          0.00    0.00   clock clk (rise edge)
                          0.00    0.00   clock source latency
                  0.10    0.07    0.07 ^ clk (in)
     2    0.02                           clk (net)
                  0.10    0.00    0.07 ^ clkbuf_0_clk/A (sky130_fd_sc_hd__clkbuf_16)
                  0.07    0.17    0.25 ^ clkbuf_0_clk/X (sky130_fd_sc_hd__clkbuf_16)
     4    0.05                           clknet_0_clk (net)
                  0.07    0.00    0.25 ^ clkbuf_2_3__f_clk/A (sky130_fd_sc_hd__clkbuf_16)
                  0.05    0.15    0.40 ^ clkbuf_2_3__f_clk/X (sky130_fd_sc_hd__clkbuf_16)
     8    0.03                           clknet_2_3__leaf_clk (net)
                  0.05    0.00    0.40 ^ _424_/CLK (sky130_fd_sc_hd__dfrtp_1)
                          0.25    0.65   clock uncertainty
                         -0.02    0.62   clock reconvergence pessimism
                         -0.03    0.59   library hold time
                                  0.59   data required time
-----------------------------------------------------------------------------
                                  0.59   data required time
                                 -1.24   data arrival time
-----------------------------------------------------------------------------
                                  0.64   slack (MET)


Startpoint: _430_ (rising edge-triggered flip-flop clocked by clk)
Endpoint: _427_ (rising edge-triggered flip-flop clocked by clk)
Path Group: clk
Path Type: min
Corner: Typical

Fanout     Cap    Slew   Delay    Time   Description
-----------------------------------------------------------------------------
                          0.00    0.00   clock clk (rise edge)
                          0.00    0.00   clock source latency
                  0.10    0.07    0.07 ^ clk (in)
     2    0.02                           clk (net)
                  0.10    0.00    0.07 ^ clkbuf_0_clk/A (sky130_fd_sc_hd__clkbuf_16)
                  0.07    0.16    0.22 ^ clkbuf_0_clk/X (sky130_fd_sc_hd__clkbuf_16)
     4    0.05                           clknet_0_clk (net)
                  0.07    0.00    0.23 ^ clkbuf_2_2__f_clk/A (sky130_fd_sc_hd__clkbuf_16)
                  0.05    0.14    0.36 ^ clkbuf_2_2__f_clk/X (sky130_fd_sc_hd__clkbuf_16)
    11    0.03                           clknet_2_2__leaf_clk (net)
                  0.05    0.00    0.36 ^ _430_/CLK (sky130_fd_sc_hd__dfrtp_4)
                  0.10    0.42    0.79 ^ _430_/Q (sky130_fd_sc_hd__dfrtp_4)
     7    0.02                           tx_inst.state[0] (net)
                  0.10    0.00    0.79 ^ _288_/B (sky130_fd_sc_hd__nor2_2)
                  0.08    0.09    0.88 v _288_/Y (sky130_fd_sc_hd__nor2_2)
     7    0.03                           _154_ (net)
                  0.08    0.00    0.88 v _296_/B (sky130_fd_sc_hd__nand2_4)
                  0.14    0.14    1.02 ^ _296_/Y (sky130_fd_sc_hd__nand2_4)
     8    0.05                           _160_ (net)
                  0.14    0.00    1.02 ^ _301_/S (sky130_fd_sc_hd__mux2_1)
                  0.04    0.14    1.17 ^ _301_/X (sky130_fd_sc_hd__mux2_1)
     1    0.00                           _163_ (net)
                  0.04    0.00    1.17 ^ _302_/A (sky130_fd_sc_hd__clkbuf_1)
                  0.05    0.08    1.25 ^ _302_/X (sky130_fd_sc_hd__clkbuf_1)
     1    0.00                           _066_ (net)
                  0.05    0.00    1.25 ^ _427_/D (sky130_fd_sc_hd__dfrtp_1)
                                  1.25   data arrival time

                          0.00    0.00   clock clk (rise edge)
                          0.00    0.00   clock source latency
                  0.10    0.07    0.07 ^ clk (in)
     2    0.02                           clk (net)
                  0.10    0.00    0.07 ^ clkbuf_0_clk/A (sky130_fd_sc_hd__clkbuf_16)
                  0.07    0.17    0.25 ^ clkbuf_0_clk/X (sky130_fd_sc_hd__clkbuf_16)
     4    0.05                           clknet_0_clk (net)
                  0.07    0.00    0.25 ^ clkbuf_2_3__f_clk/A (sky130_fd_sc_hd__clkbuf_16)
                  0.05    0.15    0.40 ^ clkbuf_2_3__f_clk/X (sky130_fd_sc_hd__clkbuf_16)
     8    0.03                           clknet_2_3__leaf_clk (net)
                  0.05    0.00    0.40 ^ _427_/CLK (sky130_fd_sc_hd__dfrtp_1)
                          0.25    0.65   clock uncertainty
                         -0.02    0.62   clock reconvergence pessimism
                         -0.04    0.59   library hold time
                                  0.59   data required time
-----------------------------------------------------------------------------
                                  0.59   data required time
                                 -1.25   data arrival time
-----------------------------------------------------------------------------
                                  0.66   slack (MET)


Startpoint: _420_ (rising edge-triggered flip-flop clocked by clk)
Endpoint: _435_ (rising edge-triggered flip-flop clocked by clk)
Path Group: clk
Path Type: min
Corner: Typical

Fanout     Cap    Slew   Delay    Time   Description
-----------------------------------------------------------------------------
                          0.00    0.00   clock clk (rise edge)
                          0.00    0.00   clock source latency
                  0.10    0.07    0.07 ^ clk (in)
     2    0.02                           clk (net)
                  0.10    0.00    0.07 ^ clkbuf_0_clk/A (sky130_fd_sc_hd__clkbuf_16)
                  0.07    0.16    0.22 ^ clkbuf_0_clk/X (sky130_fd_sc_hd__clkbuf_16)
     4    0.05                           clknet_0_clk (net)
                  0.07    0.00    0.23 ^ clkbuf_2_2__f_clk/A (sky130_fd_sc_hd__clkbuf_16)
                  0.05    0.14    0.36 ^ clkbuf_2_2__f_clk/X (sky130_fd_sc_hd__clkbuf_16)
    11    0.03                           clknet_2_2__leaf_clk (net)
                  0.05    0.00    0.36 ^ _420_/CLK (sky130_fd_sc_hd__dfstp_1)
                  0.05    0.36    0.72 v _420_/Q (sky130_fd_sc_hd__dfstp_1)
     3    0.01                           rx_inst.rx (net)
                  0.05    0.00    0.72 v _228_/A (sky130_fd_sc_hd__buf_2)
                  0.09    0.17    0.90 v _228_/X (sky130_fd_sc_hd__buf_2)
    10    0.03                           _108_ (net)
                  0.09    0.00    0.90 v _273_/A0 (sky130_fd_sc_hd__mux2_1)
                  0.06    0.29    1.19 v _273_/X (sky130_fd_sc_hd__mux2_1)
     1    0.00                           _143_ (net)
                  0.06    0.00    1.19 v _274_/A (sky130_fd_sc_hd__clkbuf_1)
                  0.02    0.09    1.28 v _274_/X (sky130_fd_sc_hd__clkbuf_1)
     1    0.00                           _074_ (net)
                  0.02    0.00    1.28 v _435_/D (sky130_fd_sc_hd__dfrtp_1)
                                  1.28   data arrival time

                          0.00    0.00   clock clk (rise edge)
                          0.00    0.00   clock source latency
                  0.10    0.07    0.07 ^ clk (in)
     2    0.02                           clk (net)
                  0.10    0.00    0.07 ^ clkbuf_0_clk/A (sky130_fd_sc_hd__clkbuf_16)
                  0.07    0.17    0.25 ^ clkbuf_0_clk/X (sky130_fd_sc_hd__clkbuf_16)
     4    0.05                           clknet_0_clk (net)
                  0.07    0.00    0.25 ^ clkbuf_2_0__f_clk/A (sky130_fd_sc_hd__clkbuf_16)
                  0.06    0.15    0.40 ^ clkbuf_2_0__f_clk/X (sky130_fd_sc_hd__clkbuf_16)
    11    0.04                           clknet_2_0__leaf_clk (net)
                  0.06    0.00    0.41 ^ _435_/CLK (sky130_fd_sc_hd__dfrtp_1)
                          0.25    0.66   clock uncertainty
                         -0.02    0.63   clock reconvergence pessimism
                         -0.03    0.60   library hold time
                                  0.60   data required time
-----------------------------------------------------------------------------
                                  0.60   data required time
                                 -1.28   data arrival time
-----------------------------------------------------------------------------
                                  0.68   slack (MET)


Startpoint: rst (input port clocked by clk)
Endpoint: _447_ (removal check against rising-edge clock clk)
Path Group: asynchronous
Path Type: min
Corner: Typical

Fanout     Cap    Slew   Delay    Time   Description
-----------------------------------------------------------------------------
                          0.00    0.00   clock clk (rise edge)
                          0.00    0.00   clock network delay (propagated)
                          2.00    2.00 v input external delay
                  0.01    0.01    2.01 v rst (in)
     2    0.00                           rst (net)
                  0.01    0.00    2.01 v input1/A (sky130_fd_sc_hd__buf_1)
                  0.07    0.10    2.11 v input1/X (sky130_fd_sc_hd__buf_1)
     1    0.01                           net1 (net)
                  0.07    0.00    2.11 v _356_/A (sky130_fd_sc_hd__clkbuf_4)
                  0.11    0.20    2.31 v _356_/X (sky130_fd_sc_hd__clkbuf_4)
     9    0.05                           _200_ (net)
                  0.11    0.01    2.32 v _402_/A (sky130_fd_sc_hd__inv_2)
                  0.04    0.06    2.38 ^ _402_/Y (sky130_fd_sc_hd__inv_2)
     1    0.00                           _041_ (net)
                  0.04    0.00    2.38 ^ _447_/RESET_B (sky130_fd_sc_hd__dfrtp_1)
                                  2.38   data arrival time

                          0.00    0.00   clock clk (rise edge)
                          0.00    0.00   clock source latency
                  0.10    0.07    0.07 ^ clk (in)
     2    0.02                           clk (net)
                  0.10    0.00    0.07 ^ clkbuf_0_clk/A (sky130_fd_sc_hd__clkbuf_16)
                  0.07    0.17    0.25 ^ clkbuf_0_clk/X (sky130_fd_sc_hd__clkbuf_16)
     4    0.05                           clknet_0_clk (net)
                  0.07    0.00    0.25 ^ clkbuf_2_1__f_clk/A (sky130_fd_sc_hd__clkbuf_16)
                  0.07    0.16    0.41 ^ clkbuf_2_1__f_clk/X (sky130_fd_sc_hd__clkbuf_16)
    15    0.05                           clknet_2_1__leaf_clk (net)
                  0.07    0.00    0.41 ^ _447_/CLK (sky130_fd_sc_hd__dfrtp_1)
                          0.25    0.66   clock uncertainty
                          0.00    0.66   clock reconvergence pessimism
                          0.32    0.99   library removal time
                                  0.99   data required time
-----------------------------------------------------------------------------
                                  0.99   data required time
                                 -2.38   data arrival time
-----------------------------------------------------------------------------
                                  1.39   slack (MET)


Startpoint: rst (input port clocked by clk)
Endpoint: _448_ (removal check against rising-edge clock clk)
Path Group: asynchronous
Path Type: min
Corner: Typical

Fanout     Cap    Slew   Delay    Time   Description
-----------------------------------------------------------------------------
                          0.00    0.00   clock clk (rise edge)
                          0.00    0.00   clock network delay (propagated)
                          2.00    2.00 v input external delay
                  0.01    0.01    2.01 v rst (in)
     2    0.00                           rst (net)
                  0.01    0.00    2.01 v input1/A (sky130_fd_sc_hd__buf_1)
                  0.07    0.10    2.11 v input1/X (sky130_fd_sc_hd__buf_1)
     1    0.01                           net1 (net)
                  0.07    0.00    2.11 v _356_/A (sky130_fd_sc_hd__clkbuf_4)
                  0.11    0.20    2.31 v _356_/X (sky130_fd_sc_hd__clkbuf_4)
     9    0.05                           _200_ (net)
                  0.11    0.01    2.32 v _403_/A (sky130_fd_sc_hd__inv_2)
                  0.04    0.06    2.38 ^ _403_/Y (sky130_fd_sc_hd__inv_2)
     1    0.00                           _042_ (net)
                  0.04    0.00    2.38 ^ _448_/RESET_B (sky130_fd_sc_hd__dfrtp_1)
                                  2.38   data arrival time

                          0.00    0.00   clock clk (rise edge)
                          0.00    0.00   clock source latency
                  0.10    0.07    0.07 ^ clk (in)
     2    0.02                           clk (net)
                  0.10    0.00    0.07 ^ clkbuf_0_clk/A (sky130_fd_sc_hd__clkbuf_16)
                  0.07    0.17    0.25 ^ clkbuf_0_clk/X (sky130_fd_sc_hd__clkbuf_16)
     4    0.05                           clknet_0_clk (net)
                  0.07    0.00    0.25 ^ clkbuf_2_1__f_clk/A (sky130_fd_sc_hd__clkbuf_16)
                  0.07    0.16    0.41 ^ clkbuf_2_1__f_clk/X (sky130_fd_sc_hd__clkbuf_16)
    15    0.05                           clknet_2_1__leaf_clk (net)
                  0.07    0.00    0.41 ^ _448_/CLK (sky130_fd_sc_hd__dfrtp_1)
                          0.25    0.66   clock uncertainty
                          0.00    0.66   clock reconvergence pessimism
                          0.32    0.99   library removal time
                                  0.99   data required time
-----------------------------------------------------------------------------
                                  0.99   data required time
                                 -2.38   data arrival time
-----------------------------------------------------------------------------
                                  1.39   slack (MET)


Startpoint: rst (input port clocked by clk)
Endpoint: _446_ (removal check against rising-edge clock clk)
Path Group: asynchronous
Path Type: min
Corner: Typical

Fanout     Cap    Slew   Delay    Time   Description
-----------------------------------------------------------------------------
                          0.00    0.00   clock clk (rise edge)
                          0.00    0.00   clock network delay (propagated)
                          2.00    2.00 v input external delay
                  0.01    0.01    2.01 v rst (in)
     2    0.00                           rst (net)
                  0.01    0.00    2.01 v input1/A (sky130_fd_sc_hd__buf_1)
                  0.07    0.10    2.11 v input1/X (sky130_fd_sc_hd__buf_1)
     1    0.01                           net1 (net)
                  0.07    0.00    2.11 v _356_/A (sky130_fd_sc_hd__clkbuf_4)
                  0.11    0.20    2.31 v _356_/X (sky130_fd_sc_hd__clkbuf_4)
     9    0.05                           _200_ (net)
                  0.11    0.01    2.32 v _401_/A (sky130_fd_sc_hd__inv_2)
                  0.04    0.06    2.38 ^ _401_/Y (sky130_fd_sc_hd__inv_2)
     1    0.00                           _040_ (net)
                  0.04    0.00    2.38 ^ _446_/RESET_B (sky130_fd_sc_hd__dfrtp_1)
                                  2.38   data arrival time

                          0.00    0.00   clock clk (rise edge)
                          0.00    0.00   clock source latency
                  0.10    0.07    0.07 ^ clk (in)
     2    0.02                           clk (net)
                  0.10    0.00    0.07 ^ clkbuf_0_clk/A (sky130_fd_sc_hd__clkbuf_16)
                  0.07    0.17    0.25 ^ clkbuf_0_clk/X (sky130_fd_sc_hd__clkbuf_16)
     4    0.05                           clknet_0_clk (net)
                  0.07    0.00    0.25 ^ clkbuf_2_1__f_clk/A (sky130_fd_sc_hd__clkbuf_16)
                  0.07    0.16    0.41 ^ clkbuf_2_1__f_clk/X (sky130_fd_sc_hd__clkbuf_16)
    15    0.05                           clknet_2_1__leaf_clk (net)
                  0.07    0.00    0.41 ^ _446_/CLK (sky130_fd_sc_hd__dfrtp_1)
                          0.25    0.66   clock uncertainty
                          0.00    0.66   clock reconvergence pessimism
                          0.32    0.99   library removal time
                                  0.99   data required time
-----------------------------------------------------------------------------
                                  0.99   data required time
                                 -2.38   data arrival time
-----------------------------------------------------------------------------
                                  1.39   slack (MET)


Startpoint: rst (input port clocked by clk)
Endpoint: _450_ (removal check against rising-edge clock clk)
Path Group: asynchronous
Path Type: min
Corner: Typical

Fanout     Cap    Slew   Delay    Time   Description
-----------------------------------------------------------------------------
                          0.00    0.00   clock clk (rise edge)
                          0.00    0.00   clock network delay (propagated)
                          2.00    2.00 v input external delay
                  0.01    0.01    2.01 v rst (in)
     2    0.00                           rst (net)
                  0.01    0.00    2.01 v input1/A (sky130_fd_sc_hd__buf_1)
                  0.07    0.10    2.11 v input1/X (sky130_fd_sc_hd__buf_1)
     1    0.01                           net1 (net)
                  0.07    0.00    2.11 v _356_/A (sky130_fd_sc_hd__clkbuf_4)
                  0.11    0.20    2.31 v _356_/X (sky130_fd_sc_hd__clkbuf_4)
     9    0.05                           _200_ (net)
                  0.11    0.01    2.32 v _405_/A (sky130_fd_sc_hd__inv_2)
                  0.04    0.06    2.38 ^ _405_/Y (sky130_fd_sc_hd__inv_2)
     1    0.00                           _044_ (net)
                  0.04    0.00    2.38 ^ _450_/RESET_B (sky130_fd_sc_hd__dfrtp_1)
                                  2.38   data arrival time

                          0.00    0.00   clock clk (rise edge)
                          0.00    0.00   clock source latency
                  0.10    0.07    0.07 ^ clk (in)
     2    0.02                           clk (net)
                  0.10    0.00    0.07 ^ clkbuf_0_clk/A (sky130_fd_sc_hd__clkbuf_16)
                  0.07    0.17    0.25 ^ clkbuf_0_clk/X (sky130_fd_sc_hd__clkbuf_16)
     4    0.05                           clknet_0_clk (net)
                  0.07    0.00    0.25 ^ clkbuf_2_1__f_clk/A (sky130_fd_sc_hd__clkbuf_16)
                  0.07    0.16    0.41 ^ clkbuf_2_1__f_clk/X (sky130_fd_sc_hd__clkbuf_16)
    15    0.05                           clknet_2_1__leaf_clk (net)
                  0.07    0.00    0.41 ^ _450_/CLK (sky130_fd_sc_hd__dfrtp_1)
                          0.25    0.66   clock uncertainty
                          0.00    0.66   clock reconvergence pessimism
                          0.32    0.99   library removal time
                                  0.99   data required time
-----------------------------------------------------------------------------
                                  0.99   data required time
                                 -2.38   data arrival time
-----------------------------------------------------------------------------
                                  1.39   slack (MET)


Startpoint: rst (input port clocked by clk)
Endpoint: _449_ (removal check against rising-edge clock clk)
Path Group: asynchronous
Path Type: min
Corner: Typical

Fanout     Cap    Slew   Delay    Time   Description
-----------------------------------------------------------------------------
                          0.00    0.00   clock clk (rise edge)
                          0.00    0.00   clock network delay (propagated)
                          2.00    2.00 v input external delay
                  0.01    0.01    2.01 v rst (in)
     2    0.00                           rst (net)
                  0.01    0.00    2.01 v input1/A (sky130_fd_sc_hd__buf_1)
                  0.07    0.10    2.11 v input1/X (sky130_fd_sc_hd__buf_1)
     1    0.01                           net1 (net)
                  0.07    0.00    2.11 v _356_/A (sky130_fd_sc_hd__clkbuf_4)
                  0.11    0.20    2.31 v _356_/X (sky130_fd_sc_hd__clkbuf_4)
     9    0.05                           _200_ (net)
                  0.11    0.01    2.32 v _404_/A (sky130_fd_sc_hd__inv_2)
                  0.04    0.07    2.39 ^ _404_/Y (sky130_fd_sc_hd__inv_2)
     1    0.00                           _043_ (net)
                  0.04    0.00    2.39 ^ _449_/RESET_B (sky130_fd_sc_hd__dfrtp_1)
                                  2.39   data arrival time

                          0.00    0.00   clock clk (rise edge)
                          0.00    0.00   clock source latency
                  0.10    0.07    0.07 ^ clk (in)
     2    0.02                           clk (net)
                  0.10    0.00    0.07 ^ clkbuf_0_clk/A (sky130_fd_sc_hd__clkbuf_16)
                  0.07    0.17    0.25 ^ clkbuf_0_clk/X (sky130_fd_sc_hd__clkbuf_16)
     4    0.05                           clknet_0_clk (net)
                  0.07    0.00    0.25 ^ clkbuf_2_1__f_clk/A (sky130_fd_sc_hd__clkbuf_16)
                  0.07    0.16    0.41 ^ clkbuf_2_1__f_clk/X (sky130_fd_sc_hd__clkbuf_16)
    15    0.05                           clknet_2_1__leaf_clk (net)
                  0.07    0.00    0.41 ^ _449_/CLK (sky130_fd_sc_hd__dfrtp_1)
                          0.25    0.66   clock uncertainty
                          0.00    0.66   clock reconvergence pessimism
                          0.33    0.99   library removal time
                                  0.99   data required time
-----------------------------------------------------------------------------
                                  0.99   data required time
                                 -2.39   data arrival time
-----------------------------------------------------------------------------
                                  1.40   slack (MET)


Startpoint: rst (input port clocked by clk)
Endpoint: _423_ (removal check against rising-edge clock clk)
Path Group: asynchronous
Path Type: min
Corner: Typical

Fanout     Cap    Slew   Delay    Time   Description
-----------------------------------------------------------------------------
                          0.00    0.00   clock clk (rise edge)
                          0.00    0.00   clock network delay (propagated)
                          2.00    2.00 v input external delay
                  0.01    0.01    2.01 v rst (in)
     2    0.00                           rst (net)
                  0.01    0.00    2.01 v input1/A (sky130_fd_sc_hd__buf_1)
                  0.07    0.10    2.11 v input1/X (sky130_fd_sc_hd__buf_1)
     1    0.01                           net1 (net)
                  0.07    0.00    2.11 v _356_/A (sky130_fd_sc_hd__clkbuf_4)
                  0.11    0.20    2.31 v _356_/X (sky130_fd_sc_hd__clkbuf_4)
     9    0.05                           _200_ (net)
                  0.11    0.01    2.32 v _368_/A (sky130_fd_sc_hd__buf_4)
                  0.08    0.21    2.53 v _368_/X (sky130_fd_sc_hd__buf_4)
    10    0.06                           _202_ (net)
                  0.08    0.00    2.53 v _376_/A (sky130_fd_sc_hd__inv_2)
                  0.03    0.06    2.59 ^ _376_/Y (sky130_fd_sc_hd__inv_2)
     1    0.00                           _017_ (net)
                  0.03    0.00    2.59 ^ _423_/RESET_B (sky130_fd_sc_hd__dfrtp_1)
                                  2.59   data arrival time

                          0.00    0.00   clock clk (rise edge)
                          0.00    0.00   clock source latency
                  0.10    0.07    0.07 ^ clk (in)
     2    0.02                           clk (net)
                  0.10    0.00    0.07 ^ clkbuf_0_clk/A (sky130_fd_sc_hd__clkbuf_16)
                  0.07    0.17    0.25 ^ clkbuf_0_clk/X (sky130_fd_sc_hd__clkbuf_16)
     4    0.05                           clknet_0_clk (net)
                  0.07    0.00    0.25 ^ clkbuf_2_1__f_clk/A (sky130_fd_sc_hd__clkbuf_16)
                  0.07    0.16    0.41 ^ clkbuf_2_1__f_clk/X (sky130_fd_sc_hd__clkbuf_16)
    15    0.05                           clknet_2_1__leaf_clk (net)
                  0.07    0.00    0.42 ^ _423_/CLK (sky130_fd_sc_hd__dfrtp_1)
                          0.25    0.67   clock uncertainty
                          0.00    0.67   clock reconvergence pessimism
                          0.32    0.99   library removal time
                                  0.99   data required time
-----------------------------------------------------------------------------
                                  0.99   data required time
                                 -2.59   data arrival time
-----------------------------------------------------------------------------
                                  1.60   slack (MET)


Startpoint: rst (input port clocked by clk)
Endpoint: _422_ (removal check against rising-edge clock clk)
Path Group: asynchronous
Path Type: min
Corner: Typical

Fanout     Cap    Slew   Delay    Time   Description
-----------------------------------------------------------------------------
                          0.00    0.00   clock clk (rise edge)
                          0.00    0.00   clock network delay (propagated)
                          2.00    2.00 v input external delay
                  0.01    0.01    2.01 v rst (in)
     2    0.00                           rst (net)
                  0.01    0.00    2.01 v input1/A (sky130_fd_sc_hd__buf_1)
                  0.07    0.10    2.11 v input1/X (sky130_fd_sc_hd__buf_1)
     1    0.01                           net1 (net)
                  0.07    0.00    2.11 v _356_/A (sky130_fd_sc_hd__clkbuf_4)
                  0.11    0.20    2.31 v _356_/X (sky130_fd_sc_hd__clkbuf_4)
     9    0.05                           _200_ (net)
                  0.11    0.01    2.32 v _368_/A (sky130_fd_sc_hd__buf_4)
                  0.08    0.21    2.53 v _368_/X (sky130_fd_sc_hd__buf_4)
    10    0.06                           _202_ (net)
                  0.08    0.00    2.53 v _375_/A (sky130_fd_sc_hd__inv_2)
                  0.03    0.06    2.59 ^ _375_/Y (sky130_fd_sc_hd__inv_2)
     1    0.00                           _016_ (net)
                  0.03    0.00    2.59 ^ _422_/RESET_B (sky130_fd_sc_hd__dfrtp_1)
                                  2.59   data arrival time

                          0.00    0.00   clock clk (rise edge)
                          0.00    0.00   clock source latency
                  0.10    0.07    0.07 ^ clk (in)
     2    0.02                           clk (net)
                  0.10    0.00    0.07 ^ clkbuf_0_clk/A (sky130_fd_sc_hd__clkbuf_16)
                  0.07    0.17    0.25 ^ clkbuf_0_clk/X (sky130_fd_sc_hd__clkbuf_16)
     4    0.05                           clknet_0_clk (net)
                  0.07    0.00    0.25 ^ clkbuf_2_1__f_clk/A (sky130_fd_sc_hd__clkbuf_16)
                  0.07    0.16    0.41 ^ clkbuf_2_1__f_clk/X (sky130_fd_sc_hd__clkbuf_16)
    15    0.05                           clknet_2_1__leaf_clk (net)
                  0.07    0.00    0.42 ^ _422_/CLK (sky130_fd_sc_hd__dfrtp_1)
                          0.25    0.67   clock uncertainty
                          0.00    0.67   clock reconvergence pessimism
                          0.32    0.99   library removal time
                                  0.99   data required time
-----------------------------------------------------------------------------
                                  0.99   data required time
                                 -2.59   data arrival time
-----------------------------------------------------------------------------
                                  1.60   slack (MET)


Startpoint: rst (input port clocked by clk)
Endpoint: _438_ (removal check against rising-edge clock clk)
Path Group: asynchronous
Path Type: min
Corner: Typical

Fanout     Cap    Slew   Delay    Time   Description
-----------------------------------------------------------------------------
                          0.00    0.00   clock clk (rise edge)
                          0.00    0.00   clock network delay (propagated)
                          2.00    2.00 v input external delay
                  0.01    0.01    2.01 v rst (in)
     2    0.00                           rst (net)
                  0.01    0.00    2.01 v input1/A (sky130_fd_sc_hd__buf_1)
                  0.07    0.10    2.11 v input1/X (sky130_fd_sc_hd__buf_1)
     1    0.01                           net1 (net)
                  0.07    0.00    2.11 v _356_/A (sky130_fd_sc_hd__clkbuf_4)
                  0.11    0.20    2.31 v _356_/X (sky130_fd_sc_hd__clkbuf_4)
     9    0.05                           _200_ (net)
                  0.11    0.01    2.32 v _390_/A (sky130_fd_sc_hd__buf_4)
                  0.09    0.21    2.53 v _390_/X (sky130_fd_sc_hd__buf_4)
    10    0.06                           _204_ (net)
                  0.09    0.00    2.53 v _393_/A (sky130_fd_sc_hd__inv_2)
                  0.03    0.06    2.59 ^ _393_/Y (sky130_fd_sc_hd__inv_2)
     1    0.00                           _032_ (net)
                  0.03    0.00    2.59 ^ _438_/RESET_B (sky130_fd_sc_hd__dfrtp_2)
                                  2.59   data arrival time

                          0.00    0.00   clock clk (rise edge)
                          0.00    0.00   clock source latency
                  0.10    0.07    0.07 ^ clk (in)
     2    0.02                           clk (net)
                  0.10    0.00    0.07 ^ clkbuf_0_clk/A (sky130_fd_sc_hd__clkbuf_16)
                  0.07    0.17    0.25 ^ clkbuf_0_clk/X (sky130_fd_sc_hd__clkbuf_16)
     4    0.05                           clknet_0_clk (net)
                  0.07    0.00    0.25 ^ clkbuf_2_1__f_clk/A (sky130_fd_sc_hd__clkbuf_16)
                  0.07    0.16    0.41 ^ clkbuf_2_1__f_clk/X (sky130_fd_sc_hd__clkbuf_16)
    15    0.05                           clknet_2_1__leaf_clk (net)
                  0.07    0.00    0.41 ^ _438_/CLK (sky130_fd_sc_hd__dfrtp_2)
                          0.25    0.66   clock uncertainty
                          0.00    0.66   clock reconvergence pessimism
                          0.32    0.99   library removal time
                                  0.99   data required time
-----------------------------------------------------------------------------
                                  0.99   data required time
                                 -2.59   data arrival time
-----------------------------------------------------------------------------
                                  1.60   slack (MET)


Startpoint: rst (input port clocked by clk)
Endpoint: _425_ (removal check against rising-edge clock clk)
Path Group: asynchronous
Path Type: min
Corner: Typical

Fanout     Cap    Slew   Delay    Time   Description
-----------------------------------------------------------------------------
                          0.00    0.00   clock clk (rise edge)
                          0.00    0.00   clock network delay (propagated)
                          2.00    2.00 v input external delay
                  0.01    0.01    2.01 v rst (in)
     2    0.00                           rst (net)
                  0.01    0.00    2.01 v input1/A (sky130_fd_sc_hd__buf_1)
                  0.07    0.10    2.11 v input1/X (sky130_fd_sc_hd__buf_1)
     1    0.01                           net1 (net)
                  0.07    0.00    2.11 v _356_/A (sky130_fd_sc_hd__clkbuf_4)
                  0.11    0.20    2.31 v _356_/X (sky130_fd_sc_hd__clkbuf_4)
     9    0.05                           _200_ (net)
                  0.11    0.01    2.32 v _368_/A (sky130_fd_sc_hd__buf_4)
                  0.08    0.21    2.53 v _368_/X (sky130_fd_sc_hd__buf_4)
    10    0.06                           _202_ (net)
                  0.08    0.00    2.53 v _378_/A (sky130_fd_sc_hd__inv_2)
                  0.04    0.06    2.59 ^ _378_/Y (sky130_fd_sc_hd__inv_2)
     1    0.01                           _019_ (net)
                  0.04    0.00    2.59 ^ _425_/RESET_B (sky130_fd_sc_hd__dfrtp_1)
                                  2.59   data arrival time

                          0.00    0.00   clock clk (rise edge)
                          0.00    0.00   clock source latency
                  0.10    0.07    0.07 ^ clk (in)
     2    0.02                           clk (net)
                  0.10    0.00    0.07 ^ clkbuf_0_clk/A (sky130_fd_sc_hd__clkbuf_16)
                  0.07    0.17    0.25 ^ clkbuf_0_clk/X (sky130_fd_sc_hd__clkbuf_16)
     4    0.05                           clknet_0_clk (net)
                  0.07    0.00    0.25 ^ clkbuf_2_1__f_clk/A (sky130_fd_sc_hd__clkbuf_16)
                  0.07    0.16    0.41 ^ clkbuf_2_1__f_clk/X (sky130_fd_sc_hd__clkbuf_16)
    15    0.05                           clknet_2_1__leaf_clk (net)
                  0.07    0.00    0.42 ^ _425_/CLK (sky130_fd_sc_hd__dfrtp_1)
                          0.25    0.67   clock uncertainty
                          0.00    0.67   clock reconvergence pessimism
                          0.33    0.99   library removal time
                                  0.99   data required time
-----------------------------------------------------------------------------
                                  0.99   data required time
                                 -2.59   data arrival time
-----------------------------------------------------------------------------
                                  1.60   slack (MET)


Startpoint: rst (input port clocked by clk)
Endpoint: _444_ (removal check against rising-edge clock clk)
Path Group: asynchronous
Path Type: min
Corner: Typical

Fanout     Cap    Slew   Delay    Time   Description
-----------------------------------------------------------------------------
                          0.00    0.00   clock clk (rise edge)
                          0.00    0.00   clock network delay (propagated)
                          2.00    2.00 v input external delay
                  0.01    0.01    2.01 v rst (in)
     2    0.00                           rst (net)
                  0.01    0.00    2.01 v input1/A (sky130_fd_sc_hd__buf_1)
                  0.07    0.10    2.11 v input1/X (sky130_fd_sc_hd__buf_1)
     1    0.01                           net1 (net)
                  0.07    0.00    2.11 v _356_/A (sky130_fd_sc_hd__clkbuf_4)
                  0.11    0.20    2.31 v _356_/X (sky130_fd_sc_hd__clkbuf_4)
     9    0.05                           _200_ (net)
                  0.11    0.01    2.32 v _390_/A (sky130_fd_sc_hd__buf_4)
                  0.09    0.21    2.53 v _390_/X (sky130_fd_sc_hd__buf_4)
    10    0.06                           _204_ (net)
                  0.09    0.00    2.53 v _399_/A (sky130_fd_sc_hd__inv_2)
                  0.04    0.06    2.59 ^ _399_/Y (sky130_fd_sc_hd__inv_2)
     1    0.00                           _038_ (net)
                  0.04    0.00    2.59 ^ _444_/RESET_B (sky130_fd_sc_hd__dfrtp_2)
                                  2.59   data arrival time

                          0.00    0.00   clock clk (rise edge)
                          0.00    0.00   clock source latency
                  0.10    0.07    0.07 ^ clk (in)
     2    0.02                           clk (net)
                  0.10    0.00    0.07 ^ clkbuf_0_clk/A (sky130_fd_sc_hd__clkbuf_16)
                  0.07    0.17    0.25 ^ clkbuf_0_clk/X (sky130_fd_sc_hd__clkbuf_16)
     4    0.05                           clknet_0_clk (net)
                  0.07    0.00    0.25 ^ clkbuf_2_1__f_clk/A (sky130_fd_sc_hd__clkbuf_16)
                  0.07    0.16    0.41 ^ clkbuf_2_1__f_clk/X (sky130_fd_sc_hd__clkbuf_16)
    15    0.05                           clknet_2_1__leaf_clk (net)
                  0.07    0.00    0.41 ^ _444_/CLK (sky130_fd_sc_hd__dfrtp_2)
                          0.25    0.66   clock uncertainty
                          0.00    0.66   clock reconvergence pessimism
                          0.32    0.99   library removal time
                                  0.99   data required time
-----------------------------------------------------------------------------
                                  0.99   data required time
                                 -2.59   data arrival time
-----------------------------------------------------------------------------
                                  1.60   slack (MET)


Startpoint: rst (input port clocked by clk)
Endpoint: _443_ (removal check against rising-edge clock clk)
Path Group: asynchronous
Path Type: min
Corner: Typical

Fanout     Cap    Slew   Delay    Time   Description
-----------------------------------------------------------------------------
                          0.00    0.00   clock clk (rise edge)
                          0.00    0.00   clock network delay (propagated)
                          2.00    2.00 v input external delay
                  0.01    0.01    2.01 v rst (in)
     2    0.00                           rst (net)
                  0.01    0.00    2.01 v input1/A (sky130_fd_sc_hd__buf_1)
                  0.07    0.10    2.11 v input1/X (sky130_fd_sc_hd__buf_1)
     1    0.01                           net1 (net)
                  0.07    0.00    2.11 v _356_/A (sky130_fd_sc_hd__clkbuf_4)
                  0.11    0.20    2.31 v _356_/X (sky130_fd_sc_hd__clkbuf_4)
     9    0.05                           _200_ (net)
                  0.11    0.01    2.32 v _390_/A (sky130_fd_sc_hd__buf_4)
                  0.09    0.21    2.53 v _390_/X (sky130_fd_sc_hd__buf_4)
    10    0.06                           _204_ (net)
                  0.09    0.00    2.53 v _398_/A (sky130_fd_sc_hd__inv_2)
                  0.04    0.06    2.59 ^ _398_/Y (sky130_fd_sc_hd__inv_2)
     1    0.00                           _037_ (net)
                  0.04    0.00    2.59 ^ _443_/RESET_B (sky130_fd_sc_hd__dfrtp_4)
                                  2.59   data arrival time

                          0.00    0.00   clock clk (rise edge)
                          0.00    0.00   clock source latency
                  0.10    0.07    0.07 ^ clk (in)
     2    0.02                           clk (net)
                  0.10    0.00    0.07 ^ clkbuf_0_clk/A (sky130_fd_sc_hd__clkbuf_16)
                  0.07    0.17    0.25 ^ clkbuf_0_clk/X (sky130_fd_sc_hd__clkbuf_16)
     4    0.05                           clknet_0_clk (net)
                  0.07    0.00    0.25 ^ clkbuf_2_1__f_clk/A (sky130_fd_sc_hd__clkbuf_16)
                  0.07    0.16    0.41 ^ clkbuf_2_1__f_clk/X (sky130_fd_sc_hd__clkbuf_16)
    15    0.05                           clknet_2_1__leaf_clk (net)
                  0.07    0.00    0.41 ^ _443_/CLK (sky130_fd_sc_hd__dfrtp_4)
                          0.25    0.66   clock uncertainty
                          0.00    0.66   clock reconvergence pessimism
                          0.32    0.99   library removal time
                                  0.99   data required time
-----------------------------------------------------------------------------
                                  0.99   data required time
                                 -2.59   data arrival time
-----------------------------------------------------------------------------
                                  1.60   slack (MET)


Startpoint: rst (input port clocked by clk)
Endpoint: _418_ (removal check against rising-edge clock clk)
Path Group: asynchronous
Path Type: min
Corner: Typical

Fanout     Cap    Slew   Delay    Time   Description
-----------------------------------------------------------------------------
                          0.00    0.00   clock clk (rise edge)
                          0.00    0.00   clock network delay (propagated)
                          2.00    2.00 v input external delay
                  0.01    0.01    2.01 v rst (in)
     2    0.00                           rst (net)
                  0.01    0.00    2.01 v input1/A (sky130_fd_sc_hd__buf_1)
                  0.07    0.10    2.11 v input1/X (sky130_fd_sc_hd__buf_1)
     1    0.01                           net1 (net)
                  0.07    0.00    2.11 v _356_/A (sky130_fd_sc_hd__clkbuf_4)
                  0.11    0.20    2.31 v _356_/X (sky130_fd_sc_hd__clkbuf_4)
     9    0.05                           _200_ (net)
                  0.11    0.01    2.32 v _368_/A (sky130_fd_sc_hd__buf_4)
                  0.08    0.21    2.53 v _368_/X (sky130_fd_sc_hd__buf_4)
    10    0.06                           _202_ (net)
                  0.08    0.00    2.53 v _371_/A (sky130_fd_sc_hd__inv_2)
                  0.03    0.06    2.59 ^ _371_/Y (sky130_fd_sc_hd__inv_2)
     1    0.00                           _012_ (net)
                  0.03    0.00    2.59 ^ _418_/RESET_B (sky130_fd_sc_hd__dfrtp_1)
                                  2.59   data arrival time

                          0.00    0.00   clock clk (rise edge)
                          0.00    0.00   clock source latency
                  0.10    0.07    0.07 ^ clk (in)
     2    0.02                           clk (net)
                  0.10    0.00    0.07 ^ clkbuf_0_clk/A (sky130_fd_sc_hd__clkbuf_16)
                  0.07    0.17    0.25 ^ clkbuf_0_clk/X (sky130_fd_sc_hd__clkbuf_16)
     4    0.05                           clknet_0_clk (net)
                  0.07    0.00    0.25 ^ clkbuf_2_0__f_clk/A (sky130_fd_sc_hd__clkbuf_16)
                  0.06    0.15    0.40 ^ clkbuf_2_0__f_clk/X (sky130_fd_sc_hd__clkbuf_16)
    11    0.04                           clknet_2_0__leaf_clk (net)
                  0.06    0.00    0.41 ^ _418_/CLK (sky130_fd_sc_hd__dfrtp_1)
                          0.25    0.66   clock uncertainty
                          0.00    0.66   clock reconvergence pessimism
                          0.32    0.98   library removal time
                                  0.98   data required time
-----------------------------------------------------------------------------
                                  0.98   data required time
                                 -2.59   data arrival time
-----------------------------------------------------------------------------
                                  1.61   slack (MET)


Startpoint: rst (input port clocked by clk)
Endpoint: _409_ (removal check against rising-edge clock clk)
Path Group: asynchronous
Path Type: min
Corner: Typical

Fanout     Cap    Slew   Delay    Time   Description
-----------------------------------------------------------------------------
                          0.00    0.00   clock clk (rise edge)
                          0.00    0.00   clock network delay (propagated)
                          2.00    2.00 v input external delay
                  0.01    0.01    2.01 v rst (in)
     2    0.00                           rst (net)
                  0.01    0.00    2.01 v input1/A (sky130_fd_sc_hd__buf_1)
                  0.07    0.10    2.11 v input1/X (sky130_fd_sc_hd__buf_1)
     1    0.01                           net1 (net)
                  0.07    0.00    2.11 v _356_/A (sky130_fd_sc_hd__clkbuf_4)
                  0.11    0.20    2.31 v _356_/X (sky130_fd_sc_hd__clkbuf_4)
     9    0.05                           _200_ (net)
                  0.11    0.00    2.31 v _357_/A (sky130_fd_sc_hd__buf_4)
                  0.08    0.21    2.52 v _357_/X (sky130_fd_sc_hd__buf_4)
    10    0.06                           _201_ (net)
                  0.08    0.00    2.53 v _361_/A (sky130_fd_sc_hd__inv_2)
                  0.03    0.06    2.58 ^ _361_/Y (sky130_fd_sc_hd__inv_2)
     1    0.00                           _003_ (net)
                  0.03    0.00    2.58 ^ _409_/RESET_B (sky130_fd_sc_hd__dfrtp_2)
                                  2.58   data arrival time

                          0.00    0.00   clock clk (rise edge)
                          0.00    0.00   clock source latency
                  0.10    0.07    0.07 ^ clk (in)
     2    0.02                           clk (net)
                  0.10    0.00    0.07 ^ clkbuf_0_clk/A (sky130_fd_sc_hd__clkbuf_16)
                  0.07    0.17    0.25 ^ clkbuf_0_clk/X (sky130_fd_sc_hd__clkbuf_16)
     4    0.05                           clknet_0_clk (net)
                  0.07    0.00    0.25 ^ clkbuf_2_2__f_clk/A (sky130_fd_sc_hd__clkbuf_16)
                  0.05    0.15    0.40 ^ clkbuf_2_2__f_clk/X (sky130_fd_sc_hd__clkbuf_16)
    11    0.03                           clknet_2_2__leaf_clk (net)
                  0.05    0.00    0.40 ^ _409_/CLK (sky130_fd_sc_hd__dfrtp_2)
                          0.25    0.65   clock uncertainty
                          0.00    0.65   clock reconvergence pessimism
                          0.32    0.97   library removal time
                                  0.97   data required time
-----------------------------------------------------------------------------
                                  0.97   data required time
                                 -2.58   data arrival time
-----------------------------------------------------------------------------
                                  1.61   slack (MET)


Startpoint: rst (input port clocked by clk)
Endpoint: _410_ (removal check against rising-edge clock clk)
Path Group: asynchronous
Path Type: min
Corner: Typical

Fanout     Cap    Slew   Delay    Time   Description
-----------------------------------------------------------------------------
                          0.00    0.00   clock clk (rise edge)
                          0.00    0.00   clock network delay (propagated)
                          2.00    2.00 v input external delay
                  0.01    0.01    2.01 v rst (in)
     2    0.00                           rst (net)
                  0.01    0.00    2.01 v input1/A (sky130_fd_sc_hd__buf_1)
                  0.07    0.10    2.11 v input1/X (sky130_fd_sc_hd__buf_1)
     1    0.01                           net1 (net)
                  0.07    0.00    2.11 v _356_/A (sky130_fd_sc_hd__clkbuf_4)
                  0.11    0.20    2.31 v _356_/X (sky130_fd_sc_hd__clkbuf_4)
     9    0.05                           _200_ (net)
                  0.11    0.00    2.31 v _357_/A (sky130_fd_sc_hd__buf_4)
                  0.08    0.21    2.52 v _357_/X (sky130_fd_sc_hd__buf_4)
    10    0.06                           _201_ (net)
                  0.08    0.00    2.52 v _362_/A (sky130_fd_sc_hd__inv_2)
                  0.03    0.06    2.58 ^ _362_/Y (sky130_fd_sc_hd__inv_2)
     1    0.00                           _004_ (net)
                  0.03    0.00    2.58 ^ _410_/RESET_B (sky130_fd_sc_hd__dfrtp_1)
                                  2.58   data arrival time

                          0.00    0.00   clock clk (rise edge)
                          0.00    0.00   clock source latency
                  0.10    0.07    0.07 ^ clk (in)
     2    0.02                           clk (net)
                  0.10    0.00    0.07 ^ clkbuf_0_clk/A (sky130_fd_sc_hd__clkbuf_16)
                  0.07    0.17    0.25 ^ clkbuf_0_clk/X (sky130_fd_sc_hd__clkbuf_16)
     4    0.05                           clknet_0_clk (net)
                  0.07    0.00    0.25 ^ clkbuf_2_2__f_clk/A (sky130_fd_sc_hd__clkbuf_16)
                  0.05    0.15    0.40 ^ clkbuf_2_2__f_clk/X (sky130_fd_sc_hd__clkbuf_16)
    11    0.03                           clknet_2_2__leaf_clk (net)
                  0.05    0.00    0.40 ^ _410_/CLK (sky130_fd_sc_hd__dfrtp_1)
                          0.25    0.65   clock uncertainty
                          0.00    0.65   clock reconvergence pessimism
                          0.32    0.97   library removal time
                                  0.97   data required time
-----------------------------------------------------------------------------
                                  0.97   data required time
                                 -2.58   data arrival time
-----------------------------------------------------------------------------
                                  1.61   slack (MET)


Startpoint: rst (input port clocked by clk)
Endpoint: _415_ (removal check against rising-edge clock clk)
Path Group: asynchronous
Path Type: min
Corner: Typical

Fanout     Cap    Slew   Delay    Time   Description
-----------------------------------------------------------------------------
                          0.00    0.00   clock clk (rise edge)
                          0.00    0.00   clock network delay (propagated)
                          2.00    2.00 v input external delay
                  0.01    0.01    2.01 v rst (in)
     2    0.00                           rst (net)
                  0.01    0.00    2.01 v input1/A (sky130_fd_sc_hd__buf_1)
                  0.07    0.10    2.11 v input1/X (sky130_fd_sc_hd__buf_1)
     1    0.01                           net1 (net)
                  0.07    0.00    2.11 v _356_/A (sky130_fd_sc_hd__clkbuf_4)
                  0.11    0.20    2.31 v _356_/X (sky130_fd_sc_hd__clkbuf_4)
     9    0.05                           _200_ (net)
                  0.11    0.00    2.31 v _357_/A (sky130_fd_sc_hd__buf_4)
                  0.08    0.21    2.52 v _357_/X (sky130_fd_sc_hd__buf_4)
    10    0.06                           _201_ (net)
                  0.08    0.00    2.53 v _367_/A (sky130_fd_sc_hd__inv_2)
                  0.03    0.06    2.58 ^ _367_/Y (sky130_fd_sc_hd__inv_2)
     1    0.00                           _009_ (net)
                  0.03    0.00    2.58 ^ _415_/RESET_B (sky130_fd_sc_hd__dfrtp_1)
                                  2.58   data arrival time

                          0.00    0.00   clock clk (rise edge)
                          0.00    0.00   clock source latency
                  0.10    0.07    0.07 ^ clk (in)
     2    0.02                           clk (net)
                  0.10    0.00    0.07 ^ clkbuf_0_clk/A (sky130_fd_sc_hd__clkbuf_16)
                  0.07    0.17    0.25 ^ clkbuf_0_clk/X (sky130_fd_sc_hd__clkbuf_16)
     4    0.05                           clknet_0_clk (net)
                  0.07    0.00    0.25 ^ clkbuf_2_2__f_clk/A (sky130_fd_sc_hd__clkbuf_16)
                  0.05    0.15    0.40 ^ clkbuf_2_2__f_clk/X (sky130_fd_sc_hd__clkbuf_16)
    11    0.03                           clknet_2_2__leaf_clk (net)
                  0.05    0.00    0.40 ^ _415_/CLK (sky130_fd_sc_hd__dfrtp_1)
                          0.25    0.65   clock uncertainty
                          0.00    0.65   clock reconvergence pessimism
                          0.32    0.97   library removal time
                                  0.97   data required time
-----------------------------------------------------------------------------
                                  0.97   data required time
                                 -2.58   data arrival time
-----------------------------------------------------------------------------
                                  1.61   slack (MET)


Startpoint: rst (input port clocked by clk)
Endpoint: _414_ (removal check against rising-edge clock clk)
Path Group: asynchronous
Path Type: min
Corner: Typical

Fanout     Cap    Slew   Delay    Time   Description
-----------------------------------------------------------------------------
                          0.00    0.00   clock clk (rise edge)
                          0.00    0.00   clock network delay (propagated)
                          2.00    2.00 v input external delay
                  0.01    0.01    2.01 v rst (in)
     2    0.00                           rst (net)
                  0.01    0.00    2.01 v input1/A (sky130_fd_sc_hd__buf_1)
                  0.07    0.10    2.11 v input1/X (sky130_fd_sc_hd__buf_1)
     1    0.01                           net1 (net)
                  0.07    0.00    2.11 v _356_/A (sky130_fd_sc_hd__clkbuf_4)
                  0.11    0.20    2.31 v _356_/X (sky130_fd_sc_hd__clkbuf_4)
     9    0.05                           _200_ (net)
                  0.11    0.00    2.31 v _357_/A (sky130_fd_sc_hd__buf_4)
                  0.08    0.21    2.52 v _357_/X (sky130_fd_sc_hd__buf_4)
    10    0.06                           _201_ (net)
                  0.08    0.00    2.53 v _366_/A (sky130_fd_sc_hd__inv_2)
                  0.04    0.06    2.58 ^ _366_/Y (sky130_fd_sc_hd__inv_2)
     1    0.00                           _008_ (net)
                  0.04    0.00    2.58 ^ _414_/RESET_B (sky130_fd_sc_hd__dfrtp_1)
                                  2.58   data arrival time

                          0.00    0.00   clock clk (rise edge)
                          0.00    0.00   clock source latency
                  0.10    0.07    0.07 ^ clk (in)
     2    0.02                           clk (net)
                  0.10    0.00    0.07 ^ clkbuf_0_clk/A (sky130_fd_sc_hd__clkbuf_16)
                  0.07    0.17    0.25 ^ clkbuf_0_clk/X (sky130_fd_sc_hd__clkbuf_16)
     4    0.05                           clknet_0_clk (net)
                  0.07    0.00    0.25 ^ clkbuf_2_2__f_clk/A (sky130_fd_sc_hd__clkbuf_16)
                  0.05    0.15    0.40 ^ clkbuf_2_2__f_clk/X (sky130_fd_sc_hd__clkbuf_16)
    11    0.03                           clknet_2_2__leaf_clk (net)
                  0.05    0.00    0.40 ^ _414_/CLK (sky130_fd_sc_hd__dfrtp_1)
                          0.25    0.65   clock uncertainty
                          0.00    0.65   clock reconvergence pessimism
                          0.32    0.97   library removal time
                                  0.97   data required time
-----------------------------------------------------------------------------
                                  0.97   data required time
                                 -2.58   data arrival time
-----------------------------------------------------------------------------
                                  1.61   slack (MET)


Startpoint: rst (input port clocked by clk)
Endpoint: _421_ (removal check against rising-edge clock clk)
Path Group: asynchronous
Path Type: min
Corner: Typical

Fanout     Cap    Slew   Delay    Time   Description
-----------------------------------------------------------------------------
                          0.00    0.00   clock clk (rise edge)
                          0.00    0.00   clock network delay (propagated)
                          2.00    2.00 v input external delay
                  0.01    0.01    2.01 v rst (in)
     2    0.00                           rst (net)
                  0.01    0.00    2.01 v input1/A (sky130_fd_sc_hd__buf_1)
                  0.07    0.10    2.11 v input1/X (sky130_fd_sc_hd__buf_1)
     1    0.01                           net1 (net)
                  0.07    0.00    2.11 v _356_/A (sky130_fd_sc_hd__clkbuf_4)
                  0.11    0.20    2.31 v _356_/X (sky130_fd_sc_hd__clkbuf_4)
     9    0.05                           _200_ (net)
                  0.11    0.01    2.32 v _368_/A (sky130_fd_sc_hd__buf_4)
                  0.08    0.21    2.53 v _368_/X (sky130_fd_sc_hd__buf_4)
    10    0.06                           _202_ (net)
                  0.09    0.00    2.53 v _374_/A (sky130_fd_sc_hd__inv_2)
                  0.04    0.06    2.59 ^ _374_/Y (sky130_fd_sc_hd__inv_2)
     1    0.00                           _015_ (net)
                  0.04    0.00    2.59 ^ _421_/RESET_B (sky130_fd_sc_hd__dfrtp_1)
                                  2.59   data arrival time

                          0.00    0.00   clock clk (rise edge)
                          0.00    0.00   clock source latency
                  0.10    0.07    0.07 ^ clk (in)
     2    0.02                           clk (net)
                  0.10    0.00    0.07 ^ clkbuf_0_clk/A (sky130_fd_sc_hd__clkbuf_16)
                  0.07    0.17    0.25 ^ clkbuf_0_clk/X (sky130_fd_sc_hd__clkbuf_16)
     4    0.05                           clknet_0_clk (net)
                  0.07    0.00    0.25 ^ clkbuf_2_0__f_clk/A (sky130_fd_sc_hd__clkbuf_16)
                  0.06    0.15    0.40 ^ clkbuf_2_0__f_clk/X (sky130_fd_sc_hd__clkbuf_16)
    11    0.04                           clknet_2_0__leaf_clk (net)
                  0.06    0.00    0.41 ^ _421_/CLK (sky130_fd_sc_hd__dfrtp_1)
                          0.25    0.66   clock uncertainty
                          0.00    0.66   clock reconvergence pessimism
                          0.32    0.98   library removal time
                                  0.98   data required time
-----------------------------------------------------------------------------
                                  0.98   data required time
                                 -2.59   data arrival time
-----------------------------------------------------------------------------
                                  1.61   slack (MET)


Startpoint: rst (input port clocked by clk)
Endpoint: _413_ (removal check against rising-edge clock clk)
Path Group: asynchronous
Path Type: min
Corner: Typical

Fanout     Cap    Slew   Delay    Time   Description
-----------------------------------------------------------------------------
                          0.00    0.00   clock clk (rise edge)
                          0.00    0.00   clock network delay (propagated)
                          2.00    2.00 v input external delay
                  0.01    0.01    2.01 v rst (in)
     2    0.00                           rst (net)
                  0.01    0.00    2.01 v input1/A (sky130_fd_sc_hd__buf_1)
                  0.07    0.10    2.11 v input1/X (sky130_fd_sc_hd__buf_1)
     1    0.01                           net1 (net)
                  0.07    0.00    2.11 v _356_/A (sky130_fd_sc_hd__clkbuf_4)
                  0.11    0.20    2.31 v _356_/X (sky130_fd_sc_hd__clkbuf_4)
     9    0.05                           _200_ (net)
                  0.11    0.00    2.31 v _357_/A (sky130_fd_sc_hd__buf_4)
                  0.08    0.21    2.52 v _357_/X (sky130_fd_sc_hd__buf_4)
    10    0.06                           _201_ (net)
                  0.08    0.01    2.53 v _365_/A (sky130_fd_sc_hd__inv_2)
                  0.04    0.06    2.58 ^ _365_/Y (sky130_fd_sc_hd__inv_2)
     1    0.00                           _007_ (net)
                  0.04    0.00    2.58 ^ _413_/RESET_B (sky130_fd_sc_hd__dfrtp_1)
                                  2.58   data arrival time

                          0.00    0.00   clock clk (rise edge)
                          0.00    0.00   clock source latency
                  0.10    0.07    0.07 ^ clk (in)
     2    0.02                           clk (net)
                  0.10    0.00    0.07 ^ clkbuf_0_clk/A (sky130_fd_sc_hd__clkbuf_16)
                  0.07    0.17    0.25 ^ clkbuf_0_clk/X (sky130_fd_sc_hd__clkbuf_16)
     4    0.05                           clknet_0_clk (net)
                  0.07    0.00    0.25 ^ clkbuf_2_2__f_clk/A (sky130_fd_sc_hd__clkbuf_16)
                  0.05    0.15    0.40 ^ clkbuf_2_2__f_clk/X (sky130_fd_sc_hd__clkbuf_16)
    11    0.03                           clknet_2_2__leaf_clk (net)
                  0.05    0.00    0.40 ^ _413_/CLK (sky130_fd_sc_hd__dfrtp_1)
                          0.25    0.65   clock uncertainty
                          0.00    0.65   clock reconvergence pessimism
                          0.32    0.97   library removal time
                                  0.97   data required time
-----------------------------------------------------------------------------
                                  0.97   data required time
                                 -2.58   data arrival time
-----------------------------------------------------------------------------
                                  1.61   slack (MET)


Startpoint: rst (input port clocked by clk)
Endpoint: _412_ (removal check against rising-edge clock clk)
Path Group: asynchronous
Path Type: min
Corner: Typical

Fanout     Cap    Slew   Delay    Time   Description
-----------------------------------------------------------------------------
                          0.00    0.00   clock clk (rise edge)
                          0.00    0.00   clock network delay (propagated)
                          2.00    2.00 v input external delay
                  0.01    0.01    2.01 v rst (in)
     2    0.00                           rst (net)
                  0.01    0.00    2.01 v input1/A (sky130_fd_sc_hd__buf_1)
                  0.07    0.10    2.11 v input1/X (sky130_fd_sc_hd__buf_1)
     1    0.01                           net1 (net)
                  0.07    0.00    2.11 v _356_/A (sky130_fd_sc_hd__clkbuf_4)
                  0.11    0.20    2.31 v _356_/X (sky130_fd_sc_hd__clkbuf_4)
     9    0.05                           _200_ (net)
                  0.11    0.00    2.31 v _357_/A (sky130_fd_sc_hd__buf_4)
                  0.08    0.21    2.52 v _357_/X (sky130_fd_sc_hd__buf_4)
    10    0.06                           _201_ (net)
                  0.08    0.00    2.52 v _364_/A (sky130_fd_sc_hd__inv_2)
                  0.03    0.05    2.58 ^ _364_/Y (sky130_fd_sc_hd__inv_2)
     1    0.00                           _006_ (net)
                  0.03    0.00    2.58 ^ _412_/RESET_B (sky130_fd_sc_hd__dfrtp_1)
                                  2.58   data arrival time

                          0.00    0.00   clock clk (rise edge)
                          0.00    0.00   clock source latency
                  0.10    0.07    0.07 ^ clk (in)
     2    0.02                           clk (net)
                  0.10    0.00    0.07 ^ clkbuf_0_clk/A (sky130_fd_sc_hd__clkbuf_16)
                  0.07    0.17    0.25 ^ clkbuf_0_clk/X (sky130_fd_sc_hd__clkbuf_16)
     4    0.05                           clknet_0_clk (net)
                  0.07    0.00    0.25 ^ clkbuf_2_3__f_clk/A (sky130_fd_sc_hd__clkbuf_16)
                  0.05    0.15    0.40 ^ clkbuf_2_3__f_clk/X (sky130_fd_sc_hd__clkbuf_16)
     8    0.03                           clknet_2_3__leaf_clk (net)
                  0.05    0.00    0.40 ^ _412_/CLK (sky130_fd_sc_hd__dfrtp_1)
                          0.25    0.65   clock uncertainty
                          0.00    0.65   clock reconvergence pessimism
                          0.32    0.97   library removal time
                                  0.97   data required time
-----------------------------------------------------------------------------
                                  0.97   data required time
                                 -2.58   data arrival time
-----------------------------------------------------------------------------
                                  1.61   slack (MET)


Startpoint: rst (input port clocked by clk)
Endpoint: _436_ (removal check against rising-edge clock clk)
Path Group: asynchronous
Path Type: min
Corner: Typical

Fanout     Cap    Slew   Delay    Time   Description
-----------------------------------------------------------------------------
                          0.00    0.00   clock clk (rise edge)
                          0.00    0.00   clock network delay (propagated)
                          2.00    2.00 v input external delay
                  0.01    0.01    2.01 v rst (in)
     2    0.00                           rst (net)
                  0.01    0.00    2.01 v input1/A (sky130_fd_sc_hd__buf_1)
                  0.07    0.10    2.11 v input1/X (sky130_fd_sc_hd__buf_1)
     1    0.01                           net1 (net)
                  0.07    0.00    2.11 v _356_/A (sky130_fd_sc_hd__clkbuf_4)
                  0.11    0.20    2.31 v _356_/X (sky130_fd_sc_hd__clkbuf_4)
     9    0.05                           _200_ (net)
                  0.11    0.01    2.32 v _390_/A (sky130_fd_sc_hd__buf_4)
                  0.09    0.21    2.53 v _390_/X (sky130_fd_sc_hd__buf_4)
    10    0.06                           _204_ (net)
                  0.09    0.01    2.53 v _391_/A (sky130_fd_sc_hd__inv_2)
                  0.03    0.06    2.59 ^ _391_/Y (sky130_fd_sc_hd__inv_2)
     1    0.00                           _030_ (net)
                  0.03    0.00    2.59 ^ _436_/RESET_B (sky130_fd_sc_hd__dfrtp_1)
                                  2.59   data arrival time

                          0.00    0.00   clock clk (rise edge)
                          0.00    0.00   clock source latency
                  0.10    0.07    0.07 ^ clk (in)
     2    0.02                           clk (net)
                  0.10    0.00    0.07 ^ clkbuf_0_clk/A (sky130_fd_sc_hd__clkbuf_16)
                  0.07    0.17    0.25 ^ clkbuf_0_clk/X (sky130_fd_sc_hd__clkbuf_16)
     4    0.05                           clknet_0_clk (net)
                  0.07    0.00    0.25 ^ clkbuf_2_0__f_clk/A (sky130_fd_sc_hd__clkbuf_16)
                  0.06    0.15    0.40 ^ clkbuf_2_0__f_clk/X (sky130_fd_sc_hd__clkbuf_16)
    11    0.04                           clknet_2_0__leaf_clk (net)
                  0.06    0.00    0.41 ^ _436_/CLK (sky130_fd_sc_hd__dfrtp_1)
                          0.25    0.66   clock uncertainty
                          0.00    0.66   clock reconvergence pessimism
                          0.32    0.98   library removal time
                                  0.98   data required time
-----------------------------------------------------------------------------
                                  0.98   data required time
                                 -2.59   data arrival time
-----------------------------------------------------------------------------
                                  1.61   slack (MET)


Startpoint: rst (input port clocked by clk)
Endpoint: _437_ (removal check against rising-edge clock clk)
Path Group: asynchronous
Path Type: min
Corner: Typical

Fanout     Cap    Slew   Delay    Time   Description
-----------------------------------------------------------------------------
                          0.00    0.00   clock clk (rise edge)
                          0.00    0.00   clock network delay (propagated)
                          2.00    2.00 v input external delay
                  0.01    0.01    2.01 v rst (in)
     2    0.00                           rst (net)
                  0.01    0.00    2.01 v input1/A (sky130_fd_sc_hd__buf_1)
                  0.07    0.10    2.11 v input1/X (sky130_fd_sc_hd__buf_1)
     1    0.01                           net1 (net)
                  0.07    0.00    2.11 v _356_/A (sky130_fd_sc_hd__clkbuf_4)
                  0.11    0.20    2.31 v _356_/X (sky130_fd_sc_hd__clkbuf_4)
     9    0.05                           _200_ (net)
                  0.11    0.01    2.32 v _390_/A (sky130_fd_sc_hd__buf_4)
                  0.09    0.21    2.53 v _390_/X (sky130_fd_sc_hd__buf_4)
    10    0.06                           _204_ (net)
                  0.09    0.00    2.53 v _392_/A (sky130_fd_sc_hd__inv_2)
                  0.03    0.06    2.59 ^ _392_/Y (sky130_fd_sc_hd__inv_2)
     1    0.00                           _031_ (net)
                  0.03    0.00    2.59 ^ _437_/RESET_B (sky130_fd_sc_hd__dfrtp_1)
                                  2.59   data arrival time

                          0.00    0.00   clock clk (rise edge)
                          0.00    0.00   clock source latency
                  0.10    0.07    0.07 ^ clk (in)
     2    0.02                           clk (net)
                  0.10    0.00    0.07 ^ clkbuf_0_clk/A (sky130_fd_sc_hd__clkbuf_16)
                  0.07    0.17    0.25 ^ clkbuf_0_clk/X (sky130_fd_sc_hd__clkbuf_16)
     4    0.05                           clknet_0_clk (net)
                  0.07    0.00    0.25 ^ clkbuf_2_0__f_clk/A (sky130_fd_sc_hd__clkbuf_16)
                  0.06    0.15    0.40 ^ clkbuf_2_0__f_clk/X (sky130_fd_sc_hd__clkbuf_16)
    11    0.04                           clknet_2_0__leaf_clk (net)
                  0.06    0.00    0.41 ^ _437_/CLK (sky130_fd_sc_hd__dfrtp_1)
                          0.25    0.66   clock uncertainty
                          0.00    0.66   clock reconvergence pessimism
                          0.32    0.98   library removal time
                                  0.98   data required time
-----------------------------------------------------------------------------
                                  0.98   data required time
                                 -2.59   data arrival time
-----------------------------------------------------------------------------
                                  1.61   slack (MET)


Startpoint: rst (input port clocked by clk)
Endpoint: _406_ (removal check against rising-edge clock clk)
Path Group: asynchronous
Path Type: min
Corner: Typical

Fanout     Cap    Slew   Delay    Time   Description
-----------------------------------------------------------------------------
                          0.00    0.00   clock clk (rise edge)
                          0.00    0.00   clock network delay (propagated)
                          2.00    2.00 v input external delay
                  0.01    0.01    2.01 v rst (in)
     2    0.00                           rst (net)
                  0.01    0.00    2.01 v input1/A (sky130_fd_sc_hd__buf_1)
                  0.07    0.10    2.11 v input1/X (sky130_fd_sc_hd__buf_1)
     1    0.01                           net1 (net)
                  0.07    0.00    2.11 v _356_/A (sky130_fd_sc_hd__clkbuf_4)
                  0.11    0.20    2.31 v _356_/X (sky130_fd_sc_hd__clkbuf_4)
     9    0.05                           _200_ (net)
                  0.11    0.00    2.31 v _357_/A (sky130_fd_sc_hd__buf_4)
                  0.08    0.21    2.52 v _357_/X (sky130_fd_sc_hd__buf_4)
    10    0.06                           _201_ (net)
                  0.08    0.00    2.52 v _358_/A (sky130_fd_sc_hd__inv_2)
                  0.03    0.06    2.58 ^ _358_/Y (sky130_fd_sc_hd__inv_2)
     1    0.00                           _000_ (net)
                  0.03    0.00    2.58 ^ _406_/RESET_B (sky130_fd_sc_hd__dfrtp_2)
                                  2.58   data arrival time

                          0.00    0.00   clock clk (rise edge)
                          0.00    0.00   clock source latency
                  0.10    0.07    0.07 ^ clk (in)
     2    0.02                           clk (net)
                  0.10    0.00    0.07 ^ clkbuf_0_clk/A (sky130_fd_sc_hd__clkbuf_16)
                  0.07    0.17    0.25 ^ clkbuf_0_clk/X (sky130_fd_sc_hd__clkbuf_16)
     4    0.05                           clknet_0_clk (net)
                  0.07    0.00    0.25 ^ clkbuf_2_3__f_clk/A (sky130_fd_sc_hd__clkbuf_16)
                  0.05    0.15    0.40 ^ clkbuf_2_3__f_clk/X (sky130_fd_sc_hd__clkbuf_16)
     8    0.03                           clknet_2_3__leaf_clk (net)
                  0.05    0.00    0.40 ^ _406_/CLK (sky130_fd_sc_hd__dfrtp_2)
                          0.25    0.65   clock uncertainty
                          0.00    0.65   clock reconvergence pessimism
                          0.32    0.97   library removal time
                                  0.97   data required time
-----------------------------------------------------------------------------
                                  0.97   data required time
                                 -2.58   data arrival time
-----------------------------------------------------------------------------
                                  1.61   slack (MET)


Startpoint: rst (input port clocked by clk)
Endpoint: _408_ (removal check against rising-edge clock clk)
Path Group: asynchronous
Path Type: min
Corner: Typical

Fanout     Cap    Slew   Delay    Time   Description
-----------------------------------------------------------------------------
                          0.00    0.00   clock clk (rise edge)
                          0.00    0.00   clock network delay (propagated)
                          2.00    2.00 v input external delay
                  0.01    0.01    2.01 v rst (in)
     2    0.00                           rst (net)
                  0.01    0.00    2.01 v input1/A (sky130_fd_sc_hd__buf_1)
                  0.07    0.10    2.11 v input1/X (sky130_fd_sc_hd__buf_1)
     1    0.01                           net1 (net)
                  0.07    0.00    2.11 v _356_/A (sky130_fd_sc_hd__clkbuf_4)
                  0.11    0.20    2.31 v _356_/X (sky130_fd_sc_hd__clkbuf_4)
     9    0.05                           _200_ (net)
                  0.11    0.00    2.31 v _357_/A (sky130_fd_sc_hd__buf_4)
                  0.08    0.21    2.52 v _357_/X (sky130_fd_sc_hd__buf_4)
    10    0.06                           _201_ (net)
                  0.08    0.00    2.52 v _360_/A (sky130_fd_sc_hd__inv_2)
                  0.03    0.06    2.58 ^ _360_/Y (sky130_fd_sc_hd__inv_2)
     1    0.00                           _002_ (net)
                  0.03    0.00    2.58 ^ _408_/RESET_B (sky130_fd_sc_hd__dfrtp_1)
                                  2.58   data arrival time

                          0.00    0.00   clock clk (rise edge)
                          0.00    0.00   clock source latency
                  0.10    0.07    0.07 ^ clk (in)
     2    0.02                           clk (net)
                  0.10    0.00    0.07 ^ clkbuf_0_clk/A (sky130_fd_sc_hd__clkbuf_16)
                  0.07    0.17    0.25 ^ clkbuf_0_clk/X (sky130_fd_sc_hd__clkbuf_16)
     4    0.05                           clknet_0_clk (net)
                  0.07    0.00    0.25 ^ clkbuf_2_3__f_clk/A (sky130_fd_sc_hd__clkbuf_16)
                  0.05    0.15    0.40 ^ clkbuf_2_3__f_clk/X (sky130_fd_sc_hd__clkbuf_16)
     8    0.03                           clknet_2_3__leaf_clk (net)
                  0.05    0.00    0.40 ^ _408_/CLK (sky130_fd_sc_hd__dfrtp_1)
                          0.25    0.65   clock uncertainty
                          0.00    0.65   clock reconvergence pessimism
                          0.32    0.97   library removal time
                                  0.97   data required time
-----------------------------------------------------------------------------
                                  0.97   data required time
                                 -2.58   data arrival time
-----------------------------------------------------------------------------
                                  1.61   slack (MET)


Startpoint: rst (input port clocked by clk)
Endpoint: _445_ (removal check against rising-edge clock clk)
Path Group: asynchronous
Path Type: min
Corner: Typical

Fanout     Cap    Slew   Delay    Time   Description
-----------------------------------------------------------------------------
                          0.00    0.00   clock clk (rise edge)
                          0.00    0.00   clock network delay (propagated)
                          2.00    2.00 v input external delay
                  0.01    0.01    2.01 v rst (in)
     2    0.00                           rst (net)
                  0.01    0.00    2.01 v input1/A (sky130_fd_sc_hd__buf_1)
                  0.07    0.10    2.11 v input1/X (sky130_fd_sc_hd__buf_1)
     1    0.01                           net1 (net)
                  0.07    0.00    2.11 v _356_/A (sky130_fd_sc_hd__clkbuf_4)
                  0.11    0.20    2.31 v _356_/X (sky130_fd_sc_hd__clkbuf_4)
     9    0.05                           _200_ (net)
                  0.11    0.01    2.32 v _390_/A (sky130_fd_sc_hd__buf_4)
                  0.09    0.21    2.53 v _390_/X (sky130_fd_sc_hd__buf_4)
    10    0.06                           _204_ (net)
                  0.09    0.00    2.53 v _400_/A (sky130_fd_sc_hd__inv_2)
                  0.04    0.06    2.59 ^ _400_/Y (sky130_fd_sc_hd__inv_2)
     1    0.00                           _039_ (net)
                  0.04    0.00    2.59 ^ _445_/RESET_B (sky130_fd_sc_hd__dfrtp_2)
                                  2.59   data arrival time

                          0.00    0.00   clock clk (rise edge)
                          0.00    0.00   clock source latency
                  0.10    0.07    0.07 ^ clk (in)
     2    0.02                           clk (net)
                  0.10    0.00    0.07 ^ clkbuf_0_clk/A (sky130_fd_sc_hd__clkbuf_16)
                  0.07    0.17    0.25 ^ clkbuf_0_clk/X (sky130_fd_sc_hd__clkbuf_16)
     4    0.05                           clknet_0_clk (net)
                  0.07    0.00    0.25 ^ clkbuf_2_0__f_clk/A (sky130_fd_sc_hd__clkbuf_16)
                  0.06    0.15    0.40 ^ clkbuf_2_0__f_clk/X (sky130_fd_sc_hd__clkbuf_16)
    11    0.04                           clknet_2_0__leaf_clk (net)
                  0.06    0.00    0.41 ^ _445_/CLK (sky130_fd_sc_hd__dfrtp_2)
                          0.25    0.66   clock uncertainty
                          0.00    0.66   clock reconvergence pessimism
                          0.32    0.98   library removal time
                                  0.98   data required time
-----------------------------------------------------------------------------
                                  0.98   data required time
                                 -2.59   data arrival time
-----------------------------------------------------------------------------
                                  1.61   slack (MET)


Startpoint: rst (input port clocked by clk)
Endpoint: _442_ (removal check against rising-edge clock clk)
Path Group: asynchronous
Path Type: min
Corner: Typical

Fanout     Cap    Slew   Delay    Time   Description
-----------------------------------------------------------------------------
                          0.00    0.00   clock clk (rise edge)
                          0.00    0.00   clock network delay (propagated)
                          2.00    2.00 v input external delay
                  0.01    0.01    2.01 v rst (in)
     2    0.00                           rst (net)
                  0.01    0.00    2.01 v input1/A (sky130_fd_sc_hd__buf_1)
                  0.07    0.10    2.11 v input1/X (sky130_fd_sc_hd__buf_1)
     1    0.01                           net1 (net)
                  0.07    0.00    2.11 v _356_/A (sky130_fd_sc_hd__clkbuf_4)
                  0.11    0.20    2.31 v _356_/X (sky130_fd_sc_hd__clkbuf_4)
     9    0.05                           _200_ (net)
                  0.11    0.01    2.32 v _390_/A (sky130_fd_sc_hd__buf_4)
                  0.09    0.21    2.53 v _390_/X (sky130_fd_sc_hd__buf_4)
    10    0.06                           _204_ (net)
                  0.09    0.01    2.53 v _397_/A (sky130_fd_sc_hd__inv_2)
                  0.04    0.06    2.59 ^ _397_/Y (sky130_fd_sc_hd__inv_2)
     1    0.00                           _036_ (net)
                  0.04    0.00    2.59 ^ _442_/RESET_B (sky130_fd_sc_hd__dfrtp_2)
                                  2.59   data arrival time

                          0.00    0.00   clock clk (rise edge)
                          0.00    0.00   clock source latency
                  0.10    0.07    0.07 ^ clk (in)
     2    0.02                           clk (net)
                  0.10    0.00    0.07 ^ clkbuf_0_clk/A (sky130_fd_sc_hd__clkbuf_16)
                  0.07    0.17    0.25 ^ clkbuf_0_clk/X (sky130_fd_sc_hd__clkbuf_16)
     4    0.05                           clknet_0_clk (net)
                  0.07    0.00    0.25 ^ clkbuf_2_0__f_clk/A (sky130_fd_sc_hd__clkbuf_16)
                  0.06    0.15    0.40 ^ clkbuf_2_0__f_clk/X (sky130_fd_sc_hd__clkbuf_16)
    11    0.04                           clknet_2_0__leaf_clk (net)
                  0.06    0.00    0.41 ^ _442_/CLK (sky130_fd_sc_hd__dfrtp_2)
                          0.25    0.66   clock uncertainty
                          0.00    0.66   clock reconvergence pessimism
                          0.32    0.98   library removal time
                                  0.98   data required time
-----------------------------------------------------------------------------
                                  0.98   data required time
                                 -2.59   data arrival time
-----------------------------------------------------------------------------
                                  1.61   slack (MET)


Startpoint: rst (input port clocked by clk)
Endpoint: _439_ (removal check against rising-edge clock clk)
Path Group: asynchronous
Path Type: min
Corner: Typical

Fanout     Cap    Slew   Delay    Time   Description
-----------------------------------------------------------------------------
                          0.00    0.00   clock clk (rise edge)
                          0.00    0.00   clock network delay (propagated)
                          2.00    2.00 v input external delay
                  0.01    0.01    2.01 v rst (in)
     2    0.00                           rst (net)
                  0.01    0.00    2.01 v input1/A (sky130_fd_sc_hd__buf_1)
                  0.07    0.10    2.11 v input1/X (sky130_fd_sc_hd__buf_1)
     1    0.01                           net1 (net)
                  0.07    0.00    2.11 v _356_/A (sky130_fd_sc_hd__clkbuf_4)
                  0.11    0.20    2.31 v _356_/X (sky130_fd_sc_hd__clkbuf_4)
     9    0.05                           _200_ (net)
                  0.11    0.01    2.32 v _390_/A (sky130_fd_sc_hd__buf_4)
                  0.09    0.21    2.53 v _390_/X (sky130_fd_sc_hd__buf_4)
    10    0.06                           _204_ (net)
                  0.09    0.01    2.53 v _394_/A (sky130_fd_sc_hd__inv_2)
                  0.03    0.06    2.59 ^ _394_/Y (sky130_fd_sc_hd__inv_2)
     1    0.00                           _033_ (net)
                  0.03    0.00    2.59 ^ _439_/RESET_B (sky130_fd_sc_hd__dfrtp_1)
                                  2.59   data arrival time

                          0.00    0.00   clock clk (rise edge)
                          0.00    0.00   clock source latency
                  0.10    0.07    0.07 ^ clk (in)
     2    0.02                           clk (net)
                  0.10    0.00    0.07 ^ clkbuf_0_clk/A (sky130_fd_sc_hd__clkbuf_16)
                  0.07    0.17    0.25 ^ clkbuf_0_clk/X (sky130_fd_sc_hd__clkbuf_16)
     4    0.05                           clknet_0_clk (net)
                  0.07    0.00    0.25 ^ clkbuf_2_0__f_clk/A (sky130_fd_sc_hd__clkbuf_16)
                  0.06    0.15    0.40 ^ clkbuf_2_0__f_clk/X (sky130_fd_sc_hd__clkbuf_16)
    11    0.04                           clknet_2_0__leaf_clk (net)
                  0.06    0.00    0.41 ^ _439_/CLK (sky130_fd_sc_hd__dfrtp_1)
                          0.25    0.66   clock uncertainty
                          0.00    0.66   clock reconvergence pessimism
                          0.32    0.98   library removal time
                                  0.98   data required time
-----------------------------------------------------------------------------
                                  0.98   data required time
                                 -2.59   data arrival time
-----------------------------------------------------------------------------
                                  1.61   slack (MET)


Startpoint: rst (input port clocked by clk)
Endpoint: _440_ (removal check against rising-edge clock clk)
Path Group: asynchronous
Path Type: min
Corner: Typical

Fanout     Cap    Slew   Delay    Time   Description
-----------------------------------------------------------------------------
                          0.00    0.00   clock clk (rise edge)
                          0.00    0.00   clock network delay (propagated)
                          2.00    2.00 v input external delay
                  0.01    0.01    2.01 v rst (in)
     2    0.00                           rst (net)
                  0.01    0.00    2.01 v input1/A (sky130_fd_sc_hd__buf_1)
                  0.07    0.10    2.11 v input1/X (sky130_fd_sc_hd__buf_1)
     1    0.01                           net1 (net)
                  0.07    0.00    2.11 v _356_/A (sky130_fd_sc_hd__clkbuf_4)
                  0.11    0.20    2.31 v _356_/X (sky130_fd_sc_hd__clkbuf_4)
     9    0.05                           _200_ (net)
                  0.11    0.01    2.32 v _390_/A (sky130_fd_sc_hd__buf_4)
                  0.09    0.21    2.53 v _390_/X (sky130_fd_sc_hd__buf_4)
    10    0.06                           _204_ (net)
                  0.09    0.01    2.53 v _395_/A (sky130_fd_sc_hd__inv_2)
                  0.04    0.06    2.59 ^ _395_/Y (sky130_fd_sc_hd__inv_2)
     1    0.00                           _034_ (net)
                  0.04    0.00    2.59 ^ _440_/RESET_B (sky130_fd_sc_hd__dfrtp_4)
                                  2.59   data arrival time

                          0.00    0.00   clock clk (rise edge)
                          0.00    0.00   clock source latency
                  0.10    0.07    0.07 ^ clk (in)
     2    0.02                           clk (net)
                  0.10    0.00    0.07 ^ clkbuf_0_clk/A (sky130_fd_sc_hd__clkbuf_16)
                  0.07    0.17    0.25 ^ clkbuf_0_clk/X (sky130_fd_sc_hd__clkbuf_16)
     4    0.05                           clknet_0_clk (net)
                  0.07    0.00    0.25 ^ clkbuf_2_0__f_clk/A (sky130_fd_sc_hd__clkbuf_16)
                  0.06    0.15    0.40 ^ clkbuf_2_0__f_clk/X (sky130_fd_sc_hd__clkbuf_16)
    11    0.04                           clknet_2_0__leaf_clk (net)
                  0.06    0.00    0.41 ^ _440_/CLK (sky130_fd_sc_hd__dfrtp_4)
                          0.25    0.66   clock uncertainty
                          0.00    0.66   clock reconvergence pessimism
                          0.32    0.98   library removal time
                                  0.98   data required time
-----------------------------------------------------------------------------
                                  0.98   data required time
                                 -2.59   data arrival time
-----------------------------------------------------------------------------
                                  1.61   slack (MET)


Startpoint: rst (input port clocked by clk)
Endpoint: _441_ (removal check against rising-edge clock clk)
Path Group: asynchronous
Path Type: min
Corner: Typical

Fanout     Cap    Slew   Delay    Time   Description
-----------------------------------------------------------------------------
                          0.00    0.00   clock clk (rise edge)
                          0.00    0.00   clock network delay (propagated)
                          2.00    2.00 v input external delay
                  0.01    0.01    2.01 v rst (in)
     2    0.00                           rst (net)
                  0.01    0.00    2.01 v input1/A (sky130_fd_sc_hd__buf_1)
                  0.07    0.10    2.11 v input1/X (sky130_fd_sc_hd__buf_1)
     1    0.01                           net1 (net)
                  0.07    0.00    2.11 v _356_/A (sky130_fd_sc_hd__clkbuf_4)
                  0.11    0.20    2.31 v _356_/X (sky130_fd_sc_hd__clkbuf_4)
     9    0.05                           _200_ (net)
                  0.11    0.01    2.32 v _390_/A (sky130_fd_sc_hd__buf_4)
                  0.09    0.21    2.53 v _390_/X (sky130_fd_sc_hd__buf_4)
    10    0.06                           _204_ (net)
                  0.09    0.01    2.53 v _396_/A (sky130_fd_sc_hd__inv_2)
                  0.04    0.06    2.59 ^ _396_/Y (sky130_fd_sc_hd__inv_2)
     1    0.00                           _035_ (net)
                  0.04    0.00    2.59 ^ _441_/RESET_B (sky130_fd_sc_hd__dfrtp_2)
                                  2.59   data arrival time

                          0.00    0.00   clock clk (rise edge)
                          0.00    0.00   clock source latency
                  0.10    0.07    0.07 ^ clk (in)
     2    0.02                           clk (net)
                  0.10    0.00    0.07 ^ clkbuf_0_clk/A (sky130_fd_sc_hd__clkbuf_16)
                  0.07    0.17    0.25 ^ clkbuf_0_clk/X (sky130_fd_sc_hd__clkbuf_16)
     4    0.05                           clknet_0_clk (net)
                  0.07    0.00    0.25 ^ clkbuf_2_0__f_clk/A (sky130_fd_sc_hd__clkbuf_16)
                  0.06    0.15    0.40 ^ clkbuf_2_0__f_clk/X (sky130_fd_sc_hd__clkbuf_16)
    11    0.04                           clknet_2_0__leaf_clk (net)
                  0.06    0.00    0.41 ^ _441_/CLK (sky130_fd_sc_hd__dfrtp_2)
                          0.25    0.66   clock uncertainty
                          0.00    0.66   clock reconvergence pessimism
                          0.32    0.98   library removal time
                                  0.98   data required time
-----------------------------------------------------------------------------
                                  0.98   data required time
                                 -2.59   data arrival time
-----------------------------------------------------------------------------
                                  1.61   slack (MET)


Startpoint: rst (input port clocked by clk)
Endpoint: _411_ (removal check against rising-edge clock clk)
Path Group: asynchronous
Path Type: min
Corner: Typical

Fanout     Cap    Slew   Delay    Time   Description
-----------------------------------------------------------------------------
                          0.00    0.00   clock clk (rise edge)
                          0.00    0.00   clock network delay (propagated)
                          2.00    2.00 v input external delay
                  0.01    0.01    2.01 v rst (in)
     2    0.00                           rst (net)
                  0.01    0.00    2.01 v input1/A (sky130_fd_sc_hd__buf_1)
                  0.07    0.10    2.11 v input1/X (sky130_fd_sc_hd__buf_1)
     1    0.01                           net1 (net)
                  0.07    0.00    2.11 v _356_/A (sky130_fd_sc_hd__clkbuf_4)
                  0.11    0.20    2.31 v _356_/X (sky130_fd_sc_hd__clkbuf_4)
     9    0.05                           _200_ (net)
                  0.11    0.00    2.31 v _357_/A (sky130_fd_sc_hd__buf_4)
                  0.08    0.21    2.52 v _357_/X (sky130_fd_sc_hd__buf_4)
    10    0.06                           _201_ (net)
                  0.08    0.00    2.52 v _363_/A (sky130_fd_sc_hd__inv_2)
                  0.04    0.06    2.58 ^ _363_/Y (sky130_fd_sc_hd__inv_2)
     1    0.00                           _005_ (net)
                  0.04    0.00    2.58 ^ _411_/RESET_B (sky130_fd_sc_hd__dfrtp_1)
                                  2.58   data arrival time

                          0.00    0.00   clock clk (rise edge)
                          0.00    0.00   clock source latency
                  0.10    0.07    0.07 ^ clk (in)
     2    0.02                           clk (net)
                  0.10    0.00    0.07 ^ clkbuf_0_clk/A (sky130_fd_sc_hd__clkbuf_16)
                  0.07    0.17    0.25 ^ clkbuf_0_clk/X (sky130_fd_sc_hd__clkbuf_16)
     4    0.05                           clknet_0_clk (net)
                  0.07    0.00    0.25 ^ clkbuf_2_3__f_clk/A (sky130_fd_sc_hd__clkbuf_16)
                  0.05    0.15    0.40 ^ clkbuf_2_3__f_clk/X (sky130_fd_sc_hd__clkbuf_16)
     8    0.03                           clknet_2_3__leaf_clk (net)
                  0.05    0.00    0.40 ^ _411_/CLK (sky130_fd_sc_hd__dfrtp_1)
                          0.25    0.65   clock uncertainty
                          0.00    0.65   clock reconvergence pessimism
                          0.32    0.97   library removal time
                                  0.97   data required time
-----------------------------------------------------------------------------
                                  0.97   data required time
                                 -2.58   data arrival time
-----------------------------------------------------------------------------
                                  1.61   slack (MET)


Startpoint: rst (input port clocked by clk)
Endpoint: _417_ (removal check against rising-edge clock clk)
Path Group: asynchronous
Path Type: min
Corner: Typical

Fanout     Cap    Slew   Delay    Time   Description
-----------------------------------------------------------------------------
                          0.00    0.00   clock clk (rise edge)
                          0.00    0.00   clock network delay (propagated)
                          2.00    2.00 v input external delay
                  0.01    0.01    2.01 v rst (in)
     2    0.00                           rst (net)
                  0.01    0.00    2.01 v input1/A (sky130_fd_sc_hd__buf_1)
                  0.07    0.10    2.11 v input1/X (sky130_fd_sc_hd__buf_1)
     1    0.01                           net1 (net)
                  0.07    0.00    2.11 v _356_/A (sky130_fd_sc_hd__clkbuf_4)
                  0.11    0.20    2.31 v _356_/X (sky130_fd_sc_hd__clkbuf_4)
     9    0.05                           _200_ (net)
                  0.11    0.01    2.32 v _368_/A (sky130_fd_sc_hd__buf_4)
                  0.08    0.21    2.53 v _368_/X (sky130_fd_sc_hd__buf_4)
    10    0.06                           _202_ (net)
                  0.09    0.00    2.53 v _370_/A (sky130_fd_sc_hd__inv_2)
                  0.03    0.06    2.59 ^ _370_/Y (sky130_fd_sc_hd__inv_2)
     1    0.00                           _011_ (net)
                  0.03    0.00    2.59 ^ _417_/RESET_B (sky130_fd_sc_hd__dfrtp_4)
                                  2.59   data arrival time

                          0.00    0.00   clock clk (rise edge)
                          0.00    0.00   clock source latency
                  0.10    0.07    0.07 ^ clk (in)
     2    0.02                           clk (net)
                  0.10    0.00    0.07 ^ clkbuf_0_clk/A (sky130_fd_sc_hd__clkbuf_16)
                  0.07    0.17    0.25 ^ clkbuf_0_clk/X (sky130_fd_sc_hd__clkbuf_16)
     4    0.05                           clknet_0_clk (net)
                  0.07    0.00    0.25 ^ clkbuf_2_2__f_clk/A (sky130_fd_sc_hd__clkbuf_16)
                  0.05    0.15    0.40 ^ clkbuf_2_2__f_clk/X (sky130_fd_sc_hd__clkbuf_16)
    11    0.03                           clknet_2_2__leaf_clk (net)
                  0.05    0.00    0.40 ^ _417_/CLK (sky130_fd_sc_hd__dfrtp_4)
                          0.25    0.65   clock uncertainty
                          0.00    0.65   clock reconvergence pessimism
                          0.32    0.97   library removal time
                                  0.97   data required time
-----------------------------------------------------------------------------
                                  0.97   data required time
                                 -2.59   data arrival time
-----------------------------------------------------------------------------
                                  1.62   slack (MET)


Startpoint: rst (input port clocked by clk)
Endpoint: _429_ (removal check against rising-edge clock clk)
Path Group: asynchronous
Path Type: min
Corner: Typical

Fanout     Cap    Slew   Delay    Time   Description
-----------------------------------------------------------------------------
                          0.00    0.00   clock clk (rise edge)
                          0.00    0.00   clock network delay (propagated)
                          2.00    2.00 v input external delay
                  0.01    0.01    2.01 v rst (in)
     2    0.00                           rst (net)
                  0.01    0.00    2.01 v input1/A (sky130_fd_sc_hd__buf_1)
                  0.07    0.10    2.11 v input1/X (sky130_fd_sc_hd__buf_1)
     1    0.01                           net1 (net)
                  0.07    0.00    2.11 v _356_/A (sky130_fd_sc_hd__clkbuf_4)
                  0.11    0.20    2.31 v _356_/X (sky130_fd_sc_hd__clkbuf_4)
     9    0.05                           _200_ (net)
                  0.11    0.01    2.32 v _379_/A (sky130_fd_sc_hd__buf_4)
                  0.10    0.22    2.54 v _379_/X (sky130_fd_sc_hd__buf_4)
    20    0.08                           _203_ (net)
                  0.10    0.00    2.54 v _383_/A (sky130_fd_sc_hd__inv_2)
                  0.04    0.06    2.61 ^ _383_/Y (sky130_fd_sc_hd__inv_2)
     1    0.00                           _023_ (net)
                  0.04    0.00    2.61 ^ _429_/RESET_B (sky130_fd_sc_hd__dfrtp_1)
                                  2.61   data arrival time

                          0.00    0.00   clock clk (rise edge)
                          0.00    0.00   clock source latency
                  0.10    0.07    0.07 ^ clk (in)
     2    0.02                           clk (net)
                  0.10    0.00    0.07 ^ clkbuf_0_clk/A (sky130_fd_sc_hd__clkbuf_16)
                  0.07    0.17    0.25 ^ clkbuf_0_clk/X (sky130_fd_sc_hd__clkbuf_16)
     4    0.05                           clknet_0_clk (net)
                  0.07    0.00    0.25 ^ clkbuf_2_1__f_clk/A (sky130_fd_sc_hd__clkbuf_16)
                  0.07    0.16    0.41 ^ clkbuf_2_1__f_clk/X (sky130_fd_sc_hd__clkbuf_16)
    15    0.05                           clknet_2_1__leaf_clk (net)
                  0.07    0.00    0.42 ^ _429_/CLK (sky130_fd_sc_hd__dfrtp_1)
                          0.25    0.67   clock uncertainty
                          0.00    0.67   clock reconvergence pessimism
                          0.33    0.99   library removal time
                                  0.99   data required time
-----------------------------------------------------------------------------
                                  0.99   data required time
                                 -2.61   data arrival time
-----------------------------------------------------------------------------
                                  1.62   slack (MET)


Startpoint: rst (input port clocked by clk)
Endpoint: _407_ (removal check against rising-edge clock clk)
Path Group: asynchronous
Path Type: min
Corner: Typical

Fanout     Cap    Slew   Delay    Time   Description
-----------------------------------------------------------------------------
                          0.00    0.00   clock clk (rise edge)
                          0.00    0.00   clock network delay (propagated)
                          2.00    2.00 v input external delay
                  0.01    0.01    2.01 v rst (in)
     2    0.00                           rst (net)
                  0.01    0.00    2.01 v input1/A (sky130_fd_sc_hd__buf_1)
                  0.07    0.10    2.11 v input1/X (sky130_fd_sc_hd__buf_1)
     1    0.01                           net1 (net)
                  0.07    0.00    2.11 v _356_/A (sky130_fd_sc_hd__clkbuf_4)
                  0.11    0.20    2.31 v _356_/X (sky130_fd_sc_hd__clkbuf_4)
     9    0.05                           _200_ (net)
                  0.11    0.00    2.31 v _357_/A (sky130_fd_sc_hd__buf_4)
                  0.08    0.21    2.52 v _357_/X (sky130_fd_sc_hd__buf_4)
    10    0.06                           _201_ (net)
                  0.08    0.00    2.52 v _359_/A (sky130_fd_sc_hd__inv_2)
                  0.04    0.06    2.58 ^ _359_/Y (sky130_fd_sc_hd__inv_2)
     1    0.01                           _001_ (net)
                  0.04    0.00    2.58 ^ _407_/RESET_B (sky130_fd_sc_hd__dfrtp_1)
                                  2.58   data arrival time

                          0.00    0.00   clock clk (rise edge)
                          0.00    0.00   clock source latency
                  0.10    0.07    0.07 ^ clk (in)
     2    0.02                           clk (net)
                  0.10    0.00    0.07 ^ clkbuf_0_clk/A (sky130_fd_sc_hd__clkbuf_16)
                  0.07    0.17    0.25 ^ clkbuf_0_clk/X (sky130_fd_sc_hd__clkbuf_16)
     4    0.05                           clknet_0_clk (net)
                  0.07    0.00    0.25 ^ clkbuf_2_3__f_clk/A (sky130_fd_sc_hd__clkbuf_16)
                  0.05    0.15    0.40 ^ clkbuf_2_3__f_clk/X (sky130_fd_sc_hd__clkbuf_16)
     8    0.03                           clknet_2_3__leaf_clk (net)
                  0.05    0.00    0.40 ^ _407_/CLK (sky130_fd_sc_hd__dfrtp_1)
                          0.25    0.65   clock uncertainty
                          0.00    0.65   clock reconvergence pessimism
                          0.32    0.97   library removal time
                                  0.97   data required time
-----------------------------------------------------------------------------
                                  0.97   data required time
                                 -2.58   data arrival time
-----------------------------------------------------------------------------
                                  1.62   slack (MET)


Startpoint: rst (input port clocked by clk)
Endpoint: _419_ (removal check against rising-edge clock clk)
Path Group: asynchronous
Path Type: min
Corner: Typical

Fanout     Cap    Slew   Delay    Time   Description
-----------------------------------------------------------------------------
                          0.00    0.00   clock clk (rise edge)
                          0.00    0.00   clock network delay (propagated)
                          2.00    2.00 v input external delay
                  0.01    0.01    2.01 v rst (in)
     2    0.00                           rst (net)
                  0.01    0.00    2.01 v input1/A (sky130_fd_sc_hd__buf_1)
                  0.07    0.10    2.11 v input1/X (sky130_fd_sc_hd__buf_1)
     1    0.01                           net1 (net)
                  0.07    0.00    2.11 v _356_/A (sky130_fd_sc_hd__clkbuf_4)
                  0.11    0.20    2.31 v _356_/X (sky130_fd_sc_hd__clkbuf_4)
     9    0.05                           _200_ (net)
                  0.11    0.01    2.32 v _368_/A (sky130_fd_sc_hd__buf_4)
                  0.08    0.21    2.53 v _368_/X (sky130_fd_sc_hd__buf_4)
    10    0.06                           _202_ (net)
                  0.09    0.01    2.53 v _372_/A (sky130_fd_sc_hd__inv_2)
                  0.03    0.06    2.59 ^ _372_/Y (sky130_fd_sc_hd__inv_2)
     1    0.00                           _013_ (net)
                  0.03    0.00    2.59 ^ _419_/RESET_B (sky130_fd_sc_hd__dfrtp_1)
                                  2.59   data arrival time

                          0.00    0.00   clock clk (rise edge)
                          0.00    0.00   clock source latency
                  0.10    0.07    0.07 ^ clk (in)
     2    0.02                           clk (net)
                  0.10    0.00    0.07 ^ clkbuf_0_clk/A (sky130_fd_sc_hd__clkbuf_16)
                  0.07    0.17    0.25 ^ clkbuf_0_clk/X (sky130_fd_sc_hd__clkbuf_16)
     4    0.05                           clknet_0_clk (net)
                  0.07    0.00    0.25 ^ clkbuf_2_2__f_clk/A (sky130_fd_sc_hd__clkbuf_16)
                  0.05    0.15    0.40 ^ clkbuf_2_2__f_clk/X (sky130_fd_sc_hd__clkbuf_16)
    11    0.03                           clknet_2_2__leaf_clk (net)
                  0.05    0.00    0.40 ^ _419_/CLK (sky130_fd_sc_hd__dfrtp_1)
                          0.25    0.65   clock uncertainty
                          0.00    0.65   clock reconvergence pessimism
                          0.32    0.97   library removal time
                                  0.97   data required time
-----------------------------------------------------------------------------
                                  0.97   data required time
                                 -2.59   data arrival time
-----------------------------------------------------------------------------
                                  1.62   slack (MET)


Startpoint: rst (input port clocked by clk)
Endpoint: _433_ (removal check against rising-edge clock clk)
Path Group: asynchronous
Path Type: min
Corner: Typical

Fanout     Cap    Slew   Delay    Time   Description
-----------------------------------------------------------------------------
                          0.00    0.00   clock clk (rise edge)
                          0.00    0.00   clock network delay (propagated)
                          2.00    2.00 v input external delay
                  0.01    0.01    2.01 v rst (in)
     2    0.00                           rst (net)
                  0.01    0.00    2.01 v input1/A (sky130_fd_sc_hd__buf_1)
                  0.07    0.10    2.11 v input1/X (sky130_fd_sc_hd__buf_1)
     1    0.01                           net1 (net)
                  0.07    0.00    2.11 v _356_/A (sky130_fd_sc_hd__clkbuf_4)
                  0.11    0.20    2.31 v _356_/X (sky130_fd_sc_hd__clkbuf_4)
     9    0.05                           _200_ (net)
                  0.11    0.01    2.32 v _379_/A (sky130_fd_sc_hd__buf_4)
                  0.10    0.22    2.54 v _379_/X (sky130_fd_sc_hd__buf_4)
    20    0.08                           _203_ (net)
                  0.10    0.01    2.54 v _387_/A (sky130_fd_sc_hd__inv_2)
                  0.04    0.06    2.61 ^ _387_/Y (sky130_fd_sc_hd__inv_2)
     1    0.00                           _027_ (net)
                  0.04    0.00    2.61 ^ _433_/RESET_B (sky130_fd_sc_hd__dfrtp_1)
                                  2.61   data arrival time

                          0.00    0.00   clock clk (rise edge)
                          0.00    0.00   clock source latency
                  0.10    0.07    0.07 ^ clk (in)
     2    0.02                           clk (net)
                  0.10    0.00    0.07 ^ clkbuf_0_clk/A (sky130_fd_sc_hd__clkbuf_16)
                  0.07    0.17    0.25 ^ clkbuf_0_clk/X (sky130_fd_sc_hd__clkbuf_16)
     4    0.05                           clknet_0_clk (net)
                  0.07    0.00    0.25 ^ clkbuf_2_1__f_clk/A (sky130_fd_sc_hd__clkbuf_16)
                  0.07    0.16    0.41 ^ clkbuf_2_1__f_clk/X (sky130_fd_sc_hd__clkbuf_16)
    15    0.05                           clknet_2_1__leaf_clk (net)
                  0.07    0.00    0.41 ^ _433_/CLK (sky130_fd_sc_hd__dfrtp_1)
                          0.25    0.66   clock uncertainty
                          0.00    0.66   clock reconvergence pessimism
                          0.32    0.99   library removal time
                                  0.99   data required time
-----------------------------------------------------------------------------
                                  0.99   data required time
                                 -2.61   data arrival time
-----------------------------------------------------------------------------
                                  1.62   slack (MET)


Startpoint: rst (input port clocked by clk)
Endpoint: _428_ (removal check against rising-edge clock clk)
Path Group: asynchronous
Path Type: min
Corner: Typical

Fanout     Cap    Slew   Delay    Time   Description
-----------------------------------------------------------------------------
                          0.00    0.00   clock clk (rise edge)
                          0.00    0.00   clock network delay (propagated)
                          2.00    2.00 v input external delay
                  0.01    0.01    2.01 v rst (in)
     2    0.00                           rst (net)
                  0.01    0.00    2.01 v input1/A (sky130_fd_sc_hd__buf_1)
                  0.07    0.10    2.11 v input1/X (sky130_fd_sc_hd__buf_1)
     1    0.01                           net1 (net)
                  0.07    0.00    2.11 v _356_/A (sky130_fd_sc_hd__clkbuf_4)
                  0.11    0.20    2.31 v _356_/X (sky130_fd_sc_hd__clkbuf_4)
     9    0.05                           _200_ (net)
                  0.11    0.01    2.32 v _379_/A (sky130_fd_sc_hd__buf_4)
                  0.10    0.22    2.54 v _379_/X (sky130_fd_sc_hd__buf_4)
    20    0.08                           _203_ (net)
                  0.10    0.00    2.54 v _382_/A (sky130_fd_sc_hd__inv_2)
                  0.04    0.07    2.61 ^ _382_/Y (sky130_fd_sc_hd__inv_2)
     1    0.00                           _022_ (net)
                  0.04    0.00    2.61 ^ _428_/RESET_B (sky130_fd_sc_hd__dfrtp_1)
                                  2.61   data arrival time

                          0.00    0.00   clock clk (rise edge)
                          0.00    0.00   clock source latency
                  0.10    0.07    0.07 ^ clk (in)
     2    0.02                           clk (net)
                  0.10    0.00    0.07 ^ clkbuf_0_clk/A (sky130_fd_sc_hd__clkbuf_16)
                  0.07    0.17    0.25 ^ clkbuf_0_clk/X (sky130_fd_sc_hd__clkbuf_16)
     4    0.05                           clknet_0_clk (net)
                  0.07    0.00    0.25 ^ clkbuf_2_1__f_clk/A (sky130_fd_sc_hd__clkbuf_16)
                  0.07    0.16    0.41 ^ clkbuf_2_1__f_clk/X (sky130_fd_sc_hd__clkbuf_16)
    15    0.05                           clknet_2_1__leaf_clk (net)
                  0.07    0.00    0.42 ^ _428_/CLK (sky130_fd_sc_hd__dfrtp_1)
                          0.25    0.67   clock uncertainty
                          0.00    0.67   clock reconvergence pessimism
                          0.33    0.99   library removal time
                                  0.99   data required time
-----------------------------------------------------------------------------
                                  0.99   data required time
                                 -2.61   data arrival time
-----------------------------------------------------------------------------
                                  1.62   slack (MET)


Startpoint: rst (input port clocked by clk)
Endpoint: _424_ (removal check against rising-edge clock clk)
Path Group: asynchronous
Path Type: min
Corner: Typical

Fanout     Cap    Slew   Delay    Time   Description
-----------------------------------------------------------------------------
                          0.00    0.00   clock clk (rise edge)
                          0.00    0.00   clock network delay (propagated)
                          2.00    2.00 v input external delay
                  0.01    0.01    2.01 v rst (in)
     2    0.00                           rst (net)
                  0.01    0.00    2.01 v input1/A (sky130_fd_sc_hd__buf_1)
                  0.07    0.10    2.11 v input1/X (sky130_fd_sc_hd__buf_1)
     1    0.01                           net1 (net)
                  0.07    0.00    2.11 v _356_/A (sky130_fd_sc_hd__clkbuf_4)
                  0.11    0.20    2.31 v _356_/X (sky130_fd_sc_hd__clkbuf_4)
     9    0.05                           _200_ (net)
                  0.11    0.01    2.32 v _368_/A (sky130_fd_sc_hd__buf_4)
                  0.08    0.21    2.53 v _368_/X (sky130_fd_sc_hd__buf_4)
    10    0.06                           _202_ (net)
                  0.08    0.00    2.53 v _377_/A (sky130_fd_sc_hd__inv_2)
                  0.04    0.06    2.59 ^ _377_/Y (sky130_fd_sc_hd__inv_2)
     1    0.00                           _018_ (net)
                  0.04    0.00    2.59 ^ _424_/RESET_B (sky130_fd_sc_hd__dfrtp_1)
                                  2.59   data arrival time

                          0.00    0.00   clock clk (rise edge)
                          0.00    0.00   clock source latency
                  0.10    0.07    0.07 ^ clk (in)
     2    0.02                           clk (net)
                  0.10    0.00    0.07 ^ clkbuf_0_clk/A (sky130_fd_sc_hd__clkbuf_16)
                  0.07    0.17    0.25 ^ clkbuf_0_clk/X (sky130_fd_sc_hd__clkbuf_16)
     4    0.05                           clknet_0_clk (net)
                  0.07    0.00    0.25 ^ clkbuf_2_3__f_clk/A (sky130_fd_sc_hd__clkbuf_16)
                  0.05    0.15    0.40 ^ clkbuf_2_3__f_clk/X (sky130_fd_sc_hd__clkbuf_16)
     8    0.03                           clknet_2_3__leaf_clk (net)
                  0.05    0.00    0.40 ^ _424_/CLK (sky130_fd_sc_hd__dfrtp_1)
                          0.25    0.65   clock uncertainty
                          0.00    0.65   clock reconvergence pessimism
                          0.32    0.97   library removal time
                                  0.97   data required time
-----------------------------------------------------------------------------
                                  0.97   data required time
                                 -2.59   data arrival time
-----------------------------------------------------------------------------
                                  1.62   slack (MET)


Startpoint: rst (input port clocked by clk)
Endpoint: _432_ (removal check against rising-edge clock clk)
Path Group: asynchronous
Path Type: min
Corner: Typical

Fanout     Cap    Slew   Delay    Time   Description
-----------------------------------------------------------------------------
                          0.00    0.00   clock clk (rise edge)
                          0.00    0.00   clock network delay (propagated)
                          2.00    2.00 v input external delay
                  0.01    0.01    2.01 v rst (in)
     2    0.00                           rst (net)
                  0.01    0.00    2.01 v input1/A (sky130_fd_sc_hd__buf_1)
                  0.07    0.10    2.11 v input1/X (sky130_fd_sc_hd__buf_1)
     1    0.01                           net1 (net)
                  0.07    0.00    2.11 v _356_/A (sky130_fd_sc_hd__clkbuf_4)
                  0.11    0.20    2.31 v _356_/X (sky130_fd_sc_hd__clkbuf_4)
     9    0.05                           _200_ (net)
                  0.11    0.01    2.32 v _379_/A (sky130_fd_sc_hd__buf_4)
                  0.10    0.22    2.54 v _379_/X (sky130_fd_sc_hd__buf_4)
    20    0.08                           _203_ (net)
                  0.10    0.01    2.54 v _386_/A (sky130_fd_sc_hd__inv_2)
                  0.04    0.07    2.61 ^ _386_/Y (sky130_fd_sc_hd__inv_2)
     1    0.00                           _026_ (net)
                  0.04    0.00    2.61 ^ _432_/RESET_B (sky130_fd_sc_hd__dfrtp_2)
                                  2.61   data arrival time

                          0.00    0.00   clock clk (rise edge)
                          0.00    0.00   clock source latency
                  0.10    0.07    0.07 ^ clk (in)
     2    0.02                           clk (net)
                  0.10    0.00    0.07 ^ clkbuf_0_clk/A (sky130_fd_sc_hd__clkbuf_16)
                  0.07    0.17    0.25 ^ clkbuf_0_clk/X (sky130_fd_sc_hd__clkbuf_16)
     4    0.05                           clknet_0_clk (net)
                  0.07    0.00    0.25 ^ clkbuf_2_1__f_clk/A (sky130_fd_sc_hd__clkbuf_16)
                  0.07    0.16    0.41 ^ clkbuf_2_1__f_clk/X (sky130_fd_sc_hd__clkbuf_16)
    15    0.05                           clknet_2_1__leaf_clk (net)
                  0.07    0.00    0.42 ^ _432_/CLK (sky130_fd_sc_hd__dfrtp_2)
                          0.25    0.67   clock uncertainty
                          0.00    0.67   clock reconvergence pessimism
                          0.33    0.99   library removal time
                                  0.99   data required time
-----------------------------------------------------------------------------
                                  0.99   data required time
                                 -2.61   data arrival time
-----------------------------------------------------------------------------
                                  1.62   slack (MET)


Startpoint: rst (input port clocked by clk)
Endpoint: _416_ (removal check against rising-edge clock clk)
Path Group: asynchronous
Path Type: min
Corner: Typical

Fanout     Cap    Slew   Delay    Time   Description
-----------------------------------------------------------------------------
                          0.00    0.00   clock clk (rise edge)
                          0.00    0.00   clock network delay (propagated)
                          2.00    2.00 v input external delay
                  0.01    0.01    2.01 v rst (in)
     2    0.00                           rst (net)
                  0.01    0.00    2.01 v input1/A (sky130_fd_sc_hd__buf_1)
                  0.07    0.10    2.11 v input1/X (sky130_fd_sc_hd__buf_1)
     1    0.01                           net1 (net)
                  0.07    0.00    2.11 v _356_/A (sky130_fd_sc_hd__clkbuf_4)
                  0.11    0.20    2.31 v _356_/X (sky130_fd_sc_hd__clkbuf_4)
     9    0.05                           _200_ (net)
                  0.11    0.01    2.32 v _368_/A (sky130_fd_sc_hd__buf_4)
                  0.08    0.21    2.53 v _368_/X (sky130_fd_sc_hd__buf_4)
    10    0.06                           _202_ (net)
                  0.09    0.00    2.53 v _369_/A (sky130_fd_sc_hd__inv_2)
                  0.04    0.06    2.60 ^ _369_/Y (sky130_fd_sc_hd__inv_2)
     1    0.01                           _010_ (net)
                  0.04    0.00    2.60 ^ _416_/RESET_B (sky130_fd_sc_hd__dfrtp_1)
                                  2.60   data arrival time

                          0.00    0.00   clock clk (rise edge)
                          0.00    0.00   clock source latency
                  0.10    0.07    0.07 ^ clk (in)
     2    0.02                           clk (net)
                  0.10    0.00    0.07 ^ clkbuf_0_clk/A (sky130_fd_sc_hd__clkbuf_16)
                  0.07    0.17    0.25 ^ clkbuf_0_clk/X (sky130_fd_sc_hd__clkbuf_16)
     4    0.05                           clknet_0_clk (net)
                  0.07    0.00    0.25 ^ clkbuf_2_2__f_clk/A (sky130_fd_sc_hd__clkbuf_16)
                  0.05    0.15    0.40 ^ clkbuf_2_2__f_clk/X (sky130_fd_sc_hd__clkbuf_16)
    11    0.03                           clknet_2_2__leaf_clk (net)
                  0.05    0.00    0.40 ^ _416_/CLK (sky130_fd_sc_hd__dfrtp_1)
                          0.25    0.65   clock uncertainty
                          0.00    0.65   clock reconvergence pessimism
                          0.32    0.97   library removal time
                                  0.97   data required time
-----------------------------------------------------------------------------
                                  0.97   data required time
                                 -2.60   data arrival time
-----------------------------------------------------------------------------
                                  1.62   slack (MET)


Startpoint: rst (input port clocked by clk)
Endpoint: _434_ (removal check against rising-edge clock clk)
Path Group: asynchronous
Path Type: min
Corner: Typical

Fanout     Cap    Slew   Delay    Time   Description
-----------------------------------------------------------------------------
                          0.00    0.00   clock clk (rise edge)
                          0.00    0.00   clock network delay (propagated)
                          2.00    2.00 v input external delay
                  0.01    0.01    2.01 v rst (in)
     2    0.00                           rst (net)
                  0.01    0.00    2.01 v input1/A (sky130_fd_sc_hd__buf_1)
                  0.07    0.10    2.11 v input1/X (sky130_fd_sc_hd__buf_1)
     1    0.01                           net1 (net)
                  0.07    0.00    2.11 v _356_/A (sky130_fd_sc_hd__clkbuf_4)
                  0.11    0.20    2.31 v _356_/X (sky130_fd_sc_hd__clkbuf_4)
     9    0.05                           _200_ (net)
                  0.11    0.01    2.32 v _379_/A (sky130_fd_sc_hd__buf_4)
                  0.10    0.22    2.54 v _379_/X (sky130_fd_sc_hd__buf_4)
    20    0.08                           _203_ (net)
                  0.10    0.01    2.55 v _388_/A (sky130_fd_sc_hd__inv_2)
                  0.04    0.06    2.61 ^ _388_/Y (sky130_fd_sc_hd__inv_2)
     1    0.00                           _028_ (net)
                  0.04    0.00    2.61 ^ _434_/RESET_B (sky130_fd_sc_hd__dfrtp_1)
                                  2.61   data arrival time

                          0.00    0.00   clock clk (rise edge)
                          0.00    0.00   clock source latency
                  0.10    0.07    0.07 ^ clk (in)
     2    0.02                           clk (net)
                  0.10    0.00    0.07 ^ clkbuf_0_clk/A (sky130_fd_sc_hd__clkbuf_16)
                  0.07    0.17    0.25 ^ clkbuf_0_clk/X (sky130_fd_sc_hd__clkbuf_16)
     4    0.05                           clknet_0_clk (net)
                  0.07    0.00    0.25 ^ clkbuf_2_0__f_clk/A (sky130_fd_sc_hd__clkbuf_16)
                  0.06    0.15    0.40 ^ clkbuf_2_0__f_clk/X (sky130_fd_sc_hd__clkbuf_16)
    11    0.04                           clknet_2_0__leaf_clk (net)
                  0.06    0.00    0.41 ^ _434_/CLK (sky130_fd_sc_hd__dfrtp_1)
                          0.25    0.66   clock uncertainty
                          0.00    0.66   clock reconvergence pessimism
                          0.32    0.98   library removal time
                                  0.98   data required time
-----------------------------------------------------------------------------
                                  0.98   data required time
                                 -2.61   data arrival time
-----------------------------------------------------------------------------
                                  1.63   slack (MET)


Startpoint: rst (input port clocked by clk)
Endpoint: _430_ (removal check against rising-edge clock clk)
Path Group: asynchronous
Path Type: min
Corner: Typical

Fanout     Cap    Slew   Delay    Time   Description
-----------------------------------------------------------------------------
                          0.00    0.00   clock clk (rise edge)
                          0.00    0.00   clock network delay (propagated)
                          2.00    2.00 v input external delay
                  0.01    0.01    2.01 v rst (in)
     2    0.00                           rst (net)
                  0.01    0.00    2.01 v input1/A (sky130_fd_sc_hd__buf_1)
                  0.07    0.10    2.11 v input1/X (sky130_fd_sc_hd__buf_1)
     1    0.01                           net1 (net)
                  0.07    0.00    2.11 v _356_/A (sky130_fd_sc_hd__clkbuf_4)
                  0.11    0.20    2.31 v _356_/X (sky130_fd_sc_hd__clkbuf_4)
     9    0.05                           _200_ (net)
                  0.11    0.01    2.32 v _379_/A (sky130_fd_sc_hd__buf_4)
                  0.10    0.22    2.54 v _379_/X (sky130_fd_sc_hd__buf_4)
    20    0.08                           _203_ (net)
                  0.10    0.01    2.55 v _384_/A (sky130_fd_sc_hd__inv_2)
                  0.04    0.06    2.61 ^ _384_/Y (sky130_fd_sc_hd__inv_2)
     1    0.00                           _024_ (net)
                  0.04    0.00    2.61 ^ _430_/RESET_B (sky130_fd_sc_hd__dfrtp_4)
                                  2.61   data arrival time

                          0.00    0.00   clock clk (rise edge)
                          0.00    0.00   clock source latency
                  0.10    0.07    0.07 ^ clk (in)
     2    0.02                           clk (net)
                  0.10    0.00    0.07 ^ clkbuf_0_clk/A (sky130_fd_sc_hd__clkbuf_16)
                  0.07    0.17    0.25 ^ clkbuf_0_clk/X (sky130_fd_sc_hd__clkbuf_16)
     4    0.05                           clknet_0_clk (net)
                  0.07    0.00    0.25 ^ clkbuf_2_2__f_clk/A (sky130_fd_sc_hd__clkbuf_16)
                  0.05    0.15    0.40 ^ clkbuf_2_2__f_clk/X (sky130_fd_sc_hd__clkbuf_16)
    11    0.03                           clknet_2_2__leaf_clk (net)
                  0.05    0.00    0.40 ^ _430_/CLK (sky130_fd_sc_hd__dfrtp_4)
                          0.25    0.65   clock uncertainty
                          0.00    0.65   clock reconvergence pessimism
                          0.32    0.97   library removal time
                                  0.97   data required time
-----------------------------------------------------------------------------
                                  0.97   data required time
                                 -2.61   data arrival time
-----------------------------------------------------------------------------
                                  1.63   slack (MET)


Startpoint: rst (input port clocked by clk)
Endpoint: _435_ (removal check against rising-edge clock clk)
Path Group: asynchronous
Path Type: min
Corner: Typical

Fanout     Cap    Slew   Delay    Time   Description
-----------------------------------------------------------------------------
                          0.00    0.00   clock clk (rise edge)
                          0.00    0.00   clock network delay (propagated)
                          2.00    2.00 v input external delay
                  0.01    0.01    2.01 v rst (in)
     2    0.00                           rst (net)
                  0.01    0.00    2.01 v input1/A (sky130_fd_sc_hd__buf_1)
                  0.07    0.10    2.11 v input1/X (sky130_fd_sc_hd__buf_1)
     1    0.01                           net1 (net)
                  0.07    0.00    2.11 v _356_/A (sky130_fd_sc_hd__clkbuf_4)
                  0.11    0.20    2.31 v _356_/X (sky130_fd_sc_hd__clkbuf_4)
     9    0.05                           _200_ (net)
                  0.11    0.01    2.32 v _379_/A (sky130_fd_sc_hd__buf_4)
                  0.10    0.22    2.54 v _379_/X (sky130_fd_sc_hd__buf_4)
    20    0.08                           _203_ (net)
                  0.10    0.01    2.55 v _389_/A (sky130_fd_sc_hd__inv_2)
                  0.04    0.07    2.61 ^ _389_/Y (sky130_fd_sc_hd__inv_2)
     1    0.00                           _029_ (net)
                  0.04    0.00    2.61 ^ _435_/RESET_B (sky130_fd_sc_hd__dfrtp_1)
                                  2.61   data arrival time

                          0.00    0.00   clock clk (rise edge)
                          0.00    0.00   clock source latency
                  0.10    0.07    0.07 ^ clk (in)
     2    0.02                           clk (net)
                  0.10    0.00    0.07 ^ clkbuf_0_clk/A (sky130_fd_sc_hd__clkbuf_16)
                  0.07    0.17    0.25 ^ clkbuf_0_clk/X (sky130_fd_sc_hd__clkbuf_16)
     4    0.05                           clknet_0_clk (net)
                  0.07    0.00    0.25 ^ clkbuf_2_0__f_clk/A (sky130_fd_sc_hd__clkbuf_16)
                  0.06    0.15    0.40 ^ clkbuf_2_0__f_clk/X (sky130_fd_sc_hd__clkbuf_16)
    11    0.04                           clknet_2_0__leaf_clk (net)
                  0.06    0.00    0.41 ^ _435_/CLK (sky130_fd_sc_hd__dfrtp_1)
                          0.25    0.66   clock uncertainty
                          0.00    0.66   clock reconvergence pessimism
                          0.32    0.98   library removal time
                                  0.98   data required time
-----------------------------------------------------------------------------
                                  0.98   data required time
                                 -2.61   data arrival time
-----------------------------------------------------------------------------
                                  1.64   slack (MET)


Startpoint: rst (input port clocked by clk)
Endpoint: _431_ (removal check against rising-edge clock clk)
Path Group: asynchronous
Path Type: min
Corner: Typical

Fanout     Cap    Slew   Delay    Time   Description
-----------------------------------------------------------------------------
                          0.00    0.00   clock clk (rise edge)
                          0.00    0.00   clock network delay (propagated)
                          2.00    2.00 v input external delay
                  0.01    0.01    2.01 v rst (in)
     2    0.00                           rst (net)
                  0.01    0.00    2.01 v input1/A (sky130_fd_sc_hd__buf_1)
                  0.07    0.10    2.11 v input1/X (sky130_fd_sc_hd__buf_1)
     1    0.01                           net1 (net)
                  0.07    0.00    2.11 v _356_/A (sky130_fd_sc_hd__clkbuf_4)
                  0.11    0.20    2.31 v _356_/X (sky130_fd_sc_hd__clkbuf_4)
     9    0.05                           _200_ (net)
                  0.11    0.01    2.32 v _379_/A (sky130_fd_sc_hd__buf_4)
                  0.10    0.22    2.54 v _379_/X (sky130_fd_sc_hd__buf_4)
    20    0.08                           _203_ (net)
                  0.10    0.01    2.55 v _385_/A (sky130_fd_sc_hd__inv_2)
                  0.04    0.06    2.61 ^ _385_/Y (sky130_fd_sc_hd__inv_2)
     1    0.00                           _025_ (net)
                  0.04    0.00    2.61 ^ _431_/RESET_B (sky130_fd_sc_hd__dfrtp_4)
                                  2.61   data arrival time

                          0.00    0.00   clock clk (rise edge)
                          0.00    0.00   clock source latency
                  0.10    0.07    0.07 ^ clk (in)
     2    0.02                           clk (net)
                  0.10    0.00    0.07 ^ clkbuf_0_clk/A (sky130_fd_sc_hd__clkbuf_16)
                  0.07    0.17    0.25 ^ clkbuf_0_clk/X (sky130_fd_sc_hd__clkbuf_16)
     4    0.05                           clknet_0_clk (net)
                  0.07    0.00    0.25 ^ clkbuf_2_2__f_clk/A (sky130_fd_sc_hd__clkbuf_16)
                  0.05    0.15    0.40 ^ clkbuf_2_2__f_clk/X (sky130_fd_sc_hd__clkbuf_16)
    11    0.03                           clknet_2_2__leaf_clk (net)
                  0.05    0.00    0.40 ^ _431_/CLK (sky130_fd_sc_hd__dfrtp_4)
                          0.25    0.65   clock uncertainty
                          0.00    0.65   clock reconvergence pessimism
                          0.32    0.97   library removal time
                                  0.97   data required time
-----------------------------------------------------------------------------
                                  0.97   data required time
                                 -2.61   data arrival time
-----------------------------------------------------------------------------
                                  1.64   slack (MET)


Startpoint: rst (input port clocked by clk)
Endpoint: _427_ (removal check against rising-edge clock clk)
Path Group: asynchronous
Path Type: min
Corner: Typical

Fanout     Cap    Slew   Delay    Time   Description
-----------------------------------------------------------------------------
                          0.00    0.00   clock clk (rise edge)
                          0.00    0.00   clock network delay (propagated)
                          2.00    2.00 v input external delay
                  0.01    0.01    2.01 v rst (in)
     2    0.00                           rst (net)
                  0.01    0.00    2.01 v input1/A (sky130_fd_sc_hd__buf_1)
                  0.07    0.10    2.11 v input1/X (sky130_fd_sc_hd__buf_1)
     1    0.01                           net1 (net)
                  0.07    0.00    2.11 v _356_/A (sky130_fd_sc_hd__clkbuf_4)
                  0.11    0.20    2.31 v _356_/X (sky130_fd_sc_hd__clkbuf_4)
     9    0.05                           _200_ (net)
                  0.11    0.01    2.32 v _379_/A (sky130_fd_sc_hd__buf_4)
                  0.10    0.22    2.54 v _379_/X (sky130_fd_sc_hd__buf_4)
    20    0.08                           _203_ (net)
                  0.10    0.01    2.54 v _381_/A (sky130_fd_sc_hd__inv_2)
                  0.04    0.06    2.61 ^ _381_/Y (sky130_fd_sc_hd__inv_2)
     1    0.00                           _021_ (net)
                  0.04    0.00    2.61 ^ _427_/RESET_B (sky130_fd_sc_hd__dfrtp_1)
                                  2.61   data arrival time

                          0.00    0.00   clock clk (rise edge)
                          0.00    0.00   clock source latency
                  0.10    0.07    0.07 ^ clk (in)
     2    0.02                           clk (net)
                  0.10    0.00    0.07 ^ clkbuf_0_clk/A (sky130_fd_sc_hd__clkbuf_16)
                  0.07    0.17    0.25 ^ clkbuf_0_clk/X (sky130_fd_sc_hd__clkbuf_16)
     4    0.05                           clknet_0_clk (net)
                  0.07    0.00    0.25 ^ clkbuf_2_3__f_clk/A (sky130_fd_sc_hd__clkbuf_16)
                  0.05    0.15    0.40 ^ clkbuf_2_3__f_clk/X (sky130_fd_sc_hd__clkbuf_16)
     8    0.03                           clknet_2_3__leaf_clk (net)
                  0.05    0.00    0.40 ^ _427_/CLK (sky130_fd_sc_hd__dfrtp_1)
                          0.25    0.65   clock uncertainty
                          0.00    0.65   clock reconvergence pessimism
                          0.32    0.97   library removal time
                                  0.97   data required time
-----------------------------------------------------------------------------
                                  0.97   data required time
                                 -2.61   data arrival time
-----------------------------------------------------------------------------
                                  1.64   slack (MET)


Startpoint: rst (input port clocked by clk)
Endpoint: _426_ (removal check against rising-edge clock clk)
Path Group: asynchronous
Path Type: min
Corner: Typical

Fanout     Cap    Slew   Delay    Time   Description
-----------------------------------------------------------------------------
                          0.00    0.00   clock clk (rise edge)
                          0.00    0.00   clock network delay (propagated)
                          2.00    2.00 v input external delay
                  0.01    0.01    2.01 v rst (in)
     2    0.00                           rst (net)
                  0.01    0.00    2.01 v input1/A (sky130_fd_sc_hd__buf_1)
                  0.07    0.10    2.11 v input1/X (sky130_fd_sc_hd__buf_1)
     1    0.01                           net1 (net)
                  0.07    0.00    2.11 v _356_/A (sky130_fd_sc_hd__clkbuf_4)
                  0.11    0.20    2.31 v _356_/X (sky130_fd_sc_hd__clkbuf_4)
     9    0.05                           _200_ (net)
                  0.11    0.01    2.32 v _379_/A (sky130_fd_sc_hd__buf_4)
                  0.10    0.22    2.54 v _379_/X (sky130_fd_sc_hd__buf_4)
    20    0.08                           _203_ (net)
                  0.10    0.01    2.54 v _380_/A (sky130_fd_sc_hd__inv_2)
                  0.04    0.07    2.61 ^ _380_/Y (sky130_fd_sc_hd__inv_2)
     1    0.01                           _020_ (net)
                  0.04    0.00    2.61 ^ _426_/RESET_B (sky130_fd_sc_hd__dfrtp_1)
                                  2.61   data arrival time

                          0.00    0.00   clock clk (rise edge)
                          0.00    0.00   clock source latency
                  0.10    0.07    0.07 ^ clk (in)
     2    0.02                           clk (net)
                  0.10    0.00    0.07 ^ clkbuf_0_clk/A (sky130_fd_sc_hd__clkbuf_16)
                  0.07    0.17    0.25 ^ clkbuf_0_clk/X (sky130_fd_sc_hd__clkbuf_16)
     4    0.05                           clknet_0_clk (net)
                  0.07    0.00    0.25 ^ clkbuf_2_3__f_clk/A (sky130_fd_sc_hd__clkbuf_16)
                  0.05    0.15    0.40 ^ clkbuf_2_3__f_clk/X (sky130_fd_sc_hd__clkbuf_16)
     8    0.03                           clknet_2_3__leaf_clk (net)
                  0.05    0.00    0.40 ^ _426_/CLK (sky130_fd_sc_hd__dfrtp_1)
                          0.25    0.65   clock uncertainty
                          0.00    0.65   clock reconvergence pessimism
                          0.32    0.97   library removal time
                                  0.97   data required time
-----------------------------------------------------------------------------
                                  0.97   data required time
                                 -2.61   data arrival time
-----------------------------------------------------------------------------
                                  1.64   slack (MET)


Startpoint: rst (input port clocked by clk)
Endpoint: _420_ (removal check against rising-edge clock clk)
Path Group: asynchronous
Path Type: min
Corner: Typical

Fanout     Cap    Slew   Delay    Time   Description
-----------------------------------------------------------------------------
                          0.00    0.00   clock clk (rise edge)
                          0.00    0.00   clock network delay (propagated)
                          2.00    2.00 v input external delay
                  0.01    0.01    2.01 v rst (in)
     2    0.00                           rst (net)
                  0.01    0.00    2.01 v input1/A (sky130_fd_sc_hd__buf_1)
                  0.07    0.10    2.11 v input1/X (sky130_fd_sc_hd__buf_1)
     1    0.01                           net1 (net)
                  0.07    0.00    2.11 v _356_/A (sky130_fd_sc_hd__clkbuf_4)
                  0.11    0.20    2.31 v _356_/X (sky130_fd_sc_hd__clkbuf_4)
     9    0.05                           _200_ (net)
                  0.11    0.01    2.32 v _368_/A (sky130_fd_sc_hd__buf_4)
                  0.08    0.21    2.53 v _368_/X (sky130_fd_sc_hd__buf_4)
    10    0.06                           _202_ (net)
                  0.09    0.00    2.53 v _373_/A (sky130_fd_sc_hd__inv_2)
                  0.03    0.06    2.59 ^ _373_/Y (sky130_fd_sc_hd__inv_2)
     1    0.00                           _014_ (net)
                  0.03    0.00    2.59 ^ _420_/SET_B (sky130_fd_sc_hd__dfstp_1)
                                  2.59   data arrival time

                          0.00    0.00   clock clk (rise edge)
                          0.00    0.00   clock source latency
                  0.10    0.07    0.07 ^ clk (in)
     2    0.02                           clk (net)
                  0.10    0.00    0.07 ^ clkbuf_0_clk/A (sky130_fd_sc_hd__clkbuf_16)
                  0.07    0.17    0.25 ^ clkbuf_0_clk/X (sky130_fd_sc_hd__clkbuf_16)
     4    0.05                           clknet_0_clk (net)
                  0.07    0.00    0.25 ^ clkbuf_2_2__f_clk/A (sky130_fd_sc_hd__clkbuf_16)
                  0.05    0.15    0.40 ^ clkbuf_2_2__f_clk/X (sky130_fd_sc_hd__clkbuf_16)
    11    0.03                           clknet_2_2__leaf_clk (net)
                  0.05    0.00    0.40 ^ _420_/CLK (sky130_fd_sc_hd__dfstp_1)
                          0.25    0.65   clock uncertainty
                          0.00    0.65   clock reconvergence pessimism
                          0.16    0.81   library removal time
                                  0.81   data required time
-----------------------------------------------------------------------------
                                  0.81   data required time
                                 -2.59   data arrival time
-----------------------------------------------------------------------------
                                  1.78   slack (MET)


Startpoint: _434_ (rising edge-triggered flip-flop clocked by clk)
Endpoint: rx_data[2] (output port clocked by clk)
Path Group: clk
Path Type: min
Corner: Typical

Fanout     Cap    Slew   Delay    Time   Description
-----------------------------------------------------------------------------
                          0.00    0.00   clock clk (rise edge)
                          0.00    0.00   clock source latency
                  0.10    0.07    0.07 ^ clk (in)
     2    0.02                           clk (net)
                  0.10    0.00    0.07 ^ clkbuf_0_clk/A (sky130_fd_sc_hd__clkbuf_16)
                  0.07    0.16    0.22 ^ clkbuf_0_clk/X (sky130_fd_sc_hd__clkbuf_16)
     4    0.05                           clknet_0_clk (net)
                  0.07    0.00    0.23 ^ clkbuf_2_0__f_clk/A (sky130_fd_sc_hd__clkbuf_16)
                  0.06    0.14    0.36 ^ clkbuf_2_0__f_clk/X (sky130_fd_sc_hd__clkbuf_16)
    11    0.04                           clknet_2_0__leaf_clk (net)
                  0.06    0.00    0.37 ^ _434_/CLK (sky130_fd_sc_hd__dfrtp_1)
                  0.09    0.34    0.70 ^ _434_/Q (sky130_fd_sc_hd__dfrtp_1)
     2    0.01                           net13 (net)
                  0.09    0.00    0.70 ^ output13/A (sky130_fd_sc_hd__clkbuf_4)
                  0.11    0.19    0.89 ^ output13/X (sky130_fd_sc_hd__clkbuf_4)
     1    0.03                           rx_data[2] (net)
                  0.11    0.00    0.89 ^ rx_data[2] (out)
                                  0.89   data arrival time

                          0.00    0.00   clock clk (rise edge)
                          0.00    0.00   clock network delay (propagated)
                          0.25    0.25   clock uncertainty
                          0.00    0.25   clock reconvergence pessimism
                         -2.00   -1.75   output external delay
                                 -1.75   data required time
-----------------------------------------------------------------------------
                                 -1.75   data required time
                                 -0.89   data arrival time
-----------------------------------------------------------------------------
                                  2.64   slack (MET)


Startpoint: _435_ (rising edge-triggered flip-flop clocked by clk)
Endpoint: rx_data[3] (output port clocked by clk)
Path Group: clk
Path Type: min
Corner: Typical

Fanout     Cap    Slew   Delay    Time   Description
-----------------------------------------------------------------------------
                          0.00    0.00   clock clk (rise edge)
                          0.00    0.00   clock source latency
                  0.10    0.07    0.07 ^ clk (in)
     2    0.02                           clk (net)
                  0.10    0.00    0.07 ^ clkbuf_0_clk/A (sky130_fd_sc_hd__clkbuf_16)
                  0.07    0.16    0.22 ^ clkbuf_0_clk/X (sky130_fd_sc_hd__clkbuf_16)
     4    0.05                           clknet_0_clk (net)
                  0.07    0.00    0.23 ^ clkbuf_2_0__f_clk/A (sky130_fd_sc_hd__clkbuf_16)
                  0.06    0.14    0.36 ^ clkbuf_2_0__f_clk/X (sky130_fd_sc_hd__clkbuf_16)
    11    0.04                           clknet_2_0__leaf_clk (net)
                  0.06    0.00    0.37 ^ _435_/CLK (sky130_fd_sc_hd__dfrtp_1)
                  0.09    0.34    0.71 ^ _435_/Q (sky130_fd_sc_hd__dfrtp_1)
     2    0.01                           net14 (net)
                  0.09    0.00    0.71 ^ output14/A (sky130_fd_sc_hd__clkbuf_4)
                  0.11    0.19    0.90 ^ output14/X (sky130_fd_sc_hd__clkbuf_4)
     1    0.03                           rx_data[3] (net)
                  0.11    0.00    0.90 ^ rx_data[3] (out)
                                  0.90   data arrival time

                          0.00    0.00   clock clk (rise edge)
                          0.00    0.00   clock network delay (propagated)
                          0.25    0.25   clock uncertainty
                          0.00    0.25   clock reconvergence pessimism
                         -2.00   -1.75   output external delay
                                 -1.75   data required time
-----------------------------------------------------------------------------
                                 -1.75   data required time
                                 -0.90   data arrival time
-----------------------------------------------------------------------------
                                  2.65   slack (MET)


Startpoint: _439_ (rising edge-triggered flip-flop clocked by clk)
Endpoint: rx_data[7] (output port clocked by clk)
Path Group: clk
Path Type: min
Corner: Typical

Fanout     Cap    Slew   Delay    Time   Description
-----------------------------------------------------------------------------
                          0.00    0.00   clock clk (rise edge)
                          0.00    0.00   clock source latency
                  0.10    0.07    0.07 ^ clk (in)
     2    0.02                           clk (net)
                  0.10    0.00    0.07 ^ clkbuf_0_clk/A (sky130_fd_sc_hd__clkbuf_16)
                  0.07    0.16    0.22 ^ clkbuf_0_clk/X (sky130_fd_sc_hd__clkbuf_16)
     4    0.05                           clknet_0_clk (net)
                  0.07    0.00    0.23 ^ clkbuf_2_0__f_clk/A (sky130_fd_sc_hd__clkbuf_16)
                  0.06    0.14    0.36 ^ clkbuf_2_0__f_clk/X (sky130_fd_sc_hd__clkbuf_16)
    11    0.04                           clknet_2_0__leaf_clk (net)
                  0.06    0.00    0.37 ^ _439_/CLK (sky130_fd_sc_hd__dfrtp_1)
                  0.10    0.35    0.72 ^ _439_/Q (sky130_fd_sc_hd__dfrtp_1)
     2    0.01                           net18 (net)
                  0.10    0.00    0.72 ^ output18/A (sky130_fd_sc_hd__clkbuf_4)
                  0.11    0.20    0.92 ^ output18/X (sky130_fd_sc_hd__clkbuf_4)
     1    0.03                           rx_data[7] (net)
                  0.11    0.00    0.92 ^ rx_data[7] (out)
                                  0.92   data arrival time

                          0.00    0.00   clock clk (rise edge)
                          0.00    0.00   clock network delay (propagated)
                          0.25    0.25   clock uncertainty
                          0.00    0.25   clock reconvergence pessimism
                         -2.00   -1.75   output external delay
                                 -1.75   data required time
-----------------------------------------------------------------------------
                                 -1.75   data required time
                                 -0.92   data arrival time
-----------------------------------------------------------------------------
                                  2.67   slack (MET)


Startpoint: _421_ (rising edge-triggered flip-flop clocked by clk)
Endpoint: rx_done (output port clocked by clk)
Path Group: clk
Path Type: min
Corner: Typical

Fanout     Cap    Slew   Delay    Time   Description
-----------------------------------------------------------------------------
                          0.00    0.00   clock clk (rise edge)
                          0.00    0.00   clock source latency
                  0.10    0.07    0.07 ^ clk (in)
     2    0.02                           clk (net)
                  0.10    0.00    0.07 ^ clkbuf_0_clk/A (sky130_fd_sc_hd__clkbuf_16)
                  0.07    0.16    0.22 ^ clkbuf_0_clk/X (sky130_fd_sc_hd__clkbuf_16)
     4    0.05                           clknet_0_clk (net)
                  0.07    0.00    0.23 ^ clkbuf_2_0__f_clk/A (sky130_fd_sc_hd__clkbuf_16)
                  0.06    0.14    0.36 ^ clkbuf_2_0__f_clk/X (sky130_fd_sc_hd__clkbuf_16)
    11    0.04                           clknet_2_0__leaf_clk (net)
                  0.06    0.00    0.37 ^ _421_/CLK (sky130_fd_sc_hd__dfrtp_1)
                  0.11    0.36    0.73 ^ _421_/Q (sky130_fd_sc_hd__dfrtp_1)
     2    0.01                           net19 (net)
                  0.11    0.00    0.73 ^ output19/A (sky130_fd_sc_hd__clkbuf_4)
                  0.11    0.20    0.93 ^ output19/X (sky130_fd_sc_hd__clkbuf_4)
     1    0.03                           rx_done (net)
                  0.11    0.00    0.93 ^ rx_done (out)
                                  0.93   data arrival time

                          0.00    0.00   clock clk (rise edge)
                          0.00    0.00   clock network delay (propagated)
                          0.25    0.25   clock uncertainty
                          0.00    0.25   clock reconvergence pessimism
                         -2.00   -1.75   output external delay
                                 -1.75   data required time
-----------------------------------------------------------------------------
                                 -1.75   data required time
                                 -0.93   data arrival time
-----------------------------------------------------------------------------
                                  2.68   slack (MET)


Startpoint: _419_ (rising edge-triggered flip-flop clocked by clk)
Endpoint: tx_busy (output port clocked by clk)
Path Group: clk
Path Type: min
Corner: Typical

Fanout     Cap    Slew   Delay    Time   Description
-----------------------------------------------------------------------------
                          0.00    0.00   clock clk (rise edge)
                          0.00    0.00   clock source latency
                  0.10    0.07    0.07 ^ clk (in)
     2    0.02                           clk (net)
                  0.10    0.00    0.07 ^ clkbuf_0_clk/A (sky130_fd_sc_hd__clkbuf_16)
                  0.07    0.16    0.22 ^ clkbuf_0_clk/X (sky130_fd_sc_hd__clkbuf_16)
     4    0.05                           clknet_0_clk (net)
                  0.07    0.00    0.23 ^ clkbuf_2_2__f_clk/A (sky130_fd_sc_hd__clkbuf_16)
                  0.05    0.14    0.36 ^ clkbuf_2_2__f_clk/X (sky130_fd_sc_hd__clkbuf_16)
    11    0.03                           clknet_2_2__leaf_clk (net)
                  0.05    0.00    0.36 ^ _419_/CLK (sky130_fd_sc_hd__dfrtp_1)
                  0.13    0.37    0.73 ^ _419_/Q (sky130_fd_sc_hd__dfrtp_1)
     2    0.01                           net20 (net)
                  0.13    0.00    0.74 ^ output20/A (sky130_fd_sc_hd__clkbuf_4)
                  0.11    0.21    0.94 ^ output20/X (sky130_fd_sc_hd__clkbuf_4)
     1    0.03                           tx_busy (net)
                  0.11    0.00    0.94 ^ tx_busy (out)
                                  0.94   data arrival time

                          0.00    0.00   clock clk (rise edge)
                          0.00    0.00   clock network delay (propagated)
                          0.25    0.25   clock uncertainty
                          0.00    0.25   clock reconvergence pessimism
                         -2.00   -1.75   output external delay
                                 -1.75   data required time
-----------------------------------------------------------------------------
                                 -1.75   data required time
                                 -0.94   data arrival time
-----------------------------------------------------------------------------
                                  2.69   slack (MET)


Startpoint: _437_ (rising edge-triggered flip-flop clocked by clk)
Endpoint: rx_data[5] (output port clocked by clk)
Path Group: clk
Path Type: min
Corner: Typical

Fanout     Cap    Slew   Delay    Time   Description
-----------------------------------------------------------------------------
                          0.00    0.00   clock clk (rise edge)
                          0.00    0.00   clock source latency
                  0.10    0.07    0.07 ^ clk (in)
     2    0.02                           clk (net)
                  0.10    0.00    0.07 ^ clkbuf_0_clk/A (sky130_fd_sc_hd__clkbuf_16)
                  0.07    0.16    0.22 ^ clkbuf_0_clk/X (sky130_fd_sc_hd__clkbuf_16)
     4    0.05                           clknet_0_clk (net)
                  0.07    0.00    0.23 ^ clkbuf_2_0__f_clk/A (sky130_fd_sc_hd__clkbuf_16)
                  0.06    0.14    0.36 ^ clkbuf_2_0__f_clk/X (sky130_fd_sc_hd__clkbuf_16)
    11    0.04                           clknet_2_0__leaf_clk (net)
                  0.06    0.00    0.37 ^ _437_/CLK (sky130_fd_sc_hd__dfrtp_1)
                  0.14    0.38    0.74 ^ _437_/Q (sky130_fd_sc_hd__dfrtp_1)
     2    0.01                           net16 (net)
                  0.14    0.00    0.74 ^ output16/A (sky130_fd_sc_hd__clkbuf_4)
                  0.11    0.21    0.95 ^ output16/X (sky130_fd_sc_hd__clkbuf_4)
     1    0.03                           rx_data[5] (net)
                  0.11    0.00    0.95 ^ rx_data[5] (out)
                                  0.95   data arrival time

                          0.00    0.00   clock clk (rise edge)
                          0.00    0.00   clock network delay (propagated)
                          0.25    0.25   clock uncertainty
                          0.00    0.25   clock reconvergence pessimism
                         -2.00   -1.75   output external delay
                                 -1.75   data required time
-----------------------------------------------------------------------------
                                 -1.75   data required time
                                 -0.95   data arrival time
-----------------------------------------------------------------------------
                                  2.70   slack (MET)


Startpoint: _433_ (rising edge-triggered flip-flop clocked by clk)
Endpoint: rx_data[1] (output port clocked by clk)
Path Group: clk
Path Type: min
Corner: Typical

Fanout     Cap    Slew   Delay    Time   Description
-----------------------------------------------------------------------------
                          0.00    0.00   clock clk (rise edge)
                          0.00    0.00   clock source latency
                  0.10    0.07    0.07 ^ clk (in)
     2    0.02                           clk (net)
                  0.10    0.00    0.07 ^ clkbuf_0_clk/A (sky130_fd_sc_hd__clkbuf_16)
                  0.07    0.16    0.22 ^ clkbuf_0_clk/X (sky130_fd_sc_hd__clkbuf_16)
     4    0.05                           clknet_0_clk (net)
                  0.07    0.00    0.23 ^ clkbuf_2_1__f_clk/A (sky130_fd_sc_hd__clkbuf_16)
                  0.07    0.15    0.37 ^ clkbuf_2_1__f_clk/X (sky130_fd_sc_hd__clkbuf_16)
    15    0.05                           clknet_2_1__leaf_clk (net)
                  0.07    0.00    0.38 ^ _433_/CLK (sky130_fd_sc_hd__dfrtp_1)
                  0.11    0.41    0.79 v _433_/Q (sky130_fd_sc_hd__dfrtp_1)
     4    0.02                           net12 (net)
                  0.11    0.00    0.79 v output12/A (sky130_fd_sc_hd__clkbuf_4)
                  0.08    0.20    0.99 v output12/X (sky130_fd_sc_hd__clkbuf_4)
     1    0.03                           rx_data[1] (net)
                  0.08    0.00    0.99 v rx_data[1] (out)
                                  0.99   data arrival time

                          0.00    0.00   clock clk (rise edge)
                          0.00    0.00   clock network delay (propagated)
                          0.25    0.25   clock uncertainty
                          0.00    0.25   clock reconvergence pessimism
                         -2.00   -1.75   output external delay
                                 -1.75   data required time
-----------------------------------------------------------------------------
                                 -1.75   data required time
                                 -0.99   data arrival time
-----------------------------------------------------------------------------
                                  2.74   slack (MET)


Startpoint: _436_ (rising edge-triggered flip-flop clocked by clk)
Endpoint: rx_data[4] (output port clocked by clk)
Path Group: clk
Path Type: min
Corner: Typical

Fanout     Cap    Slew   Delay    Time   Description
-----------------------------------------------------------------------------
                          0.00    0.00   clock clk (rise edge)
                          0.00    0.00   clock source latency
                  0.10    0.07    0.07 ^ clk (in)
     2    0.02                           clk (net)
                  0.10    0.00    0.07 ^ clkbuf_0_clk/A (sky130_fd_sc_hd__clkbuf_16)
                  0.07    0.16    0.22 ^ clkbuf_0_clk/X (sky130_fd_sc_hd__clkbuf_16)
     4    0.05                           clknet_0_clk (net)
                  0.07    0.00    0.23 ^ clkbuf_2_0__f_clk/A (sky130_fd_sc_hd__clkbuf_16)
                  0.06    0.14    0.36 ^ clkbuf_2_0__f_clk/X (sky130_fd_sc_hd__clkbuf_16)
    11    0.04                           clknet_2_0__leaf_clk (net)
                  0.06    0.00    0.37 ^ _436_/CLK (sky130_fd_sc_hd__dfrtp_1)
                  0.12    0.42    0.79 v _436_/Q (sky130_fd_sc_hd__dfrtp_1)
     4    0.02                           net15 (net)
                  0.12    0.00    0.79 v output15/A (sky130_fd_sc_hd__buf_2)
                  0.09    0.20    0.99 v output15/X (sky130_fd_sc_hd__buf_2)
     1    0.03                           rx_data[4] (net)
                  0.09    0.00    0.99 v rx_data[4] (out)
                                  0.99   data arrival time

                          0.00    0.00   clock clk (rise edge)
                          0.00    0.00   clock network delay (propagated)
                          0.25    0.25   clock uncertainty
                          0.00    0.25   clock reconvergence pessimism
                         -2.00   -1.75   output external delay
                                 -1.75   data required time
-----------------------------------------------------------------------------
                                 -1.75   data required time
                                 -0.99   data arrival time
-----------------------------------------------------------------------------
                                  2.74   slack (MET)


Startpoint: _432_ (rising edge-triggered flip-flop clocked by clk)
Endpoint: rx_data[0] (output port clocked by clk)
Path Group: clk
Path Type: min
Corner: Typical

Fanout     Cap    Slew   Delay    Time   Description
-----------------------------------------------------------------------------
                          0.00    0.00   clock clk (rise edge)
                          0.00    0.00   clock source latency
                  0.10    0.07    0.07 ^ clk (in)
     2    0.02                           clk (net)
                  0.10    0.00    0.07 ^ clkbuf_0_clk/A (sky130_fd_sc_hd__clkbuf_16)
                  0.07    0.16    0.22 ^ clkbuf_0_clk/X (sky130_fd_sc_hd__clkbuf_16)
     4    0.05                           clknet_0_clk (net)
                  0.07    0.00    0.23 ^ clkbuf_2_1__f_clk/A (sky130_fd_sc_hd__clkbuf_16)
                  0.07    0.15    0.37 ^ clkbuf_2_1__f_clk/X (sky130_fd_sc_hd__clkbuf_16)
    15    0.05                           clknet_2_1__leaf_clk (net)
                  0.07    0.00    0.38 ^ _432_/CLK (sky130_fd_sc_hd__dfrtp_2)
                  0.14    0.41    0.79 ^ _432_/Q (sky130_fd_sc_hd__dfrtp_2)
     4    0.03                           net11 (net)
                  0.14    0.00    0.79 ^ output11/A (sky130_fd_sc_hd__clkbuf_4)
                  0.11    0.21    1.00 ^ output11/X (sky130_fd_sc_hd__clkbuf_4)
     1    0.03                           rx_data[0] (net)
                  0.11    0.00    1.00 ^ rx_data[0] (out)
                                  1.00   data arrival time

                          0.00    0.00   clock clk (rise edge)
                          0.00    0.00   clock network delay (propagated)
                          0.25    0.25   clock uncertainty
                          0.00    0.25   clock reconvergence pessimism
                         -2.00   -1.75   output external delay
                                 -1.75   data required time
-----------------------------------------------------------------------------
                                 -1.75   data required time
                                 -1.00   data arrival time
-----------------------------------------------------------------------------
                                  2.75   slack (MET)


Startpoint: _438_ (rising edge-triggered flip-flop clocked by clk)
Endpoint: rx_data[6] (output port clocked by clk)
Path Group: clk
Path Type: min
Corner: Typical

Fanout     Cap    Slew   Delay    Time   Description
-----------------------------------------------------------------------------
                          0.00    0.00   clock clk (rise edge)
                          0.00    0.00   clock source latency
                  0.10    0.07    0.07 ^ clk (in)
     2    0.02                           clk (net)
                  0.10    0.00    0.07 ^ clkbuf_0_clk/A (sky130_fd_sc_hd__clkbuf_16)
                  0.07    0.16    0.22 ^ clkbuf_0_clk/X (sky130_fd_sc_hd__clkbuf_16)
     4    0.05                           clknet_0_clk (net)
                  0.07    0.00    0.23 ^ clkbuf_2_1__f_clk/A (sky130_fd_sc_hd__clkbuf_16)
                  0.07    0.15    0.37 ^ clkbuf_2_1__f_clk/X (sky130_fd_sc_hd__clkbuf_16)
    15    0.05                           clknet_2_1__leaf_clk (net)
                  0.07    0.00    0.37 ^ _438_/CLK (sky130_fd_sc_hd__dfrtp_2)
                  0.09    0.43    0.81 v _438_/Q (sky130_fd_sc_hd__dfrtp_2)
     4    0.03                           net17 (net)
                  0.09    0.00    0.81 v output17/A (sky130_fd_sc_hd__buf_2)
                  0.09    0.19    1.00 v output17/X (sky130_fd_sc_hd__buf_2)
     1    0.03                           rx_data[6] (net)
                  0.09    0.00    1.01 v rx_data[6] (out)
                                  1.01   data arrival time

                          0.00    0.00   clock clk (rise edge)
                          0.00    0.00   clock network delay (propagated)
                          0.25    0.25   clock uncertainty
                          0.00    0.25   clock reconvergence pessimism
                         -2.00   -1.75   output external delay
                                 -1.75   data required time
-----------------------------------------------------------------------------
                                 -1.75   data required time
                                 -1.01   data arrival time
-----------------------------------------------------------------------------
                                  2.76   slack (MET)



